ISO-10303-21;
HEADER;
FILE_DESCRIPTION((''),'2;1');
FILE_NAME('0-ALL_ASM_ASM','2022-07-01T',('pe212'),(''),
'PRO/ENGINEER BY PARAMETRIC TECHNOLOGY CORPORATION, 2014000',
'PRO/ENGINEER BY PARAMETRIC TECHNOLOGY CORPORATION, 2014000','');
FILE_SCHEMA(('AUTOMOTIVE_DESIGN { 1 0 10303 214 1 1 1 1 }'));
ENDSEC;
DATA;
#24=DIRECTION('',(1.E0,0.E0,0.E0));
#25=VECTOR('',#24,2.5E0);
#26=CARTESIAN_POINT('',(1.79E1,-3.912104342100E-1,1.2797599E0));
#27=LINE('',#26,#25);
#28=DIRECTION('',(-1.E0,0.E0,0.E0));
#29=VECTOR('',#28,2.5E0);
#30=CARTESIAN_POINT('',(2.04E1,2.087895657900E-1,1.2797599E0));
#31=LINE('',#30,#29);
#32=DIRECTION('',(0.E0,1.E0,0.E0));
#33=VECTOR('',#32,6.E-1);
#34=CARTESIAN_POINT('',(2.04E1,-3.912104342100E-1,1.2797599E0));
#35=LINE('',#34,#33);
#36=DIRECTION('',(0.E0,-1.E0,0.E0));
#37=VECTOR('',#36,6.E-1);
#38=CARTESIAN_POINT('',(2.09E1,2.087895657900E-1,7.797599E-1));
#39=LINE('',#38,#37);
#40=DIRECTION('',(-7.071067811883E-1,0.E0,7.071067811848E-1));
#41=VECTOR('',#40,7.071067811865E-1);
#42=CARTESIAN_POINT('',(1.74E1,-3.912104342100E-1,2.429759900001E0));
#43=LINE('',#42,#41);
#44=DIRECTION('',(9.455684098952E-13,0.E0,1.E0));
#45=VECTOR('',#44,6.500000000006E-1);
#46=CARTESIAN_POINT('',(1.74E1,-3.912104342100E-1,1.7797599E0));
#47=LINE('',#46,#45);
#48=CARTESIAN_POINT('',(1.79E1,-3.912104342100E-1,1.7797599E0));
#49=DIRECTION('',(0.E0,1.E0,0.E0));
#50=DIRECTION('',(0.E0,0.E0,-1.E0));
#51=AXIS2_PLACEMENT_3D('',#48,#49,#50);
#53=CARTESIAN_POINT('',(2.04E1,-3.912104342100E-1,7.797599E-1));
#54=DIRECTION('',(0.E0,-1.E0,0.E0));
#55=DIRECTION('',(1.E0,0.E0,0.E0));
#56=AXIS2_PLACEMENT_3D('',#53,#54,#55);
#58=CARTESIAN_POINT('',(2.04E1,-3.912104342100E-1,-2.202401E-1));
#59=DIRECTION('',(0.E0,-1.E0,0.E0));
#60=DIRECTION('',(0.E0,0.E0,-1.E0));
#61=AXIS2_PLACEMENT_3D('',#58,#59,#60);
#63=CARTESIAN_POINT('',(1.79E1,-3.912104342100E-1,-1.2202401E0));
#64=DIRECTION('',(0.E0,1.E0,0.E0));
#65=DIRECTION('',(-1.E0,0.E0,0.E0));
#66=AXIS2_PLACEMENT_3D('',#63,#64,#65);
#68=DIRECTION('',(7.071067811883E-1,0.E0,7.071067811848E-1));
#69=VECTOR('',#68,7.071067811865E-1);
#70=CARTESIAN_POINT('',(1.69E1,-3.912104342100E-1,-2.370240099999E0));
#71=LINE('',#70,#69);
#72=DIRECTION('',(0.E0,1.E0,0.E0));
#73=VECTOR('',#72,6.E-1);
#74=CARTESIAN_POINT('',(1.74E1,-3.912104342100E-1,2.429759900001E0));
#75=LINE('',#74,#73);
#76=DIRECTION('',(0.E0,1.E0,0.E0));
#77=VECTOR('',#76,6.E-1);
#78=CARTESIAN_POINT('',(1.69E1,-3.912104342100E-1,2.929759899999E0));
#79=LINE('',#78,#77);
#80=DIRECTION('',(-9.455684098952E-13,0.E0,-1.E0));
#81=VECTOR('',#80,6.500000000006E-1);
#82=CARTESIAN_POINT('',(1.69E1,-3.912104342100E-1,3.5797599E0));
#83=LINE('',#82,#81);
#84=CARTESIAN_POINT('',(1.69E1,6.087895657900E-1,3.5797599E0));
#85=DIRECTION('',(1.E0,0.E0,0.E0));
#86=DIRECTION('',(0.E0,0.E0,1.E0));
#87=AXIS2_PLACEMENT_3D('',#84,#85,#86);
#89=CARTESIAN_POINT('',(1.69E1,1.070878956579E1,3.5797599E0));
#90=DIRECTION('',(1.E0,0.E0,0.E0));
#91=DIRECTION('',(0.E0,1.E0,0.E0));
#92=AXIS2_PLACEMENT_3D('',#89,#90,#91);
#94=CARTESIAN_POINT('',(1.69E1,1.070878956579E1,3.5797599E0));
#95=DIRECTION('',(-1.E0,0.E0,0.E0));
#96=DIRECTION('',(0.E0,0.E0,1.E0));
#97=AXIS2_PLACEMENT_3D('',#94,#95,#96);
#99=CARTESIAN_POINT('',(1.69E1,6.087895657900E-1,3.5797599E0));
#100=DIRECTION('',(-1.E0,0.E0,0.E0));
#101=DIRECTION('',(0.E0,-1.E0,0.E0));
#102=AXIS2_PLACEMENT_3D('',#99,#100,#101);
#104=DIRECTION('',(9.455684098952E-13,0.E0,1.E0));
#105=VECTOR('',#104,6.500000000006E-1);
#106=CARTESIAN_POINT('',(1.69E1,2.087895657900E-1,2.929759899999E0));
#107=LINE('',#106,#105);
#108=DIRECTION('',(-1.E0,0.E0,0.E0));
#109=VECTOR('',#108,1.6E1);
#110=CARTESIAN_POINT('',(1.69E1,-3.912104342100E-1,3.5797599E0));
#111=LINE('',#110,#109);
#112=DIRECTION('',(1.E0,0.E0,0.E0));
#113=VECTOR('',#112,1.6E1);
#114=CARTESIAN_POINT('',(9.E-1,6.087895657900E-1,4.5797599E0));
#115=LINE('',#114,#113);
#116=CARTESIAN_POINT('',(9.E-1,6.087895657900E-1,3.5797599E0));
#117=DIRECTION('',(0.E0,0.E0,-1.E0));
#118=DIRECTION('',(0.E0,-1.E0,0.E0));
#119=AXIS2_PLACEMENT_3D('',#116,#117,#118);
#121=CARTESIAN_POINT('',(9.E-1,6.087895657900E-1,3.5797599E0));
#122=DIRECTION('',(0.E0,1.E0,0.E0));
#123=DIRECTION('',(-1.E0,0.E0,0.E0));
#124=AXIS2_PLACEMENT_3D('',#121,#122,#123);
#126=CARTESIAN_POINT('',(9.E-1,6.087895657900E-1,3.5797599E0));
#127=DIRECTION('',(1.E0,0.E0,0.E0));
#128=DIRECTION('',(0.E0,0.E0,1.E0));
#129=AXIS2_PLACEMENT_3D('',#126,#127,#128);
#131=DIRECTION('',(0.E0,0.E0,-1.E0));
#132=VECTOR('',#131,6.6E0);
#133=CARTESIAN_POINT('',(9.E-1,-3.912104342100E-1,3.5797599E0));
#134=LINE('',#133,#132);
#135=DIRECTION('',(0.E0,0.E0,1.E0));
#136=VECTOR('',#135,6.6E0);
#137=CARTESIAN_POINT('',(-1.E-1,6.087895657900E-1,-3.0202401E0));
#138=LINE('',#137,#136);
#139=CARTESIAN_POINT('',(9.E-1,6.087895657900E-1,-3.0202401E0));
#140=DIRECTION('',(0.E0,1.E0,0.E0));
#141=DIRECTION('',(0.E0,0.E0,-1.E0));
#142=AXIS2_PLACEMENT_3D('',#139,#140,#141);
#144=CARTESIAN_POINT('',(9.E-1,6.087895657900E-1,-3.0202401E0));
#145=DIRECTION('',(0.E0,0.E0,1.E0));
#146=DIRECTION('',(-1.E0,0.E0,0.E0));
#147=AXIS2_PLACEMENT_3D('',#144,#145,#146);
#149=CARTESIAN_POINT('',(9.E-1,6.087895657900E-1,-3.0202401E0));
#150=DIRECTION('',(1.E0,0.E0,0.E0));
#151=DIRECTION('',(0.E0,-1.E0,0.E0));
#152=AXIS2_PLACEMENT_3D('',#149,#150,#151);
#154=DIRECTION('',(0.E0,-1.E0,0.E0));
#155=VECTOR('',#154,1.01E1);
#156=CARTESIAN_POINT('',(-1.E-1,1.070878956579E1,-3.0202401E0));
#157=LINE('',#156,#155);
#158=DIRECTION('',(0.E0,1.E0,0.E0));
#159=VECTOR('',#158,1.01E1);
#160=CARTESIAN_POINT('',(9.E-1,6.087895657900E-1,-4.0202401E0));
#161=LINE('',#160,#159);
#162=DIRECTION('',(0.E0,-1.E0,0.E0));
#163=VECTOR('',#162,1.01E1);
#164=CARTESIAN_POINT('',(9.E-1,1.070878956579E1,4.5797599E0));
#165=LINE('',#164,#163);
#166=DIRECTION('',(0.E0,1.E0,0.E0));
#167=VECTOR('',#166,1.01E1);
#168=CARTESIAN_POINT('',(-1.E-1,6.087895657900E-1,3.5797599E0));
#169=LINE('',#168,#167);
#170=DIRECTION('',(0.E0,1.E0,0.E0));
#171=VECTOR('',#170,1.01E1);
#172=CARTESIAN_POINT('',(1.69E1,6.087895657900E-1,4.5797599E0));
#173=LINE('',#172,#171);
#174=DIRECTION('',(-1.E0,0.E0,0.E0));
#175=VECTOR('',#174,1.6E1);
#176=CARTESIAN_POINT('',(1.69E1,1.070878956579E1,4.5797599E0));
#177=LINE('',#176,#175);
#178=DIRECTION('',(1.E0,0.E0,0.E0));
#179=VECTOR('',#178,1.6E1);
#180=CARTESIAN_POINT('',(9.E-1,1.170878956579E1,3.5797599E0));
#181=LINE('',#180,#179);
#182=CARTESIAN_POINT('',(9.E-1,1.070878956579E1,3.5797599E0));
#183=DIRECTION('',(1.E0,0.E0,0.E0));
#184=DIRECTION('',(0.E0,1.E0,0.E0));
#185=AXIS2_PLACEMENT_3D('',#182,#183,#184);
#187=CARTESIAN_POINT('',(9.E-1,1.070878956579E1,3.5797599E0));
#188=DIRECTION('',(0.E0,-1.E0,0.E0));
#189=DIRECTION('',(0.E0,0.E0,1.E0));
#190=AXIS2_PLACEMENT_3D('',#187,#188,#189);
#192=CARTESIAN_POINT('',(9.E-1,1.070878956579E1,3.5797599E0));
#193=DIRECTION('',(0.E0,0.E0,-1.E0));
#194=DIRECTION('',(-1.E0,0.E0,0.E0));
#195=AXIS2_PLACEMENT_3D('',#192,#193,#194);
#197=DIRECTION('',(0.E0,0.E0,1.E0));
#198=VECTOR('',#197,6.6E0);
#199=CARTESIAN_POINT('',(9.E-1,1.170878956579E1,-3.0202401E0));
#200=LINE('',#199,#198);
#201=DIRECTION('',(0.E0,0.E0,-1.E0));
#202=VECTOR('',#201,6.6E0);
#203=CARTESIAN_POINT('',(-1.E-1,1.070878956579E1,3.5797599E0));
#204=LINE('',#203,#202);
#205=DIRECTION('',(7.071067811883E-1,0.E0,-7.071067811848E-1));
#206=VECTOR('',#205,7.071067811866E-1);
#207=CARTESIAN_POINT('',(1.69E1,1.170878956579E1,2.929759899999E0));
#208=LINE('',#207,#206);
#209=DIRECTION('',(-9.510341232472E-13,0.E0,-1.E0));
#210=VECTOR('',#209,6.500000000006E-1);
#211=CARTESIAN_POINT('',(1.69E1,1.170878956579E1,3.5797599E0));
#212=LINE('',#211,#210);
#213=DIRECTION('',(-7.071067811883E-1,0.E0,-7.071067811848E-1));
#214=VECTOR('',#213,7.071067811865E-1);
#215=CARTESIAN_POINT('',(1.74E1,1.170878956579E1,-1.870240100001E0));
#216=LINE('',#215,#214);
#217=CARTESIAN_POINT('',(1.79E1,1.170878956579E1,-1.2202401E0));
#218=DIRECTION('',(0.E0,-1.E0,0.E0));
#219=DIRECTION('',(0.E0,0.E0,1.E0));
#220=AXIS2_PLACEMENT_3D('',#217,#218,#219);
#222=CARTESIAN_POINT('',(2.04E1,1.170878956579E1,-2.202401E-1));
#223=DIRECTION('',(0.E0,1.E0,0.E0));
#224=DIRECTION('',(1.E0,0.E0,5.317968287954E-14));
#225=AXIS2_PLACEMENT_3D('',#222,#223,#224);
#227=CARTESIAN_POINT('',(2.04E1,1.170878956579E1,7.797599E-1));
#228=DIRECTION('',(0.E0,1.E0,0.E0));
#229=DIRECTION('',(0.E0,0.E0,1.E0));
#230=AXIS2_PLACEMENT_3D('',#227,#228,#229);
#232=CARTESIAN_POINT('',(1.79E1,1.170878956579E1,1.7797599E0));
#233=DIRECTION('',(0.E0,-1.E0,0.E0));
#234=DIRECTION('',(-1.E0,0.E0,-5.639932965096E-14));
#235=AXIS2_PLACEMENT_3D('',#232,#233,#234);
#237=DIRECTION('',(0.E0,-1.E0,0.E0));
#238=VECTOR('',#237,6.E-1);
#239=CARTESIAN_POINT('',(1.69E1,1.170878956579E1,2.929759899999E0));
#240=LINE('',#239,#238);
#241=DIRECTION('',(0.E0,0.E0,1.E0));
#242=VECTOR('',#241,6.6E0);
#243=CARTESIAN_POINT('',(1.67E1,1.110878956579E1,-3.0202401E0));
#244=LINE('',#243,#242);
#245=DIRECTION('',(-9.455684098952E-13,0.E0,-1.E0));
#246=VECTOR('',#245,6.500000000006E-1);
#247=CARTESIAN_POINT('',(1.69E1,1.110878956579E1,3.5797599E0));
#248=LINE('',#247,#246);
#249=DIRECTION('',(7.071067811883E-1,0.E0,-7.071067811848E-1));
#250=VECTOR('',#249,7.071067811866E-1);
#251=CARTESIAN_POINT('',(1.69E1,1.110878956579E1,2.929759899999E0));
#252=LINE('',#251,#250);
#253=CARTESIAN_POINT('',(1.79E1,1.110878956579E1,1.7797599E0));
#254=DIRECTION('',(0.E0,-1.E0,0.E0));
#255=DIRECTION('',(-1.E0,0.E0,0.E0));
#256=AXIS2_PLACEMENT_3D('',#253,#254,#255);
#258=CARTESIAN_POINT('',(2.04E1,1.110878956579E1,7.797599E-1));
#259=DIRECTION('',(0.E0,1.E0,0.E0));
#260=DIRECTION('',(-1.421085471520E-14,0.E0,1.E0));
#261=AXIS2_PLACEMENT_3D('',#258,#259,#260);
#263=CARTESIAN_POINT('',(2.04E1,1.110878956579E1,-2.202401E-1));
#264=DIRECTION('',(0.E0,1.E0,0.E0));
#265=DIRECTION('',(1.E0,0.E0,0.E0));
#266=AXIS2_PLACEMENT_3D('',#263,#264,#265);
#268=CARTESIAN_POINT('',(1.79E1,1.110878956579E1,-1.2202401E0));
#269=DIRECTION('',(0.E0,-1.E0,0.E0));
#270=DIRECTION('',(0.E0,0.E0,1.E0));
#271=AXIS2_PLACEMENT_3D('',#268,#269,#270);
#273=DIRECTION('',(-7.071067811883E-1,0.E0,-7.071067811848E-1));
#274=VECTOR('',#273,7.071067811865E-1);
#275=CARTESIAN_POINT('',(1.74E1,1.110878956579E1,-1.870240100001E0));
#276=LINE('',#275,#274);
#277=DIRECTION('',(0.E0,0.E0,-1.E0));
#278=VECTOR('',#277,6.6E0);
#279=CARTESIAN_POINT('',(1.67E1,2.087895657900E-1,3.5797599E0));
#280=LINE('',#279,#278);
#281=CARTESIAN_POINT('',(1.67E1,6.087895657900E-1,3.5797599E0));
#282=DIRECTION('',(1.E0,0.E0,0.E0));
#283=DIRECTION('',(0.E0,0.E0,1.E0));
#284=AXIS2_PLACEMENT_3D('',#281,#282,#283);
#286=CARTESIAN_POINT('',(1.67E1,1.070878956579E1,3.5797599E0));
#287=DIRECTION('',(1.E0,0.E0,0.E0));
#288=DIRECTION('',(0.E0,1.E0,1.665334536938E-14));
#289=AXIS2_PLACEMENT_3D('',#286,#287,#288);
#291=CARTESIAN_POINT('',(1.67E1,1.070878956579E1,-3.0202401E0));
#292=DIRECTION('',(1.E0,0.E0,0.E0));
#293=DIRECTION('',(0.E0,0.E0,-1.E0));
#294=AXIS2_PLACEMENT_3D('',#291,#292,#293);
#296=CARTESIAN_POINT('',(1.67E1,6.087895657900E-1,-3.0202401E0));
#297=DIRECTION('',(1.E0,0.E0,0.E0));
#298=DIRECTION('',(0.E0,-1.E0,-3.108624468950E-14));
#299=AXIS2_PLACEMENT_3D('',#296,#297,#298);
#301=DIRECTION('',(0.E0,1.E0,0.E0));
#302=VECTOR('',#301,7.E-1);
#303=CARTESIAN_POINT('',(1.67E1,7.848794705790E0,1.2297599E0));
#304=LINE('',#303,#302);
#305=DIRECTION('',(0.E0,0.E0,-1.E0));
#306=VECTOR('',#305,3.E-1);
#307=CARTESIAN_POINT('',(1.67E1,8.548794705790E0,1.5297599E0));
#308=LINE('',#307,#306);
#309=DIRECTION('',(0.E0,1.E0,0.E0));
#310=VECTOR('',#309,7.E-1);
#311=CARTESIAN_POINT('',(1.67E1,7.848794705790E0,1.5297599E0));
#312=LINE('',#311,#310);
#313=DIRECTION('',(0.E0,0.E0,1.E0));
#314=VECTOR('',#313,3.E-1);
#315=CARTESIAN_POINT('',(1.67E1,7.848794705790E0,1.2297599E0));
#316=LINE('',#315,#314);
#317=DIRECTION('',(0.E0,1.E0,0.E0));
#318=VECTOR('',#317,7.E-1);
#319=CARTESIAN_POINT('',(1.67E1,5.308794705790E0,1.2297599E0));
#320=LINE('',#319,#318);
#321=DIRECTION('',(0.E0,0.E0,-1.E0));
#322=VECTOR('',#321,3.E-1);
#323=CARTESIAN_POINT('',(1.67E1,6.008794705790E0,1.5297599E0));
#324=LINE('',#323,#322);
#325=DIRECTION('',(0.E0,1.E0,0.E0));
#326=VECTOR('',#325,7.E-1);
#327=CARTESIAN_POINT('',(1.67E1,5.308794705790E0,1.5297599E0));
#328=LINE('',#327,#326);
#329=DIRECTION('',(0.E0,0.E0,1.E0));
#330=VECTOR('',#329,3.E-1);
#331=CARTESIAN_POINT('',(1.67E1,5.308794705790E0,1.2297599E0));
#332=LINE('',#331,#330);
#333=DIRECTION('',(0.E0,1.E0,0.E0));
#334=VECTOR('',#333,7.E-1);
#335=CARTESIAN_POINT('',(1.67E1,2.768794705790E0,1.2297599E0));
#336=LINE('',#335,#334);
#337=DIRECTION('',(0.E0,0.E0,-1.E0));
#338=VECTOR('',#337,3.E-1);
#339=CARTESIAN_POINT('',(1.67E1,3.468794705790E0,1.5297599E0));
#340=LINE('',#339,#338);
#341=DIRECTION('',(0.E0,1.E0,0.E0));
#342=VECTOR('',#341,7.E-1);
#343=CARTESIAN_POINT('',(1.67E1,2.768794705790E0,1.5297599E0));
#344=LINE('',#343,#342);
#345=DIRECTION('',(0.E0,0.E0,1.E0));
#346=VECTOR('',#345,3.E-1);
#347=CARTESIAN_POINT('',(1.67E1,2.768794705790E0,1.2297599E0));
#348=LINE('',#347,#346);
#349=DIRECTION('',(7.071067811883E-1,0.E0,7.071067811848E-1));
#350=VECTOR('',#349,7.071067811865E-1);
#351=CARTESIAN_POINT('',(1.69E1,2.087895657900E-1,-2.370240099999E0));
#352=LINE('',#351,#350);
#353=CARTESIAN_POINT('',(1.79E1,2.087895657900E-1,-1.2202401E0));
#354=DIRECTION('',(0.E0,1.E0,0.E0));
#355=DIRECTION('',(-1.E0,0.E0,0.E0));
#356=AXIS2_PLACEMENT_3D('',#353,#354,#355);
#358=CARTESIAN_POINT('',(2.04E1,2.087895657900E-1,-2.202401E-1));
#359=DIRECTION('',(0.E0,-1.E0,0.E0));
#360=DIRECTION('',(0.E0,0.E0,-1.E0));
#361=AXIS2_PLACEMENT_3D('',#358,#359,#360);
#363=CARTESIAN_POINT('',(2.04E1,2.087895657900E-1,7.797599E-1));
#364=DIRECTION('',(0.E0,-1.E0,0.E0));
#365=DIRECTION('',(1.E0,0.E0,0.E0));
#366=AXIS2_PLACEMENT_3D('',#363,#364,#365);
#368=CARTESIAN_POINT('',(1.79E1,2.087895657900E-1,1.7797599E0));
#369=DIRECTION('',(0.E0,1.E0,0.E0));
#370=DIRECTION('',(1.421085471520E-14,0.E0,-1.E0));
#371=AXIS2_PLACEMENT_3D('',#368,#369,#370);
#373=DIRECTION('',(9.401026965432E-13,0.E0,1.E0));
#374=VECTOR('',#373,6.500000000006E-1);
#375=CARTESIAN_POINT('',(1.74E1,2.087895657900E-1,1.7797599E0));
#376=LINE('',#375,#374);
#377=DIRECTION('',(-7.071067811883E-1,0.E0,7.071067811848E-1));
#378=VECTOR('',#377,7.071067811865E-1);
#379=CARTESIAN_POINT('',(1.74E1,2.087895657900E-1,2.429759900001E0));
#380=LINE('',#379,#378);
#381=DIRECTION('',(-1.E0,0.E0,0.E0));
#382=VECTOR('',#381,2.E-1);
#383=CARTESIAN_POINT('',(1.69E1,6.087895657900E-1,-3.4202401E0));
#384=LINE('',#383,#382);
#385=DIRECTION('',(1.E0,0.E0,2.442490654175E-14));
#386=VECTOR('',#385,2.E-1);
#387=CARTESIAN_POINT('',(1.67E1,2.087895657900E-1,-3.0202401E0));
#388=LINE('',#387,#386);
#389=DIRECTION('',(0.E0,1.E0,0.E0));
#390=VECTOR('',#389,1.01E1);
#391=CARTESIAN_POINT('',(1.67E1,6.087895657900E-1,-3.4202401E0));
#392=LINE('',#391,#390);
#393=DIRECTION('',(0.E0,-1.E0,0.E0));
#394=VECTOR('',#393,1.01E1);
#395=CARTESIAN_POINT('',(1.69E1,1.070878956579E1,-3.4202401E0));
#396=LINE('',#395,#394);
#397=DIRECTION('',(-1.E0,0.E0,0.E0));
#398=VECTOR('',#397,2.E-1);
#399=CARTESIAN_POINT('',(1.69E1,1.110878956579E1,-3.0202401E0));
#400=LINE('',#399,#398);
#401=DIRECTION('',(1.E0,0.E0,0.E0));
#402=VECTOR('',#401,2.E-1);
#403=CARTESIAN_POINT('',(1.67E1,1.070878956579E1,-3.4202401E0));
#404=LINE('',#403,#402);
#405=DIRECTION('',(0.E0,-1.E0,0.E0));
#406=VECTOR('',#405,6.E-1);
#407=CARTESIAN_POINT('',(1.69E1,1.170878956579E1,-2.370240099999E0));
#408=LINE('',#407,#406);
#409=DIRECTION('',(-9.455684098952E-13,0.E0,1.E0));
#410=VECTOR('',#409,6.500000000006E-1);
#411=CARTESIAN_POINT('',(1.69E1,1.170878956579E1,-3.0202401E0));
#412=LINE('',#411,#410);
#413=CARTESIAN_POINT('',(1.69E1,1.070878956579E1,-3.0202401E0));
#414=DIRECTION('',(1.E0,0.E0,0.E0));
#415=DIRECTION('',(0.E0,0.E0,-1.E0));
#416=AXIS2_PLACEMENT_3D('',#413,#414,#415);
#418=CARTESIAN_POINT('',(1.69E1,6.087895657900E-1,-3.0202401E0));
#419=DIRECTION('',(1.E0,0.E0,0.E0));
#420=DIRECTION('',(0.E0,-1.E0,0.E0));
#421=AXIS2_PLACEMENT_3D('',#418,#419,#420);
#423=DIRECTION('',(9.510341232472E-13,0.E0,-1.E0));
#424=VECTOR('',#423,6.500000000006E-1);
#425=CARTESIAN_POINT('',(1.69E1,-3.912104342100E-1,-2.370240099999E0));
#426=LINE('',#425,#424);
#427=DIRECTION('',(-9.455684098952E-13,0.E0,1.E0));
#428=VECTOR('',#427,6.500000000006E-1);
#429=CARTESIAN_POINT('',(1.69E1,2.087895657900E-1,-3.0202401E0));
#430=LINE('',#429,#428);
#431=CARTESIAN_POINT('',(1.69E1,6.087895657900E-1,-3.0202401E0));
#432=DIRECTION('',(-1.E0,0.E0,0.E0));
#433=DIRECTION('',(0.E0,0.E0,-1.E0));
#434=AXIS2_PLACEMENT_3D('',#431,#432,#433);
#436=CARTESIAN_POINT('',(1.69E1,1.070878956579E1,-3.0202401E0));
#437=DIRECTION('',(-1.E0,0.E0,0.E0));
#438=DIRECTION('',(0.E0,1.E0,0.E0));
#439=AXIS2_PLACEMENT_3D('',#436,#437,#438);
#441=DIRECTION('',(9.455684098952E-13,0.E0,-1.E0));
#442=VECTOR('',#441,6.500000000006E-1);
#443=CARTESIAN_POINT('',(1.69E1,1.110878956579E1,-2.370240099999E0));
#444=LINE('',#443,#442);
#445=DIRECTION('',(0.E0,-1.E0,0.E0));
#446=VECTOR('',#445,6.E-1);
#447=CARTESIAN_POINT('',(1.74E1,1.170878956579E1,-1.870240100001E0));
#448=LINE('',#447,#446);
#449=DIRECTION('',(-9.401026965432E-13,0.E0,1.E0));
#450=VECTOR('',#449,6.500000000006E-1);
#451=CARTESIAN_POINT('',(1.74E1,1.110878956579E1,-1.870240100001E0));
#452=LINE('',#451,#450);
#453=DIRECTION('',(9.455684098952E-13,0.E0,-1.E0));
#454=VECTOR('',#453,6.500000000006E-1);
#455=CARTESIAN_POINT('',(1.74E1,1.170878956579E1,-1.2202401E0));
#456=LINE('',#455,#454);
#457=DIRECTION('',(0.E0,1.E0,0.E0));
#458=VECTOR('',#457,6.E-1);
#459=CARTESIAN_POINT('',(1.74E1,1.110878956579E1,-1.2202401E0));
#460=LINE('',#459,#458);
#461=DIRECTION('',(0.E0,-1.E0,0.E0));
#462=VECTOR('',#461,6.E-1);
#463=CARTESIAN_POINT('',(1.79E1,1.170878956579E1,-7.202401E-1));
#464=LINE('',#463,#462);
#465=DIRECTION('',(1.E0,0.E0,0.E0));
#466=VECTOR('',#465,2.5E0);
#467=CARTESIAN_POINT('',(1.79E1,1.170878956579E1,-7.202401E-1));
#468=LINE('',#467,#466);
#469=DIRECTION('',(-1.E0,0.E0,0.E0));
#470=VECTOR('',#469,2.5E0);
#471=CARTESIAN_POINT('',(2.04E1,1.110878956579E1,-7.202401E-1));
#472=LINE('',#471,#470);
#473=DIRECTION('',(0.E0,-1.E0,0.E0));
#474=VECTOR('',#473,6.E-1);
#475=CARTESIAN_POINT('',(2.04E1,1.170878956579E1,-7.202401E-1));
#476=LINE('',#475,#474);
#477=DIRECTION('',(0.E0,1.E0,1.475671436898E-14));
#478=VECTOR('',#477,6.E-1);
#479=CARTESIAN_POINT('',(2.09E1,1.110878956579E1,-2.202401E-1));
#480=LINE('',#479,#478);
#481=DIRECTION('',(0.E0,0.E0,1.E0));
#482=VECTOR('',#481,1.E0);
#483=CARTESIAN_POINT('',(2.09E1,1.170878956579E1,-2.202401E-1));
#484=LINE('',#483,#482);
#485=DIRECTION('',(0.E0,0.E0,-1.E0));
#486=VECTOR('',#485,1.E0);
#487=CARTESIAN_POINT('',(2.09E1,1.110878956579E1,7.797599E-1));
#488=LINE('',#487,#486);
#489=DIRECTION('',(0.E0,1.E0,0.E0));
#490=VECTOR('',#489,6.E-1);
#491=CARTESIAN_POINT('',(2.04E1,1.110878956579E1,1.2797599E0));
#492=LINE('',#491,#490);
#493=DIRECTION('',(0.E0,-1.E0,0.E0));
#494=VECTOR('',#493,6.E-1);
#495=CARTESIAN_POINT('',(2.09E1,1.170878956579E1,7.797599E-1));
#496=LINE('',#495,#494);
#497=DIRECTION('',(1.E0,0.E0,0.E0));
#498=VECTOR('',#497,2.5E0);
#499=CARTESIAN_POINT('',(1.79E1,1.110878956579E1,1.2797599E0));
#500=LINE('',#499,#498);
#501=DIRECTION('',(-1.E0,0.E0,0.E0));
#502=VECTOR('',#501,2.5E0);
#503=CARTESIAN_POINT('',(2.04E1,1.170878956579E1,1.2797599E0));
#504=LINE('',#503,#502);
#505=DIRECTION('',(0.E0,-1.E0,1.554312234475E-14));
#506=VECTOR('',#505,6.E-1);
#507=CARTESIAN_POINT('',(1.74E1,1.170878956579E1,1.7797599E0));
#508=LINE('',#507,#506);
#509=DIRECTION('',(0.E0,1.E0,0.E0));
#510=VECTOR('',#509,6.E-1);
#511=CARTESIAN_POINT('',(1.79E1,1.110878956579E1,1.2797599E0));
#512=LINE('',#511,#510);
#513=DIRECTION('',(0.E0,1.E0,0.E0));
#514=VECTOR('',#513,6.E-1);
#515=CARTESIAN_POINT('',(1.74E1,1.110878956579E1,2.429759900001E0));
#516=LINE('',#515,#514);
#517=DIRECTION('',(-9.455684098952E-13,0.E0,-1.E0));
#518=VECTOR('',#517,6.500000000006E-1);
#519=CARTESIAN_POINT('',(1.74E1,1.170878956579E1,2.429759900001E0));
#520=LINE('',#519,#518);
#521=DIRECTION('',(9.455684098952E-13,0.E0,1.E0));
#522=VECTOR('',#521,6.500000000006E-1);
#523=CARTESIAN_POINT('',(1.74E1,1.110878956579E1,1.7797599E0));
#524=LINE('',#523,#522);
#525=DIRECTION('',(-1.E0,0.E0,0.E0));
#526=VECTOR('',#525,1.6E1);
#527=CARTESIAN_POINT('',(1.69E1,1.170878956579E1,-3.0202401E0));
#528=LINE('',#527,#526);
#529=DIRECTION('',(1.E0,0.E0,0.E0));
#530=VECTOR('',#529,1.6E1);
#531=CARTESIAN_POINT('',(9.E-1,1.070878956579E1,-4.0202401E0));
#532=LINE('',#531,#530);
#533=CARTESIAN_POINT('',(9.E-1,1.070878956579E1,-3.0202401E0));
#534=DIRECTION('',(0.E0,0.E0,1.E0));
#535=DIRECTION('',(0.E0,1.E0,0.E0));
#536=AXIS2_PLACEMENT_3D('',#533,#534,#535);
#538=CARTESIAN_POINT('',(9.E-1,1.070878956579E1,-3.0202401E0));
#539=DIRECTION('',(0.E0,-1.E0,0.E0));
#540=DIRECTION('',(-1.E0,0.E0,0.E0));
#541=AXIS2_PLACEMENT_3D('',#538,#539,#540);
#543=CARTESIAN_POINT('',(9.E-1,1.070878956579E1,-3.0202401E0));
#544=DIRECTION('',(1.E0,0.E0,0.E0));
#545=DIRECTION('',(0.E0,0.E0,-1.E0));
#546=AXIS2_PLACEMENT_3D('',#543,#544,#545);
#548=DIRECTION('',(0.E0,-1.E0,0.E0));
#549=VECTOR('',#548,1.01E1);
#550=CARTESIAN_POINT('',(1.69E1,1.070878956579E1,-4.0202401E0));
#551=LINE('',#550,#549);
#552=DIRECTION('',(-1.E0,0.E0,0.E0));
#553=VECTOR('',#552,1.6E1);
#554=CARTESIAN_POINT('',(1.69E1,6.087895657900E-1,-4.0202401E0));
#555=LINE('',#554,#553);
#556=DIRECTION('',(1.E0,0.E0,0.E0));
#557=VECTOR('',#556,1.6E1);
#558=CARTESIAN_POINT('',(9.E-1,-3.912104342100E-1,-3.0202401E0));
#559=LINE('',#558,#557);
#560=DIRECTION('',(0.E0,1.E0,0.E0));
#561=VECTOR('',#560,6.E-1);
#562=CARTESIAN_POINT('',(1.69E1,-3.912104342100E-1,-2.370240099999E0));
#563=LINE('',#562,#561);
#564=DIRECTION('',(0.E0,-1.E0,0.E0));
#565=VECTOR('',#564,6.E-1);
#566=CARTESIAN_POINT('',(1.74E1,2.087895657900E-1,-1.870240100001E0));
#567=LINE('',#566,#565);
#568=DIRECTION('',(-9.455684098952E-13,0.E0,1.E0));
#569=VECTOR('',#568,6.500000000006E-1);
#570=CARTESIAN_POINT('',(1.74E1,-3.912104342100E-1,-1.870240100001E0));
#571=LINE('',#570,#569);
#572=DIRECTION('',(9.455684098952E-13,0.E0,-1.E0));
#573=VECTOR('',#572,6.500000000006E-1);
#574=CARTESIAN_POINT('',(1.74E1,2.087895657900E-1,-1.2202401E0));
#575=LINE('',#574,#573);
#576=DIRECTION('',(0.E0,1.E0,0.E0));
#577=VECTOR('',#576,6.E-1);
#578=CARTESIAN_POINT('',(1.74E1,-3.912104342100E-1,-1.2202401E0));
#579=LINE('',#578,#577);
#580=DIRECTION('',(0.E0,-1.E0,0.E0));
#581=VECTOR('',#580,6.E-1);
#582=CARTESIAN_POINT('',(1.79E1,2.087895657900E-1,-7.202401E-1));
#583=LINE('',#582,#581);
#584=DIRECTION('',(1.E0,0.E0,0.E0));
#585=VECTOR('',#584,2.5E0);
#586=CARTESIAN_POINT('',(1.79E1,2.087895657900E-1,-7.202401E-1));
#587=LINE('',#586,#585);
#588=DIRECTION('',(-1.E0,0.E0,0.E0));
#589=VECTOR('',#588,2.5E0);
#590=CARTESIAN_POINT('',(2.04E1,-3.912104342100E-1,-7.202401E-1));
#591=LINE('',#590,#589);
#592=DIRECTION('',(0.E0,-1.E0,0.E0));
#593=VECTOR('',#592,6.E-1);
#594=CARTESIAN_POINT('',(2.04E1,2.087895657900E-1,-7.202401E-1));
#595=LINE('',#594,#593);
#596=DIRECTION('',(0.E0,1.E0,0.E0));
#597=VECTOR('',#596,6.E-1);
#598=CARTESIAN_POINT('',(2.09E1,-3.912104342100E-1,-2.202401E-1));
#599=LINE('',#598,#597);
#600=DIRECTION('',(0.E0,0.E0,-1.E0));
#601=VECTOR('',#600,1.E0);
#602=CARTESIAN_POINT('',(2.09E1,-3.912104342100E-1,7.797599E-1));
#603=LINE('',#602,#601);
#604=DIRECTION('',(0.E0,0.E0,1.E0));
#605=VECTOR('',#604,1.E0);
#606=CARTESIAN_POINT('',(2.09E1,2.087895657900E-1,-2.202401E-1));
#607=LINE('',#606,#605);
#608=DIRECTION('',(0.E0,-1.E0,0.E0));
#609=VECTOR('',#608,6.E-1);
#610=CARTESIAN_POINT('',(1.74E1,2.087895657900E-1,1.7797599E0));
#611=LINE('',#610,#609);
#612=DIRECTION('',(0.E0,1.E0,0.E0));
#613=VECTOR('',#612,6.E-1);
#614=CARTESIAN_POINT('',(1.79E1,-3.912104342100E-1,1.2797599E0));
#615=LINE('',#614,#613);
#616=DIRECTION('',(-1.E0,0.E0,1.554312234475E-14));
#617=VECTOR('',#616,2.E-1);
#618=CARTESIAN_POINT('',(1.69E1,2.087895657900E-1,3.5797599E0));
#619=LINE('',#618,#617);
#620=DIRECTION('',(1.E0,0.E0,0.E0));
#621=VECTOR('',#620,2.E-1);
#622=CARTESIAN_POINT('',(1.67E1,6.087895657900E-1,3.9797599E0));
#623=LINE('',#622,#621);
#624=DIRECTION('',(0.E0,-1.E0,0.E0));
#625=VECTOR('',#624,1.01E1);
#626=CARTESIAN_POINT('',(1.67E1,1.070878956579E1,3.9797599E0));
#627=LINE('',#626,#625);
#628=DIRECTION('',(0.E0,1.E0,0.E0));
#629=VECTOR('',#628,1.01E1);
#630=CARTESIAN_POINT('',(1.69E1,6.087895657900E-1,3.9797599E0));
#631=LINE('',#630,#629);
#632=DIRECTION('',(-1.E0,0.E0,0.E0));
#633=VECTOR('',#632,2.E-1);
#634=CARTESIAN_POINT('',(1.69E1,1.070878956579E1,3.9797599E0));
#635=LINE('',#634,#633);
#636=DIRECTION('',(1.E0,0.E0,-1.332267629550E-14));
#637=VECTOR('',#636,2.E-1);
#638=CARTESIAN_POINT('',(1.67E1,1.110878956579E1,3.5797599E0));
#639=LINE('',#638,#637);
#640=DIRECTION('',(0.E0,1.E0,0.E0));
#641=VECTOR('',#640,7.E-1);
#642=CARTESIAN_POINT('',(2.15E1,7.848794705790E0,1.2297599E0));
#643=LINE('',#642,#641);
#644=DIRECTION('',(-1.E0,0.E0,0.E0));
#645=VECTOR('',#644,4.8E0);
#646=CARTESIAN_POINT('',(2.15E1,7.848794705790E0,1.5297599E0));
#647=LINE('',#646,#645);
#648=DIRECTION('',(0.E0,0.E0,1.E0));
#649=VECTOR('',#648,3.E-1);
#650=CARTESIAN_POINT('',(2.15E1,7.848794705790E0,1.2297599E0));
#651=LINE('',#650,#649);
#652=DIRECTION('',(1.E0,0.E0,0.E0));
#653=VECTOR('',#652,4.8E0);
#654=CARTESIAN_POINT('',(1.67E1,7.848794705790E0,1.2297599E0));
#655=LINE('',#654,#653);
#656=DIRECTION('',(-1.E0,0.E0,0.E0));
#657=VECTOR('',#656,4.8E0);
#658=CARTESIAN_POINT('',(2.15E1,8.548794705790E0,1.5297599E0));
#659=LINE('',#658,#657);
#660=DIRECTION('',(0.E0,1.E0,0.E0));
#661=VECTOR('',#660,7.E-1);
#662=CARTESIAN_POINT('',(2.15E1,7.848794705790E0,1.5297599E0));
#663=LINE('',#662,#661);
#664=DIRECTION('',(-1.E0,0.E0,0.E0));
#665=VECTOR('',#664,4.8E0);
#666=CARTESIAN_POINT('',(2.15E1,8.548794705790E0,1.2297599E0));
#667=LINE('',#666,#665);
#668=DIRECTION('',(0.E0,0.E0,-1.E0));
#669=VECTOR('',#668,3.E-1);
#670=CARTESIAN_POINT('',(2.15E1,8.548794705790E0,1.5297599E0));
#671=LINE('',#670,#669);
#672=DIRECTION('',(0.E0,1.E0,0.E0));
#673=VECTOR('',#672,7.E-1);
#674=CARTESIAN_POINT('',(2.15E1,5.308794705790E0,1.2297599E0));
#675=LINE('',#674,#673);
#676=DIRECTION('',(-1.E0,0.E0,0.E0));
#677=VECTOR('',#676,4.8E0);
#678=CARTESIAN_POINT('',(2.15E1,5.308794705790E0,1.5297599E0));
#679=LINE('',#678,#677);
#680=DIRECTION('',(0.E0,0.E0,1.E0));
#681=VECTOR('',#680,3.E-1);
#682=CARTESIAN_POINT('',(2.15E1,5.308794705790E0,1.2297599E0));
#683=LINE('',#682,#681);
#684=DIRECTION('',(1.E0,0.E0,0.E0));
#685=VECTOR('',#684,4.8E0);
#686=CARTESIAN_POINT('',(1.67E1,5.308794705790E0,1.2297599E0));
#687=LINE('',#686,#685);
#688=DIRECTION('',(-1.E0,0.E0,0.E0));
#689=VECTOR('',#688,4.8E0);
#690=CARTESIAN_POINT('',(2.15E1,6.008794705790E0,1.5297599E0));
#691=LINE('',#690,#689);
#692=DIRECTION('',(0.E0,1.E0,0.E0));
#693=VECTOR('',#692,7.E-1);
#694=CARTESIAN_POINT('',(2.15E1,5.308794705790E0,1.5297599E0));
#695=LINE('',#694,#693);
#696=DIRECTION('',(-1.E0,0.E0,0.E0));
#697=VECTOR('',#696,4.8E0);
#698=CARTESIAN_POINT('',(2.15E1,6.008794705790E0,1.2297599E0));
#699=LINE('',#698,#697);
#700=DIRECTION('',(0.E0,0.E0,-1.E0));
#701=VECTOR('',#700,3.E-1);
#702=CARTESIAN_POINT('',(2.15E1,6.008794705790E0,1.5297599E0));
#703=LINE('',#702,#701);
#704=DIRECTION('',(0.E0,1.E0,0.E0));
#705=VECTOR('',#704,7.E-1);
#706=CARTESIAN_POINT('',(2.15E1,2.768794705790E0,1.2297599E0));
#707=LINE('',#706,#705);
#708=DIRECTION('',(-1.E0,0.E0,0.E0));
#709=VECTOR('',#708,4.8E0);
#710=CARTESIAN_POINT('',(2.15E1,2.768794705790E0,1.5297599E0));
#711=LINE('',#710,#709);
#712=DIRECTION('',(0.E0,0.E0,1.E0));
#713=VECTOR('',#712,3.E-1);
#714=CARTESIAN_POINT('',(2.15E1,2.768794705790E0,1.2297599E0));
#715=LINE('',#714,#713);
#716=DIRECTION('',(1.E0,0.E0,0.E0));
#717=VECTOR('',#716,4.8E0);
#718=CARTESIAN_POINT('',(1.67E1,2.768794705790E0,1.2297599E0));
#719=LINE('',#718,#717);
#720=DIRECTION('',(-1.E0,0.E0,0.E0));
#721=VECTOR('',#720,4.8E0);
#722=CARTESIAN_POINT('',(2.15E1,3.468794705790E0,1.5297599E0));
#723=LINE('',#722,#721);
#724=DIRECTION('',(0.E0,1.E0,0.E0));
#725=VECTOR('',#724,7.E-1);
#726=CARTESIAN_POINT('',(2.15E1,2.768794705790E0,1.5297599E0));
#727=LINE('',#726,#725);
#728=DIRECTION('',(-1.E0,0.E0,0.E0));
#729=VECTOR('',#728,4.8E0);
#730=CARTESIAN_POINT('',(2.15E1,3.468794705790E0,1.2297599E0));
#731=LINE('',#730,#729);
#732=DIRECTION('',(0.E0,0.E0,-1.E0));
#733=VECTOR('',#732,3.E-1);
#734=CARTESIAN_POINT('',(2.15E1,3.468794705790E0,1.5297599E0));
#735=LINE('',#734,#733);
#736=CARTESIAN_POINT('',(2.15E1,2.768794705790E0,1.2297599E0));
#737=CARTESIAN_POINT('',(2.15E1,3.468794705790E0,1.2297599E0));
#738=VERTEX_POINT('',#736);
#739=VERTEX_POINT('',#737);
#740=CARTESIAN_POINT('',(2.15E1,3.468794705790E0,1.5297599E0));
#741=VERTEX_POINT('',#740);
#742=CARTESIAN_POINT('',(2.15E1,2.768794705790E0,1.5297599E0));
#743=VERTEX_POINT('',#742);
#744=CARTESIAN_POINT('',(2.15E1,7.848794705790E0,1.2297599E0));
#745=CARTESIAN_POINT('',(2.15E1,8.548794705790E0,1.2297599E0));
#746=VERTEX_POINT('',#744);
#747=VERTEX_POINT('',#745);
#748=CARTESIAN_POINT('',(2.15E1,8.548794705790E0,1.5297599E0));
#749=VERTEX_POINT('',#748);
#750=CARTESIAN_POINT('',(2.15E1,7.848794705790E0,1.5297599E0));
#751=VERTEX_POINT('',#750);
#752=CARTESIAN_POINT('',(1.74E1,-3.912104342100E-1,2.429759900001E0));
#753=CARTESIAN_POINT('',(1.74E1,2.087895657900E-1,2.429759900001E0));
#754=VERTEX_POINT('',#752);
#755=VERTEX_POINT('',#753);
#756=CARTESIAN_POINT('',(1.74E1,-3.912104342100E-1,1.7797599E0));
#757=VERTEX_POINT('',#756);
#758=CARTESIAN_POINT('',(1.74E1,2.087895657900E-1,1.7797599E0));
#759=VERTEX_POINT('',#758);
#760=CARTESIAN_POINT('',(1.69E1,-3.912104342100E-1,2.929759899999E0));
#761=VERTEX_POINT('',#760);
#762=CARTESIAN_POINT('',(1.69E1,2.087895657900E-1,2.929759899999E0));
#763=VERTEX_POINT('',#762);
#764=CARTESIAN_POINT('',(1.79E1,-3.912104342100E-1,1.2797599E0));
#765=VERTEX_POINT('',#764);
#766=CARTESIAN_POINT('',(2.04E1,-3.912104342100E-1,1.2797599E0));
#767=VERTEX_POINT('',#766);
#768=CARTESIAN_POINT('',(2.09E1,-3.912104342100E-1,7.797599E-1));
#769=VERTEX_POINT('',#768);
#770=CARTESIAN_POINT('',(2.09E1,-3.912104342100E-1,-2.202401E-1));
#771=VERTEX_POINT('',#770);
#772=CARTESIAN_POINT('',(2.04E1,-3.912104342100E-1,-7.202401E-1));
#773=VERTEX_POINT('',#772);
#774=CARTESIAN_POINT('',(1.79E1,-3.912104342100E-1,-7.202401E-1));
#775=VERTEX_POINT('',#774);
#776=CARTESIAN_POINT('',(1.74E1,-3.912104342100E-1,-1.2202401E0));
#777=VERTEX_POINT('',#776);
#778=CARTESIAN_POINT('',(1.74E1,-3.912104342100E-1,-1.870240100001E0));
#779=VERTEX_POINT('',#778);
#780=CARTESIAN_POINT('',(1.69E1,-3.912104342100E-1,-2.370240099999E0));
#781=VERTEX_POINT('',#780);
#782=CARTESIAN_POINT('',(1.69E1,-3.912104342100E-1,-3.0202401E0));
#783=VERTEX_POINT('',#782);
#784=CARTESIAN_POINT('',(9.E-1,-3.912104342100E-1,-3.0202401E0));
#785=VERTEX_POINT('',#784);
#786=CARTESIAN_POINT('',(9.E-1,-3.912104342100E-1,3.5797599E0));
#787=VERTEX_POINT('',#786);
#788=CARTESIAN_POINT('',(1.69E1,-3.912104342100E-1,3.5797599E0));
#789=VERTEX_POINT('',#788);
#790=CARTESIAN_POINT('',(1.79E1,2.087895657900E-1,1.2797599E0));
#791=VERTEX_POINT('',#790);
#792=CARTESIAN_POINT('',(1.67E1,2.087895657900E-1,3.5797599E0));
#793=CARTESIAN_POINT('',(1.67E1,2.087895657900E-1,-3.0202401E0));
#794=VERTEX_POINT('',#792);
#795=VERTEX_POINT('',#793);
#796=CARTESIAN_POINT('',(1.69E1,2.087895657900E-1,3.5797599E0));
#797=VERTEX_POINT('',#796);
#798=CARTESIAN_POINT('',(2.04E1,2.087895657900E-1,1.2797599E0));
#799=VERTEX_POINT('',#798);
#800=CARTESIAN_POINT('',(2.09E1,2.087895657900E-1,7.797599E-1));
#801=VERTEX_POINT('',#800);
#802=CARTESIAN_POINT('',(2.09E1,2.087895657900E-1,-2.202401E-1));
#803=VERTEX_POINT('',#802);
#804=CARTESIAN_POINT('',(2.04E1,2.087895657900E-1,-7.202401E-1));
#805=VERTEX_POINT('',#804);
#806=CARTESIAN_POINT('',(1.79E1,2.087895657900E-1,-7.202401E-1));
#807=VERTEX_POINT('',#806);
#808=CARTESIAN_POINT('',(1.74E1,2.087895657900E-1,-1.2202401E0));
#809=VERTEX_POINT('',#808);
#810=CARTESIAN_POINT('',(1.74E1,2.087895657900E-1,-1.870240100001E0));
#811=VERTEX_POINT('',#810);
#812=CARTESIAN_POINT('',(1.69E1,2.087895657900E-1,-2.370240099999E0));
#813=VERTEX_POINT('',#812);
#814=CARTESIAN_POINT('',(1.69E1,2.087895657900E-1,-3.0202401E0));
#815=VERTEX_POINT('',#814);
#816=CARTESIAN_POINT('',(1.67E1,6.087895657900E-1,3.9797599E0));
#817=VERTEX_POINT('',#816);
#818=CARTESIAN_POINT('',(1.67E1,1.070878956579E1,3.9797599E0));
#819=VERTEX_POINT('',#818);
#820=CARTESIAN_POINT('',(1.67E1,1.110878956579E1,3.5797599E0));
#821=VERTEX_POINT('',#820);
#822=CARTESIAN_POINT('',(1.67E1,1.110878956579E1,-3.0202401E0));
#823=VERTEX_POINT('',#822);
#824=CARTESIAN_POINT('',(1.67E1,1.070878956579E1,-3.4202401E0));
#825=VERTEX_POINT('',#824);
#826=CARTESIAN_POINT('',(1.67E1,6.087895657900E-1,-3.4202401E0));
#827=VERTEX_POINT('',#826);
#828=CARTESIAN_POINT('',(1.69E1,6.087895657900E-1,3.9797599E0));
#829=VERTEX_POINT('',#828);
#830=CARTESIAN_POINT('',(1.69E1,6.087895657900E-1,4.5797599E0));
#831=VERTEX_POINT('',#830);
#832=CARTESIAN_POINT('',(1.69E1,1.070878956579E1,4.5797599E0));
#833=VERTEX_POINT('',#832);
#834=CARTESIAN_POINT('',(1.69E1,1.170878956579E1,3.5797599E0));
#835=VERTEX_POINT('',#834);
#836=CARTESIAN_POINT('',(1.69E1,1.170878956579E1,2.929759899999E0));
#837=VERTEX_POINT('',#836);
#838=CARTESIAN_POINT('',(1.69E1,1.110878956579E1,2.929759899999E0));
#839=VERTEX_POINT('',#838);
#840=CARTESIAN_POINT('',(1.69E1,1.110878956579E1,3.5797599E0));
#841=VERTEX_POINT('',#840);
#842=CARTESIAN_POINT('',(1.69E1,1.070878956579E1,3.9797599E0));
#843=VERTEX_POINT('',#842);
#844=CARTESIAN_POINT('',(9.E-1,6.087895657900E-1,4.5797599E0));
#845=VERTEX_POINT('',#844);
#846=CARTESIAN_POINT('',(-1.000000000001E-1,6.087895657900E-1,3.5797599E0));
#847=VERTEX_POINT('',#846);
#848=CARTESIAN_POINT('',(-1.E-1,6.087895657900E-1,-3.0202401E0));
#849=VERTEX_POINT('',#848);
#850=CARTESIAN_POINT('',(9.E-1,6.087895657900E-1,-4.0202401E0));
#851=VERTEX_POINT('',#850);
#852=CARTESIAN_POINT('',(-1.E-1,1.070878956579E1,-3.0202401E0));
#853=VERTEX_POINT('',#852);
#854=CARTESIAN_POINT('',(9.E-1,1.070878956579E1,-4.0202401E0));
#855=VERTEX_POINT('',#854);
#856=CARTESIAN_POINT('',(-1.E-1,1.070878956579E1,3.5797599E0));
#857=VERTEX_POINT('',#856);
#858=CARTESIAN_POINT('',(9.E-1,1.070878956579E1,4.5797599E0));
#859=VERTEX_POINT('',#858);
#860=CARTESIAN_POINT('',(9.E-1,1.170878956579E1,3.5797599E0));
#861=VERTEX_POINT('',#860);
#862=CARTESIAN_POINT('',(9.E-1,1.170878956579E1,-3.0202401E0));
#863=VERTEX_POINT('',#862);
#864=CARTESIAN_POINT('',(1.74E1,1.170878956579E1,2.429759900001E0));
#865=VERTEX_POINT('',#864);
#866=CARTESIAN_POINT('',(1.69E1,1.170878956579E1,-3.0202401E0));
#867=VERTEX_POINT('',#866);
#868=CARTESIAN_POINT('',(1.69E1,1.170878956579E1,-2.370240099999E0));
#869=VERTEX_POINT('',#868);
#870=CARTESIAN_POINT('',(1.74E1,1.170878956579E1,-1.870240100001E0));
#871=VERTEX_POINT('',#870);
#872=CARTESIAN_POINT('',(1.74E1,1.170878956579E1,-1.2202401E0));
#873=VERTEX_POINT('',#872);
#874=CARTESIAN_POINT('',(1.79E1,1.170878956579E1,-7.202401E-1));
#875=VERTEX_POINT('',#874);
#876=CARTESIAN_POINT('',(2.04E1,1.170878956579E1,-7.202401E-1));
#877=VERTEX_POINT('',#876);
#878=CARTESIAN_POINT('',(2.09E1,1.170878956579E1,-2.202401E-1));
#879=VERTEX_POINT('',#878);
#880=CARTESIAN_POINT('',(2.09E1,1.170878956579E1,7.797599E-1));
#881=VERTEX_POINT('',#880);
#882=CARTESIAN_POINT('',(2.04E1,1.170878956579E1,1.2797599E0));
#883=VERTEX_POINT('',#882);
#884=CARTESIAN_POINT('',(1.79E1,1.170878956579E1,1.2797599E0));
#885=VERTEX_POINT('',#884);
#886=CARTESIAN_POINT('',(1.74E1,1.170878956579E1,1.7797599E0));
#887=VERTEX_POINT('',#886);
#888=CARTESIAN_POINT('',(1.74E1,1.110878956579E1,2.429759900001E0));
#889=VERTEX_POINT('',#888);
#890=CARTESIAN_POINT('',(1.69E1,1.110878956579E1,-3.0202401E0));
#891=VERTEX_POINT('',#890);
#892=CARTESIAN_POINT('',(1.69E1,1.110878956579E1,-2.370240099999E0));
#893=VERTEX_POINT('',#892);
#894=CARTESIAN_POINT('',(1.74E1,1.110878956579E1,-1.870240100001E0));
#895=VERTEX_POINT('',#894);
#896=CARTESIAN_POINT('',(1.74E1,1.110878956579E1,-1.2202401E0));
#897=VERTEX_POINT('',#896);
#898=CARTESIAN_POINT('',(1.79E1,1.110878956579E1,-7.202401E-1));
#899=VERTEX_POINT('',#898);
#900=CARTESIAN_POINT('',(2.04E1,1.110878956579E1,-7.202401E-1));
#901=VERTEX_POINT('',#900);
#902=CARTESIAN_POINT('',(2.09E1,1.110878956579E1,-2.202401E-1));
#903=VERTEX_POINT('',#902);
#904=CARTESIAN_POINT('',(2.09E1,1.110878956579E1,7.797599E-1));
#905=VERTEX_POINT('',#904);
#906=CARTESIAN_POINT('',(2.04E1,1.110878956579E1,1.2797599E0));
#907=VERTEX_POINT('',#906);
#908=CARTESIAN_POINT('',(1.79E1,1.110878956579E1,1.2797599E0));
#909=VERTEX_POINT('',#908);
#910=CARTESIAN_POINT('',(1.74E1,1.110878956579E1,1.7797599E0));
#911=VERTEX_POINT('',#910);
#912=CARTESIAN_POINT('',(1.69E1,1.070878956579E1,-4.0202401E0));
#913=VERTEX_POINT('',#912);
#914=CARTESIAN_POINT('',(1.69E1,6.087895657900E-1,-4.0202401E0));
#915=VERTEX_POINT('',#914);
#916=CARTESIAN_POINT('',(1.69E1,6.087895657900E-1,-3.4202401E0));
#917=VERTEX_POINT('',#916);
#918=CARTESIAN_POINT('',(1.69E1,1.070878956579E1,-3.4202401E0));
#919=VERTEX_POINT('',#918);
#920=CARTESIAN_POINT('',(2.15E1,5.308794705790E0,1.2297599E0));
#921=CARTESIAN_POINT('',(2.15E1,6.008794705790E0,1.2297599E0));
#922=VERTEX_POINT('',#920);
#923=VERTEX_POINT('',#921);
#924=CARTESIAN_POINT('',(2.15E1,6.008794705790E0,1.5297599E0));
#925=VERTEX_POINT('',#924);
#926=CARTESIAN_POINT('',(2.15E1,5.308794705790E0,1.5297599E0));
#927=VERTEX_POINT('',#926);
#928=CARTESIAN_POINT('',(1.67E1,7.848794705790E0,1.2297599E0));
#929=CARTESIAN_POINT('',(1.67E1,8.548794705790E0,1.2297599E0));
#930=VERTEX_POINT('',#928);
#931=VERTEX_POINT('',#929);
#932=CARTESIAN_POINT('',(1.67E1,8.548794705790E0,1.5297599E0));
#933=VERTEX_POINT('',#932);
#934=CARTESIAN_POINT('',(1.67E1,7.848794705790E0,1.5297599E0));
#935=VERTEX_POINT('',#934);
#936=CARTESIAN_POINT('',(1.67E1,5.308794705790E0,1.2297599E0));
#937=CARTESIAN_POINT('',(1.67E1,6.008794705790E0,1.2297599E0));
#938=VERTEX_POINT('',#936);
#939=VERTEX_POINT('',#937);
#940=CARTESIAN_POINT('',(1.67E1,6.008794705790E0,1.5297599E0));
#941=VERTEX_POINT('',#940);
#942=CARTESIAN_POINT('',(1.67E1,5.308794705790E0,1.5297599E0));
#943=VERTEX_POINT('',#942);
#944=CARTESIAN_POINT('',(1.67E1,2.768794705790E0,1.2297599E0));
#945=CARTESIAN_POINT('',(1.67E1,3.468794705790E0,1.2297599E0));
#946=VERTEX_POINT('',#944);
#947=VERTEX_POINT('',#945);
#948=CARTESIAN_POINT('',(1.67E1,3.468794705790E0,1.5297599E0));
#949=VERTEX_POINT('',#948);
#950=CARTESIAN_POINT('',(1.67E1,2.768794705790E0,1.5297599E0));
#951=VERTEX_POINT('',#950);
#952=CARTESIAN_POINT('',(1.915E1,-9.121043421E-2,1.2797599E0));
#953=DIRECTION('',(0.E0,0.E0,1.E0));
#954=DIRECTION('',(0.E0,-1.E0,0.E0));
#955=AXIS2_PLACEMENT_3D('',#952,#953,#954);
#956=PLANE('',#955);
#958=ORIENTED_EDGE('',*,*,#957,.F.);
#960=ORIENTED_EDGE('',*,*,#959,.F.);
#962=ORIENTED_EDGE('',*,*,#961,.T.);
#964=ORIENTED_EDGE('',*,*,#963,.F.);
#965=EDGE_LOOP('',(#958,#960,#962,#964));
#966=FACE_OUTER_BOUND('',#965,.F.);
#968=CARTESIAN_POINT('',(2.04E1,2.396501036985E-1,7.797599E-1));
#969=DIRECTION('',(0.E0,-1.E0,0.E0));
#970=DIRECTION('',(1.E0,0.E0,0.E0));
#971=AXIS2_PLACEMENT_3D('',#968,#969,#970);
#972=CYLINDRICAL_SURFACE('',#971,5.E-1);
#974=ORIENTED_EDGE('',*,*,#973,.T.);
#975=ORIENTED_EDGE('',*,*,#957,.T.);
#977=ORIENTED_EDGE('',*,*,#976,.F.);
#979=ORIENTED_EDGE('',*,*,#978,.T.);
#980=EDGE_LOOP('',(#974,#975,#977,#979));
#981=FACE_OUTER_BOUND('',#980,.F.);
#983=CARTESIAN_POINT('',(1.09E1,-3.912104342100E-1,2.797599E-1));
#984=DIRECTION('',(0.E0,1.E0,0.E0));
#985=DIRECTION('',(0.E0,0.E0,1.E0));
#986=AXIS2_PLACEMENT_3D('',#983,#984,#985);
#987=PLANE('',#986);
#989=ORIENTED_EDGE('',*,*,#988,.F.);
#991=ORIENTED_EDGE('',*,*,#990,.F.);
#993=ORIENTED_EDGE('',*,*,#992,.F.);
#994=ORIENTED_EDGE('',*,*,#959,.T.);
#995=ORIENTED_EDGE('',*,*,#973,.F.);
#997=ORIENTED_EDGE('',*,*,#996,.T.);
#999=ORIENTED_EDGE('',*,*,#998,.F.);
#1001=ORIENTED_EDGE('',*,*,#1000,.T.);
#1003=ORIENTED_EDGE('',*,*,#1002,.F.);
#1005=ORIENTED_EDGE('',*,*,#1004,.F.);
#1007=ORIENTED_EDGE('',*,*,#1006,.F.);
#1009=ORIENTED_EDGE('',*,*,#1008,.T.);
#1011=ORIENTED_EDGE('',*,*,#1010,.F.);
#1013=ORIENTED_EDGE('',*,*,#1012,.F.);
#1015=ORIENTED_EDGE('',*,*,#1014,.F.);
#1017=ORIENTED_EDGE('',*,*,#1016,.T.);
#1018=EDGE_LOOP('',(#989,#991,#993,#994,#995,#997,#999,#1001,#1003,#1005,#1007,
#1009,#1011,#1013,#1015,#1017));
#1019=FACE_OUTER_BOUND('',#1018,.F.);
#1021=CARTESIAN_POINT('',(1.715E1,-9.121043421E-2,2.6797599E0));
#1022=DIRECTION('',(7.071067811813E-1,0.E0,7.071067811918E-1));
#1023=DIRECTION('',(-7.071067811918E-1,0.E0,7.071067811813E-1));
#1024=AXIS2_PLACEMENT_3D('',#1021,#1022,#1023);
#1025=PLANE('',#1024);
#1026=ORIENTED_EDGE('',*,*,#988,.T.);
#1028=ORIENTED_EDGE('',*,*,#1027,.T.);
#1030=ORIENTED_EDGE('',*,*,#1029,.F.);
#1032=ORIENTED_EDGE('',*,*,#1031,.F.);
#1033=EDGE_LOOP('',(#1026,#1028,#1030,#1032));
#1034=FACE_OUTER_BOUND('',#1033,.F.);
#1036=CARTESIAN_POINT('',(1.69E1,5.658789565790E0,3.7547599E0));
#1037=DIRECTION('',(1.E0,0.E0,0.E0));
#1038=DIRECTION('',(0.E0,1.E0,0.E0));
#1039=AXIS2_PLACEMENT_3D('',#1036,#1037,#1038);
#1040=PLANE('',#1039);
#1041=ORIENTED_EDGE('',*,*,#1027,.F.);
#1042=ORIENTED_EDGE('',*,*,#1016,.F.);
#1044=ORIENTED_EDGE('',*,*,#1043,.F.);
#1046=ORIENTED_EDGE('',*,*,#1045,.T.);
#1048=ORIENTED_EDGE('',*,*,#1047,.F.);
#1050=ORIENTED_EDGE('',*,*,#1049,.T.);
#1052=ORIENTED_EDGE('',*,*,#1051,.T.);
#1054=ORIENTED_EDGE('',*,*,#1053,.F.);
#1056=ORIENTED_EDGE('',*,*,#1055,.F.);
#1058=ORIENTED_EDGE('',*,*,#1057,.F.);
#1060=ORIENTED_EDGE('',*,*,#1059,.F.);
#1062=ORIENTED_EDGE('',*,*,#1061,.F.);
#1063=EDGE_LOOP('',(#1041,#1042,#1044,#1046,#1048,#1050,#1052,#1054,#1056,#1058,
#1060,#1062));
#1064=FACE_OUTER_BOUND('',#1063,.F.);
#1066=CARTESIAN_POINT('',(5.8E-1,6.087895657900E-1,3.5797599E0));
#1067=DIRECTION('',(1.E0,0.E0,0.E0));
#1068=DIRECTION('',(0.E0,0.E0,1.E0));
#1069=AXIS2_PLACEMENT_3D('',#1066,#1067,#1068);
#1070=CYLINDRICAL_SURFACE('',#1069,1.E0);
#1071=ORIENTED_EDGE('',*,*,#1043,.T.);
#1072=ORIENTED_EDGE('',*,*,#1014,.T.);
#1074=ORIENTED_EDGE('',*,*,#1073,.F.);
#1076=ORIENTED_EDGE('',*,*,#1075,.T.);
#1077=EDGE_LOOP('',(#1071,#1072,#1074,#1076));
#1078=FACE_OUTER_BOUND('',#1077,.F.);
#1080=CARTESIAN_POINT('',(9.E-1,6.087895657900E-1,3.5797599E0));
#1081=DIRECTION('',(-1.E0,0.E0,0.E0));
#1082=DIRECTION('',(0.E0,0.E0,-1.E0));
#1083=AXIS2_PLACEMENT_3D('',#1080,#1081,#1082);
#1084=SPHERICAL_SURFACE('',#1083,1.E0);
#1086=ORIENTED_EDGE('',*,*,#1085,.T.);
#1088=ORIENTED_EDGE('',*,*,#1087,.T.);
#1089=ORIENTED_EDGE('',*,*,#1073,.T.);
#1090=EDGE_LOOP('',(#1086,#1088,#1089));
#1091=FACE_OUTER_BOUND('',#1090,.F.);
#1093=CARTESIAN_POINT('',(9.E-1,6.087895657900E-1,-3.1522401E0));
#1094=DIRECTION('',(0.E0,0.E0,1.E0));
#1095=DIRECTION('',(-1.E0,0.E0,0.E0));
#1096=AXIS2_PLACEMENT_3D('',#1093,#1094,#1095);
#1097=CYLINDRICAL_SURFACE('',#1096,1.E0);
#1098=ORIENTED_EDGE('',*,*,#1012,.T.);
#1100=ORIENTED_EDGE('',*,*,#1099,.F.);
#1102=ORIENTED_EDGE('',*,*,#1101,.T.);
#1103=ORIENTED_EDGE('',*,*,#1085,.F.);
#1104=EDGE_LOOP('',(#1098,#1100,#1102,#1103));
#1105=FACE_OUTER_BOUND('',#1104,.F.);
#1107=CARTESIAN_POINT('',(9.E-1,6.087895657900E-1,-3.0202401E0));
#1108=DIRECTION('',(0.E0,0.E0,-1.E0));
#1109=DIRECTION('',(0.E0,-1.E0,0.E0));
#1110=AXIS2_PLACEMENT_3D('',#1107,#1108,#1109);
#1111=SPHERICAL_SURFACE('',#1110,1.E0);
#1113=ORIENTED_EDGE('',*,*,#1112,.T.);
#1114=ORIENTED_EDGE('',*,*,#1099,.T.);
#1116=ORIENTED_EDGE('',*,*,#1115,.T.);
#1117=EDGE_LOOP('',(#1113,#1114,#1116));
#1118=FACE_OUTER_BOUND('',#1117,.F.);
#1120=CARTESIAN_POINT('',(9.E-1,1.091078956579E1,-3.0202401E0));
#1121=DIRECTION('',(0.E0,-1.E0,0.E0));
#1122=DIRECTION('',(-1.E0,0.E0,0.E0));
#1123=AXIS2_PLACEMENT_3D('',#1120,#1121,#1122);
#1124=CYLINDRICAL_SURFACE('',#1123,1.E0);
#1126=ORIENTED_EDGE('',*,*,#1125,.T.);
#1127=ORIENTED_EDGE('',*,*,#1112,.F.);
#1129=ORIENTED_EDGE('',*,*,#1128,.T.);
#1131=ORIENTED_EDGE('',*,*,#1130,.F.);
#1132=EDGE_LOOP('',(#1126,#1127,#1129,#1131));
#1133=FACE_OUTER_BOUND('',#1132,.F.);
#1135=CARTESIAN_POINT('',(-1.E-1,5.658789565790E0,2.797599E-1));
#1136=DIRECTION('',(1.E0,0.E0,0.E0));
#1137=DIRECTION('',(0.E0,1.E0,0.E0));
#1138=AXIS2_PLACEMENT_3D('',#1135,#1136,#1137);
#1139=PLANE('',#1138);
#1141=ORIENTED_EDGE('',*,*,#1140,.F.);
#1142=ORIENTED_EDGE('',*,*,#1101,.F.);
#1143=ORIENTED_EDGE('',*,*,#1125,.F.);
#1145=ORIENTED_EDGE('',*,*,#1144,.F.);
#1146=EDGE_LOOP('',(#1141,#1142,#1143,#1145));
#1147=FACE_OUTER_BOUND('',#1146,.F.);
#1149=CARTESIAN_POINT('',(9.E-1,4.067895657900E-1,3.5797599E0));
#1150=DIRECTION('',(0.E0,1.E0,0.E0));
#1151=DIRECTION('',(-1.E0,0.E0,0.E0));
#1152=AXIS2_PLACEMENT_3D('',#1149,#1150,#1151);
#1153=CYLINDRICAL_SURFACE('',#1152,1.E0);
#1155=ORIENTED_EDGE('',*,*,#1154,.T.);
#1156=ORIENTED_EDGE('',*,*,#1087,.F.);
#1157=ORIENTED_EDGE('',*,*,#1140,.T.);
#1159=ORIENTED_EDGE('',*,*,#1158,.F.);
#1160=EDGE_LOOP('',(#1155,#1156,#1157,#1159));
#1161=FACE_OUTER_BOUND('',#1160,.F.);
#1163=CARTESIAN_POINT('',(8.9E0,5.658789565790E0,4.5797599E0));
#1164=DIRECTION('',(0.E0,0.E0,1.E0));
#1165=DIRECTION('',(0.E0,1.E0,0.E0));
#1166=AXIS2_PLACEMENT_3D('',#1163,#1164,#1165);
#1167=PLANE('',#1166);
#1168=ORIENTED_EDGE('',*,*,#1045,.F.);
#1169=ORIENTED_EDGE('',*,*,#1075,.F.);
#1170=ORIENTED_EDGE('',*,*,#1154,.F.);
#1172=ORIENTED_EDGE('',*,*,#1171,.F.);
#1173=EDGE_LOOP('',(#1168,#1169,#1170,#1172));
#1174=FACE_OUTER_BOUND('',#1173,.F.);
#1176=CARTESIAN_POINT('',(5.8E-1,1.070878956579E1,3.5797599E0));
#1177=DIRECTION('',(1.E0,0.E0,0.E0));
#1178=DIRECTION('',(0.E0,1.E0,0.E0));
#1179=AXIS2_PLACEMENT_3D('',#1176,#1177,#1178);
#1180=CYLINDRICAL_SURFACE('',#1179,1.E0);
#1181=ORIENTED_EDGE('',*,*,#1047,.T.);
#1182=ORIENTED_EDGE('',*,*,#1171,.T.);
#1184=ORIENTED_EDGE('',*,*,#1183,.F.);
#1186=ORIENTED_EDGE('',*,*,#1185,.T.);
#1187=EDGE_LOOP('',(#1181,#1182,#1184,#1186));
#1188=FACE_OUTER_BOUND('',#1187,.F.);
#1190=CARTESIAN_POINT('',(9.E-1,1.070878956579E1,3.5797599E0));
#1191=DIRECTION('',(-1.E0,0.E0,0.E0));
#1192=DIRECTION('',(0.E0,-1.E0,0.E0));
#1193=AXIS2_PLACEMENT_3D('',#1190,#1191,#1192);
#1194=SPHERICAL_SURFACE('',#1193,1.E0);
#1195=ORIENTED_EDGE('',*,*,#1183,.T.);
#1196=ORIENTED_EDGE('',*,*,#1158,.T.);
#1198=ORIENTED_EDGE('',*,*,#1197,.T.);
#1199=EDGE_LOOP('',(#1195,#1196,#1198));
#1200=FACE_OUTER_BOUND('',#1199,.F.);
#1202=CARTESIAN_POINT('',(9.E-1,1.070878956579E1,3.7117599E0));
#1203=DIRECTION('',(0.E0,0.E0,-1.E0));
#1204=DIRECTION('',(-1.E0,0.E0,0.E0));
#1205=AXIS2_PLACEMENT_3D('',#1202,#1203,#1204);
#1206=CYLINDRICAL_SURFACE('',#1205,1.E0);
#1208=ORIENTED_EDGE('',*,*,#1207,.T.);
#1209=ORIENTED_EDGE('',*,*,#1197,.F.);
#1210=ORIENTED_EDGE('',*,*,#1144,.T.);
#1212=ORIENTED_EDGE('',*,*,#1211,.F.);
#1213=EDGE_LOOP('',(#1208,#1209,#1210,#1212));
#1214=FACE_OUTER_BOUND('',#1213,.F.);
#1216=CARTESIAN_POINT('',(1.09E1,1.170878956579E1,2.797599E-1));
#1217=DIRECTION('',(0.E0,1.E0,0.E0));
#1218=DIRECTION('',(0.E0,0.E0,-1.E0));
#1219=AXIS2_PLACEMENT_3D('',#1216,#1217,#1218);
#1220=PLANE('',#1219);
#1222=ORIENTED_EDGE('',*,*,#1221,.F.);
#1223=ORIENTED_EDGE('',*,*,#1049,.F.);
#1224=ORIENTED_EDGE('',*,*,#1185,.F.);
#1225=ORIENTED_EDGE('',*,*,#1207,.F.);
#1227=ORIENTED_EDGE('',*,*,#1226,.F.);
#1229=ORIENTED_EDGE('',*,*,#1228,.T.);
#1231=ORIENTED_EDGE('',*,*,#1230,.F.);
#1233=ORIENTED_EDGE('',*,*,#1232,.F.);
#1235=ORIENTED_EDGE('',*,*,#1234,.F.);
#1237=ORIENTED_EDGE('',*,*,#1236,.T.);
#1239=ORIENTED_EDGE('',*,*,#1238,.F.);
#1241=ORIENTED_EDGE('',*,*,#1240,.T.);
#1243=ORIENTED_EDGE('',*,*,#1242,.F.);
#1245=ORIENTED_EDGE('',*,*,#1244,.T.);
#1247=ORIENTED_EDGE('',*,*,#1246,.F.);
#1249=ORIENTED_EDGE('',*,*,#1248,.F.);
#1250=EDGE_LOOP('',(#1222,#1223,#1224,#1225,#1227,#1229,#1231,#1233,#1235,#1237,
#1239,#1241,#1243,#1245,#1247,#1249));
#1251=FACE_OUTER_BOUND('',#1250,.F.);
#1253=CARTESIAN_POINT('',(1.715E1,1.140878956579E1,2.6797599E0));
#1254=DIRECTION('',(7.071067811813E-1,0.E0,7.071067811918E-1));
#1255=DIRECTION('',(-7.071067811918E-1,0.E0,7.071067811813E-1));
#1256=AXIS2_PLACEMENT_3D('',#1253,#1254,#1255);
#1257=PLANE('',#1256);
#1259=ORIENTED_EDGE('',*,*,#1258,.F.);
#1260=ORIENTED_EDGE('',*,*,#1051,.F.);
#1261=ORIENTED_EDGE('',*,*,#1221,.T.);
#1263=ORIENTED_EDGE('',*,*,#1262,.F.);
#1264=EDGE_LOOP('',(#1259,#1260,#1261,#1263));
#1265=FACE_OUTER_BOUND('',#1264,.F.);
#1267=CARTESIAN_POINT('',(1.88E1,1.110878956579E1,2.797599E-1));
#1268=DIRECTION('',(0.E0,1.E0,0.E0));
#1269=DIRECTION('',(0.E0,0.E0,-1.E0));
#1270=AXIS2_PLACEMENT_3D('',#1267,#1268,#1269);
#1271=PLANE('',#1270);
#1273=ORIENTED_EDGE('',*,*,#1272,.T.);
#1275=ORIENTED_EDGE('',*,*,#1274,.T.);
#1276=ORIENTED_EDGE('',*,*,#1053,.T.);
#1277=ORIENTED_EDGE('',*,*,#1258,.T.);
#1279=ORIENTED_EDGE('',*,*,#1278,.F.);
#1281=ORIENTED_EDGE('',*,*,#1280,.T.);
#1283=ORIENTED_EDGE('',*,*,#1282,.T.);
#1285=ORIENTED_EDGE('',*,*,#1284,.T.);
#1287=ORIENTED_EDGE('',*,*,#1286,.T.);
#1289=ORIENTED_EDGE('',*,*,#1288,.T.);
#1291=ORIENTED_EDGE('',*,*,#1290,.T.);
#1293=ORIENTED_EDGE('',*,*,#1292,.T.);
#1295=ORIENTED_EDGE('',*,*,#1294,.F.);
#1297=ORIENTED_EDGE('',*,*,#1296,.T.);
#1299=ORIENTED_EDGE('',*,*,#1298,.T.);
#1301=ORIENTED_EDGE('',*,*,#1300,.T.);
#1302=EDGE_LOOP('',(#1273,#1275,#1276,#1277,#1279,#1281,#1283,#1285,#1287,#1289,
#1291,#1293,#1295,#1297,#1299,#1301));
#1303=FACE_OUTER_BOUND('',#1302,.F.);
#1305=CARTESIAN_POINT('',(1.67E1,5.658789565790E0,2.797599E-1));
#1306=DIRECTION('',(1.E0,0.E0,0.E0));
#1307=DIRECTION('',(0.E0,-1.E0,0.E0));
#1308=AXIS2_PLACEMENT_3D('',#1305,#1306,#1307);
#1309=PLANE('',#1308);
#1311=ORIENTED_EDGE('',*,*,#1310,.F.);
#1313=ORIENTED_EDGE('',*,*,#1312,.F.);
#1315=ORIENTED_EDGE('',*,*,#1314,.F.);
#1317=ORIENTED_EDGE('',*,*,#1316,.F.);
#1318=ORIENTED_EDGE('',*,*,#1272,.F.);
#1320=ORIENTED_EDGE('',*,*,#1319,.F.);
#1322=ORIENTED_EDGE('',*,*,#1321,.F.);
#1324=ORIENTED_EDGE('',*,*,#1323,.F.);
#1325=EDGE_LOOP('',(#1311,#1313,#1315,#1317,#1318,#1320,#1322,#1324));
#1326=FACE_OUTER_BOUND('',#1325,.F.);
#1328=ORIENTED_EDGE('',*,*,#1327,.T.);
#1330=ORIENTED_EDGE('',*,*,#1329,.F.);
#1332=ORIENTED_EDGE('',*,*,#1331,.F.);
#1334=ORIENTED_EDGE('',*,*,#1333,.F.);
#1335=EDGE_LOOP('',(#1328,#1330,#1332,#1334));
#1336=FACE_BOUND('',#1335,.F.);
#1338=ORIENTED_EDGE('',*,*,#1337,.T.);
#1340=ORIENTED_EDGE('',*,*,#1339,.F.);
#1342=ORIENTED_EDGE('',*,*,#1341,.F.);
#1344=ORIENTED_EDGE('',*,*,#1343,.F.);
#1345=EDGE_LOOP('',(#1338,#1340,#1342,#1344));
#1346=FACE_BOUND('',#1345,.F.);
#1348=ORIENTED_EDGE('',*,*,#1347,.T.);
#1350=ORIENTED_EDGE('',*,*,#1349,.F.);
#1352=ORIENTED_EDGE('',*,*,#1351,.F.);
#1354=ORIENTED_EDGE('',*,*,#1353,.F.);
#1355=EDGE_LOOP('',(#1348,#1350,#1352,#1354));
#1356=FACE_BOUND('',#1355,.F.);
#1358=CARTESIAN_POINT('',(1.88E1,2.087895657900E-1,2.797599E-1));
#1359=DIRECTION('',(0.E0,1.E0,0.E0));
#1360=DIRECTION('',(0.E0,0.E0,1.E0));
#1361=AXIS2_PLACEMENT_3D('',#1358,#1359,#1360);
#1362=PLANE('',#1361);
#1363=ORIENTED_EDGE('',*,*,#1310,.T.);
#1365=ORIENTED_EDGE('',*,*,#1364,.T.);
#1367=ORIENTED_EDGE('',*,*,#1366,.T.);
#1369=ORIENTED_EDGE('',*,*,#1368,.T.);
#1371=ORIENTED_EDGE('',*,*,#1370,.F.);
#1373=ORIENTED_EDGE('',*,*,#1372,.T.);
#1375=ORIENTED_EDGE('',*,*,#1374,.T.);
#1377=ORIENTED_EDGE('',*,*,#1376,.T.);
#1379=ORIENTED_EDGE('',*,*,#1378,.T.);
#1380=ORIENTED_EDGE('',*,*,#976,.T.);
#1381=ORIENTED_EDGE('',*,*,#963,.T.);
#1383=ORIENTED_EDGE('',*,*,#1382,.T.);
#1385=ORIENTED_EDGE('',*,*,#1384,.T.);
#1386=ORIENTED_EDGE('',*,*,#1029,.T.);
#1387=ORIENTED_EDGE('',*,*,#1061,.T.);
#1389=ORIENTED_EDGE('',*,*,#1388,.T.);
#1390=EDGE_LOOP('',(#1363,#1365,#1367,#1369,#1371,#1373,#1375,#1377,#1379,#1380,
#1381,#1383,#1385,#1386,#1387,#1389));
#1391=FACE_OUTER_BOUND('',#1390,.F.);
#1393=CARTESIAN_POINT('',(1.666913946209E1,6.087895657900E-1,-3.0202401E0));
#1394=DIRECTION('',(1.E0,0.E0,0.E0));
#1395=DIRECTION('',(0.E0,-1.E0,0.E0));
#1396=AXIS2_PLACEMENT_3D('',#1393,#1394,#1395);
#1397=CYLINDRICAL_SURFACE('',#1396,4.E-1);
#1398=ORIENTED_EDGE('',*,*,#1323,.T.);
#1400=ORIENTED_EDGE('',*,*,#1399,.F.);
#1402=ORIENTED_EDGE('',*,*,#1401,.T.);
#1403=ORIENTED_EDGE('',*,*,#1364,.F.);
#1404=EDGE_LOOP('',(#1398,#1400,#1402,#1403));
#1405=FACE_OUTER_BOUND('',#1404,.F.);
#1407=CARTESIAN_POINT('',(1.68E1,5.658789565790E0,-3.4202401E0));
#1408=DIRECTION('',(0.E0,0.E0,1.E0));
#1409=DIRECTION('',(0.E0,-1.E0,0.E0));
#1410=AXIS2_PLACEMENT_3D('',#1407,#1408,#1409);
#1411=PLANE('',#1410);
#1412=ORIENTED_EDGE('',*,*,#1321,.T.);
#1414=ORIENTED_EDGE('',*,*,#1413,.T.);
#1416=ORIENTED_EDGE('',*,*,#1415,.T.);
#1417=ORIENTED_EDGE('',*,*,#1399,.T.);
#1418=EDGE_LOOP('',(#1412,#1414,#1416,#1417));
#1419=FACE_OUTER_BOUND('',#1418,.F.);
#1421=CARTESIAN_POINT('',(1.666913946209E1,1.070878956579E1,-3.0202401E0));
#1422=DIRECTION('',(1.E0,0.E0,0.E0));
#1423=DIRECTION('',(0.E0,0.E0,-1.E0));
#1424=AXIS2_PLACEMENT_3D('',#1421,#1422,#1423);
#1425=CYLINDRICAL_SURFACE('',#1424,4.E-1);
#1426=ORIENTED_EDGE('',*,*,#1319,.T.);
#1427=ORIENTED_EDGE('',*,*,#1300,.F.);
#1429=ORIENTED_EDGE('',*,*,#1428,.T.);
#1430=ORIENTED_EDGE('',*,*,#1413,.F.);
#1431=EDGE_LOOP('',(#1426,#1427,#1429,#1430));
#1432=FACE_OUTER_BOUND('',#1431,.F.);
#1434=CARTESIAN_POINT('',(1.69E1,5.658789565790E0,-3.1952401E0));
#1435=DIRECTION('',(1.E0,0.E0,0.E0));
#1436=DIRECTION('',(0.E0,1.E0,0.E0));
#1437=AXIS2_PLACEMENT_3D('',#1434,#1435,#1436);
#1438=PLANE('',#1437);
#1440=ORIENTED_EDGE('',*,*,#1439,.F.);
#1441=ORIENTED_EDGE('',*,*,#1228,.F.);
#1443=ORIENTED_EDGE('',*,*,#1442,.F.);
#1445=ORIENTED_EDGE('',*,*,#1444,.T.);
#1447=ORIENTED_EDGE('',*,*,#1446,.F.);
#1448=ORIENTED_EDGE('',*,*,#1008,.F.);
#1450=ORIENTED_EDGE('',*,*,#1449,.T.);
#1451=ORIENTED_EDGE('',*,*,#1366,.F.);
#1452=ORIENTED_EDGE('',*,*,#1401,.F.);
#1453=ORIENTED_EDGE('',*,*,#1415,.F.);
#1454=ORIENTED_EDGE('',*,*,#1428,.F.);
#1455=ORIENTED_EDGE('',*,*,#1298,.F.);
#1456=EDGE_LOOP('',(#1440,#1441,#1443,#1445,#1447,#1448,#1450,#1451,#1452,#1453,
#1454,#1455));
#1457=FACE_OUTER_BOUND('',#1456,.F.);
#1459=CARTESIAN_POINT('',(1.715E1,1.140878956579E1,-2.1202401E0));
#1460=DIRECTION('',(-7.071067811813E-1,0.E0,7.071067811918E-1));
#1461=DIRECTION('',(-7.071067811918E-1,0.E0,-7.071067811813E-1));
#1462=AXIS2_PLACEMENT_3D('',#1459,#1460,#1461);
#1463=PLANE('',#1462);
#1464=ORIENTED_EDGE('',*,*,#1230,.T.);
#1465=ORIENTED_EDGE('',*,*,#1439,.T.);
#1466=ORIENTED_EDGE('',*,*,#1296,.F.);
#1468=ORIENTED_EDGE('',*,*,#1467,.F.);
#1469=EDGE_LOOP('',(#1464,#1465,#1466,#1468));
#1470=FACE_OUTER_BOUND('',#1469,.F.);
#1472=CARTESIAN_POINT('',(1.74E1,1.140878956579E1,-1.5452401E0));
#1473=DIRECTION('',(1.E0,0.E0,0.E0));
#1474=DIRECTION('',(0.E0,1.E0,0.E0));
#1475=AXIS2_PLACEMENT_3D('',#1472,#1473,#1474);
#1476=PLANE('',#1475);
#1477=ORIENTED_EDGE('',*,*,#1467,.T.);
#1478=ORIENTED_EDGE('',*,*,#1294,.T.);
#1480=ORIENTED_EDGE('',*,*,#1479,.T.);
#1481=ORIENTED_EDGE('',*,*,#1232,.T.);
#1482=EDGE_LOOP('',(#1477,#1478,#1480,#1481));
#1483=FACE_OUTER_BOUND('',#1482,.F.);
#1485=CARTESIAN_POINT('',(1.79E1,1.107792902788E1,-1.2202401E0));
#1486=DIRECTION('',(0.E0,1.E0,0.E0));
#1487=DIRECTION('',(-1.E0,0.E0,0.E0));
#1488=AXIS2_PLACEMENT_3D('',#1485,#1486,#1487);
#1489=CYLINDRICAL_SURFACE('',#1488,5.E-1);
#1490=ORIENTED_EDGE('',*,*,#1479,.F.);
#1491=ORIENTED_EDGE('',*,*,#1292,.F.);
#1493=ORIENTED_EDGE('',*,*,#1492,.F.);
#1494=ORIENTED_EDGE('',*,*,#1234,.T.);
#1495=EDGE_LOOP('',(#1490,#1491,#1493,#1494));
#1496=FACE_OUTER_BOUND('',#1495,.F.);
#1498=CARTESIAN_POINT('',(1.915E1,1.140878956579E1,-7.202401E-1));
#1499=DIRECTION('',(0.E0,0.E0,1.E0));
#1500=DIRECTION('',(0.E0,1.E0,0.E0));
#1501=AXIS2_PLACEMENT_3D('',#1498,#1499,#1500);
#1502=PLANE('',#1501);
#1504=ORIENTED_EDGE('',*,*,#1503,.F.);
#1505=ORIENTED_EDGE('',*,*,#1236,.F.);
#1506=ORIENTED_EDGE('',*,*,#1492,.T.);
#1507=ORIENTED_EDGE('',*,*,#1290,.F.);
#1508=EDGE_LOOP('',(#1504,#1505,#1506,#1507));
#1509=FACE_OUTER_BOUND('',#1508,.F.);
#1511=CARTESIAN_POINT('',(2.04E1,1.107792902788E1,-2.202401E-1));
#1512=DIRECTION('',(0.E0,1.E0,0.E0));
#1513=DIRECTION('',(1.E0,0.E0,0.E0));
#1514=AXIS2_PLACEMENT_3D('',#1511,#1512,#1513);
#1515=CYLINDRICAL_SURFACE('',#1514,5.E-1);
#1516=ORIENTED_EDGE('',*,*,#1238,.T.);
#1517=ORIENTED_EDGE('',*,*,#1503,.T.);
#1518=ORIENTED_EDGE('',*,*,#1288,.F.);
#1520=ORIENTED_EDGE('',*,*,#1519,.T.);
#1521=EDGE_LOOP('',(#1516,#1517,#1518,#1520));
#1522=FACE_OUTER_BOUND('',#1521,.F.);
#1524=CARTESIAN_POINT('',(2.09E1,1.140878956579E1,2.797599E-1));
#1525=DIRECTION('',(1.E0,0.E0,0.E0));
#1526=DIRECTION('',(0.E0,-1.E0,0.E0));
#1527=AXIS2_PLACEMENT_3D('',#1524,#1525,#1526);
#1528=PLANE('',#1527);
#1530=ORIENTED_EDGE('',*,*,#1529,.F.);
#1531=ORIENTED_EDGE('',*,*,#1240,.F.);
#1532=ORIENTED_EDGE('',*,*,#1519,.F.);
#1533=ORIENTED_EDGE('',*,*,#1286,.F.);
#1534=EDGE_LOOP('',(#1530,#1531,#1532,#1533));
#1535=FACE_OUTER_BOUND('',#1534,.F.);
#1537=CARTESIAN_POINT('',(2.04E1,1.173965010370E1,7.797599E-1));
#1538=DIRECTION('',(0.E0,-1.E0,0.E0));
#1539=DIRECTION('',(1.E0,0.E0,0.E0));
#1540=AXIS2_PLACEMENT_3D('',#1537,#1538,#1539);
#1541=CYLINDRICAL_SURFACE('',#1540,5.E-1);
#1542=ORIENTED_EDGE('',*,*,#1284,.F.);
#1544=ORIENTED_EDGE('',*,*,#1543,.T.);
#1545=ORIENTED_EDGE('',*,*,#1242,.T.);
#1546=ORIENTED_EDGE('',*,*,#1529,.T.);
#1547=EDGE_LOOP('',(#1542,#1544,#1545,#1546));
#1548=FACE_OUTER_BOUND('',#1547,.F.);
#1550=CARTESIAN_POINT('',(1.915E1,1.140878956579E1,1.2797599E0));
#1551=DIRECTION('',(0.E0,0.E0,1.E0));
#1552=DIRECTION('',(0.E0,-1.E0,0.E0));
#1553=AXIS2_PLACEMENT_3D('',#1550,#1551,#1552);
#1554=PLANE('',#1553);
#1555=ORIENTED_EDGE('',*,*,#1543,.F.);
#1556=ORIENTED_EDGE('',*,*,#1282,.F.);
#1558=ORIENTED_EDGE('',*,*,#1557,.T.);
#1559=ORIENTED_EDGE('',*,*,#1244,.F.);
#1560=EDGE_LOOP('',(#1555,#1556,#1558,#1559));
#1561=FACE_OUTER_BOUND('',#1560,.F.);
#1563=CARTESIAN_POINT('',(1.79E1,1.173965010370E1,1.7797599E0));
#1564=DIRECTION('',(0.E0,-1.E0,0.E0));
#1565=DIRECTION('',(-1.E0,0.E0,0.E0));
#1566=AXIS2_PLACEMENT_3D('',#1563,#1564,#1565);
#1567=CYLINDRICAL_SURFACE('',#1566,5.E-1);
#1569=ORIENTED_EDGE('',*,*,#1568,.F.);
#1570=ORIENTED_EDGE('',*,*,#1246,.T.);
#1571=ORIENTED_EDGE('',*,*,#1557,.F.);
#1572=ORIENTED_EDGE('',*,*,#1280,.F.);
#1573=EDGE_LOOP('',(#1569,#1570,#1571,#1572));
#1574=FACE_OUTER_BOUND('',#1573,.F.);
#1576=CARTESIAN_POINT('',(1.74E1,1.140878956579E1,2.1047599E0));
#1577=DIRECTION('',(1.E0,0.E0,0.E0));
#1578=DIRECTION('',(0.E0,1.E0,0.E0));
#1579=AXIS2_PLACEMENT_3D('',#1576,#1577,#1578);
#1580=PLANE('',#1579);
#1581=ORIENTED_EDGE('',*,*,#1262,.T.);
#1582=ORIENTED_EDGE('',*,*,#1248,.T.);
#1583=ORIENTED_EDGE('',*,*,#1568,.T.);
#1584=ORIENTED_EDGE('',*,*,#1278,.T.);
#1585=EDGE_LOOP('',(#1581,#1582,#1583,#1584));
#1586=FACE_OUTER_BOUND('',#1585,.F.);
#1588=CARTESIAN_POINT('',(5.8E-1,1.070878956579E1,-3.0202401E0));
#1589=DIRECTION('',(1.E0,0.E0,0.E0));
#1590=DIRECTION('',(0.E0,0.E0,-1.E0));
#1591=AXIS2_PLACEMENT_3D('',#1588,#1589,#1590);
#1592=CYLINDRICAL_SURFACE('',#1591,1.E0);
#1593=ORIENTED_EDGE('',*,*,#1442,.T.);
#1594=ORIENTED_EDGE('',*,*,#1226,.T.);
#1596=ORIENTED_EDGE('',*,*,#1595,.F.);
#1598=ORIENTED_EDGE('',*,*,#1597,.T.);
#1599=EDGE_LOOP('',(#1593,#1594,#1596,#1598));
#1600=FACE_OUTER_BOUND('',#1599,.F.);
#1602=CARTESIAN_POINT('',(9.E-1,1.070878956579E1,-3.0202401E0));
#1603=DIRECTION('',(-1.E0,0.E0,0.E0));
#1604=DIRECTION('',(0.E0,0.E0,1.E0));
#1605=AXIS2_PLACEMENT_3D('',#1602,#1603,#1604);
#1606=SPHERICAL_SURFACE('',#1605,1.E0);
#1607=ORIENTED_EDGE('',*,*,#1211,.T.);
#1608=ORIENTED_EDGE('',*,*,#1130,.T.);
#1609=ORIENTED_EDGE('',*,*,#1595,.T.);
#1610=EDGE_LOOP('',(#1607,#1608,#1609));
#1611=FACE_OUTER_BOUND('',#1610,.F.);
#1613=CARTESIAN_POINT('',(8.9E0,5.658789565790E0,-4.0202401E0));
#1614=DIRECTION('',(0.E0,0.E0,1.E0));
#1615=DIRECTION('',(0.E0,-1.E0,0.E0));
#1616=AXIS2_PLACEMENT_3D('',#1613,#1614,#1615);
#1617=PLANE('',#1616);
#1618=ORIENTED_EDGE('',*,*,#1444,.F.);
#1619=ORIENTED_EDGE('',*,*,#1597,.F.);
#1620=ORIENTED_EDGE('',*,*,#1128,.F.);
#1622=ORIENTED_EDGE('',*,*,#1621,.F.);
#1623=EDGE_LOOP('',(#1618,#1619,#1620,#1622));
#1624=FACE_OUTER_BOUND('',#1623,.F.);
#1626=CARTESIAN_POINT('',(5.8E-1,6.087895657900E-1,-3.0202401E0));
#1627=DIRECTION('',(1.E0,0.E0,0.E0));
#1628=DIRECTION('',(0.E0,-1.E0,0.E0));
#1629=AXIS2_PLACEMENT_3D('',#1626,#1627,#1628);
#1630=CYLINDRICAL_SURFACE('',#1629,1.E0);
#1631=ORIENTED_EDGE('',*,*,#1446,.T.);
#1632=ORIENTED_EDGE('',*,*,#1621,.T.);
#1633=ORIENTED_EDGE('',*,*,#1115,.F.);
#1634=ORIENTED_EDGE('',*,*,#1010,.T.);
#1635=EDGE_LOOP('',(#1631,#1632,#1633,#1634));
#1636=FACE_OUTER_BOUND('',#1635,.F.);
#1638=CARTESIAN_POINT('',(1.715E1,-9.121043421E-2,-2.1202401E0));
#1639=DIRECTION('',(-7.071067811813E-1,0.E0,7.071067811918E-1));
#1640=DIRECTION('',(-7.071067811918E-1,0.E0,-7.071067811813E-1));
#1641=AXIS2_PLACEMENT_3D('',#1638,#1639,#1640);
#1642=PLANE('',#1641);
#1643=ORIENTED_EDGE('',*,*,#1368,.F.);
#1644=ORIENTED_EDGE('',*,*,#1449,.F.);
#1645=ORIENTED_EDGE('',*,*,#1006,.T.);
#1647=ORIENTED_EDGE('',*,*,#1646,.F.);
#1648=EDGE_LOOP('',(#1643,#1644,#1645,#1647));
#1649=FACE_OUTER_BOUND('',#1648,.F.);
#1651=CARTESIAN_POINT('',(1.74E1,-9.121043421E-2,-1.5452401E0));
#1652=DIRECTION('',(1.E0,0.E0,0.E0));
#1653=DIRECTION('',(0.E0,1.E0,0.E0));
#1654=AXIS2_PLACEMENT_3D('',#1651,#1652,#1653);
#1655=PLANE('',#1654);
#1656=ORIENTED_EDGE('',*,*,#1646,.T.);
#1657=ORIENTED_EDGE('',*,*,#1004,.T.);
#1659=ORIENTED_EDGE('',*,*,#1658,.T.);
#1660=ORIENTED_EDGE('',*,*,#1370,.T.);
#1661=EDGE_LOOP('',(#1656,#1657,#1659,#1660));
#1662=FACE_OUTER_BOUND('',#1661,.F.);
#1664=CARTESIAN_POINT('',(1.79E1,-4.220709721185E-1,-1.2202401E0));
#1665=DIRECTION('',(0.E0,1.E0,0.E0));
#1666=DIRECTION('',(-1.E0,0.E0,0.E0));
#1667=AXIS2_PLACEMENT_3D('',#1664,#1665,#1666);
#1668=CYLINDRICAL_SURFACE('',#1667,5.E-1);
#1669=ORIENTED_EDGE('',*,*,#1658,.F.);
#1670=ORIENTED_EDGE('',*,*,#1002,.T.);
#1672=ORIENTED_EDGE('',*,*,#1671,.F.);
#1673=ORIENTED_EDGE('',*,*,#1372,.F.);
#1674=EDGE_LOOP('',(#1669,#1670,#1672,#1673));
#1675=FACE_OUTER_BOUND('',#1674,.F.);
#1677=CARTESIAN_POINT('',(1.915E1,-9.121043421E-2,-7.202401E-1));
#1678=DIRECTION('',(0.E0,0.E0,1.E0));
#1679=DIRECTION('',(0.E0,1.E0,0.E0));
#1680=AXIS2_PLACEMENT_3D('',#1677,#1678,#1679);
#1681=PLANE('',#1680);
#1683=ORIENTED_EDGE('',*,*,#1682,.F.);
#1684=ORIENTED_EDGE('',*,*,#1374,.F.);
#1685=ORIENTED_EDGE('',*,*,#1671,.T.);
#1686=ORIENTED_EDGE('',*,*,#1000,.F.);
#1687=EDGE_LOOP('',(#1683,#1684,#1685,#1686));
#1688=FACE_OUTER_BOUND('',#1687,.F.);
#1690=CARTESIAN_POINT('',(2.04E1,-4.220709721185E-1,-2.202401E-1));
#1691=DIRECTION('',(0.E0,1.E0,0.E0));
#1692=DIRECTION('',(1.E0,0.E0,0.E0));
#1693=AXIS2_PLACEMENT_3D('',#1690,#1691,#1692);
#1694=CYLINDRICAL_SURFACE('',#1693,5.E-1);
#1695=ORIENTED_EDGE('',*,*,#1376,.F.);
#1696=ORIENTED_EDGE('',*,*,#1682,.T.);
#1697=ORIENTED_EDGE('',*,*,#998,.T.);
#1699=ORIENTED_EDGE('',*,*,#1698,.T.);
#1700=EDGE_LOOP('',(#1695,#1696,#1697,#1699));
#1701=FACE_OUTER_BOUND('',#1700,.F.);
#1703=CARTESIAN_POINT('',(2.09E1,-9.121043421E-2,2.797599E-1));
#1704=DIRECTION('',(1.E0,0.E0,0.E0));
#1705=DIRECTION('',(0.E0,-1.E0,0.E0));
#1706=AXIS2_PLACEMENT_3D('',#1703,#1704,#1705);
#1707=PLANE('',#1706);
#1708=ORIENTED_EDGE('',*,*,#1698,.F.);
#1709=ORIENTED_EDGE('',*,*,#996,.F.);
#1710=ORIENTED_EDGE('',*,*,#978,.F.);
#1711=ORIENTED_EDGE('',*,*,#1378,.F.);
#1712=EDGE_LOOP('',(#1708,#1709,#1710,#1711));
#1713=FACE_OUTER_BOUND('',#1712,.F.);
#1715=CARTESIAN_POINT('',(1.79E1,2.396501036985E-1,1.7797599E0));
#1716=DIRECTION('',(0.E0,-1.E0,0.E0));
#1717=DIRECTION('',(-1.E0,0.E0,0.E0));
#1718=AXIS2_PLACEMENT_3D('',#1715,#1716,#1717);
#1719=CYLINDRICAL_SURFACE('',#1718,5.E-1);
#1721=ORIENTED_EDGE('',*,*,#1720,.F.);
#1722=ORIENTED_EDGE('',*,*,#1382,.F.);
#1723=ORIENTED_EDGE('',*,*,#961,.F.);
#1724=ORIENTED_EDGE('',*,*,#992,.T.);
#1725=EDGE_LOOP('',(#1721,#1722,#1723,#1724));
#1726=FACE_OUTER_BOUND('',#1725,.F.);
#1728=CARTESIAN_POINT('',(1.74E1,-9.121043421E-2,2.1047599E0));
#1729=DIRECTION('',(1.E0,0.E0,0.E0));
#1730=DIRECTION('',(0.E0,1.E0,0.E0));
#1731=AXIS2_PLACEMENT_3D('',#1728,#1729,#1730);
#1732=PLANE('',#1731);
#1733=ORIENTED_EDGE('',*,*,#1031,.T.);
#1734=ORIENTED_EDGE('',*,*,#1384,.F.);
#1735=ORIENTED_EDGE('',*,*,#1720,.T.);
#1736=ORIENTED_EDGE('',*,*,#990,.T.);
#1737=EDGE_LOOP('',(#1733,#1734,#1735,#1736));
#1738=FACE_OUTER_BOUND('',#1737,.F.);
#1740=CARTESIAN_POINT('',(1.666913946209E1,6.087895657900E-1,3.5797599E0));
#1741=DIRECTION('',(1.E0,0.E0,0.E0));
#1742=DIRECTION('',(0.E0,0.E0,1.E0));
#1743=AXIS2_PLACEMENT_3D('',#1740,#1741,#1742);
#1744=CYLINDRICAL_SURFACE('',#1743,4.E-1);
#1745=ORIENTED_EDGE('',*,*,#1312,.T.);
#1746=ORIENTED_EDGE('',*,*,#1388,.F.);
#1747=ORIENTED_EDGE('',*,*,#1059,.T.);
#1749=ORIENTED_EDGE('',*,*,#1748,.F.);
#1750=EDGE_LOOP('',(#1745,#1746,#1747,#1749));
#1751=FACE_OUTER_BOUND('',#1750,.F.);
#1753=CARTESIAN_POINT('',(1.68E1,5.658789565790E0,3.9797599E0));
#1754=DIRECTION('',(0.E0,0.E0,1.E0));
#1755=DIRECTION('',(0.E0,1.E0,0.E0));
#1756=AXIS2_PLACEMENT_3D('',#1753,#1754,#1755);
#1757=PLANE('',#1756);
#1758=ORIENTED_EDGE('',*,*,#1314,.T.);
#1759=ORIENTED_EDGE('',*,*,#1748,.T.);
#1760=ORIENTED_EDGE('',*,*,#1057,.T.);
#1762=ORIENTED_EDGE('',*,*,#1761,.T.);
#1763=EDGE_LOOP('',(#1758,#1759,#1760,#1762));
#1764=FACE_OUTER_BOUND('',#1763,.F.);
#1766=CARTESIAN_POINT('',(1.666913946209E1,1.070878956579E1,3.5797599E0));
#1767=DIRECTION('',(1.E0,0.E0,0.E0));
#1768=DIRECTION('',(0.E0,1.E0,0.E0));
#1769=AXIS2_PLACEMENT_3D('',#1766,#1767,#1768);
#1770=CYLINDRICAL_SURFACE('',#1769,4.E-1);
#1771=ORIENTED_EDGE('',*,*,#1316,.T.);
#1772=ORIENTED_EDGE('',*,*,#1761,.F.);
#1773=ORIENTED_EDGE('',*,*,#1055,.T.);
#1774=ORIENTED_EDGE('',*,*,#1274,.F.);
#1775=EDGE_LOOP('',(#1771,#1772,#1773,#1774));
#1776=FACE_OUTER_BOUND('',#1775,.F.);
#1778=CARTESIAN_POINT('',(1.843899746E1,8.198794705790E0,1.2297599E0));
#1779=DIRECTION('',(0.E0,0.E0,1.E0));
#1780=DIRECTION('',(0.E0,1.E0,0.E0));
#1781=AXIS2_PLACEMENT_3D('',#1778,#1779,#1780);
#1782=PLANE('',#1781);
#1783=ORIENTED_EDGE('',*,*,#1327,.F.);
#1785=ORIENTED_EDGE('',*,*,#1784,.T.);
#1787=ORIENTED_EDGE('',*,*,#1786,.T.);
#1789=ORIENTED_EDGE('',*,*,#1788,.T.);
#1790=EDGE_LOOP('',(#1783,#1785,#1787,#1789));
#1791=FACE_OUTER_BOUND('',#1790,.F.);
#1793=FILL_AREA_STYLE_COLOUR('',#16);
#1794=FILL_AREA_STYLE('',(#1793));
#1795=SURFACE_STYLE_FILL_AREA(#1794);
#1796=SURFACE_SIDE_STYLE('',(#1795));
#1797=SURFACE_STYLE_USAGE(.BOTH.,#1796);
#1798=PRESENTATION_STYLE_ASSIGNMENT((#1797));
#1799=STYLED_ITEM('',(#1798),#1792);
#1800=CARTESIAN_POINT('',(1.816399746E1,7.848794705790E0,1.6797599E0));
#1801=DIRECTION('',(0.E0,1.E0,0.E0));
#1802=DIRECTION('',(0.E0,0.E0,1.E0));
#1803=AXIS2_PLACEMENT_3D('',#1800,#1801,#1802);
#1804=PLANE('',#1803);
#1805=ORIENTED_EDGE('',*,*,#1333,.T.);
#1807=ORIENTED_EDGE('',*,*,#1806,.F.);
#1809=ORIENTED_EDGE('',*,*,#1808,.F.);
#1810=ORIENTED_EDGE('',*,*,#1784,.F.);
#1811=EDGE_LOOP('',(#1805,#1807,#1809,#1810));
#1812=FACE_OUTER_BOUND('',#1811,.F.);
#1814=FILL_AREA_STYLE_COLOUR('',#16);
#1815=FILL_AREA_STYLE('',(#1814));
#1816=SURFACE_STYLE_FILL_AREA(#1815);
#1817=SURFACE_SIDE_STYLE('',(#1816));
#1818=SURFACE_STYLE_USAGE(.BOTH.,#1817);
#1819=PRESENTATION_STYLE_ASSIGNMENT((#1818));
#1820=STYLED_ITEM('',(#1819),#1813);
#1821=CARTESIAN_POINT('',(1.843899746E1,8.198794705790E0,1.5297599E0));
#1822=DIRECTION('',(0.E0,0.E0,1.E0));
#1823=DIRECTION('',(0.E0,1.E0,0.E0));
#1824=AXIS2_PLACEMENT_3D('',#1821,#1822,#1823);
#1825=PLANE('',#1824);
#1826=ORIENTED_EDGE('',*,*,#1331,.T.);
#1828=ORIENTED_EDGE('',*,*,#1827,.F.);
#1830=ORIENTED_EDGE('',*,*,#1829,.F.);
#1831=ORIENTED_EDGE('',*,*,#1806,.T.);
#1832=EDGE_LOOP('',(#1826,#1828,#1830,#1831));
#1833=FACE_OUTER_BOUND('',#1832,.F.);
#1835=FILL_AREA_STYLE_COLOUR('',#16);
#1836=FILL_AREA_STYLE('',(#1835));
#1837=SURFACE_STYLE_FILL_AREA(#1836);
#1838=SURFACE_SIDE_STYLE('',(#1837));
#1839=SURFACE_STYLE_USAGE(.BOTH.,#1838);
#1840=PRESENTATION_STYLE_ASSIGNMENT((#1839));
#1841=STYLED_ITEM('',(#1840),#1834);
#1842=CARTESIAN_POINT('',(1.816399746E1,8.548794705790E0,1.6797599E0));
#1843=DIRECTION('',(0.E0,1.E0,0.E0));
#1844=DIRECTION('',(0.E0,0.E0,-1.E0));
#1845=AXIS2_PLACEMENT_3D('',#1842,#1843,#1844);
#1846=PLANE('',#1845);
#1847=ORIENTED_EDGE('',*,*,#1329,.T.);
#1848=ORIENTED_EDGE('',*,*,#1788,.F.);
#1850=ORIENTED_EDGE('',*,*,#1849,.F.);
#1851=ORIENTED_EDGE('',*,*,#1827,.T.);
#1852=EDGE_LOOP('',(#1847,#1848,#1850,#1851));
#1853=FACE_OUTER_BOUND('',#1852,.F.);
#1855=FILL_AREA_STYLE_COLOUR('',#16);
#1856=FILL_AREA_STYLE('',(#1855));
#1857=SURFACE_STYLE_FILL_AREA(#1856);
#1858=SURFACE_SIDE_STYLE('',(#1857));
#1859=SURFACE_STYLE_USAGE(.BOTH.,#1858);
#1860=PRESENTATION_STYLE_ASSIGNMENT((#1859));
#1861=STYLED_ITEM('',(#1860),#1854);
#1862=CARTESIAN_POINT('',(2.15E1,8.198794705790E0,1.3797599E0));
#1863=DIRECTION('',(1.E0,0.E0,0.E0));
#1864=DIRECTION('',(0.E0,-1.E0,0.E0));
#1865=AXIS2_PLACEMENT_3D('',#1862,#1863,#1864);
#1866=PLANE('',#1865);
#1867=ORIENTED_EDGE('',*,*,#1786,.F.);
#1868=ORIENTED_EDGE('',*,*,#1808,.T.);
#1869=ORIENTED_EDGE('',*,*,#1829,.T.);
#1870=ORIENTED_EDGE('',*,*,#1849,.T.);
#1871=EDGE_LOOP('',(#1867,#1868,#1869,#1870));
#1872=FACE_OUTER_BOUND('',#1871,.F.);
#1874=FILL_AREA_STYLE_COLOUR('',#16);
#1875=FILL_AREA_STYLE('',(#1874));
#1876=SURFACE_STYLE_FILL_AREA(#1875);
#1877=SURFACE_SIDE_STYLE('',(#1876));
#1878=SURFACE_STYLE_USAGE(.BOTH.,#1877);
#1879=PRESENTATION_STYLE_ASSIGNMENT((#1878));
#1880=STYLED_ITEM('',(#1879),#1873);
#1881=CARTESIAN_POINT('',(1.843899746E1,5.658794705790E0,1.2297599E0));
#1882=DIRECTION('',(0.E0,0.E0,1.E0));
#1883=DIRECTION('',(0.E0,1.E0,0.E0));
#1884=AXIS2_PLACEMENT_3D('',#1881,#1882,#1883);
#1885=PLANE('',#1884);
#1886=ORIENTED_EDGE('',*,*,#1337,.F.);
#1888=ORIENTED_EDGE('',*,*,#1887,.T.);
#1890=ORIENTED_EDGE('',*,*,#1889,.T.);
#1892=ORIENTED_EDGE('',*,*,#1891,.T.);
#1893=EDGE_LOOP('',(#1886,#1888,#1890,#1892));
#1894=FACE_OUTER_BOUND('',#1893,.F.);
#1896=FILL_AREA_STYLE_COLOUR('',#16);
#1897=FILL_AREA_STYLE('',(#1896));
#1898=SURFACE_STYLE_FILL_AREA(#1897);
#1899=SURFACE_SIDE_STYLE('',(#1898));
#1900=SURFACE_STYLE_USAGE(.BOTH.,#1899);
#1901=PRESENTATION_STYLE_ASSIGNMENT((#1900));
#1902=STYLED_ITEM('',(#1901),#1895);
#1903=CARTESIAN_POINT('',(1.816399746E1,5.308794705790E0,1.6797599E0));
#1904=DIRECTION('',(0.E0,1.E0,0.E0));
#1905=DIRECTION('',(0.E0,0.E0,1.E0));
#1906=AXIS2_PLACEMENT_3D('',#1903,#1904,#1905);
#1907=PLANE('',#1906);
#1908=ORIENTED_EDGE('',*,*,#1343,.T.);
#1910=ORIENTED_EDGE('',*,*,#1909,.F.);
#1912=ORIENTED_EDGE('',*,*,#1911,.F.);
#1913=ORIENTED_EDGE('',*,*,#1887,.F.);
#1914=EDGE_LOOP('',(#1908,#1910,#1912,#1913));
#1915=FACE_OUTER_BOUND('',#1914,.F.);
#1917=FILL_AREA_STYLE_COLOUR('',#16);
#1918=FILL_AREA_STYLE('',(#1917));
#1919=SURFACE_STYLE_FILL_AREA(#1918);
#1920=SURFACE_SIDE_STYLE('',(#1919));
#1921=SURFACE_STYLE_USAGE(.BOTH.,#1920);
#1922=PRESENTATION_STYLE_ASSIGNMENT((#1921));
#1923=STYLED_ITEM('',(#1922),#1916);
#1924=CARTESIAN_POINT('',(1.843899746E1,5.658794705790E0,1.5297599E0));
#1925=DIRECTION('',(0.E0,0.E0,1.E0));
#1926=DIRECTION('',(0.E0,1.E0,0.E0));
#1927=AXIS2_PLACEMENT_3D('',#1924,#1925,#1926);
#1928=PLANE('',#1927);
#1929=ORIENTED_EDGE('',*,*,#1341,.T.);
#1931=ORIENTED_EDGE('',*,*,#1930,.F.);
#1933=ORIENTED_EDGE('',*,*,#1932,.F.);
#1934=ORIENTED_EDGE('',*,*,#1909,.T.);
#1935=EDGE_LOOP('',(#1929,#1931,#1933,#1934));
#1936=FACE_OUTER_BOUND('',#1935,.F.);
#1938=FILL_AREA_STYLE_COLOUR('',#16);
#1939=FILL_AREA_STYLE('',(#1938));
#1940=SURFACE_STYLE_FILL_AREA(#1939);
#1941=SURFACE_SIDE_STYLE('',(#1940));
#1942=SURFACE_STYLE_USAGE(.BOTH.,#1941);
#1943=PRESENTATION_STYLE_ASSIGNMENT((#1942));
#1944=STYLED_ITEM('',(#1943),#1937);
#1945=CARTESIAN_POINT('',(1.816399746E1,6.008794705790E0,1.6797599E0));
#1946=DIRECTION('',(0.E0,1.E0,0.E0));
#1947=DIRECTION('',(0.E0,0.E0,-1.E0));
#1948=AXIS2_PLACEMENT_3D('',#1945,#1946,#1947);
#1949=PLANE('',#1948);
#1950=ORIENTED_EDGE('',*,*,#1339,.T.);
#1951=ORIENTED_EDGE('',*,*,#1891,.F.);
#1953=ORIENTED_EDGE('',*,*,#1952,.F.);
#1954=ORIENTED_EDGE('',*,*,#1930,.T.);
#1955=EDGE_LOOP('',(#1950,#1951,#1953,#1954));
#1956=FACE_OUTER_BOUND('',#1955,.F.);
#1958=FILL_AREA_STYLE_COLOUR('',#16);
#1959=FILL_AREA_STYLE('',(#1958));
#1960=SURFACE_STYLE_FILL_AREA(#1959);
#1961=SURFACE_SIDE_STYLE('',(#1960));
#1962=SURFACE_STYLE_USAGE(.BOTH.,#1961);
#1963=PRESENTATION_STYLE_ASSIGNMENT((#1962));
#1964=STYLED_ITEM('',(#1963),#1957);
#1965=CARTESIAN_POINT('',(2.15E1,5.658794705790E0,1.3797599E0));
#1966=DIRECTION('',(1.E0,0.E0,0.E0));
#1967=DIRECTION('',(0.E0,-1.E0,0.E0));
#1968=AXIS2_PLACEMENT_3D('',#1965,#1966,#1967);
#1969=PLANE('',#1968);
#1970=ORIENTED_EDGE('',*,*,#1889,.F.);
#1971=ORIENTED_EDGE('',*,*,#1911,.T.);
#1972=ORIENTED_EDGE('',*,*,#1932,.T.);
#1973=ORIENTED_EDGE('',*,*,#1952,.T.);
#1974=EDGE_LOOP('',(#1970,#1971,#1972,#1973));
#1975=FACE_OUTER_BOUND('',#1974,.F.);
#1977=FILL_AREA_STYLE_COLOUR('',#16);
#1978=FILL_AREA_STYLE('',(#1977));
#1979=SURFACE_STYLE_FILL_AREA(#1978);
#1980=SURFACE_SIDE_STYLE('',(#1979));
#1981=SURFACE_STYLE_USAGE(.BOTH.,#1980);
#1982=PRESENTATION_STYLE_ASSIGNMENT((#1981));
#1983=STYLED_ITEM('',(#1982),#1976);
#1984=CARTESIAN_POINT('',(1.843899746E1,3.118794705790E0,1.2297599E0));
#1985=DIRECTION('',(0.E0,0.E0,1.E0));
#1986=DIRECTION('',(0.E0,1.E0,0.E0));
#1987=AXIS2_PLACEMENT_3D('',#1984,#1985,#1986);
#1988=PLANE('',#1987);
#1989=ORIENTED_EDGE('',*,*,#1347,.F.);
#1991=ORIENTED_EDGE('',*,*,#1990,.T.);
#1993=ORIENTED_EDGE('',*,*,#1992,.T.);
#1995=ORIENTED_EDGE('',*,*,#1994,.T.);
#1996=EDGE_LOOP('',(#1989,#1991,#1993,#1995));
#1997=FACE_OUTER_BOUND('',#1996,.F.);
#1999=FILL_AREA_STYLE_COLOUR('',#16);
#2000=FILL_AREA_STYLE('',(#1999));
#2001=SURFACE_STYLE_FILL_AREA(#2000);
#2002=SURFACE_SIDE_STYLE('',(#2001));
#2003=SURFACE_STYLE_USAGE(.BOTH.,#2002);
#2004=PRESENTATION_STYLE_ASSIGNMENT((#2003));
#2005=STYLED_ITEM('',(#2004),#1998);
#2006=CARTESIAN_POINT('',(1.816399746E1,2.768794705790E0,1.6797599E0));
#2007=DIRECTION('',(0.E0,1.E0,0.E0));
#2008=DIRECTION('',(0.E0,0.E0,1.E0));
#2009=AXIS2_PLACEMENT_3D('',#2006,#2007,#2008);
#2010=PLANE('',#2009);
#2011=ORIENTED_EDGE('',*,*,#1353,.T.);
#2013=ORIENTED_EDGE('',*,*,#2012,.F.);
#2015=ORIENTED_EDGE('',*,*,#2014,.F.);
#2016=ORIENTED_EDGE('',*,*,#1990,.F.);
#2017=EDGE_LOOP('',(#2011,#2013,#2015,#2016));
#2018=FACE_OUTER_BOUND('',#2017,.F.);
#2020=FILL_AREA_STYLE_COLOUR('',#16);
#2021=FILL_AREA_STYLE('',(#2020));
#2022=SURFACE_STYLE_FILL_AREA(#2021);
#2023=SURFACE_SIDE_STYLE('',(#2022));
#2024=SURFACE_STYLE_USAGE(.BOTH.,#2023);
#2025=PRESENTATION_STYLE_ASSIGNMENT((#2024));
#2026=STYLED_ITEM('',(#2025),#2019);
#2027=CARTESIAN_POINT('',(1.843899746E1,3.118794705790E0,1.5297599E0));
#2028=DIRECTION('',(0.E0,0.E0,1.E0));
#2029=DIRECTION('',(0.E0,1.E0,0.E0));
#2030=AXIS2_PLACEMENT_3D('',#2027,#2028,#2029);
#2031=PLANE('',#2030);
#2032=ORIENTED_EDGE('',*,*,#1351,.T.);
#2034=ORIENTED_EDGE('',*,*,#2033,.F.);
#2036=ORIENTED_EDGE('',*,*,#2035,.F.);
#2037=ORIENTED_EDGE('',*,*,#2012,.T.);
#2038=EDGE_LOOP('',(#2032,#2034,#2036,#2037));
#2039=FACE_OUTER_BOUND('',#2038,.F.);
#2041=FILL_AREA_STYLE_COLOUR('',#16);
#2042=FILL_AREA_STYLE('',(#2041));
#2043=SURFACE_STYLE_FILL_AREA(#2042);
#2044=SURFACE_SIDE_STYLE('',(#2043));
#2045=SURFACE_STYLE_USAGE(.BOTH.,#2044);
#2046=PRESENTATION_STYLE_ASSIGNMENT((#2045));
#2047=STYLED_ITEM('',(#2046),#2040);
#2048=CARTESIAN_POINT('',(1.816399746E1,3.468794705790E0,1.6797599E0));
#2049=DIRECTION('',(0.E0,1.E0,0.E0));
#2050=DIRECTION('',(0.E0,0.E0,-1.E0));
#2051=AXIS2_PLACEMENT_3D('',#2048,#2049,#2050);
#2052=PLANE('',#2051);
#2053=ORIENTED_EDGE('',*,*,#1349,.T.);
#2054=ORIENTED_EDGE('',*,*,#1994,.F.);
#2056=ORIENTED_EDGE('',*,*,#2055,.F.);
#2057=ORIENTED_EDGE('',*,*,#2033,.T.);
#2058=EDGE_LOOP('',(#2053,#2054,#2056,#2057));
#2059=FACE_OUTER_BOUND('',#2058,.F.);
#2061=FILL_AREA_STYLE_COLOUR('',#16);
#2062=FILL_AREA_STYLE('',(#2061));
#2063=SURFACE_STYLE_FILL_AREA(#2062);
#2064=SURFACE_SIDE_STYLE('',(#2063));
#2065=SURFACE_STYLE_USAGE(.BOTH.,#2064);
#2066=PRESENTATION_STYLE_ASSIGNMENT((#2065));
#2067=STYLED_ITEM('',(#2066),#2060);
#2068=CARTESIAN_POINT('',(2.15E1,3.118794705790E0,1.3797599E0));
#2069=DIRECTION('',(1.E0,0.E0,0.E0));
#2070=DIRECTION('',(0.E0,-1.E0,0.E0));
#2071=AXIS2_PLACEMENT_3D('',#2068,#2069,#2070);
#2072=PLANE('',#2071);
#2073=ORIENTED_EDGE('',*,*,#1992,.F.);
#2074=ORIENTED_EDGE('',*,*,#2014,.T.);
#2075=ORIENTED_EDGE('',*,*,#2035,.T.);
#2076=ORIENTED_EDGE('',*,*,#2055,.T.);
#2077=EDGE_LOOP('',(#2073,#2074,#2075,#2076));
#2078=FACE_OUTER_BOUND('',#2077,.F.);
#2080=FILL_AREA_STYLE_COLOUR('',#16);
#2081=FILL_AREA_STYLE('',(#2080));
#2082=SURFACE_STYLE_FILL_AREA(#2081);
#2083=SURFACE_SIDE_STYLE('',(#2082));
#2084=SURFACE_STYLE_USAGE(.BOTH.,#2083);
#2085=PRESENTATION_STYLE_ASSIGNMENT((#2084));
#2086=STYLED_ITEM('',(#2085),#2079);
#2087=CLOSED_SHELL('',(#967,#982,#1020,#1035,#1065,#1079,#1092,#1106,#1119,
#1134,#1148,#1162,#1175,#1189,#1201,#1215,#1252,#1266,#1304,#1357,#1392,#1406,
#1420,#1433,#1458,#1471,#1484,#1497,#1510,#1523,#1536,#1549,#1562,#1575,#1587,
#1601,#1612,#1625,#1637,#1650,#1663,#1676,#1689,#1702,#1714,#1727,#1739,#1752,
#1765,#1777,#1792,#1813,#1834,#1854,#1873,#1895,#1916,#1937,#1957,#1976,#1998,
#2019,#2040,#2060,#2079));
#2088=DIRECTION('',(-1.E0,0.E0,0.E0));
#2089=VECTOR('',#2088,1.3375E1);
#2090=CARTESIAN_POINT('',(1.4E1,1.030878956579E1,-3.0202401E0));
#2091=LINE('',#2090,#2089);
#2092=DIRECTION('',(0.E0,0.E0,1.E0));
#2093=VECTOR('',#2092,1.25E-1);
#2094=CARTESIAN_POINT('',(6.25E-1,1.030878956579E1,-3.0202401E0));
#2095=LINE('',#2094,#2093);
#2096=DIRECTION('',(0.E0,1.E0,0.E0));
#2097=VECTOR('',#2096,9.7E0);
#2098=CARTESIAN_POINT('',(1.4E1,6.087895657900E-1,-3.0202401E0));
#2099=LINE('',#2098,#2097);
#2100=DIRECTION('',(0.E0,0.E0,1.E0));
#2101=VECTOR('',#2100,1.25E-1);
#2102=CARTESIAN_POINT('',(1.4E1,1.030878956579E1,-3.0202401E0));
#2103=LINE('',#2102,#2101);
#2104=DIRECTION('',(1.E0,0.E0,0.E0));
#2105=VECTOR('',#2104,1.3375E1);
#2106=CARTESIAN_POINT('',(6.25E-1,6.087895657900E-1,-3.0202401E0));
#2107=LINE('',#2106,#2105);
#2108=DIRECTION('',(0.E0,0.E0,1.E0));
#2109=VECTOR('',#2108,1.25E-1);
#2110=CARTESIAN_POINT('',(1.4E1,6.087895657900E-1,-3.0202401E0));
#2111=LINE('',#2110,#2109);
#2112=CARTESIAN_POINT('',(6.25E-1,6.087895657900E-1,-2.8952401E0));
#2113=DIRECTION('',(0.E0,-1.E0,0.E0));
#2114=DIRECTION('',(-1.E0,0.E0,0.E0));
#2115=AXIS2_PLACEMENT_3D('',#2112,#2113,#2114);
#2117=DIRECTION('',(0.E0,0.E0,1.E0));
#2118=VECTOR('',#2117,1.25E-1);
#2119=CARTESIAN_POINT('',(6.25E-1,6.087895657900E-1,-3.0202401E0));
#2120=LINE('',#2119,#2118);
#2121=DIRECTION('',(0.E0,1.E0,0.E0));
#2122=VECTOR('',#2121,9.7E0);
#2123=CARTESIAN_POINT('',(6.25E-1,6.087895657900E-1,-3.0202401E0));
#2124=LINE('',#2123,#2122);
#2125=DIRECTION('',(0.E0,-1.E0,0.E0));
#2126=VECTOR('',#2125,9.7E0);
#2127=CARTESIAN_POINT('',(5.E-1,1.030878956579E1,-2.8952401E0));
#2128=LINE('',#2127,#2126);
#2129=CARTESIAN_POINT('',(6.25E-1,1.030878956579E1,-2.8952401E0));
#2130=DIRECTION('',(0.E0,-1.E0,0.E0));
#2131=DIRECTION('',(-1.E0,0.E0,0.E0));
#2132=AXIS2_PLACEMENT_3D('',#2129,#2130,#2131);
#2134=DIRECTION('',(-1.E0,0.E0,0.E0));
#2135=VECTOR('',#2134,1.25E-1);
#2136=CARTESIAN_POINT('',(6.25E-1,1.030878956579E1,-2.8952401E0));
#2137=LINE('',#2136,#2135);
#2138=DIRECTION('',(0.E0,0.E0,-1.E0));
#2139=VECTOR('',#2138,2.75E-1);
#2140=CARTESIAN_POINT('',(5.E-1,1.030878956579E1,-2.6202401E0));
#2141=LINE('',#2140,#2139);
#2142=DIRECTION('',(0.E0,-1.E0,0.E0));
#2143=VECTOR('',#2142,2.75E-1);
#2144=CARTESIAN_POINT('',(5.E-1,1.058378956579E1,-2.6202401E0));
#2145=LINE('',#2144,#2143);
#2146=DIRECTION('',(1.E0,0.E0,0.E0));
#2147=VECTOR('',#2146,1.25E-1);
#2148=CARTESIAN_POINT('',(5.E-1,1.030878956579E1,-2.6202401E0));
#2149=LINE('',#2148,#2147);
#2150=DIRECTION('',(-1.E0,0.E0,0.E0));
#2151=VECTOR('',#2150,1.25E-1);
#2152=CARTESIAN_POINT('',(6.25E-1,1.058378956579E1,-2.6202401E0));
#2153=LINE('',#2152,#2151);
#2154=DIRECTION('',(0.E0,0.E0,1.E0));
#2155=VECTOR('',#2154,2.75E-1);
#2156=CARTESIAN_POINT('',(6.25E-1,1.030878956579E1,-2.8952401E0));
#2157=LINE('',#2156,#2155);
#2158=DIRECTION('',(0.E0,0.E0,-1.E0));
#2159=VECTOR('',#2158,2.75E-1);
#2160=CARTESIAN_POINT('',(6.25E-1,6.087895657900E-1,-2.6202401E0));
#2161=LINE('',#2160,#2159);
#2162=DIRECTION('',(0.E0,1.E0,0.E0));
#2163=VECTOR('',#2162,2.75E-1);
#2164=CARTESIAN_POINT('',(6.25E-1,3.337895657900E-1,-2.6202401E0));
#2165=LINE('',#2164,#2163);
#2166=DIRECTION('',(0.E0,-1.E0,0.E0));
#2167=VECTOR('',#2166,2.75E-1);
#2168=CARTESIAN_POINT('',(6.25E-1,6.087895657900E-1,3.5797599E0));
#2169=LINE('',#2168,#2167);
#2170=DIRECTION('',(0.E0,0.E0,-1.E0));
#2171=VECTOR('',#2170,2.75E-1);
#2172=CARTESIAN_POINT('',(6.25E-1,6.087895657900E-1,3.8547599E0));
#2173=LINE('',#2172,#2171);
#2174=DIRECTION('',(0.E0,0.E0,1.E0));
#2175=VECTOR('',#2174,2.75E-1);
#2176=CARTESIAN_POINT('',(6.25E-1,1.030878956579E1,3.5797599E0));
#2177=LINE('',#2176,#2175);
#2178=DIRECTION('',(0.E0,-1.E0,0.E0));
#2179=VECTOR('',#2178,2.75E-1);
#2180=CARTESIAN_POINT('',(6.25E-1,1.058378956579E1,3.5797599E0));
#2181=LINE('',#2180,#2179);
#2182=DIRECTION('',(0.E0,1.E0,0.E0));
#2183=VECTOR('',#2182,2.75E-1);
#2184=CARTESIAN_POINT('',(6.25E-1,1.030878956579E1,-2.6202401E0));
#2185=LINE('',#2184,#2183);
#2186=DIRECTION('',(1.E0,0.E0,0.E0));
#2187=VECTOR('',#2186,1.3375E1);
#2188=CARTESIAN_POINT('',(6.25E-1,1.030878956579E1,-2.8952401E0));
#2189=LINE('',#2188,#2187);
#2190=DIRECTION('',(0.E0,-1.E0,0.E0));
#2191=VECTOR('',#2190,9.7E0);
#2192=CARTESIAN_POINT('',(1.4E1,1.030878956579E1,-2.8952401E0));
#2193=LINE('',#2192,#2191);
#2194=DIRECTION('',(-1.E0,0.E0,0.E0));
#2195=VECTOR('',#2194,1.3375E1);
#2196=CARTESIAN_POINT('',(1.4E1,6.087895657900E-1,-2.8952401E0));
#2197=LINE('',#2196,#2195);
#2198=DIRECTION('',(0.E0,1.E0,0.E0));
#2199=VECTOR('',#2198,9.7E0);
#2200=CARTESIAN_POINT('',(6.25E-1,6.087895657900E-1,-2.8952401E0));
#2201=LINE('',#2200,#2199);
#2202=DIRECTION('',(0.E0,0.E0,1.E0));
#2203=VECTOR('',#2202,2.75E-1);
#2204=CARTESIAN_POINT('',(5.E-1,6.087895657900E-1,-2.8952401E0));
#2205=LINE('',#2204,#2203);
#2206=DIRECTION('',(-1.E0,0.E0,0.E0));
#2207=VECTOR('',#2206,1.25E-1);
#2208=CARTESIAN_POINT('',(6.25E-1,6.087895657900E-1,-2.8952401E0));
#2209=LINE('',#2208,#2207);
#2210=DIRECTION('',(0.E0,-1.E0,0.E0));
#2211=VECTOR('',#2210,2.75E-1);
#2212=CARTESIAN_POINT('',(5.E-1,6.087895657900E-1,-2.6202401E0));
#2213=LINE('',#2212,#2211);
#2214=DIRECTION('',(-1.E0,0.E0,0.E0));
#2215=VECTOR('',#2214,1.25E-1);
#2216=CARTESIAN_POINT('',(6.25E-1,6.087895657900E-1,-2.6202401E0));
#2217=LINE('',#2216,#2215);
#2218=CARTESIAN_POINT('',(6.25E-1,3.337895657900E-1,-2.6202401E0));
#2219=DIRECTION('',(0.E0,0.E0,1.E0));
#2220=DIRECTION('',(-1.E0,0.E0,0.E0));
#2221=AXIS2_PLACEMENT_3D('',#2218,#2219,#2220);
#2223=DIRECTION('',(-1.E0,0.E0,0.E0));
#2224=VECTOR('',#2223,1.25E-1);
#2225=CARTESIAN_POINT('',(6.25E-1,3.337895657900E-1,-2.6202401E0));
#2226=LINE('',#2225,#2224);
#2227=DIRECTION('',(0.E0,0.E0,-1.E0));
#2228=VECTOR('',#2227,6.2E0);
#2229=CARTESIAN_POINT('',(6.25E-1,2.087895657900E-1,3.5797599E0));
#2230=LINE('',#2229,#2228);
#2231=DIRECTION('',(0.E0,0.E0,1.E0));
#2232=VECTOR('',#2231,6.2E0);
#2233=CARTESIAN_POINT('',(5.E-1,3.337895657900E-1,-2.6202401E0));
#2234=LINE('',#2233,#2232);
#2235=DIRECTION('',(-1.E0,0.E0,0.E0));
#2236=VECTOR('',#2235,1.3375E1);
#2237=CARTESIAN_POINT('',(1.4E1,2.087895657900E-1,3.5797599E0));
#2238=LINE('',#2237,#2236);
#2239=CARTESIAN_POINT('',(6.25E-1,3.337895657900E-1,3.5797599E0));
#2240=DIRECTION('',(0.E0,0.E0,1.E0));
#2241=DIRECTION('',(-1.E0,0.E0,0.E0));
#2242=AXIS2_PLACEMENT_3D('',#2239,#2240,#2241);
#2244=DIRECTION('',(0.E0,1.E0,0.E0));
#2245=VECTOR('',#2244,1.25E-1);
#2246=CARTESIAN_POINT('',(6.25E-1,2.087895657900E-1,3.5797599E0));
#2247=LINE('',#2246,#2245);
#2248=DIRECTION('',(0.E0,1.E0,0.E0));
#2249=VECTOR('',#2248,2.75E-1);
#2250=CARTESIAN_POINT('',(5.E-1,3.337895657900E-1,3.5797599E0));
#2251=LINE('',#2250,#2249);
#2252=DIRECTION('',(-1.E0,0.E0,0.E0));
#2253=VECTOR('',#2252,1.25E-1);
#2254=CARTESIAN_POINT('',(6.25E-1,3.337895657900E-1,3.5797599E0));
#2255=LINE('',#2254,#2253);
#2256=DIRECTION('',(0.E0,0.E0,1.E0));
#2257=VECTOR('',#2256,2.75E-1);
#2258=CARTESIAN_POINT('',(5.E-1,6.087895657900E-1,3.5797599E0));
#2259=LINE('',#2258,#2257);
#2260=DIRECTION('',(-1.E0,0.E0,0.E0));
#2261=VECTOR('',#2260,1.25E-1);
#2262=CARTESIAN_POINT('',(6.25E-1,6.087895657900E-1,3.5797599E0));
#2263=LINE('',#2262,#2261);
#2264=CARTESIAN_POINT('',(6.25E-1,6.087895657900E-1,3.8547599E0));
#2265=DIRECTION('',(0.E0,1.E0,0.E0));
#2266=DIRECTION('',(-1.E0,0.E0,0.E0));
#2267=AXIS2_PLACEMENT_3D('',#2264,#2265,#2266);
#2269=DIRECTION('',(-1.E0,0.E0,0.E0));
#2270=VECTOR('',#2269,1.25E-1);
#2271=CARTESIAN_POINT('',(6.25E-1,6.087895657900E-1,3.8547599E0));
#2272=LINE('',#2271,#2270);
#2273=DIRECTION('',(0.E0,-1.E0,0.E0));
#2274=VECTOR('',#2273,9.7E0);
#2275=CARTESIAN_POINT('',(6.25E-1,1.030878956579E1,3.9797599E0));
#2276=LINE('',#2275,#2274);
#2277=DIRECTION('',(0.E0,1.E0,0.E0));
#2278=VECTOR('',#2277,9.7E0);
#2279=CARTESIAN_POINT('',(5.E-1,6.087895657900E-1,3.8547599E0));
#2280=LINE('',#2279,#2278);
#2281=DIRECTION('',(-1.E0,0.E0,0.E0));
#2282=VECTOR('',#2281,1.3375E1);
#2283=CARTESIAN_POINT('',(1.4E1,1.030878956579E1,3.9797599E0));
#2284=LINE('',#2283,#2282);
#2285=CARTESIAN_POINT('',(6.25E-1,1.030878956579E1,3.8547599E0));
#2286=DIRECTION('',(0.E0,1.E0,0.E0));
#2287=DIRECTION('',(-1.E0,0.E0,0.E0));
#2288=AXIS2_PLACEMENT_3D('',#2285,#2286,#2287);
#2290=DIRECTION('',(0.E0,1.421085471520E-14,-1.E0));
#2291=VECTOR('',#2290,1.25E-1);
#2292=CARTESIAN_POINT('',(6.25E-1,1.030878956579E1,3.9797599E0));
#2293=LINE('',#2292,#2291);
#2294=DIRECTION('',(0.E0,0.E0,-1.E0));
#2295=VECTOR('',#2294,2.75E-1);
#2296=CARTESIAN_POINT('',(5.E-1,1.030878956579E1,3.8547599E0));
#2297=LINE('',#2296,#2295);
#2298=DIRECTION('',(-1.E0,0.E0,0.E0));
#2299=VECTOR('',#2298,1.25E-1);
#2300=CARTESIAN_POINT('',(6.25E-1,1.030878956579E1,3.8547599E0));
#2301=LINE('',#2300,#2299);
#2302=DIRECTION('',(0.E0,1.E0,0.E0));
#2303=VECTOR('',#2302,2.75E-1);
#2304=CARTESIAN_POINT('',(5.E-1,1.030878956579E1,3.5797599E0));
#2305=LINE('',#2304,#2303);
#2306=DIRECTION('',(-1.E0,0.E0,0.E0));
#2307=VECTOR('',#2306,1.25E-1);
#2308=CARTESIAN_POINT('',(6.25E-1,1.030878956579E1,3.5797599E0));
#2309=LINE('',#2308,#2307);
#2310=CARTESIAN_POINT('',(6.25E-1,1.058378956579E1,3.5797599E0));
#2311=DIRECTION('',(0.E0,0.E0,-1.E0));
#2312=DIRECTION('',(-1.E0,0.E0,0.E0));
#2313=AXIS2_PLACEMENT_3D('',#2310,#2311,#2312);
#2315=DIRECTION('',(-1.E0,0.E0,0.E0));
#2316=VECTOR('',#2315,1.25E-1);
#2317=CARTESIAN_POINT('',(6.25E-1,1.058378956579E1,3.5797599E0));
#2318=LINE('',#2317,#2316);
#2319=DIRECTION('',(0.E0,0.E0,1.E0));
#2320=VECTOR('',#2319,6.2E0);
#2321=CARTESIAN_POINT('',(6.25E-1,1.070878956579E1,-2.6202401E0));
#2322=LINE('',#2321,#2320);
#2323=DIRECTION('',(0.E0,0.E0,-1.E0));
#2324=VECTOR('',#2323,6.2E0);
#2325=CARTESIAN_POINT('',(5.E-1,1.058378956579E1,3.5797599E0));
#2326=LINE('',#2325,#2324);
#2327=DIRECTION('',(-1.E0,0.E0,0.E0));
#2328=VECTOR('',#2327,1.3375E1);
#2329=CARTESIAN_POINT('',(1.4E1,1.070878956579E1,3.5797599E0));
#2330=LINE('',#2329,#2328);
#2331=DIRECTION('',(0.E0,-1.E0,0.E0));
#2332=VECTOR('',#2331,1.25E-1);
#2333=CARTESIAN_POINT('',(6.25E-1,1.070878956579E1,3.5797599E0));
#2334=LINE('',#2333,#2332);
#2335=DIRECTION('',(0.E0,0.E0,1.E0));
#2336=VECTOR('',#2335,6.2E0);
#2337=CARTESIAN_POINT('',(1.4E1,1.070878956579E1,-2.6202401E0));
#2338=LINE('',#2337,#2336);
#2339=DIRECTION('',(0.E0,-1.E0,0.E0));
#2340=VECTOR('',#2339,1.25E-1);
#2341=CARTESIAN_POINT('',(1.4E1,1.070878956579E1,3.5797599E0));
#2342=LINE('',#2341,#2340);
#2343=DIRECTION('',(1.E0,0.E0,0.E0));
#2344=VECTOR('',#2343,1.3375E1);
#2345=CARTESIAN_POINT('',(6.25E-1,1.070878956579E1,-2.6202401E0));
#2346=LINE('',#2345,#2344);
#2347=DIRECTION('',(0.E0,-1.E0,0.E0));
#2348=VECTOR('',#2347,1.25E-1);
#2349=CARTESIAN_POINT('',(1.4E1,1.070878956579E1,-2.6202401E0));
#2350=LINE('',#2349,#2348);
#2351=CARTESIAN_POINT('',(6.25E-1,1.058378956579E1,-2.6202401E0));
#2352=DIRECTION('',(0.E0,0.E0,-1.E0));
#2353=DIRECTION('',(-1.E0,0.E0,0.E0));
#2354=AXIS2_PLACEMENT_3D('',#2351,#2352,#2353);
#2356=DIRECTION('',(0.E0,-1.E0,0.E0));
#2357=VECTOR('',#2356,1.25E-1);
#2358=CARTESIAN_POINT('',(6.25E-1,1.070878956579E1,-2.6202401E0));
#2359=LINE('',#2358,#2357);
#2360=DIRECTION('',(1.E0,0.E0,0.E0));
#2361=VECTOR('',#2360,1.3375E1);
#2362=CARTESIAN_POINT('',(6.25E-1,1.058378956579E1,3.5797599E0));
#2363=LINE('',#2362,#2361);
#2364=DIRECTION('',(0.E0,0.E0,-1.E0));
#2365=VECTOR('',#2364,6.2E0);
#2366=CARTESIAN_POINT('',(1.4E1,1.058378956579E1,3.5797599E0));
#2367=LINE('',#2366,#2365);
#2368=DIRECTION('',(-1.E0,0.E0,0.E0));
#2369=VECTOR('',#2368,1.3375E1);
#2370=CARTESIAN_POINT('',(1.4E1,1.058378956579E1,-2.6202401E0));
#2371=LINE('',#2370,#2369);
#2372=DIRECTION('',(0.E0,0.E0,1.E0));
#2373=VECTOR('',#2372,6.2E0);
#2374=CARTESIAN_POINT('',(6.25E-1,1.058378956579E1,-2.6202401E0));
#2375=LINE('',#2374,#2373);
#2376=DIRECTION('',(1.E0,0.E0,0.E0));
#2377=VECTOR('',#2376,1.3375E1);
#2378=CARTESIAN_POINT('',(6.25E-1,1.030878956579E1,3.8547599E0));
#2379=LINE('',#2378,#2377);
#2380=DIRECTION('',(0.E0,1.E0,0.E0));
#2381=VECTOR('',#2380,9.7E0);
#2382=CARTESIAN_POINT('',(6.25E-1,6.087895657900E-1,3.8547599E0));
#2383=LINE('',#2382,#2381);
#2384=DIRECTION('',(1.E0,0.E0,0.E0));
#2385=VECTOR('',#2384,1.3375E1);
#2386=CARTESIAN_POINT('',(6.25E-1,6.087895657900E-1,3.9797599E0));
#2387=LINE('',#2386,#2385);
#2388=DIRECTION('',(-1.E0,0.E0,0.E0));
#2389=VECTOR('',#2388,1.3375E1);
#2390=CARTESIAN_POINT('',(1.4E1,6.087895657900E-1,3.8547599E0));
#2391=LINE('',#2390,#2389);
#2392=DIRECTION('',(0.E0,0.E0,1.E0));
#2393=VECTOR('',#2392,1.25E-1);
#2394=CARTESIAN_POINT('',(6.25E-1,6.087895657900E-1,3.8547599E0));
#2395=LINE('',#2394,#2393);
#2396=DIRECTION('',(0.E0,1.E0,0.E0));
#2397=VECTOR('',#2396,9.7E0);
#2398=CARTESIAN_POINT('',(1.4E1,6.087895657900E-1,3.9797599E0));
#2399=LINE('',#2398,#2397);
#2400=DIRECTION('',(0.E0,0.E0,-1.E0));
#2401=VECTOR('',#2400,1.25E-1);
#2402=CARTESIAN_POINT('',(1.4E1,1.030878956579E1,3.9797599E0));
#2403=LINE('',#2402,#2401);
#2404=DIRECTION('',(0.E0,-1.E0,0.E0));
#2405=VECTOR('',#2404,9.7E0);
#2406=CARTESIAN_POINT('',(1.4E1,1.030878956579E1,3.8547599E0));
#2407=LINE('',#2406,#2405);
#2408=DIRECTION('',(0.E0,0.E0,1.E0));
#2409=VECTOR('',#2408,1.25E-1);
#2410=CARTESIAN_POINT('',(1.4E1,6.087895657900E-1,3.8547599E0));
#2411=LINE('',#2410,#2409);
#2412=DIRECTION('',(1.E0,0.E0,0.E0));
#2413=VECTOR('',#2412,1.3375E1);
#2414=CARTESIAN_POINT('',(6.25E-1,3.337895657900E-1,3.5797599E0));
#2415=LINE('',#2414,#2413);
#2416=DIRECTION('',(0.E0,0.E0,1.E0));
#2417=VECTOR('',#2416,6.2E0);
#2418=CARTESIAN_POINT('',(6.25E-1,3.337895657900E-1,-2.6202401E0));
#2419=LINE('',#2418,#2417);
#2420=DIRECTION('',(1.E0,0.E0,0.E0));
#2421=VECTOR('',#2420,1.3375E1);
#2422=CARTESIAN_POINT('',(6.25E-1,2.087895657900E-1,-2.6202401E0));
#2423=LINE('',#2422,#2421);
#2424=DIRECTION('',(-1.E0,0.E0,0.E0));
#2425=VECTOR('',#2424,1.3375E1);
#2426=CARTESIAN_POINT('',(1.4E1,3.337895657900E-1,-2.6202401E0));
#2427=LINE('',#2426,#2425);
#2428=DIRECTION('',(0.E0,-1.E0,0.E0));
#2429=VECTOR('',#2428,1.25E-1);
#2430=CARTESIAN_POINT('',(6.25E-1,3.337895657900E-1,-2.6202401E0));
#2431=LINE('',#2430,#2429);
#2432=DIRECTION('',(0.E0,0.E0,1.E0));
#2433=VECTOR('',#2432,6.2E0);
#2434=CARTESIAN_POINT('',(1.4E1,2.087895657900E-1,-2.6202401E0));
#2435=LINE('',#2434,#2433);
#2436=DIRECTION('',(0.E0,1.E0,0.E0));
#2437=VECTOR('',#2436,1.25E-1);
#2438=CARTESIAN_POINT('',(1.4E1,2.087895657900E-1,3.5797599E0));
#2439=LINE('',#2438,#2437);
#2440=DIRECTION('',(0.E0,0.E0,-1.E0));
#2441=VECTOR('',#2440,6.2E0);
#2442=CARTESIAN_POINT('',(1.4E1,3.337895657900E-1,3.5797599E0));
#2443=LINE('',#2442,#2441);
#2444=DIRECTION('',(0.E0,-1.E0,0.E0));
#2445=VECTOR('',#2444,1.25E-1);
#2446=CARTESIAN_POINT('',(1.4E1,3.337895657900E-1,-2.6202401E0));
#2447=LINE('',#2446,#2445);
#2448=CARTESIAN_POINT('',(5.E-1,1.030878956579E1,-2.6202401E0));
#2449=CARTESIAN_POINT('',(5.E-1,1.030878956579E1,-2.8952401E0));
#2450=VERTEX_POINT('',#2448);
#2451=VERTEX_POINT('',#2449);
#2452=CARTESIAN_POINT('',(5.E-1,6.087895657900E-1,-2.8952401E0));
#2453=VERTEX_POINT('',#2452);
#2454=CARTESIAN_POINT('',(5.E-1,6.087895657900E-1,-2.6202401E0));
#2455=VERTEX_POINT('',#2454);
#2456=CARTESIAN_POINT('',(5.E-1,3.337895657900E-1,-2.6202401E0));
#2457=VERTEX_POINT('',#2456);
#2458=CARTESIAN_POINT('',(5.E-1,3.337895657900E-1,3.5797599E0));
#2459=VERTEX_POINT('',#2458);
#2460=CARTESIAN_POINT('',(5.E-1,6.087895657900E-1,3.5797599E0));
#2461=VERTEX_POINT('',#2460);
#2462=CARTESIAN_POINT('',(5.E-1,6.087895657900E-1,3.8547599E0));
#2463=VERTEX_POINT('',#2462);
#2464=CARTESIAN_POINT('',(5.E-1,1.030878956579E1,3.8547599E0));
#2465=VERTEX_POINT('',#2464);
#2466=CARTESIAN_POINT('',(5.E-1,1.030878956579E1,3.5797599E0));
#2467=VERTEX_POINT('',#2466);
#2468=CARTESIAN_POINT('',(5.E-1,1.058378956579E1,3.5797599E0));
#2469=VERTEX_POINT('',#2468);
#2470=CARTESIAN_POINT('',(5.E-1,1.058378956579E1,-2.6202401E0));
#2471=VERTEX_POINT('',#2470);
#2472=CARTESIAN_POINT('',(6.25E-1,1.030878956579E1,-2.6202401E0));
#2473=VERTEX_POINT('',#2472);
#2474=CARTESIAN_POINT('',(6.25E-1,1.030878956579E1,-2.8952401E0));
#2475=VERTEX_POINT('',#2474);
#2476=CARTESIAN_POINT('',(6.25E-1,1.030878956579E1,-3.0202401E0));
#2477=VERTEX_POINT('',#2476);
#2478=CARTESIAN_POINT('',(6.25E-1,6.087895657900E-1,-3.0202401E0));
#2479=VERTEX_POINT('',#2478);
#2480=CARTESIAN_POINT('',(1.4E1,1.030878956579E1,-3.0202401E0));
#2481=VERTEX_POINT('',#2480);
#2482=CARTESIAN_POINT('',(1.4E1,6.087895657900E-1,-3.0202401E0));
#2483=VERTEX_POINT('',#2482);
#2484=CARTESIAN_POINT('',(1.4E1,1.030878956579E1,-2.8952401E0));
#2485=VERTEX_POINT('',#2484);
#2486=CARTESIAN_POINT('',(1.4E1,6.087895657900E-1,-2.8952401E0));
#2487=VERTEX_POINT('',#2486);
#2488=CARTESIAN_POINT('',(6.25E-1,6.087895657900E-1,-2.8952401E0));
#2489=VERTEX_POINT('',#2488);
#2490=CARTESIAN_POINT('',(6.25E-1,6.087895657900E-1,-2.6202401E0));
#2491=VERTEX_POINT('',#2490);
#2492=CARTESIAN_POINT('',(6.25E-1,3.337895657900E-1,-2.6202401E0));
#2493=VERTEX_POINT('',#2492);
#2494=CARTESIAN_POINT('',(6.25E-1,2.087895657900E-1,-2.6202401E0));
#2495=VERTEX_POINT('',#2494);
#2496=CARTESIAN_POINT('',(6.25E-1,2.087895657900E-1,3.5797599E0));
#2497=VERTEX_POINT('',#2496);
#2498=CARTESIAN_POINT('',(1.4E1,2.087895657900E-1,3.5797599E0));
#2499=VERTEX_POINT('',#2498);
#2500=CARTESIAN_POINT('',(1.4E1,2.087895657900E-1,-2.6202401E0));
#2501=VERTEX_POINT('',#2500);
#2502=CARTESIAN_POINT('',(1.4E1,3.337895657900E-1,3.5797599E0));
#2503=VERTEX_POINT('',#2502);
#2504=CARTESIAN_POINT('',(6.25E-1,3.337895657900E-1,3.5797599E0));
#2505=VERTEX_POINT('',#2504);
#2506=CARTESIAN_POINT('',(6.25E-1,6.087895657900E-1,3.5797599E0));
#2507=VERTEX_POINT('',#2506);
#2508=CARTESIAN_POINT('',(6.25E-1,6.087895657900E-1,3.8547599E0));
#2509=VERTEX_POINT('',#2508);
#2510=CARTESIAN_POINT('',(6.25E-1,6.087895657900E-1,3.9797599E0));
#2511=VERTEX_POINT('',#2510);
#2512=CARTESIAN_POINT('',(6.25E-1,1.030878956579E1,3.9797599E0));
#2513=VERTEX_POINT('',#2512);
#2514=CARTESIAN_POINT('',(1.4E1,1.030878956579E1,3.9797599E0));
#2515=VERTEX_POINT('',#2514);
#2516=CARTESIAN_POINT('',(1.4E1,6.087895657900E-1,3.9797599E0));
#2517=VERTEX_POINT('',#2516);
#2518=CARTESIAN_POINT('',(1.4E1,1.030878956579E1,3.8547599E0));
#2519=VERTEX_POINT('',#2518);
#2520=CARTESIAN_POINT('',(6.25E-1,1.030878956579E1,3.8547599E0));
#2521=VERTEX_POINT('',#2520);
#2522=CARTESIAN_POINT('',(6.25E-1,1.030878956579E1,3.5797599E0));
#2523=VERTEX_POINT('',#2522);
#2524=CARTESIAN_POINT('',(6.25E-1,1.058378956579E1,3.5797599E0));
#2525=VERTEX_POINT('',#2524);
#2526=CARTESIAN_POINT('',(6.25E-1,1.070878956579E1,3.5797599E0));
#2527=VERTEX_POINT('',#2526);
#2528=CARTESIAN_POINT('',(6.25E-1,1.070878956579E1,-2.6202401E0));
#2529=VERTEX_POINT('',#2528);
#2530=CARTESIAN_POINT('',(1.4E1,1.070878956579E1,3.5797599E0));
#2531=VERTEX_POINT('',#2530);
#2532=CARTESIAN_POINT('',(1.4E1,1.070878956579E1,-2.6202401E0));
#2533=VERTEX_POINT('',#2532);
#2534=CARTESIAN_POINT('',(1.4E1,1.058378956579E1,3.5797599E0));
#2535=VERTEX_POINT('',#2534);
#2536=CARTESIAN_POINT('',(1.4E1,1.058378956579E1,-2.6202401E0));
#2537=VERTEX_POINT('',#2536);
#2538=CARTESIAN_POINT('',(6.25E-1,1.058378956579E1,-2.6202401E0));
#2539=VERTEX_POINT('',#2538);
#2540=CARTESIAN_POINT('',(1.4E1,3.337895657900E-1,-2.6202401E0));
#2541=VERTEX_POINT('',#2540);
#2542=CARTESIAN_POINT('',(1.4E1,6.087895657900E-1,3.8547599E0));
#2543=VERTEX_POINT('',#2542);
#2544=CARTESIAN_POINT('',(7.3125E0,5.458789565790E0,-3.0202401E0));
#2545=DIRECTION('',(0.E0,0.E0,1.E0));
#2546=DIRECTION('',(0.E0,1.E0,0.E0));
#2547=AXIS2_PLACEMENT_3D('',#2544,#2545,#2546);
#2548=PLANE('',#2547);
#2550=ORIENTED_EDGE('',*,*,#2549,.T.);
#2552=ORIENTED_EDGE('',*,*,#2551,.F.);
#2554=ORIENTED_EDGE('',*,*,#2553,.T.);
#2556=ORIENTED_EDGE('',*,*,#2555,.T.);
#2557=EDGE_LOOP('',(#2550,#2552,#2554,#2556));
#2558=FACE_OUTER_BOUND('',#2557,.F.);
#2560=CARTESIAN_POINT('',(7.3125E0,1.030878956579E1,-2.9577401E0));
#2561=DIRECTION('',(0.E0,1.E0,0.E0));
#2562=DIRECTION('',(1.E0,0.E0,0.E0));
#2563=AXIS2_PLACEMENT_3D('',#2560,#2561,#2562);
#2564=PLANE('',#2563);
#2565=ORIENTED_EDGE('',*,*,#2549,.F.);
#2567=ORIENTED_EDGE('',*,*,#2566,.T.);
#2569=ORIENTED_EDGE('',*,*,#2568,.F.);
#2571=ORIENTED_EDGE('',*,*,#2570,.F.);
#2572=EDGE_LOOP('',(#2565,#2567,#2569,#2571));
#2573=FACE_OUTER_BOUND('',#2572,.F.);
#2575=CARTESIAN_POINT('',(1.4E1,5.458789565790E0,-2.9577401E0));
#2576=DIRECTION('',(1.E0,0.E0,0.E0));
#2577=DIRECTION('',(0.E0,-1.E0,0.E0));
#2578=AXIS2_PLACEMENT_3D('',#2575,#2576,#2577);
#2579=PLANE('',#2578);
#2580=ORIENTED_EDGE('',*,*,#2555,.F.);
#2582=ORIENTED_EDGE('',*,*,#2581,.T.);
#2584=ORIENTED_EDGE('',*,*,#2583,.F.);
#2585=ORIENTED_EDGE('',*,*,#2566,.F.);
#2586=EDGE_LOOP('',(#2580,#2582,#2584,#2585));
#2587=FACE_OUTER_BOUND('',#2586,.F.);
#2589=CARTESIAN_POINT('',(7.3125E0,6.087895657900E-1,-2.9577401E0));
#2590=DIRECTION('',(0.E0,1.E0,0.E0));
#2591=DIRECTION('',(-1.E0,0.E0,0.E0));
#2592=AXIS2_PLACEMENT_3D('',#2589,#2590,#2591);
#2593=PLANE('',#2592);
#2594=ORIENTED_EDGE('',*,*,#2553,.F.);
#2596=ORIENTED_EDGE('',*,*,#2595,.T.);
#2598=ORIENTED_EDGE('',*,*,#2597,.F.);
#2599=ORIENTED_EDGE('',*,*,#2581,.F.);
#2600=EDGE_LOOP('',(#2594,#2596,#2598,#2599));
#2601=FACE_OUTER_BOUND('',#2600,.F.);
#2603=CARTESIAN_POINT('',(5.625E-1,6.087895657900E-1,-2.9577401E0));
#2604=DIRECTION('',(0.E0,1.E0,0.E0));
#2605=DIRECTION('',(-1.E0,0.E0,0.E0));
#2606=AXIS2_PLACEMENT_3D('',#2603,#2604,#2605);
#2607=PLANE('',#2606);
#2609=ORIENTED_EDGE('',*,*,#2608,.F.);
#2611=ORIENTED_EDGE('',*,*,#2610,.F.);
#2612=ORIENTED_EDGE('',*,*,#2595,.F.);
#2613=EDGE_LOOP('',(#2609,#2611,#2612));
#2614=FACE_OUTER_BOUND('',#2613,.F.);
#2616=CARTESIAN_POINT('',(6.25E-1,4.147895657900E-1,-2.8952401E0));
#2617=DIRECTION('',(0.E0,1.E0,0.E0));
#2618=DIRECTION('',(0.E0,0.E0,-1.E0));
#2619=AXIS2_PLACEMENT_3D('',#2616,#2617,#2618);
#2620=CYLINDRICAL_SURFACE('',#2619,1.25E-1);
#2621=ORIENTED_EDGE('',*,*,#2551,.T.);
#2623=ORIENTED_EDGE('',*,*,#2622,.F.);
#2625=ORIENTED_EDGE('',*,*,#2624,.T.);
#2626=ORIENTED_EDGE('',*,*,#2608,.T.);
#2627=EDGE_LOOP('',(#2621,#2623,#2625,#2626));
#2628=FACE_OUTER_BOUND('',#2627,.F.);
#2630=CARTESIAN_POINT('',(5.625E-1,1.030878956579E1,-2.9577401E0));
#2631=DIRECTION('',(0.E0,1.E0,0.E0));
#2632=DIRECTION('',(-1.E0,0.E0,0.E0));
#2633=AXIS2_PLACEMENT_3D('',#2630,#2631,#2632);
#2634=PLANE('',#2633);
#2635=ORIENTED_EDGE('',*,*,#2622,.T.);
#2636=ORIENTED_EDGE('',*,*,#2570,.T.);
#2638=ORIENTED_EDGE('',*,*,#2637,.T.);
#2639=EDGE_LOOP('',(#2635,#2636,#2638));
#2640=FACE_OUTER_BOUND('',#2639,.F.);
#2642=CARTESIAN_POINT('',(5.625E-1,1.030878956579E1,-2.7577401E0));
#2643=DIRECTION('',(0.E0,1.E0,0.E0));
#2644=DIRECTION('',(0.E0,0.E0,1.E0));
#2645=AXIS2_PLACEMENT_3D('',#2642,#2643,#2644);
#2646=PLANE('',#2645);
#2648=ORIENTED_EDGE('',*,*,#2647,.T.);
#2649=ORIENTED_EDGE('',*,*,#2637,.F.);
#2651=ORIENTED_EDGE('',*,*,#2650,.T.);
#2653=ORIENTED_EDGE('',*,*,#2652,.F.);
#2654=EDGE_LOOP('',(#2648,#2649,#2651,#2653));
#2655=FACE_OUTER_BOUND('',#2654,.F.);
#2657=CARTESIAN_POINT('',(5.E-1,5.458789565790E0,4.797599E-1));
#2658=DIRECTION('',(1.E0,0.E0,0.E0));
#2659=DIRECTION('',(0.E0,-1.E0,0.E0));
#2660=AXIS2_PLACEMENT_3D('',#2657,#2658,#2659);
#2661=PLANE('',#2660);
#2662=ORIENTED_EDGE('',*,*,#2647,.F.);
#2664=ORIENTED_EDGE('',*,*,#2663,.F.);
#2666=ORIENTED_EDGE('',*,*,#2665,.F.);
#2668=ORIENTED_EDGE('',*,*,#2667,.F.);
#2670=ORIENTED_EDGE('',*,*,#2669,.F.);
#2672=ORIENTED_EDGE('',*,*,#2671,.F.);
#2674=ORIENTED_EDGE('',*,*,#2673,.F.);
#2676=ORIENTED_EDGE('',*,*,#2675,.F.);
#2678=ORIENTED_EDGE('',*,*,#2677,.F.);
#2680=ORIENTED_EDGE('',*,*,#2679,.F.);
#2682=ORIENTED_EDGE('',*,*,#2681,.F.);
#2683=ORIENTED_EDGE('',*,*,#2624,.F.);
#2684=EDGE_LOOP('',(#2662,#2664,#2666,#2668,#2670,#2672,#2674,#2676,#2678,#2680,
#2682,#2683));
#2685=FACE_OUTER_BOUND('',#2684,.F.);
#2687=CARTESIAN_POINT('',(5.625E-1,1.044628956579E1,-2.6202401E0));
#2688=DIRECTION('',(0.E0,0.E0,1.E0));
#2689=DIRECTION('',(0.E0,1.E0,0.E0));
#2690=AXIS2_PLACEMENT_3D('',#2687,#2688,#2689);
#2691=PLANE('',#2690);
#2692=ORIENTED_EDGE('',*,*,#2663,.T.);
#2693=ORIENTED_EDGE('',*,*,#2652,.T.);
#2695=ORIENTED_EDGE('',*,*,#2694,.T.);
#2697=ORIENTED_EDGE('',*,*,#2696,.T.);
#2698=EDGE_LOOP('',(#2692,#2693,#2695,#2697));
#2699=FACE_OUTER_BOUND('',#2698,.F.);
#2701=CARTESIAN_POINT('',(6.25E-1,5.458789565790E0,4.797599E-1));
#2702=DIRECTION('',(1.E0,0.E0,0.E0));
#2703=DIRECTION('',(0.E0,-1.E0,0.E0));
#2704=AXIS2_PLACEMENT_3D('',#2701,#2702,#2703);
#2705=PLANE('',#2704);
#2706=ORIENTED_EDGE('',*,*,#2650,.F.);
#2708=ORIENTED_EDGE('',*,*,#2707,.F.);
#2710=ORIENTED_EDGE('',*,*,#2709,.F.);
#2712=ORIENTED_EDGE('',*,*,#2711,.F.);
#2714=ORIENTED_EDGE('',*,*,#2713,.T.);
#2716=ORIENTED_EDGE('',*,*,#2715,.F.);
#2718=ORIENTED_EDGE('',*,*,#2717,.F.);
#2720=ORIENTED_EDGE('',*,*,#2719,.T.);
#2722=ORIENTED_EDGE('',*,*,#2721,.F.);
#2724=ORIENTED_EDGE('',*,*,#2723,.F.);
#2726=ORIENTED_EDGE('',*,*,#2725,.F.);
#2727=ORIENTED_EDGE('',*,*,#2694,.F.);
#2728=EDGE_LOOP('',(#2706,#2708,#2710,#2712,#2714,#2716,#2718,#2720,#2722,#2724,
#2726,#2727));
#2729=FACE_OUTER_BOUND('',#2728,.F.);
#2731=CARTESIAN_POINT('',(7.3125E0,5.458789565790E0,-2.8952401E0));
#2732=DIRECTION('',(0.E0,0.E0,1.E0));
#2733=DIRECTION('',(0.E0,1.E0,0.E0));
#2734=AXIS2_PLACEMENT_3D('',#2731,#2732,#2733);
#2735=PLANE('',#2734);
#2736=ORIENTED_EDGE('',*,*,#2568,.T.);
#2737=ORIENTED_EDGE('',*,*,#2583,.T.);
#2738=ORIENTED_EDGE('',*,*,#2597,.T.);
#2739=ORIENTED_EDGE('',*,*,#2707,.T.);
#2740=EDGE_LOOP('',(#2736,#2737,#2738,#2739));
#2741=FACE_OUTER_BOUND('',#2740,.F.);
#2743=CARTESIAN_POINT('',(5.625E-1,6.087895657900E-1,-2.7577401E0));
#2744=DIRECTION('',(0.E0,1.E0,0.E0));
#2745=DIRECTION('',(0.E0,0.E0,-1.E0));
#2746=AXIS2_PLACEMENT_3D('',#2743,#2744,#2745);
#2747=PLANE('',#2746);
#2748=ORIENTED_EDGE('',*,*,#2681,.T.);
#2750=ORIENTED_EDGE('',*,*,#2749,.F.);
#2751=ORIENTED_EDGE('',*,*,#2709,.T.);
#2752=ORIENTED_EDGE('',*,*,#2610,.T.);
#2753=EDGE_LOOP('',(#2748,#2750,#2751,#2752));
#2754=FACE_OUTER_BOUND('',#2753,.F.);
#2756=CARTESIAN_POINT('',(5.625E-1,4.712895657900E-1,-2.6202401E0));
#2757=DIRECTION('',(0.E0,0.E0,1.E0));
#2758=DIRECTION('',(0.E0,1.E0,0.E0));
#2759=AXIS2_PLACEMENT_3D('',#2756,#2757,#2758);
#2760=PLANE('',#2759);
#2761=ORIENTED_EDGE('',*,*,#2679,.T.);
#2763=ORIENTED_EDGE('',*,*,#2762,.F.);
#2764=ORIENTED_EDGE('',*,*,#2711,.T.);
#2765=ORIENTED_EDGE('',*,*,#2749,.T.);
#2766=EDGE_LOOP('',(#2761,#2763,#2764,#2765));
#2767=FACE_OUTER_BOUND('',#2766,.F.);
#2769=CARTESIAN_POINT('',(5.625E-1,2.712895657900E-1,-2.6202401E0));
#2770=DIRECTION('',(0.E0,0.E0,1.E0));
#2771=DIRECTION('',(-1.E0,0.E0,0.E0));
#2772=AXIS2_PLACEMENT_3D('',#2769,#2770,#2771);
#2773=PLANE('',#2772);
#2775=ORIENTED_EDGE('',*,*,#2774,.T.);
#2777=ORIENTED_EDGE('',*,*,#2776,.F.);
#2778=ORIENTED_EDGE('',*,*,#2762,.T.);
#2779=EDGE_LOOP('',(#2775,#2777,#2778));
#2780=FACE_OUTER_BOUND('',#2779,.F.);
#2782=CARTESIAN_POINT('',(6.25E-1,3.337895657900E-1,3.7037599E0));
#2783=DIRECTION('',(0.E0,0.E0,-1.E0));
#2784=DIRECTION('',(0.E0,-1.E0,0.E0));
#2785=AXIS2_PLACEMENT_3D('',#2782,#2783,#2784);
#2786=CYLINDRICAL_SURFACE('',#2785,1.25E-1);
#2788=ORIENTED_EDGE('',*,*,#2787,.T.);
#2789=ORIENTED_EDGE('',*,*,#2774,.F.);
#2790=ORIENTED_EDGE('',*,*,#2677,.T.);
#2792=ORIENTED_EDGE('',*,*,#2791,.T.);
#2793=EDGE_LOOP('',(#2788,#2789,#2790,#2792));
#2794=FACE_OUTER_BOUND('',#2793,.F.);
#2796=CARTESIAN_POINT('',(7.3125E0,2.087895657900E-1,4.797599E-1));
#2797=DIRECTION('',(0.E0,1.E0,0.E0));
#2798=DIRECTION('',(0.E0,0.E0,1.E0));
#2799=AXIS2_PLACEMENT_3D('',#2796,#2797,#2798);
#2800=PLANE('',#2799);
#2802=ORIENTED_EDGE('',*,*,#2801,.F.);
#2804=ORIENTED_EDGE('',*,*,#2803,.F.);
#2806=ORIENTED_EDGE('',*,*,#2805,.F.);
#2807=ORIENTED_EDGE('',*,*,#2787,.F.);
#2808=EDGE_LOOP('',(#2802,#2804,#2806,#2807));
#2809=FACE_OUTER_BOUND('',#2808,.F.);
#2811=CARTESIAN_POINT('',(7.3125E0,2.712895657900E-1,3.5797599E0));
#2812=DIRECTION('',(0.E0,0.E0,1.E0));
#2813=DIRECTION('',(1.E0,0.E0,0.E0));
#2814=AXIS2_PLACEMENT_3D('',#2811,#2812,#2813);
#2815=PLANE('',#2814);
#2816=ORIENTED_EDGE('',*,*,#2801,.T.);
#2818=ORIENTED_EDGE('',*,*,#2817,.T.);
#2820=ORIENTED_EDGE('',*,*,#2819,.T.);
#2822=ORIENTED_EDGE('',*,*,#2821,.F.);
#2823=EDGE_LOOP('',(#2816,#2818,#2820,#2822));
#2824=FACE_OUTER_BOUND('',#2823,.F.);
#2826=CARTESIAN_POINT('',(5.625E-1,2.712895657900E-1,3.5797599E0));
#2827=DIRECTION('',(0.E0,0.E0,1.E0));
#2828=DIRECTION('',(-1.E0,0.E0,0.E0));
#2829=AXIS2_PLACEMENT_3D('',#2826,#2827,#2828);
#2830=PLANE('',#2829);
#2831=ORIENTED_EDGE('',*,*,#2791,.F.);
#2833=ORIENTED_EDGE('',*,*,#2832,.F.);
#2834=ORIENTED_EDGE('',*,*,#2817,.F.);
#2835=EDGE_LOOP('',(#2831,#2833,#2834));
#2836=FACE_OUTER_BOUND('',#2835,.F.);
#2838=CARTESIAN_POINT('',(5.625E-1,4.712895657900E-1,3.5797599E0));
#2839=DIRECTION('',(0.E0,0.E0,1.E0));
#2840=DIRECTION('',(0.E0,-1.E0,0.E0));
#2841=AXIS2_PLACEMENT_3D('',#2838,#2839,#2840);
#2842=PLANE('',#2841);
#2843=ORIENTED_EDGE('',*,*,#2675,.T.);
#2845=ORIENTED_EDGE('',*,*,#2844,.F.);
#2846=ORIENTED_EDGE('',*,*,#2715,.T.);
#2847=ORIENTED_EDGE('',*,*,#2832,.T.);
#2848=EDGE_LOOP('',(#2843,#2845,#2846,#2847));
#2849=FACE_OUTER_BOUND('',#2848,.F.);
#2851=CARTESIAN_POINT('',(5.625E-1,6.087895657900E-1,3.7172599E0));
#2852=DIRECTION('',(0.E0,1.E0,0.E0));
#2853=DIRECTION('',(0.E0,0.E0,-1.E0));
#2854=AXIS2_PLACEMENT_3D('',#2851,#2852,#2853);
#2855=PLANE('',#2854);
#2856=ORIENTED_EDGE('',*,*,#2673,.T.);
#2858=ORIENTED_EDGE('',*,*,#2857,.F.);
#2859=ORIENTED_EDGE('',*,*,#2717,.T.);
#2860=ORIENTED_EDGE('',*,*,#2844,.T.);
#2861=EDGE_LOOP('',(#2856,#2858,#2859,#2860));
#2862=FACE_OUTER_BOUND('',#2861,.F.);
#2864=CARTESIAN_POINT('',(5.625E-1,6.087895657900E-1,3.9172599E0));
#2865=DIRECTION('',(0.E0,1.E0,0.E0));
#2866=DIRECTION('',(-1.E0,0.E0,0.E0));
#2867=AXIS2_PLACEMENT_3D('',#2864,#2865,#2866);
#2868=PLANE('',#2867);
#2870=ORIENTED_EDGE('',*,*,#2869,.T.);
#2872=ORIENTED_EDGE('',*,*,#2871,.F.);
#2873=ORIENTED_EDGE('',*,*,#2857,.T.);
#2874=EDGE_LOOP('',(#2870,#2872,#2873));
#2875=FACE_OUTER_BOUND('',#2874,.F.);
#2877=CARTESIAN_POINT('',(6.25E-1,1.050278956579E1,3.8547599E0));
#2878=DIRECTION('',(0.E0,-1.E0,0.E0));
#2879=DIRECTION('',(0.E0,0.E0,1.E0));
#2880=AXIS2_PLACEMENT_3D('',#2877,#2878,#2879);
#2881=CYLINDRICAL_SURFACE('',#2880,1.25E-1);
#2883=ORIENTED_EDGE('',*,*,#2882,.T.);
#2884=ORIENTED_EDGE('',*,*,#2869,.F.);
#2885=ORIENTED_EDGE('',*,*,#2671,.T.);
#2887=ORIENTED_EDGE('',*,*,#2886,.T.);
#2888=EDGE_LOOP('',(#2883,#2884,#2885,#2887));
#2889=FACE_OUTER_BOUND('',#2888,.F.);
#2891=CARTESIAN_POINT('',(7.3125E0,5.458789565790E0,3.9797599E0));
#2892=DIRECTION('',(0.E0,0.E0,1.E0));
#2893=DIRECTION('',(0.E0,1.E0,0.E0));
#2894=AXIS2_PLACEMENT_3D('',#2891,#2892,#2893);
#2895=PLANE('',#2894);
#2897=ORIENTED_EDGE('',*,*,#2896,.F.);
#2899=ORIENTED_EDGE('',*,*,#2898,.F.);
#2901=ORIENTED_EDGE('',*,*,#2900,.F.);
#2902=ORIENTED_EDGE('',*,*,#2882,.F.);
#2903=EDGE_LOOP('',(#2897,#2899,#2901,#2902));
#2904=FACE_OUTER_BOUND('',#2903,.F.);
#2906=CARTESIAN_POINT('',(7.3125E0,1.030878956579E1,3.9172599E0));
#2907=DIRECTION('',(0.E0,1.E0,0.E0));
#2908=DIRECTION('',(1.E0,0.E0,0.E0));
#2909=AXIS2_PLACEMENT_3D('',#2906,#2907,#2908);
#2910=PLANE('',#2909);
#2911=ORIENTED_EDGE('',*,*,#2896,.T.);
#2913=ORIENTED_EDGE('',*,*,#2912,.T.);
#2915=ORIENTED_EDGE('',*,*,#2914,.T.);
#2917=ORIENTED_EDGE('',*,*,#2916,.F.);
#2918=EDGE_LOOP('',(#2911,#2913,#2915,#2917));
#2919=FACE_OUTER_BOUND('',#2918,.F.);
#2921=CARTESIAN_POINT('',(5.625E-1,1.030878956579E1,3.9172599E0));
#2922=DIRECTION('',(0.E0,1.E0,0.E0));
#2923=DIRECTION('',(-1.E0,0.E0,0.E0));
#2924=AXIS2_PLACEMENT_3D('',#2921,#2922,#2923);
#2925=PLANE('',#2924);
#2926=ORIENTED_EDGE('',*,*,#2886,.F.);
#2928=ORIENTED_EDGE('',*,*,#2927,.F.);
#2929=ORIENTED_EDGE('',*,*,#2912,.F.);
#2930=EDGE_LOOP('',(#2926,#2928,#2929));
#2931=FACE_OUTER_BOUND('',#2930,.F.);
#2933=CARTESIAN_POINT('',(5.625E-1,1.030878956579E1,3.7172599E0));
#2934=DIRECTION('',(0.E0,1.E0,0.E0));
#2935=DIRECTION('',(0.E0,0.E0,1.E0));
#2936=AXIS2_PLACEMENT_3D('',#2933,#2934,#2935);
#2937=PLANE('',#2936);
#2938=ORIENTED_EDGE('',*,*,#2669,.T.);
#2940=ORIENTED_EDGE('',*,*,#2939,.F.);
#2941=ORIENTED_EDGE('',*,*,#2721,.T.);
#2942=ORIENTED_EDGE('',*,*,#2927,.T.);
#2943=EDGE_LOOP('',(#2938,#2940,#2941,#2942));
#2944=FACE_OUTER_BOUND('',#2943,.F.);
#2946=CARTESIAN_POINT('',(5.625E-1,1.044628956579E1,3.5797599E0));
#2947=DIRECTION('',(0.E0,0.E0,1.E0));
#2948=DIRECTION('',(0.E0,-1.E0,0.E0));
#2949=AXIS2_PLACEMENT_3D('',#2946,#2947,#2948);
#2950=PLANE('',#2949);
#2951=ORIENTED_EDGE('',*,*,#2667,.T.);
#2953=ORIENTED_EDGE('',*,*,#2952,.F.);
#2954=ORIENTED_EDGE('',*,*,#2723,.T.);
#2955=ORIENTED_EDGE('',*,*,#2939,.T.);
#2956=EDGE_LOOP('',(#2951,#2953,#2954,#2955));
#2957=FACE_OUTER_BOUND('',#2956,.F.);
#2959=CARTESIAN_POINT('',(5.625E-1,1.064628956579E1,3.5797599E0));
#2960=DIRECTION('',(0.E0,0.E0,1.E0));
#2961=DIRECTION('',(-1.E0,0.E0,0.E0));
#2962=AXIS2_PLACEMENT_3D('',#2959,#2960,#2961);
#2963=PLANE('',#2962);
#2965=ORIENTED_EDGE('',*,*,#2964,.T.);
#2967=ORIENTED_EDGE('',*,*,#2966,.T.);
#2968=ORIENTED_EDGE('',*,*,#2952,.T.);
#2969=EDGE_LOOP('',(#2965,#2967,#2968));
#2970=FACE_OUTER_BOUND('',#2969,.F.);
#2972=CARTESIAN_POINT('',(6.25E-1,1.058378956579E1,-2.7442401E0));
#2973=DIRECTION('',(0.E0,0.E0,1.E0));
#2974=DIRECTION('',(0.E0,1.E0,0.E0));
#2975=AXIS2_PLACEMENT_3D('',#2972,#2973,#2974);
#2976=CYLINDRICAL_SURFACE('',#2975,1.25E-1);
#2978=ORIENTED_EDGE('',*,*,#2977,.T.);
#2979=ORIENTED_EDGE('',*,*,#2964,.F.);
#2980=ORIENTED_EDGE('',*,*,#2665,.T.);
#2982=ORIENTED_EDGE('',*,*,#2981,.T.);
#2983=EDGE_LOOP('',(#2978,#2979,#2980,#2982));
#2984=FACE_OUTER_BOUND('',#2983,.F.);
#2986=CARTESIAN_POINT('',(7.3125E0,1.070878956579E1,4.797599E-1));
#2987=DIRECTION('',(0.E0,1.E0,0.E0));
#2988=DIRECTION('',(0.E0,0.E0,1.E0));
#2989=AXIS2_PLACEMENT_3D('',#2986,#2987,#2988);
#2990=PLANE('',#2989);
#2992=ORIENTED_EDGE('',*,*,#2991,.T.);
#2993=ORIENTED_EDGE('',*,*,#2977,.F.);
#2995=ORIENTED_EDGE('',*,*,#2994,.T.);
#2997=ORIENTED_EDGE('',*,*,#2996,.T.);
#2998=EDGE_LOOP('',(#2992,#2993,#2995,#2997));
#2999=FACE_OUTER_BOUND('',#2998,.F.);
#3001=CARTESIAN_POINT('',(7.3125E0,1.064628956579E1,3.5797599E0));
#3002=DIRECTION('',(0.E0,0.E0,1.E0));
#3003=DIRECTION('',(1.E0,0.E0,0.E0));
#3004=AXIS2_PLACEMENT_3D('',#3001,#3002,#3003);
#3005=PLANE('',#3004);
#3006=ORIENTED_EDGE('',*,*,#2991,.F.);
#3008=ORIENTED_EDGE('',*,*,#3007,.T.);
#3010=ORIENTED_EDGE('',*,*,#3009,.F.);
#3011=ORIENTED_EDGE('',*,*,#2966,.F.);
#3012=EDGE_LOOP('',(#3006,#3008,#3010,#3011));
#3013=FACE_OUTER_BOUND('',#3012,.F.);
#3015=CARTESIAN_POINT('',(1.4E1,1.064628956579E1,4.797599E-1));
#3016=DIRECTION('',(1.E0,0.E0,0.E0));
#3017=DIRECTION('',(0.E0,0.E0,-1.E0));
#3018=AXIS2_PLACEMENT_3D('',#3015,#3016,#3017);
#3019=PLANE('',#3018);
#3020=ORIENTED_EDGE('',*,*,#2996,.F.);
#3022=ORIENTED_EDGE('',*,*,#3021,.T.);
#3024=ORIENTED_EDGE('',*,*,#3023,.F.);
#3025=ORIENTED_EDGE('',*,*,#3007,.F.);
#3026=EDGE_LOOP('',(#3020,#3022,#3024,#3025));
#3027=FACE_OUTER_BOUND('',#3026,.F.);
#3029=CARTESIAN_POINT('',(7.3125E0,1.064628956579E1,-2.6202401E0));
#3030=DIRECTION('',(0.E0,0.E0,1.E0));
#3031=DIRECTION('',(-1.E0,0.E0,0.E0));
#3032=AXIS2_PLACEMENT_3D('',#3029,#3030,#3031);
#3033=PLANE('',#3032);
#3034=ORIENTED_EDGE('',*,*,#2994,.F.);
#3036=ORIENTED_EDGE('',*,*,#3035,.T.);
#3038=ORIENTED_EDGE('',*,*,#3037,.F.);
#3039=ORIENTED_EDGE('',*,*,#3021,.F.);
#3040=EDGE_LOOP('',(#3034,#3036,#3038,#3039));
#3041=FACE_OUTER_BOUND('',#3040,.F.);
#3043=CARTESIAN_POINT('',(5.625E-1,1.064628956579E1,-2.6202401E0));
#3044=DIRECTION('',(0.E0,0.E0,1.E0));
#3045=DIRECTION('',(-1.E0,0.E0,0.E0));
#3046=AXIS2_PLACEMENT_3D('',#3043,#3044,#3045);
#3047=PLANE('',#3046);
#3048=ORIENTED_EDGE('',*,*,#2981,.F.);
#3049=ORIENTED_EDGE('',*,*,#2696,.F.);
#3050=ORIENTED_EDGE('',*,*,#3035,.F.);
#3051=EDGE_LOOP('',(#3048,#3049,#3050));
#3052=FACE_OUTER_BOUND('',#3051,.F.);
#3054=CARTESIAN_POINT('',(7.3125E0,1.058378956579E1,4.797599E-1));
#3055=DIRECTION('',(0.E0,1.E0,0.E0));
#3056=DIRECTION('',(0.E0,0.E0,1.E0));
#3057=AXIS2_PLACEMENT_3D('',#3054,#3055,#3056);
#3058=PLANE('',#3057);
#3059=ORIENTED_EDGE('',*,*,#3009,.T.);
#3060=ORIENTED_EDGE('',*,*,#3023,.T.);
#3061=ORIENTED_EDGE('',*,*,#3037,.T.);
#3062=ORIENTED_EDGE('',*,*,#2725,.T.);
#3063=EDGE_LOOP('',(#3059,#3060,#3061,#3062));
#3064=FACE_OUTER_BOUND('',#3063,.F.);
#3066=CARTESIAN_POINT('',(7.3125E0,5.458789565790E0,3.8547599E0));
#3067=DIRECTION('',(0.E0,0.E0,1.E0));
#3068=DIRECTION('',(0.E0,1.E0,0.E0));
#3069=AXIS2_PLACEMENT_3D('',#3066,#3067,#3068);
#3070=PLANE('',#3069);
#3071=ORIENTED_EDGE('',*,*,#2914,.F.);
#3072=ORIENTED_EDGE('',*,*,#2719,.F.);
#3074=ORIENTED_EDGE('',*,*,#3073,.F.);
#3076=ORIENTED_EDGE('',*,*,#3075,.F.);
#3077=EDGE_LOOP('',(#3071,#3072,#3074,#3076));
#3078=FACE_OUTER_BOUND('',#3077,.F.);
#3080=CARTESIAN_POINT('',(7.3125E0,6.087895657900E-1,3.9172599E0));
#3081=DIRECTION('',(0.E0,1.E0,0.E0));
#3082=DIRECTION('',(-1.E0,0.E0,0.E0));
#3083=AXIS2_PLACEMENT_3D('',#3080,#3081,#3082);
#3084=PLANE('',#3083);
#3085=ORIENTED_EDGE('',*,*,#2900,.T.);
#3087=ORIENTED_EDGE('',*,*,#3086,.F.);
#3088=ORIENTED_EDGE('',*,*,#3073,.T.);
#3089=ORIENTED_EDGE('',*,*,#2871,.T.);
#3090=EDGE_LOOP('',(#3085,#3087,#3088,#3089));
#3091=FACE_OUTER_BOUND('',#3090,.F.);
#3093=CARTESIAN_POINT('',(1.4E1,5.458789565790E0,3.9172599E0));
#3094=DIRECTION('',(1.E0,0.E0,0.E0));
#3095=DIRECTION('',(0.E0,-1.E0,0.E0));
#3096=AXIS2_PLACEMENT_3D('',#3093,#3094,#3095);
#3097=PLANE('',#3096);
#3098=ORIENTED_EDGE('',*,*,#2898,.T.);
#3099=ORIENTED_EDGE('',*,*,#2916,.T.);
#3100=ORIENTED_EDGE('',*,*,#3075,.T.);
#3101=ORIENTED_EDGE('',*,*,#3086,.T.);
#3102=EDGE_LOOP('',(#3098,#3099,#3100,#3101));
#3103=FACE_OUTER_BOUND('',#3102,.F.);
#3105=CARTESIAN_POINT('',(7.3125E0,3.337895657900E-1,4.797599E-1));
#3106=DIRECTION('',(0.E0,1.E0,0.E0));
#3107=DIRECTION('',(0.E0,0.E0,1.E0));
#3108=AXIS2_PLACEMENT_3D('',#3105,#3106,#3107);
#3109=PLANE('',#3108);
#3110=ORIENTED_EDGE('',*,*,#2819,.F.);
#3111=ORIENTED_EDGE('',*,*,#2713,.F.);
#3113=ORIENTED_EDGE('',*,*,#3112,.F.);
#3115=ORIENTED_EDGE('',*,*,#3114,.F.);
#3116=EDGE_LOOP('',(#3110,#3111,#3113,#3115));
#3117=FACE_OUTER_BOUND('',#3116,.F.);
#3119=CARTESIAN_POINT('',(7.3125E0,2.712895657900E-1,-2.6202401E0));
#3120=DIRECTION('',(0.E0,0.E0,1.E0));
#3121=DIRECTION('',(-1.E0,0.E0,0.E0));
#3122=AXIS2_PLACEMENT_3D('',#3119,#3120,#3121);
#3123=PLANE('',#3122);
#3124=ORIENTED_EDGE('',*,*,#2805,.T.);
#3126=ORIENTED_EDGE('',*,*,#3125,.F.);
#3127=ORIENTED_EDGE('',*,*,#3112,.T.);
#3128=ORIENTED_EDGE('',*,*,#2776,.T.);
#3129=EDGE_LOOP('',(#3124,#3126,#3127,#3128));
#3130=FACE_OUTER_BOUND('',#3129,.F.);
#3132=CARTESIAN_POINT('',(1.4E1,2.712895657900E-1,4.797599E-1));
#3133=DIRECTION('',(1.E0,0.E0,0.E0));
#3134=DIRECTION('',(0.E0,0.E0,-1.E0));
#3135=AXIS2_PLACEMENT_3D('',#3132,#3133,#3134);
#3136=PLANE('',#3135);
#3137=ORIENTED_EDGE('',*,*,#2803,.T.);
#3138=ORIENTED_EDGE('',*,*,#2821,.T.);
#3139=ORIENTED_EDGE('',*,*,#3114,.T.);
#3140=ORIENTED_EDGE('',*,*,#3125,.T.);
#3141=EDGE_LOOP('',(#3137,#3138,#3139,#3140));
#3142=FACE_OUTER_BOUND('',#3141,.F.);
#3144=CLOSED_SHELL('',(#2559,#2574,#2588,#2602,#2615,#2629,#2641,#2656,#2686,
#2700,#2730,#2742,#2755,#2768,#2781,#2795,#2810,#2825,#2837,#2850,#2863,#2876,
#2890,#2905,#2920,#2932,#2945,#2958,#2971,#2985,#3000,#3014,#3028,#3042,#3053,
#3065,#3079,#3092,#3104,#3118,#3131,#3143));
#3145=ORIENTED_CLOSED_SHELL('',*,#3144,.F.);
#3146=BREP_WITH_VOIDS('',#2087,(#3145));
#3147=PRESENTATION_LAYER_ASSIGNMENT('COLOR18','',(#3146));
#3148=PRESENTATION_LAYER_ASSIGNMENT('MANIFOLD_SOLID_BREP_40504','',(#3146));
#3149=PRESENTATION_LAYER_ASSIGNMENT('MANIFOLD_SOLID_BREP_41051','',(#3146));
#3150=PRESENTATION_LAYER_ASSIGNMENT('MANIFOLD_SOLID_BREP_41500','',(#3146));
#3151=PRESENTATION_LAYER_ASSIGNMENT('01_19','',(#3146));
#3152=PRESENTATION_LAYER_ASSIGNMENT('01JYP_3','',(#3146));
#3155=PLANE_ANGLE_MEASURE_WITH_UNIT(PLANE_ANGLE_MEASURE(1.745329251994E-2),
#3154);
#3156=(CONVERSION_BASED_UNIT('DEGREE',#3155)NAMED_UNIT(*)PLANE_ANGLE_UNIT());
#3158=UNCERTAINTY_MEASURE_WITH_UNIT(LENGTH_MEASURE(2.620830110288E-3),#3153,
'distance_accuracy_value',
'Maximum model space distance between geometric entities at asserted connectivities');
#3161=MECHANICAL_DESIGN_GEOMETRIC_PRESENTATION_REPRESENTATION('',(#1799,#1820,
#1841,#1861,#1880,#1902,#1923,#1944,#1964,#1983,#2005,#2026,#2047,#2067,#2086),
#3159);
#3162=APPLICATION_CONTEXT('automotive_design');
#3163=APPLICATION_PROTOCOL_DEFINITION('international standard',
'automotive_design',2001,#3162);
#3164=PRODUCT_DEFINITION_CONTEXT('part definition',#3162,'design');
#3165=PRODUCT_CONTEXT('',#3162,'mechanical');
#3166=PRODUCT('0-ALL_ASM_ASM','0-ALL_ASM_ASM','NOT SPECIFIED',(#3165));
#3167=PRODUCT_DEFINITION_FORMATION('1','LAST_VERSION',#3166);
#3175=DERIVED_UNIT_ELEMENT(#3174,2.E0);
#3176=DERIVED_UNIT((#3175));
#3177=MEASURE_REPRESENTATION_ITEM('surface area measure',AREA_MEASURE(
1.957377052645E3),#3176);
#3182=DERIVED_UNIT_ELEMENT(#3181,3.E0);
#3183=DERIVED_UNIT((#3182));
#3184=MEASURE_REPRESENTATION_ITEM('volume measure',VOLUME_MEASURE(
1.682245146285E3),#3183);
#3188=CARTESIAN_POINT('centre point',(8.523914068087E0,5.666180482810E0,
2.743463560960E-1));
#3193=DERIVED_UNIT_ELEMENT(#3192,2.E0);
#3194=DERIVED_UNIT((#3193));
#3195=MEASURE_REPRESENTATION_ITEM('surface area measure',AREA_MEASURE(
1.957377052645E3),#3194);
#3200=DERIVED_UNIT_ELEMENT(#3199,3.E0);
#3201=DERIVED_UNIT((#3200));
#3202=MEASURE_REPRESENTATION_ITEM('volume measure',VOLUME_MEASURE(
1.682245146285E3),#3201);
#3206=CARTESIAN_POINT('centre point',(8.523914068087E0,5.666180482810E0,
2.743463560960E-1));
#3211=PRODUCT_RELATED_PRODUCT_CATEGORY('part','',(#3166));
#1=DRAUGHTING_PRE_DEFINED_COLOUR('black');
#2=DRAUGHTING_PRE_DEFINED_COLOUR('green');
#3=COLOUR_RGB('',1.1E-2,1.2E-2,1.E0);
#4=COLOUR_RGB('',9.411764705882E-2,3.137254901961E-1,1.294117647059E-1);
#5=COLOUR_RGB('',1.803921568627E-1,1.803921568627E-1,1.803921568627E-1);
#6=COLOUR_RGB('',2.509803921569E-1,2.509803921569E-1,2.509803921569E-1);
#7=COLOUR_RGB('',3.92E-1,1.2E-2,1.2E-2);
#8=COLOUR_RGB('',3.921568627451E-1,3.921568627451E-1,3.921568627451E-1);
#9=COLOUR_RGB('',4.1E-1,0.E0,2.2E-1);
#10=COLOUR_RGB('',6.E-1,4.E-1,2.E-1);
#11=COLOUR_RGB('',6.952E-1,7.426E-1,7.9E-1);
#12=COLOUR_RGB('',7.84314E-1,7.84314E-1,7.84314E-1);
#13=COLOUR_RGB('',7.960784313725E-1,8.235294117647E-1,9.372549019608E-1);
#14=COLOUR_RGB('',8.784E-1,9.49E-1,1.E0);
#15=COLOUR_RGB('',9.098039215686E-1,4.431372549020E-1,3.137254901961E-2);
#16=COLOUR_RGB('',9.499999880790E-1,7.5E-1,1.800000071530E-1);
#17=COLOUR_RGB('',9.490196078431E-1,7.568627450980E-1,1.764705882353E-1);
#18=COLOUR_RGB('',9.6E-1,9.6E-1,9.6E-1);
#19=COLOUR_RGB('',9.8E-1,6.27E-1,0.E0);
#20=DRAUGHTING_PRE_DEFINED_COLOUR('red');
#21=DRAUGHTING_PRE_DEFINED_COLOUR('yellow');
#22=COLOUR_RGB('',1.E0,1.E0,9.49E-1);
#23=DRAUGHTING_PRE_DEFINED_COLOUR('white');
#52=CIRCLE('',#51,5.E-1);
#57=CIRCLE('',#56,5.E-1);
#62=CIRCLE('',#61,5.E-1);
#67=CIRCLE('',#66,5.E-1);
#88=CIRCLE('',#87,1.E0);
#93=CIRCLE('',#92,1.E0);
#98=CIRCLE('',#97,4.E-1);
#103=CIRCLE('',#102,4.E-1);
#120=CIRCLE('',#119,1.E0);
#125=CIRCLE('',#124,1.E0);
#130=CIRCLE('',#129,1.E0);
#143=CIRCLE('',#142,1.E0);
#148=CIRCLE('',#147,1.E0);
#153=CIRCLE('',#152,1.E0);
#186=CIRCLE('',#185,1.E0);
#191=CIRCLE('',#190,1.E0);
#196=CIRCLE('',#195,1.E0);
#221=CIRCLE('',#220,5.E-1);
#226=CIRCLE('',#225,5.E-1);
#231=CIRCLE('',#230,5.E-1);
#236=CIRCLE('',#235,5.E-1);
#257=CIRCLE('',#256,5.E-1);
#262=CIRCLE('',#261,5.E-1);
#267=CIRCLE('',#266,5.E-1);
#272=CIRCLE('',#271,5.E-1);
#285=CIRCLE('',#284,4.E-1);
#290=CIRCLE('',#289,4.E-1);
#295=CIRCLE('',#294,4.E-1);
#300=CIRCLE('',#299,4.E-1);
#357=CIRCLE('',#356,5.E-1);
#362=CIRCLE('',#361,5.E-1);
#367=CIRCLE('',#366,5.E-1);
#372=CIRCLE('',#371,5.E-1);
#417=CIRCLE('',#416,1.E0);
#422=CIRCLE('',#421,1.E0);
#435=CIRCLE('',#434,4.E-1);
#440=CIRCLE('',#439,4.E-1);
#537=CIRCLE('',#536,1.E0);
#542=CIRCLE('',#541,1.E0);
#547=CIRCLE('',#546,1.E0);
#957=EDGE_CURVE('',#767,#799,#35,.T.);
#959=EDGE_CURVE('',#765,#767,#27,.T.);
#961=EDGE_CURVE('',#765,#791,#615,.T.);
#963=EDGE_CURVE('',#799,#791,#31,.T.);
#967=ADVANCED_FACE('',(#966),#956,.T.);
#973=EDGE_CURVE('',#769,#767,#57,.T.);
#976=EDGE_CURVE('',#801,#799,#367,.T.);
#978=EDGE_CURVE('',#801,#769,#39,.T.);
#982=ADVANCED_FACE('',(#981),#972,.T.);
#988=EDGE_CURVE('',#754,#761,#43,.T.);
#990=EDGE_CURVE('',#757,#754,#47,.T.);
#992=EDGE_CURVE('',#765,#757,#52,.T.);
#996=EDGE_CURVE('',#769,#771,#603,.T.);
#998=EDGE_CURVE('',#773,#771,#62,.T.);
#1000=EDGE_CURVE('',#773,#775,#591,.T.);
#1002=EDGE_CURVE('',#777,#775,#67,.T.);
#1004=EDGE_CURVE('',#779,#777,#571,.T.);
#1006=EDGE_CURVE('',#781,#779,#71,.T.);
#1008=EDGE_CURVE('',#781,#783,#426,.T.);
#1010=EDGE_CURVE('',#785,#783,#559,.T.);
#1012=EDGE_CURVE('',#787,#785,#134,.T.);
#1014=EDGE_CURVE('',#789,#787,#111,.T.);
#1016=EDGE_CURVE('',#789,#761,#83,.T.);
#1020=ADVANCED_FACE('',(#1019),#987,.F.);
#1027=EDGE_CURVE('',#761,#763,#79,.T.);
#1029=EDGE_CURVE('',#755,#763,#380,.T.);
#1031=EDGE_CURVE('',#754,#755,#75,.T.);
#1035=ADVANCED_FACE('',(#1034),#1025,.T.);
#1043=EDGE_CURVE('',#831,#789,#88,.T.);
#1045=EDGE_CURVE('',#831,#833,#173,.T.);
#1047=EDGE_CURVE('',#835,#833,#93,.T.);
#1049=EDGE_CURVE('',#835,#837,#212,.T.);
#1051=EDGE_CURVE('',#837,#839,#240,.T.);
#1053=EDGE_CURVE('',#841,#839,#248,.T.);
#1055=EDGE_CURVE('',#843,#841,#98,.T.);
#1057=EDGE_CURVE('',#829,#843,#631,.T.);
#1059=EDGE_CURVE('',#797,#829,#103,.T.);
#1061=EDGE_CURVE('',#763,#797,#107,.T.);
#1065=ADVANCED_FACE('',(#1064),#1040,.T.);
#1073=EDGE_CURVE('',#845,#787,#130,.T.);
#1075=EDGE_CURVE('',#845,#831,#115,.T.);
#1079=ADVANCED_FACE('',(#1078),#1070,.T.);
#1085=EDGE_CURVE('',#787,#847,#120,.T.);
#1087=EDGE_CURVE('',#847,#845,#125,.T.);
#1092=ADVANCED_FACE('',(#1091),#1084,.T.);
#1099=EDGE_CURVE('',#849,#785,#148,.T.);
#1101=EDGE_CURVE('',#849,#847,#138,.T.);
#1106=ADVANCED_FACE('',(#1105),#1097,.T.);
#1112=EDGE_CURVE('',#851,#849,#143,.T.);
#1115=EDGE_CURVE('',#785,#851,#153,.T.);
#1119=ADVANCED_FACE('',(#1118),#1111,.T.);
#1125=EDGE_CURVE('',#853,#849,#157,.T.);
#1128=EDGE_CURVE('',#851,#855,#161,.T.);
#1130=EDGE_CURVE('',#853,#855,#542,.T.);
#1134=ADVANCED_FACE('',(#1133),#1124,.T.);
#1140=EDGE_CURVE('',#847,#857,#169,.T.);
#1144=EDGE_CURVE('',#857,#853,#204,.T.);
#1148=ADVANCED_FACE('',(#1147),#1139,.F.);
#1154=EDGE_CURVE('',#859,#845,#165,.T.);
#1158=EDGE_CURVE('',#859,#857,#191,.T.);
#1162=ADVANCED_FACE('',(#1161),#1153,.T.);
#1171=EDGE_CURVE('',#833,#859,#177,.T.);
#1175=ADVANCED_FACE('',(#1174),#1167,.T.);
#1183=EDGE_CURVE('',#861,#859,#186,.T.);
#1185=EDGE_CURVE('',#861,#835,#181,.T.);
#1189=ADVANCED_FACE('',(#1188),#1180,.T.);
#1197=EDGE_CURVE('',#857,#861,#196,.T.);
#1201=ADVANCED_FACE('',(#1200),#1194,.T.);
#1207=EDGE_CURVE('',#863,#861,#200,.T.);
#1211=EDGE_CURVE('',#863,#853,#537,.T.);
#1215=ADVANCED_FACE('',(#1214),#1206,.T.);
#1221=EDGE_CURVE('',#837,#865,#208,.T.);
#1226=EDGE_CURVE('',#867,#863,#528,.T.);
#1228=EDGE_CURVE('',#867,#869,#412,.T.);
#1230=EDGE_CURVE('',#871,#869,#216,.T.);
#1232=EDGE_CURVE('',#873,#871,#456,.T.);
#1234=EDGE_CURVE('',#875,#873,#221,.T.);
#1236=EDGE_CURVE('',#875,#877,#468,.T.);
#1238=EDGE_CURVE('',#879,#877,#226,.T.);
#1240=EDGE_CURVE('',#879,#881,#484,.T.);
#1242=EDGE_CURVE('',#883,#881,#231,.T.);
#1244=EDGE_CURVE('',#883,#885,#504,.T.);
#1246=EDGE_CURVE('',#887,#885,#236,.T.);
#1248=EDGE_CURVE('',#865,#887,#520,.T.);
#1252=ADVANCED_FACE('',(#1251),#1220,.T.);
#1258=EDGE_CURVE('',#839,#889,#252,.T.);
#1262=EDGE_CURVE('',#889,#865,#516,.T.);
#1266=ADVANCED_FACE('',(#1265),#1257,.T.);
#1272=EDGE_CURVE('',#823,#821,#244,.T.);
#1274=EDGE_CURVE('',#821,#841,#639,.T.);
#1278=EDGE_CURVE('',#911,#889,#524,.T.);
#1280=EDGE_CURVE('',#911,#909,#257,.T.);
#1282=EDGE_CURVE('',#909,#907,#500,.T.);
#1284=EDGE_CURVE('',#907,#905,#262,.T.);
#1286=EDGE_CURVE('',#905,#903,#488,.T.);
#1288=EDGE_CURVE('',#903,#901,#267,.T.);
#1290=EDGE_CURVE('',#901,#899,#472,.T.);
#1292=EDGE_CURVE('',#899,#897,#272,.T.);
#1294=EDGE_CURVE('',#895,#897,#452,.T.);
#1296=EDGE_CURVE('',#895,#893,#276,.T.);
#1298=EDGE_CURVE('',#893,#891,#444,.T.);
#1300=EDGE_CURVE('',#891,#823,#400,.T.);
#1304=ADVANCED_FACE('',(#1303),#1271,.F.);
#1310=EDGE_CURVE('',#794,#795,#280,.T.);
#1312=EDGE_CURVE('',#817,#794,#285,.T.);
#1314=EDGE_CURVE('',#819,#817,#627,.T.);
#1316=EDGE_CURVE('',#821,#819,#290,.T.);
#1319=EDGE_CURVE('',#825,#823,#295,.T.);
#1321=EDGE_CURVE('',#827,#825,#392,.T.);
#1323=EDGE_CURVE('',#795,#827,#300,.T.);
#1327=EDGE_CURVE('',#930,#931,#304,.T.);
#1329=EDGE_CURVE('',#933,#931,#308,.T.);
#1331=EDGE_CURVE('',#935,#933,#312,.T.);
#1333=EDGE_CURVE('',#930,#935,#316,.T.);
#1337=EDGE_CURVE('',#938,#939,#320,.T.);
#1339=EDGE_CURVE('',#941,#939,#324,.T.);
#1341=EDGE_CURVE('',#943,#941,#328,.T.);
#1343=EDGE_CURVE('',#938,#943,#332,.T.);
#1347=EDGE_CURVE('',#946,#947,#336,.T.);
#1349=EDGE_CURVE('',#949,#947,#340,.T.);
#1351=EDGE_CURVE('',#951,#949,#344,.T.);
#1353=EDGE_CURVE('',#946,#951,#348,.T.);
#1357=ADVANCED_FACE('',(#1326,#1336,#1346,#1356),#1309,.T.);
#1364=EDGE_CURVE('',#795,#815,#388,.T.);
#1366=EDGE_CURVE('',#815,#813,#430,.T.);
#1368=EDGE_CURVE('',#813,#811,#352,.T.);
#1370=EDGE_CURVE('',#809,#811,#575,.T.);
#1372=EDGE_CURVE('',#809,#807,#357,.T.);
#1374=EDGE_CURVE('',#807,#805,#587,.T.);
#1376=EDGE_CURVE('',#805,#803,#362,.T.);
#1378=EDGE_CURVE('',#803,#801,#607,.T.);
#1382=EDGE_CURVE('',#791,#759,#372,.T.);
#1384=EDGE_CURVE('',#759,#755,#376,.T.);
#1388=EDGE_CURVE('',#797,#794,#619,.T.);
#1392=ADVANCED_FACE('',(#1391),#1362,.T.);
#1399=EDGE_CURVE('',#917,#827,#384,.T.);
#1401=EDGE_CURVE('',#917,#815,#435,.T.);
#1406=ADVANCED_FACE('',(#1405),#1397,.F.);
#1413=EDGE_CURVE('',#825,#919,#404,.T.);
#1415=EDGE_CURVE('',#919,#917,#396,.T.);
#1420=ADVANCED_FACE('',(#1419),#1411,.T.);
#1428=EDGE_CURVE('',#891,#919,#440,.T.);
#1433=ADVANCED_FACE('',(#1432),#1425,.F.);
#1439=EDGE_CURVE('',#869,#893,#408,.T.);
#1442=EDGE_CURVE('',#913,#867,#417,.T.);
#1444=EDGE_CURVE('',#913,#915,#551,.T.);
#1446=EDGE_CURVE('',#783,#915,#422,.T.);
#1449=EDGE_CURVE('',#781,#813,#563,.T.);
#1458=ADVANCED_FACE('',(#1457),#1438,.T.);
#1467=EDGE_CURVE('',#871,#895,#448,.T.);
#1471=ADVANCED_FACE('',(#1470),#1463,.F.);
#1479=EDGE_CURVE('',#897,#873,#460,.T.);
#1484=ADVANCED_FACE('',(#1483),#1476,.T.);
#1492=EDGE_CURVE('',#875,#899,#464,.T.);
#1497=ADVANCED_FACE('',(#1496),#1489,.F.);
#1503=EDGE_CURVE('',#877,#901,#476,.T.);
#1510=ADVANCED_FACE('',(#1509),#1502,.F.);
#1519=EDGE_CURVE('',#903,#879,#480,.T.);
#1523=ADVANCED_FACE('',(#1522),#1515,.T.);
#1529=EDGE_CURVE('',#881,#905,#496,.T.);
#1536=ADVANCED_FACE('',(#1535),#1528,.T.);
#1543=EDGE_CURVE('',#907,#883,#492,.T.);
#1549=ADVANCED_FACE('',(#1548),#1541,.T.);
#1557=EDGE_CURVE('',#909,#885,#512,.T.);
#1562=ADVANCED_FACE('',(#1561),#1554,.T.);
#1568=EDGE_CURVE('',#887,#911,#508,.T.);
#1575=ADVANCED_FACE('',(#1574),#1567,.F.);
#1587=ADVANCED_FACE('',(#1586),#1580,.T.);
#1595=EDGE_CURVE('',#855,#863,#547,.T.);
#1597=EDGE_CURVE('',#855,#913,#532,.T.);
#1601=ADVANCED_FACE('',(#1600),#1592,.T.);
#1612=ADVANCED_FACE('',(#1611),#1606,.T.);
#1621=EDGE_CURVE('',#915,#851,#555,.T.);
#1625=ADVANCED_FACE('',(#1624),#1617,.F.);
#1637=ADVANCED_FACE('',(#1636),#1630,.T.);
#1646=EDGE_CURVE('',#811,#779,#567,.T.);
#1650=ADVANCED_FACE('',(#1649),#1642,.F.);
#1658=EDGE_CURVE('',#777,#809,#579,.T.);
#1663=ADVANCED_FACE('',(#1662),#1655,.T.);
#1671=EDGE_CURVE('',#807,#775,#583,.T.);
#1676=ADVANCED_FACE('',(#1675),#1668,.F.);
#1682=EDGE_CURVE('',#805,#773,#595,.T.);
#1689=ADVANCED_FACE('',(#1688),#1681,.F.);
#1698=EDGE_CURVE('',#771,#803,#599,.T.);
#1702=ADVANCED_FACE('',(#1701),#1694,.T.);
#1714=ADVANCED_FACE('',(#1713),#1707,.T.);
#1720=EDGE_CURVE('',#759,#757,#611,.T.);
#1727=ADVANCED_FACE('',(#1726),#1719,.F.);
#1739=ADVANCED_FACE('',(#1738),#1732,.T.);
#1748=EDGE_CURVE('',#817,#829,#623,.T.);
#1752=ADVANCED_FACE('',(#1751),#1744,.F.);
#1761=EDGE_CURVE('',#843,#819,#635,.T.);
#1765=ADVANCED_FACE('',(#1764),#1757,.F.);
#1777=ADVANCED_FACE('',(#1776),#1770,.F.);
#1784=EDGE_CURVE('',#930,#746,#655,.T.);
#1786=EDGE_CURVE('',#746,#747,#643,.T.);
#1788=EDGE_CURVE('',#747,#931,#667,.T.);
#1792=ADVANCED_FACE('',(#1791),#1782,.F.);
#1806=EDGE_CURVE('',#751,#935,#647,.T.);
#1808=EDGE_CURVE('',#746,#751,#651,.T.);
#1813=ADVANCED_FACE('',(#1812),#1804,.F.);
#1827=EDGE_CURVE('',#749,#933,#659,.T.);
#1829=EDGE_CURVE('',#751,#749,#663,.T.);
#1834=ADVANCED_FACE('',(#1833),#1825,.T.);
#1849=EDGE_CURVE('',#749,#747,#671,.T.);
#1854=ADVANCED_FACE('',(#1853),#1846,.T.);
#1873=ADVANCED_FACE('',(#1872),#1866,.T.);
#1887=EDGE_CURVE('',#938,#922,#687,.T.);
#1889=EDGE_CURVE('',#922,#923,#675,.T.);
#1891=EDGE_CURVE('',#923,#939,#699,.T.);
#1895=ADVANCED_FACE('',(#1894),#1885,.F.);
#1909=EDGE_CURVE('',#927,#943,#679,.T.);
#1911=EDGE_CURVE('',#922,#927,#683,.T.);
#1916=ADVANCED_FACE('',(#1915),#1907,.F.);
#1930=EDGE_CURVE('',#925,#941,#691,.T.);
#1932=EDGE_CURVE('',#927,#925,#695,.T.);
#1937=ADVANCED_FACE('',(#1936),#1928,.T.);
#1952=EDGE_CURVE('',#925,#923,#703,.T.);
#1957=ADVANCED_FACE('',(#1956),#1949,.T.);
#1976=ADVANCED_FACE('',(#1975),#1969,.T.);
#1990=EDGE_CURVE('',#946,#738,#719,.T.);
#1992=EDGE_CURVE('',#738,#739,#707,.T.);
#1994=EDGE_CURVE('',#739,#947,#731,.T.);
#1998=ADVANCED_FACE('',(#1997),#1988,.F.);
#2012=EDGE_CURVE('',#743,#951,#711,.T.);
#2014=EDGE_CURVE('',#738,#743,#715,.T.);
#2019=ADVANCED_FACE('',(#2018),#2010,.F.);
#2033=EDGE_CURVE('',#741,#949,#723,.T.);
#2035=EDGE_CURVE('',#743,#741,#727,.T.);
#2040=ADVANCED_FACE('',(#2039),#2031,.T.);
#2055=EDGE_CURVE('',#741,#739,#735,.T.);
#2060=ADVANCED_FACE('',(#2059),#2052,.T.);
#2079=ADVANCED_FACE('',(#2078),#2072,.T.);
#2116=CIRCLE('',#2115,1.25E-1);
#2133=CIRCLE('',#2132,1.25E-1);
#2222=CIRCLE('',#2221,1.25E-1);
#2243=CIRCLE('',#2242,1.25E-1);
#2268=CIRCLE('',#2267,1.25E-1);
#2289=CIRCLE('',#2288,1.25E-1);
#2314=CIRCLE('',#2313,1.25E-1);
#2355=CIRCLE('',#2354,1.25E-1);
#2549=EDGE_CURVE('',#2481,#2477,#2091,.T.);
#2551=EDGE_CURVE('',#2479,#2477,#2124,.T.);
#2553=EDGE_CURVE('',#2479,#2483,#2107,.T.);
#2555=EDGE_CURVE('',#2483,#2481,#2099,.T.);
#2559=ADVANCED_FACE('',(#2558),#2548,.F.);
#2566=EDGE_CURVE('',#2481,#2485,#2103,.T.);
#2568=EDGE_CURVE('',#2475,#2485,#2189,.T.);
#2570=EDGE_CURVE('',#2477,#2475,#2095,.T.);
#2574=ADVANCED_FACE('',(#2573),#2564,.T.);
#2581=EDGE_CURVE('',#2483,#2487,#2111,.T.);
#2583=EDGE_CURVE('',#2485,#2487,#2193,.T.);
#2588=ADVANCED_FACE('',(#2587),#2579,.T.);
#2595=EDGE_CURVE('',#2479,#2489,#2120,.T.);
#2597=EDGE_CURVE('',#2487,#2489,#2197,.T.);
#2602=ADVANCED_FACE('',(#2601),#2593,.F.);
#2608=EDGE_CURVE('',#2453,#2479,#2116,.T.);
#2610=EDGE_CURVE('',#2489,#2453,#2209,.T.);
#2615=ADVANCED_FACE('',(#2614),#2607,.F.);
#2622=EDGE_CURVE('',#2451,#2477,#2133,.T.);
#2624=EDGE_CURVE('',#2451,#2453,#2128,.T.);
#2629=ADVANCED_FACE('',(#2628),#2620,.T.);
#2637=EDGE_CURVE('',#2475,#2451,#2137,.T.);
#2641=ADVANCED_FACE('',(#2640),#2634,.T.);
#2647=EDGE_CURVE('',#2450,#2451,#2141,.T.);
#2650=EDGE_CURVE('',#2475,#2473,#2157,.T.);
#2652=EDGE_CURVE('',#2450,#2473,#2149,.T.);
#2656=ADVANCED_FACE('',(#2655),#2646,.T.);
#2663=EDGE_CURVE('',#2471,#2450,#2145,.T.);
#2665=EDGE_CURVE('',#2469,#2471,#2326,.T.);
#2667=EDGE_CURVE('',#2467,#2469,#2305,.T.);
#2669=EDGE_CURVE('',#2465,#2467,#2297,.T.);
#2671=EDGE_CURVE('',#2463,#2465,#2280,.T.);
#2673=EDGE_CURVE('',#2461,#2463,#2259,.T.);
#2675=EDGE_CURVE('',#2459,#2461,#2251,.T.);
#2677=EDGE_CURVE('',#2457,#2459,#2234,.T.);
#2679=EDGE_CURVE('',#2455,#2457,#2213,.T.);
#2681=EDGE_CURVE('',#2453,#2455,#2205,.T.);
#2686=ADVANCED_FACE('',(#2685),#2661,.F.);
#2694=EDGE_CURVE('',#2473,#2539,#2185,.T.);
#2696=EDGE_CURVE('',#2539,#2471,#2153,.T.);
#2700=ADVANCED_FACE('',(#2699),#2691,.F.);
#2707=EDGE_CURVE('',#2489,#2475,#2201,.T.);
#2709=EDGE_CURVE('',#2491,#2489,#2161,.T.);
#2711=EDGE_CURVE('',#2493,#2491,#2165,.T.);
#2713=EDGE_CURVE('',#2493,#2505,#2419,.T.);
#2715=EDGE_CURVE('',#2507,#2505,#2169,.T.);
#2717=EDGE_CURVE('',#2509,#2507,#2173,.T.);
#2719=EDGE_CURVE('',#2509,#2521,#2383,.T.);
#2721=EDGE_CURVE('',#2523,#2521,#2177,.T.);
#2723=EDGE_CURVE('',#2525,#2523,#2181,.T.);
#2725=EDGE_CURVE('',#2539,#2525,#2375,.T.);
#2730=ADVANCED_FACE('',(#2729),#2705,.T.);
#2742=ADVANCED_FACE('',(#2741),#2735,.T.);
#2749=EDGE_CURVE('',#2491,#2455,#2217,.T.);
#2755=ADVANCED_FACE('',(#2754),#2747,.F.);
#2762=EDGE_CURVE('',#2493,#2457,#2226,.T.);
#2768=ADVANCED_FACE('',(#2767),#2760,.F.);
#2774=EDGE_CURVE('',#2457,#2495,#2222,.T.);
#2776=EDGE_CURVE('',#2493,#2495,#2431,.T.);
#2781=ADVANCED_FACE('',(#2780),#2773,.F.);
#2787=EDGE_CURVE('',#2497,#2495,#2230,.T.);
#2791=EDGE_CURVE('',#2459,#2497,#2243,.T.);
#2795=ADVANCED_FACE('',(#2794),#2786,.T.);
#2801=EDGE_CURVE('',#2499,#2497,#2238,.T.);
#2803=EDGE_CURVE('',#2501,#2499,#2435,.T.);
#2805=EDGE_CURVE('',#2495,#2501,#2423,.T.);
#2810=ADVANCED_FACE('',(#2809),#2800,.F.);
#2817=EDGE_CURVE('',#2497,#2505,#2247,.T.);
#2819=EDGE_CURVE('',#2505,#2503,#2415,.T.);
#2821=EDGE_CURVE('',#2499,#2503,#2439,.T.);
#2825=ADVANCED_FACE('',(#2824),#2815,.T.);
#2832=EDGE_CURVE('',#2505,#2459,#2255,.T.);
#2837=ADVANCED_FACE('',(#2836),#2830,.T.);
#2844=EDGE_CURVE('',#2507,#2461,#2263,.T.);
#2850=ADVANCED_FACE('',(#2849),#2842,.T.);
#2857=EDGE_CURVE('',#2509,#2463,#2272,.T.);
#2863=ADVANCED_FACE('',(#2862),#2855,.F.);
#2869=EDGE_CURVE('',#2463,#2511,#2268,.T.);
#2871=EDGE_CURVE('',#2509,#2511,#2395,.T.);
#2876=ADVANCED_FACE('',(#2875),#2868,.F.);
#2882=EDGE_CURVE('',#2513,#2511,#2276,.T.);
#2886=EDGE_CURVE('',#2465,#2513,#2289,.T.);
#2890=ADVANCED_FACE('',(#2889),#2881,.T.);
#2896=EDGE_CURVE('',#2515,#2513,#2284,.T.);
#2898=EDGE_CURVE('',#2517,#2515,#2399,.T.);
#2900=EDGE_CURVE('',#2511,#2517,#2387,.T.);
#2905=ADVANCED_FACE('',(#2904),#2895,.T.);
#2912=EDGE_CURVE('',#2513,#2521,#2293,.T.);
#2914=EDGE_CURVE('',#2521,#2519,#2379,.T.);
#2916=EDGE_CURVE('',#2515,#2519,#2403,.T.);
#2920=ADVANCED_FACE('',(#2919),#2910,.T.);
#2927=EDGE_CURVE('',#2521,#2465,#2301,.T.);
#2932=ADVANCED_FACE('',(#2931),#2925,.T.);
#2939=EDGE_CURVE('',#2523,#2467,#2309,.T.);
#2945=ADVANCED_FACE('',(#2944),#2937,.T.);
#2952=EDGE_CURVE('',#2525,#2469,#2318,.T.);
#2958=ADVANCED_FACE('',(#2957),#2950,.T.);
#2964=EDGE_CURVE('',#2469,#2527,#2314,.T.);
#2966=EDGE_CURVE('',#2527,#2525,#2334,.T.);
#2971=ADVANCED_FACE('',(#2970),#2963,.T.);
#2977=EDGE_CURVE('',#2529,#2527,#2322,.T.);
#2981=EDGE_CURVE('',#2471,#2529,#2355,.T.);
#2985=ADVANCED_FACE('',(#2984),#2976,.T.);
#2991=EDGE_CURVE('',#2531,#2527,#2330,.T.);
#2994=EDGE_CURVE('',#2529,#2533,#2346,.T.);
#2996=EDGE_CURVE('',#2533,#2531,#2338,.T.);
#3000=ADVANCED_FACE('',(#2999),#2990,.T.);
#3007=EDGE_CURVE('',#2531,#2535,#2342,.T.);
#3009=EDGE_CURVE('',#2525,#2535,#2363,.T.);
#3014=ADVANCED_FACE('',(#3013),#3005,.T.);
#3021=EDGE_CURVE('',#2533,#2537,#2350,.T.);
#3023=EDGE_CURVE('',#2535,#2537,#2367,.T.);
#3028=ADVANCED_FACE('',(#3027),#3019,.T.);
#3035=EDGE_CURVE('',#2529,#2539,#2359,.T.);
#3037=EDGE_CURVE('',#2537,#2539,#2371,.T.);
#3042=ADVANCED_FACE('',(#3041),#3033,.F.);
#3053=ADVANCED_FACE('',(#3052),#3047,.F.);
#3065=ADVANCED_FACE('',(#3064),#3058,.F.);
#3073=EDGE_CURVE('',#2543,#2509,#2391,.T.);
#3075=EDGE_CURVE('',#2519,#2543,#2407,.T.);
#3079=ADVANCED_FACE('',(#3078),#3070,.F.);
#3086=EDGE_CURVE('',#2543,#2517,#2411,.T.);
#3092=ADVANCED_FACE('',(#3091),#3084,.F.);
#3104=ADVANCED_FACE('',(#3103),#3097,.T.);
#3112=EDGE_CURVE('',#2541,#2493,#2427,.T.);
#3114=EDGE_CURVE('',#2503,#2541,#2443,.T.);
#3118=ADVANCED_FACE('',(#3117),#3109,.T.);
#3125=EDGE_CURVE('',#2541,#2501,#2447,.T.);
#3131=ADVANCED_FACE('',(#3130),#3123,.F.);
#3143=ADVANCED_FACE('',(#3142),#3136,.T.);
#3153=(LENGTH_UNIT()NAMED_UNIT(*)SI_UNIT(.MILLI.,.METRE.));
#3154=(NAMED_UNIT(*)PLANE_ANGLE_UNIT()SI_UNIT($,.RADIAN.));
#3157=(NAMED_UNIT(*)SI_UNIT($,.STERADIAN.)SOLID_ANGLE_UNIT());
#3159=(GEOMETRIC_REPRESENTATION_CONTEXT(3)GLOBAL_UNCERTAINTY_ASSIGNED_CONTEXT((
#3158))GLOBAL_UNIT_ASSIGNED_CONTEXT((#3153,#3156,#3157))REPRESENTATION_CONTEXT(
'ID1','3'));
#3160=ADVANCED_BREP_SHAPE_REPRESENTATION('',(#3146),#3159);
#3168=PRODUCT_DEFINITION('part definition','',#3167,#3164);
#3169=PRODUCT_DEFINITION_SHAPE('','SHAPE FOR 0-ALL_ASM_ASM.',#3168);
#3170=SHAPE_ASPECT('','solid data associated with 0-ALL_ASM_ASM',#3169,.F.);
#3171=PROPERTY_DEFINITION('',
'shape for solid data with which properties are associated',#3170);
#3172=SHAPE_REPRESENTATION('',(#3146),#3159);
#3173=SHAPE_DEFINITION_REPRESENTATION(#3171,#3172);
#3174=(LENGTH_UNIT()NAMED_UNIT(*)SI_UNIT(.MILLI.,.METRE.));
#3178=PROPERTY_DEFINITION('geometric validation property',
'area of 0-ALL_ASM_ASM',#3170);
#3179=REPRESENTATION('surface area',(#3177),#3159);
#3180=PROPERTY_DEFINITION_REPRESENTATION(#3178,#3179);
#3181=(LENGTH_UNIT()NAMED_UNIT(*)SI_UNIT(.MILLI.,.METRE.));
#3185=PROPERTY_DEFINITION('geometric validation property',
'volume of 0-ALL_ASM_ASM',#3170);
#3186=REPRESENTATION('volume',(#3184),#3159);
#3187=PROPERTY_DEFINITION_REPRESENTATION(#3185,#3186);
#3189=PROPERTY_DEFINITION('geometric validation property',
'centroid of 0-ALL_ASM_ASM',#3170);
#3190=REPRESENTATION('centroid',(#3188),#3159);
#3191=PROPERTY_DEFINITION_REPRESENTATION(#3189,#3190);
#3192=(LENGTH_UNIT()NAMED_UNIT(*)SI_UNIT(.MILLI.,.METRE.));
#3196=PROPERTY_DEFINITION('geometric validation property',
'area of 0-ALL_ASM_ASM',#3169);
#3197=REPRESENTATION('surface area',(#3195),#3159);
#3198=PROPERTY_DEFINITION_REPRESENTATION(#3196,#3197);
#3199=(LENGTH_UNIT()NAMED_UNIT(*)SI_UNIT(.MILLI.,.METRE.));
#3203=PROPERTY_DEFINITION('geometric validation property',
'volume of 0-ALL_ASM_ASM',#3169);
#3204=REPRESENTATION('volume',(#3202),#3159);
#3205=PROPERTY_DEFINITION_REPRESENTATION(#3203,#3204);
#3207=PROPERTY_DEFINITION('geometric validation property',
'centroid of 0-ALL_ASM_ASM',#3169);
#3208=REPRESENTATION('centroid',(#3206),#3159);
#3209=PROPERTY_DEFINITION_REPRESENTATION(#3207,#3208);
#3210=SHAPE_DEFINITION_REPRESENTATION(#3169,#3160);
ENDSEC;
END-ISO-10303-21;
