** Drc report for sheet1.kicad_pcb **
** Created on 2025-04-18T20:50:04+0800 **

** Found 672 DRC violations **
[via_dangling]: 通孔未连接或仅连接了一层
    局部覆盖; warning
    @(104.4548 mm, 121.6511 mm): 过孔 [VDD] (Top - Bottom)
[via_dangling]: 通孔未连接或仅连接了一层
    局部覆盖; warning
    @(104.4548 mm, 122.9091 mm): 过孔 [VDD] (Top - Bottom)
[via_dangling]: 通孔未连接或仅连接了一层
    局部覆盖; warning
    @(203.4888 mm, 190.5451 mm): 过孔 [VDD] (Top - Bottom)
[track_dangling]: 走线末端悬空
    局部覆盖; warning
    @(212.6428 mm, 180.7241 mm): 走线 [/ADC_CLK_X1] (Bottom), 长度: 0.2949 mm
[track_dangling]: 走线末端悬空
    局部覆盖; warning
    @(185.1949 mm, 125.1500 mm): 走线 [AGND] (Top), 长度: 0.0042 mm
[track_dangling]: 走线末端悬空
    局部覆盖; warning
    @(166.3918 mm, 127.1802 mm): 走线 [VDD] (Top), 长度: 1.2268 mm
[via_dangling]: 通孔未连接或仅连接了一层
    局部覆盖; warning
    @(212.3118 mm, 199.7601 mm): 过孔 [VDD] (Top - Bottom)
[track_dangling]: 走线末端悬空
    局部覆盖; warning
    @(158.7766 mm, 197.6437 mm): 走线 [/ADC_DO_V_1] (Top), 长度: 1.3842 mm
[track_dangling]: 走线末端悬空
    局部覆盖; warning
    @(199.0618 mm, 169.4601 mm): 走线 [/DSP_Discharge2_EN] (Bottom), 长度: 0.1500 mm
[track_dangling]: 走线末端悬空
    局部覆盖; warning
    @(238.1558 mm, 112.9946 mm): 走线 [Net-(J1-Pin_3)] (Top), 长度: 2.5400 mm
[track_dangling]: 走线末端悬空
    局部覆盖; warning
    @(89.9067 mm, 168.3152 mm): 走线 [Net-(Q43-S)] (Top), 长度: 1.0486 mm
[track_dangling]: 走线末端悬空
    局部覆盖; warning
    @(156.5318 mm, 227.8401 mm): 走线 [/FSI_RXB_D1] (Top), 长度: 2.9500 mm
[via_dangling]: 通孔未连接或仅连接了一层
    局部覆盖; warning
    @(229.1818 mm, 210.9701 mm): 过孔 [D+5V] (Top - Bottom)
[track_dangling]: 走线末端悬空
    局部覆盖; warning
    @(224.2918 mm, 201.7701 mm): 走线 [D+5V] (Bottom), 长度: 0.0424 mm
[track_dangling]: 走线末端悬空
    局部覆盖; warning
    @(181.1618 mm, 224.1601 mm): 走线 [D+5V] (Bottom), 长度: 0.0283 mm
[track_dangling]: 走线末端悬空
    局部覆盖; warning
    @(183.9718 mm, 224.1201 mm): 走线 [D+5V] (Bottom), 长度: 0.0283 mm
[track_dangling]: 走线末端悬空
    局部覆盖; warning
    @(211.8493 mm, 155.1417 mm): 走线 [/DSP-PWM4B] (Top), 长度: 0.0718 mm
[track_dangling]: 走线末端悬空
    局部覆盖; warning
    @(128.1118 mm, 147.5008 mm): 走线 [/HALL_V] (Top), 长度: 0.0414 mm
[track_dangling]: 走线末端悬空
    局部覆盖; warning
    @(120.4938 mm, 188.7041 mm): 走线 [/DSP_Temperature2] (Bottom), 长度: 0.2157 mm
[track_dangling]: 走线末端悬空
    局部覆盖; warning
    @(152.2978 mm, 153.6533 mm): 走线 [/MCU_TxEn_D] (Bottom), 长度: 0.0028 mm
[track_dangling]: 走线末端悬空
    局部覆盖; warning
    @(200.0247 mm, 203.6872 mm): 走线 [/MCU_EnDI_D1] (Top), 长度: 1.2599 mm
[track_dangling]: 走线末端悬空
    局部覆盖; warning
    @(188.2032 mm, 158.0431 mm): 走线 [/ESC_MDIO] (Top), 长度: 1.3408 mm
[track_dangling]: 走线末端悬空
    局部覆盖; warning
    @(188.7249 mm, 158.7211 mm): 走线 [/ESC_MDC] (Top), 长度: 0.4467 mm
[track_dangling]: 走线末端悬空
    局部覆盖; warning
    @(192.8460 mm, 137.3153 mm): 走线 [/ESC_RX0_D0] (Top), 长度: 0.3700 mm
[track_dangling]: 走线末端悬空
    局部覆盖; warning
    @(227.8538 mm, 112.9946 mm): 走线 [Net-(J2-Pin_3)] (Top), 长度: 2.5400 mm
[track_dangling]: 走线末端悬空
    局部覆盖; warning
    @(97.9078 mm, 120.2971 mm): 走线 [Net-(Q6-ON/OFF)] (Top), 长度: 0.2650 mm
[track_dangling]: 走线末端悬空
    局部覆盖; warning
    @(189.8018 mm, 135.9401 mm): 走线 [Net-(Q17-COL/GPIO2)] (Top), 长度: 0.0721 mm
[track_dangling]: 走线末端悬空
    局部覆盖; warning
    @(89.9267 mm, 165.9652 mm): 走线 [Net-(Q43-TXD)] (Top), 长度: 1.0286 mm
[track_dangling]: 走线末端悬空
    局部覆盖; warning
    @(88.5337 mm, 163.6152 mm): 走线 [Net-(Q43-RXD)] (Top), 长度: 2.4216 mm
[track_dangling]: 走线末端悬空
    局部覆盖; warning
    @(65.2918 mm, 180.5601 mm): 走线 [D+5V] (Bottom), 长度: 0.0283 mm
[hole_clearance]: 孔间距违规 (<电路板配置> 中的 "孔" 约束 间距 0.3500 mm; 实际 0.3217 mm)
    规则: <电路板配置> 中的 "孔" 约束; error
    @(115.7728 mm, 177.0321 mm): 走线 [/DSP-PWM10B] (Top), 长度: 11.4710 mm
    @(114.6158 mm, 176.4651 mm): 过孔 [/DSP-PWM11A] (Top - Bottom)
[tracks_crossing]: 走线交叉
    规则: Track to Track Clearance; error
    @(197.8818 mm, 207.4301 mm): 走线 [/MCU_PwrEn_D1] (Bottom), 长度: 7.8461 mm
    @(175.0898 mm, 202.7801 mm): 走线 [/DSP-PWM2A] (Bottom), 长度: 24.2790 mm
[tracks_crossing]: 走线交叉
    规则: Track to Track Clearance; error
    @(200.2018 mm, 207.4372 mm): 走线 [/MCU_EnDO_D1] (Bottom), 长度: 8.8219 mm
    @(175.0898 mm, 202.7801 mm): 走线 [/DSP-PWM2A] (Bottom), 长度: 24.2790 mm
[tracks_crossing]: 走线交叉
    规则: Track to Track Clearance; error
    @(199.0918 mm, 207.4301 mm): 走线 [/MCU_CLK_D1] (Bottom), 长度: 8.3665 mm
    @(175.0898 mm, 202.7801 mm): 走线 [/DSP-PWM2A] (Bottom), 长度: 24.2790 mm
[shorting_items]: 短路两个网络的项目 (网络 VDD 和 /ESC_RESET)
    局部覆盖; error
    @(179.4988 mm, 131.2549 mm): Top 上 R103 的焊盘 1 [VDD]
    @(178.0538 mm, 130.7751 mm): 走线 [/ESC_RESET] (Top), 长度: 3.7850 mm
[shorting_items]: 短路两个网络的项目 (网络 /ESC_MDIO 和 /ESC_RESET)
    局部覆盖; error
    @(181.1488 mm, 131.2549 mm): Top 上 R103 的焊盘 2 [/ESC_MDIO]
    @(178.0538 mm, 130.7751 mm): 走线 [/ESC_RESET] (Top), 长度: 3.7850 mm
[hole_clearance]: 孔间距违规 (<电路板配置> 中的 "孔" 约束 间距 0.3500 mm; 实际 0.3307 mm)
    规则: <电路板配置> 中的 "孔" 约束; error
    @(177.1238 mm, 129.8451 mm): 走线 [/ESC_RESET] (Bottom), 长度: 12.5320 mm
    @(169.5678 mm, 130.4211 mm): 过孔 [AGND] (Top - Bottom)
[hole_clearance]: 孔间距违规 (<电路板配置> 中的 "孔" 约束 间距 0.3500 mm; 实际 0.3357 mm)
    规则: <电路板配置> 中的 "孔" 约束; error
    @(177.1238 mm, 129.8451 mm): 走线 [/ESC_RESET] (Bottom), 长度: 12.5320 mm
    @(168.4188 mm, 130.4261 mm): 过孔 [AGND] (Top - Bottom)
[hole_clearance]: 孔间距违规 (<电路板配置> 中的 "孔" 约束 间距 0.3500 mm; 实际 0.3417 mm)
    规则: <电路板配置> 中的 "孔" 约束; error
    @(177.1238 mm, 129.8451 mm): 走线 [/ESC_RESET] (Bottom), 长度: 12.5320 mm
    @(167.2788 mm, 130.4321 mm): 过孔 [AGND] (Top - Bottom)
[shorting_items]: 短路两个网络的项目 (网络 VDD 和 AGND)
    局部覆盖; error
    @(125.5758 mm, 226.2881 mm): 走线 [VDD] (Bottom), 长度: 64.4380 mm
    @(178.0448 mm, 226.4921 mm): 过孔 [AGND] (Top - Bottom)
[hole_clearance]: 孔间距违规 (<电路板配置> 中的 "孔" 约束 间距 0.3500 mm; 实际 0.0000 mm)
    规则: <电路板配置> 中的 "孔" 约束; error
    @(125.5758 mm, 226.2881 mm): 走线 [VDD] (Bottom), 长度: 64.4380 mm
    @(178.0448 mm, 226.4921 mm): 过孔 [AGND] (Top - Bottom)
[hole_clearance]: 孔间距违规 (<电路板配置> 中的 "孔" 约束 间距 0.3500 mm; 实际 0.2270 mm)
    规则: <电路板配置> 中的 "孔" 约束; error
    @(80.4948 mm, 206.0371 mm): 走线 [D+5V] (Bottom), 长度: 3.0450 mm
    @(81.6218 mm, 207.7401 mm): 过孔 [AGND] (Top - Bottom)
[hole_clearance]: 孔间距违规 (<电路板配置> 中的 "孔" 约束 间距 0.3500 mm; 实际 0.2990 mm)
    规则: <电路板配置> 中的 "孔" 约束; error
    @(97.8588 mm, 205.0761 mm): 走线 [VDD] (Bottom), 长度: 8.5570 mm
    @(97.3368 mm, 206.0251 mm): 过孔 [D+5V] (Top - Bottom)
[shorting_items]: 短路两个网络的项目 (网络 /ESC_MDC 和 VDD)
    局部覆盖; error
    @(182.3761 mm, 132.5814 mm): 走线 [/ESC_MDC] (Top), 长度: 1.1988 mm
    @(181.0978 mm, 133.7721 mm): Top 上 C53 的焊盘 2 [VDD]
[shorting_items]: 短路两个网络的项目 (网络 VDD 和 /ESC_MDC)
    局部覆盖; error
    @(181.0978 mm, 133.7721 mm): Top 上 C53 的焊盘 2 [VDD]
    @(181.5284 mm, 133.4291 mm): 走线 [/ESC_MDC] (Top), 长度: 3.3456 mm
[shorting_items]: 短路两个网络的项目 (网络 AGND 和 /ESC_MDC)
    局部覆盖; error
    @(179.5478 mm, 133.7721 mm): Top 上 C53 的焊盘 1 [AGND]
    @(181.5284 mm, 133.4291 mm): 走线 [/ESC_MDC] (Top), 长度: 3.3456 mm
[hole_clearance]: 孔间距违规 (<电路板配置> 中的 "孔" 约束 间距 0.3500 mm; 实际 0.2928 mm)
    规则: <电路板配置> 中的 "孔" 约束; error
    @(222.6158 mm, 170.0651 mm): 走线 [/ADC_DO_V_2] (Bottom), 长度: 7.6690 mm
    @(218.4118 mm, 170.6031 mm): 过孔 [/MCU_485D_2] (Top - Bottom)
[hole_clearance]: 孔间距违规 (<电路板配置> 中的 "孔" 约束 间距 0.3500 mm; 实际 0.3141 mm)
    规则: <电路板配置> 中的 "孔" 约束; error
    @(194.0268 mm, 170.2721 mm): 走线 [/DSP_PWM4~{_ENABL}E] (Top), 长度: 0.6967 mm
    @(194.0362 mm, 169.4715 mm): 过孔 [/MCU_EnDI_D2] (Top - Bottom)
[hole_clearance]: 孔间距违规 (<电路板配置> 中的 "孔" 约束 间距 0.3500 mm; 实际 0.3277 mm)
    规则: <电路板配置> 中的 "孔" 约束; error
    @(194.5194 mm, 169.7795 mm): 走线 [/DSP_PWM4~{_ENABL}E] (Top), 长度: 1.3788 mm
    @(194.0362 mm, 169.4715 mm): 过孔 [/MCU_EnDI_D2] (Top - Bottom)
[shorting_items]: 短路两个网络的项目 (网络 VDD 和 /FSI_RXB_D0)
    局部覆盖; error
    @(125.5758 mm, 226.2881 mm): 走线 [VDD] (Bottom), 长度: 64.4380 mm
    @(157.8218 mm, 227.0201 mm): 过孔 [/FSI_RXB_D0] (Top - Bottom)
[hole_clearance]: 孔间距违规 (<电路板配置> 中的 "孔" 约束 间距 0.3500 mm; 实际 0.0820 mm)
    规则: <电路板配置> 中的 "孔" 约束; error
    @(125.5758 mm, 226.2881 mm): 走线 [VDD] (Bottom), 长度: 64.4380 mm
    @(157.8218 mm, 227.0201 mm): 过孔 [/FSI_RXB_D0] (Top - Bottom)
[shorting_items]: 短路两个网络的项目 (网络 VDD 和 /FSI_RXA_CLK)
    局部覆盖; error
    @(125.5758 mm, 226.2881 mm): 走线 [VDD] (Bottom), 长度: 64.4380 mm
    @(141.1618 mm, 226.2201 mm): 过孔 [/FSI_RXA_CLK] (Top - Bottom)
[hole_clearance]: 孔间距违规 (<电路板配置> 中的 "孔" 约束 间距 0.3500 mm; 实际 0.0000 mm)
    规则: <电路板配置> 中的 "孔" 约束; error
    @(125.5758 mm, 226.2881 mm): 走线 [VDD] (Bottom), 长度: 64.4380 mm
    @(141.1618 mm, 226.2201 mm): 过孔 [/FSI_RXA_CLK] (Top - Bottom)
[tracks_crossing]: 走线交叉
    规则: Track to Track Clearance; error
    @(125.5758 mm, 226.2881 mm): 走线 [VDD] (Bottom), 长度: 64.4380 mm
    @(141.1618 mm, 226.2201 mm): 走线 [/FSI_RXA_CLK] (Bottom), 长度: 4.6024 mm
[hole_clearance]: 孔间距违规 (<电路板配置> 中的 "孔" 约束 间距 0.3500 mm; 实际 0.0000 mm)
    规则: <电路板配置> 中的 "孔" 约束; error
    @(231.1318 mm, 147.3801 mm): 过孔 [D+5V] (Top - Bottom)
    @(248.7898 mm, 107.1411 mm): 填充区 [AGND] 在 Top, Bottom 和 2 个更多上
[hole_clearance]: 孔间距违规 (<电路板配置> 中的 "孔" 约束 间距 0.3500 mm; 实际 0.0000 mm)
    规则: <电路板配置> 中的 "孔" 约束; error
    @(231.1318 mm, 147.3801 mm): 过孔 [D+5V] (Top - Bottom)
    @(248.7898 mm, 107.1411 mm): 填充区 [AGND] 在 Top, Bottom 和 2 个更多上
[hole_clearance]: 孔间距违规 (<电路板配置> 中的 "孔" 约束 间距 0.3500 mm; 实际 0.0000 mm)
    规则: <电路板配置> 中的 "孔" 约束; error
    @(231.1318 mm, 147.3801 mm): 过孔 [D+5V] (Top - Bottom)
    @(248.7898 mm, 107.1411 mm): 填充区 [AGND] 在 Top, Bottom 和 2 个更多上
[hole_clearance]: 孔间距违规 (<电路板配置> 中的 "孔" 约束 间距 0.3500 mm; 实际 0.2702 mm)
    规则: <电路板配置> 中的 "孔" 约束; error
    @(177.7249 mm, 231.5865 mm): Top 上 Q46 的焊盘 A1B12 [AGND]
    @(178.0251 mm, 232.7567 mm): Q46 的非金属化焊盘
[hole_clearance]: 孔间距违规 (<电路板配置> 中的 "孔" 约束 间距 0.3500 mm; 实际 0.3029 mm)
    规则: <电路板配置> 中的 "孔" 约束; error
    @(178.5250 mm, 231.5865 mm): Top 上 Q46 的焊盘 A4B9 [USB_D+5V]
    @(178.0251 mm, 232.7567 mm): Q46 的非金属化焊盘
[hole_clearance]: 孔间距违规 (<电路板配置> 中的 "孔" 约束 间距 0.3500 mm; 实际 0.2600 mm)
    规则: <电路板配置> 中的 "孔" 约束; error
    @(184.1249 mm, 231.5865 mm): Top 上 Q46 的焊盘 B1A12 [AGND]
    @(183.8249 mm, 232.7465 mm): Q46 的非金属化焊盘
[hole_clearance]: 孔间距违规 (<电路板配置> 中的 "孔" 约束 间距 0.3500 mm; 实际 0.2932 mm)
    规则: <电路板配置> 中的 "孔" 约束; error
    @(183.3250 mm, 231.5865 mm): Top 上 Q46 的焊盘 B4A9 [USB_D+5V]
    @(183.8249 mm, 232.7465 mm): Q46 的非金属化焊盘
[footprint_type_mismatch]: 封装元件类型与封装焊盘不匹配 (应当为 '贴片', 实际为 '通孔')
    局部覆盖; error
    @(219.0548 mm, 178.4204 mm): 封装 CN4
[padstack]: Padstack 存在问题 (负焊膏余量大于焊盘; 不会生成锡膏层)
    局部覆盖; warning
    @(176.6050 mm, 232.2566 mm): Q46 的金属化焊盘 EP [unconnected-(Q46-PadEP)_2]
[padstack]: Padstack 存在问题 (负焊膏余量大于焊盘; 不会生成锡膏层)
    局部覆盖; warning
    @(176.6050 mm, 236.4067 mm): Q46 的金属化焊盘 EP [unconnected-(Q46-PadEP)]
[padstack]: Padstack 存在问题 (负焊膏余量大于焊盘; 不会生成锡膏层)
    局部覆盖; warning
    @(185.2450 mm, 232.2566 mm): Q46 的金属化焊盘 EP [unconnected-(Q46-PadEP)_1]
[padstack]: Padstack 存在问题 (负焊膏余量大于焊盘; 不会生成锡膏层)
    局部覆盖; warning
    @(185.2450 mm, 236.4067 mm): Q46 的金属化焊盘 EP [unconnected-(Q46-PadEP)_3]
[footprint_type_mismatch]: 封装元件类型与封装焊盘不匹配 (应当为 '贴片', 实际为 '通孔')
    局部覆盖; error
    @(90.2888 mm, 155.9797 mm): 封装 CN5
[footprint_type_mismatch]: 封装元件类型与封装焊盘不匹配 (应当为 '贴片', 实际为 '通孔')
    局部覆盖; error
    @(219.0548 mm, 155.9797 mm): 封装 CN3
[footprint_type_mismatch]: 封装元件类型与封装焊盘不匹配 (应当为 '贴片', 实际为 '通孔')
    局部覆盖; error
    @(90.2888 mm, 178.4204 mm): 封装 CN6
[hole_to_hole]: 钻孔太靠近其他孔 (电路板配置约束 最小 0.3995 mm; 实际 0.3410 mm)
    规则: 电路板配置约束; error
    @(184.7571 mm, 205.2098 mm): 过孔 [D+5V] (Top - Bottom)
    @(185.2578 mm, 205.6101 mm): 过孔 [D+5V] (Top - Bottom)
[hole_to_hole]: 钻孔太靠近其他孔 (电路板配置约束 最小 0.3995 mm; 实际 0.3474 mm)
    规则: 电路板配置约束; error
    @(185.7574 mm, 205.1984 mm): 过孔 [D+5V] (Top - Bottom)
    @(185.2578 mm, 205.6101 mm): 过孔 [D+5V] (Top - Bottom)
[lib_footprint_mismatch]: 封装 'CAP-TH_BD6.3-P2.50-D1.0-FD' 与来源库 'Lib_sheet_10' 中的封装存在差异。
    局部覆盖; warning
    @(217.5478 mm, 226.8701 mm): 封装 C144
[lib_footprint_mismatch]: 封装 'R_1206_3216Metric' 与来源库 'Resistor_SMD' 中的封装存在差异。
    局部覆盖; warning
    @(234.1808 mm, 124.0202 mm): 封装 R91
[lib_footprint_mismatch]: 封装 'R_1206_3216Metric' 与来源库 'Resistor_SMD' 中的封装存在差异。
    局部覆盖; warning
    @(72.7298 mm, 194.6942 mm): 封装 R283
[lib_footprint_mismatch]: 封装 'R_1206_3216Metric' 与来源库 'Resistor_SMD' 中的封装存在差异。
    局部覆盖; warning
    @(72.7298 mm, 163.4652 mm): 封装 R286
[lib_footprint_mismatch]: 封装 'SOT-23-3_L2.9-W1.6-P1.90-LS2.8-BR' 与来源库 'Lib_sheet_10' 中的封装存在差异。
    局部覆盖; warning
    @(69.5448 mm, 110.2691 mm): 封装 D35
[lib_footprint_mismatch]: 封装 'R_1206_3216Metric' 与来源库 'Resistor_SMD' 中的封装存在差异。
    局部覆盖; warning
    @(234.1808 mm, 206.8822 mm): 封装 R68
[lib_footprint_mismatch]: 封装 'SOT-23-3_L2.9-W1.6-P1.90-LS2.8-BR' 与来源库 'Lib_sheet_10' 中的封装存在差异。
    局部覆盖; warning
    @(99.9028 mm, 110.2421 mm): 封装 D39
[lib_footprint_mismatch]: 封装 'CONN-TH_6P-P2.54_DIBO_DB141V-2.54-6P' 与来源库 'Lib_sheet_10' 中的封装存在差异。
    局部覆盖; warning
    @(255.1338 mm, 176.7949 mm): 封装 CN2
[lib_footprint_mismatch]: 封装 'PinSocket_2x02_P2.54mm_Vertical' 与来源库 'Connector_PinSocket_2.54mm' 中的封装存在差异。
    局部覆盖; warning
    @(230.3938 mm, 116.5681 mm): 封装 J2
[lib_footprint_mismatch]: 封装 'SMA_L4.3-W2.6-LS5.2-RD' 与来源库 'Lib_sheet_10' 中的封装存在差异。
    局部覆盖; warning
    @(86.5069 mm, 220.8600 mm): 封装 D31
[lib_footprint_mismatch]: 封装 'PinSocket_2x02_P2.54mm_Vertical' 与来源库 'Connector_PinSocket_2.54mm' 中的封装存在差异。
    局部覆盖; warning
    @(240.6958 mm, 116.4941 mm): 封装 J1
[lib_footprint_mismatch]: 封装 'R_1206_3216Metric' 与来源库 'Resistor_SMD' 中的封装存在差异。
    局部覆盖; warning
    @(91.4018 mm, 168.3152 mm): 封装 R280
[lib_footprint_mismatch]: 封装 'SOT-23-3_L2.9-W1.6-P1.90-LS2.8-BR' 与来源库 'Lib_sheet_10' 中的封装存在差异。
    局部覆盖; warning
    @(217.3058 mm, 110.7196 mm): 封装 D28
[lib_footprint_mismatch]: 封装 'SOT-23-3_L2.9-W1.6-P1.90-LS2.8-BR' 与来源库 'Lib_sheet_10' 中的封装存在差异。
    局部覆盖; warning
    @(72.8448 mm, 110.2691 mm): 封装 D36
[lib_footprint_mismatch]: 封装 'R_1206_3216Metric' 与来源库 'Resistor_SMD' 中的封装存在差异。
    局部覆盖; warning
    @(89.5133 mm, 197.8512 mm): 封装 R277
[lib_footprint_mismatch]: 封装 'HDR-TH_20P-P2.54-V-F-R2-C10-S2.54' 与来源库 'Lib_sheet_10' 中的封装存在差异。
    局部覆盖; warning
    @(227.0168 mm, 103.0190 mm): 封装 J7
[lib_footprint_mismatch]: 封装 'DSUB-TH_15P-P2.29-H-F_DDMRH15PFE006' 与来源库 'Lib_sheet_10' 中的封装存在差异。
    局部覆盖; warning
    @(135.9412 mm, 106.8702 mm): 封装 DSUB1
[lib_footprint_mismatch]: 封装 'R_1206_3216Metric' 与来源库 'Resistor_SMD' 中的封装存在差异。
    局部覆盖; warning
    @(234.1808 mm, 131.8663 mm): 封装 R92
[lib_footprint_mismatch]: 封装 'R_1206_3216Metric' 与来源库 'Resistor_SMD' 中的封装存在差异。
    局部覆盖; warning
    @(89.4858 mm, 189.6592 mm): 封装 R276
[lib_footprint_mismatch]: 封装 'R_1206_3216Metric' 与来源库 'Resistor_SMD' 中的封装存在差异。
    局部覆盖; warning
    @(91.4018 mm, 163.6152 mm): 封装 R279
[lib_footprint_mismatch]: 封装 'R_1206_3216Metric' 与来源库 'Resistor_SMD' 中的封装存在差异。
    局部覆盖; warning
    @(72.7298 mm, 190.0442 mm): 封装 R284
[lib_footprint_mismatch]: 封装 'R_1206_3216Metric' 与来源库 'Resistor_SMD' 中的封装存在差异。
    局部覆盖; warning
    @(75.5308 mm, 128.7804 mm): 封装 R45
[lib_footprint_mismatch]: 封装 'CONN-TH_6P-P2.54_DIBO_DB141V-2.54-6P' 与来源库 'Lib_sheet_10' 中的封装存在差异。
    局部覆盖; warning
    @(255.1338 mm, 153.6202 mm): 封装 CN1
[lib_footprint_mismatch]: 封装 'R_1206_3216Metric' 与来源库 'Resistor_SMD' 中的封装存在差异。
    局部覆盖; warning
    @(234.1808 mm, 166.2577 mm): 封装 R176
[lib_footprint_mismatch]: 封装 'SOIC-8_L4.9-W3.9-P1.27-LS6.0-BL' 与来源库 'Lib_sheet_10' 中的封装存在差异。
    局部覆盖; warning
    @(211.8102 mm, 186.8491 mm): 封装 Q47
[lib_footprint_mismatch]: 封装 'CONN-TH_6P-P2.54_DIBO_DB141V-2.54-6P' 与来源库 'Lib_sheet_10' 中的封装存在差异。
    局部覆盖; warning
    @(54.1718 mm, 180.1149 mm): 封装 CN7
[lib_footprint_mismatch]: 封装 'R_1206_3216Metric' 与来源库 'Resistor_SMD' 中的封装存在差异。
    局部覆盖; warning
    @(91.4018 mm, 165.9652 mm): 封装 R278
[lib_footprint_mismatch]: 封装 'HDR-TH_30P-P2.54-V-F-R2-C15-S2.54' 与来源库 'Lib1connect' 中的封装存在差异。
    局部覆盖; warning
    @(119.3518 mm, 179.8885 mm): 封装 U7
[lib_footprint_mismatch]: 封装 'R_1206_3216Metric' 与来源库 'Resistor_SMD' 中的封装存在差异。
    局部覆盖; warning
    @(89.4823 mm, 195.0222 mm): 封装 R275
[lib_footprint_mismatch]: 封装 'CONN-TH_6P-P2.54_DIBO_DB141V-2.54-6P' 与来源库 'Lib_sheet_10' 中的封装存在差异。
    局部覆盖; warning
    @(54.0921 mm, 156.9402 mm): 封装 CN8
[lib_footprint_mismatch]: 封装 'USB-C-SMD_TYPE-C-16P-1' 与来源库 'Lib4' 中的封装存在差异。
    局部覆盖; warning
    @(180.9250 mm, 233.9966 mm): 封装 Q46
[lib_footprint_mismatch]: 封装 'SOT-23-6_L2.9-W1.6-P0.95-LS2.8-BR' 与来源库 'Lib_sheet_10' 中的封装存在差异。
    局部覆盖; warning
    @(215.2638 mm, 132.8102 mm): 封装 Q14
[lib_footprint_mismatch]: 封装 'SOT-23-3_L2.9-W1.6-P1.90-LS2.8-BR' 与来源库 'Lib_sheet_10' 中的封装存在差异。
    局部覆盖; warning
    @(96.5038 mm, 110.2691 mm): 封装 D38
[lib_footprint_mismatch]: 封装 'R_1206_3216Metric' 与来源库 'Resistor_SMD' 中的封装存在差异。
    局部覆盖; warning
    @(169.5865 mm, 210.3775 mm): 封装 R296
[lib_footprint_mismatch]: 封装 'SOT-23-6_L2.9-W1.6-P0.95-LS2.8-BR' 与来源库 'Lib_sheet_10' 中的封装存在差异。
    局部覆盖; warning
    @(95.4308 mm, 120.2971 mm): 封装 Q6
[lib_footprint_mismatch]: 封装 'SOT-23-3_L2.9-W1.6-P1.90-LS2.8-BR' 与来源库 'Lib_sheet_10' 中的封装存在差异。
    局部覆盖; warning
    @(217.1227 mm, 116.5471 mm): 封装 D29
[lib_footprint_mismatch]: 封装 'R_1206_3216Metric' 与来源库 'Resistor_SMD' 中的封装存在差异。
    局部覆盖; warning
    @(234.1808 mm, 197.6702 mm): 封装 R186
[lib_footprint_mismatch]: 封装 'R_1206_3216Metric' 与来源库 'Resistor_SMD' 中的封装存在差异。
    局部覆盖; warning
    @(234.1808 mm, 214.7692 mm): 封装 R69
[lib_footprint_mismatch]: 封装 'R_1206_3216Metric' 与来源库 'Resistor_SMD' 中的封装存在差异。
    局部覆盖; warning
    @(75.5308 mm, 121.2397 mm): 封装 R46
[lib_footprint_mismatch]: 封装 'R_1206_3216Metric' 与来源库 'Resistor_SMD' 中的封装存在差异。
    局部覆盖; warning
    @(75.5308 mm, 201.9302 mm): 封装 R23
[lib_footprint_mismatch]: 封装 'LED0603-RD_GREEN' 与来源库 'Lib_sheet_10' 中的封装存在差异。
    局部覆盖; warning
    @(155.5742 mm, 138.9066 mm): 封装 D41
[lib_footprint_mismatch]: 封装 'R_1206_3216Metric' 与来源库 'Resistor_SMD' 中的封装存在差异。
    局部覆盖; warning
    @(72.7298 mm, 168.1277 mm): 封装 R285
[lib_footprint_mismatch]: 封装 'TSSOP-14_L5.0-W4.4-P0.65-LS6.4-BL' 与来源库 'Lib_sheet_10' 中的封装存在差异。
    局部覆盖; warning
    @(128.9718 mm, 139.7275 mm): 封装 Q40
[lib_footprint_mismatch]: 封装 'R_1206_3216Metric' 与来源库 'Resistor_SMD' 中的封装存在差异。
    局部覆盖; warning
    @(75.4988 mm, 209.6402 mm): 封装 R22
[lib_footprint_mismatch]: 封装 'SOT-23-6_L2.9-W1.6-P0.95-LS2.8-BR' 与来源库 'Lib_sheet_10' 中的封装存在差异。
    局部覆盖; warning
    @(95.3808 mm, 201.6152 mm): 封装 Q2
[lib_footprint_mismatch]: 封装 'R_1206_3216Metric' 与来源库 'Resistor_SMD' 中的封装存在差异。
    局部覆盖; warning
    @(171.0680 mm, 214.2365 mm): 封装 R299
[lib_footprint_mismatch]: 封装 'OSC-SMD_4P-L2.5-W2.0-BL' 与来源库 'Lib_sheet_10' 中的封装存在差异。
    局部覆盖; warning
    @(223.7488 mm, 190.9596 mm): 封装 X1
[lib_footprint_mismatch]: 封装 'OSC-SMD_4P-L2.5-W2.0-BL' 与来源库 'Lib_sheet_10' 中的封装存在差异。
    局部覆盖; warning
    @(144.1438 mm, 192.1651 mm): 封装 X2
[text_height]: 文字高度超出范围 (<电路板配置> 中的 "丝印文本高度" 约束 最小高度 1.0000 mm; 实际 0.9144 mm)
    规则: <电路板配置> 中的 "丝印文本高度" 约束; warning
    @(219.2468 mm, 171.1560 mm): CN4 的参考字段
[text_height]: 文字高度超出范围 (<电路板配置> 中的 "丝印文本高度" 约束 最小高度 1.0000 mm; 实际 0.9144 mm)
    规则: <电路板配置> 中的 "丝印文本高度" 约束; warning
    @(222.0182 mm, 226.6161 mm): C144 的参考字段
[text_height]: 文字高度超出范围 (<电路板配置> 中的 "丝印文本高度" 约束 最小高度 1.0000 mm; 实际 0.9144 mm)
    规则: <电路板配置> 中的 "丝印文本高度" 约束; warning
    @(174.3122 mm, 226.3400 mm): D37 的参考字段
[text_height]: 文字高度超出范围 (<电路板配置> 中的 "丝印文本高度" 约束 最小高度 1.0000 mm; 实际 0.9144 mm)
    规则: <电路板配置> 中的 "丝印文本高度" 约束; warning
    @(65.4252 mm, 124.1979 mm): L4 的参考字段
[text_height]: 文字高度超出范围 (<电路板配置> 中的 "丝印文本高度" 约束 最小高度 1.0000 mm; 实际 0.9144 mm)
    规则: <电路板配置> 中的 "丝印文本高度" 约束; warning
    @(90.2712 mm, 208.9418 mm): Q1 的参考字段
[text_height]: 文字高度超出范围 (<电路板配置> 中的 "丝印文本高度" 约束 最小高度 1.0000 mm; 实际 0.9144 mm)
    规则: <电路板配置> 中的 "丝印文本高度" 约束; warning
    @(232.0802 mm, 124.0202 mm): Q15 的参考字段
[text_thickness]: 文本线宽超出范围 (<电路板配置> 中的 "丝印文本线宽" 约束 最小宽度 0.1500 mm; 实际 0.1000 mm)
    规则: <电路板配置> 中的 "丝印文本线宽" 约束; warning
    @(256.6718 mm, 100.7001 mm): M5 的参考字段
[text_height]: 文字高度超出范围 (<电路板配置> 中的 "丝印文本高度" 约束 最小高度 1.0000 mm; 实际 0.9144 mm)
    规则: <电路板配置> 中的 "丝印文本高度" 约束; warning
    @(180.9210 mm, 216.7911 mm): Q48 的参考字段
[text_height]: 文字高度超出范围 (<电路板配置> 中的 "丝印文本高度" 约束 最小高度 1.0000 mm; 实际 0.9144 mm)
    规则: <电路板配置> 中的 "丝印文本高度" 约束; warning
    @(115.5758 mm, 144.6986 mm): Q20 的参考字段
[text_height]: 文字高度超出范围 (<电路板配置> 中的 "丝印文本高度" 约束 最小高度 1.0000 mm; 实际 0.9144 mm)
    规则: <电路板配置> 中的 "丝印文本高度" 约束; warning
    @(215.2130 mm, 195.3568 mm): Q24 的参考字段
[text_height]: 文字高度超出范围 (<电路板配置> 中的 "丝印文本高度" 约束 最小高度 1.0000 mm; 实际 0.9144 mm)
    规则: <电路板配置> 中的 "丝印文本高度" 约束; warning
    @(72.4912 mm, 110.2690 mm): D35 的参考字段
[text_height]: 文字高度超出范围 (<电路板配置> 中的 "丝印文本高度" 约束 最小高度 1.0000 mm; 实际 0.9144 mm)
    规则: <电路板配置> 中的 "丝印文本高度" 约束; warning
    @(259.0478 mm, 191.6730 mm): DSUB3 的参考字段
[text_thickness]: 文本线宽超出范围 (<电路板配置> 中的 "丝印文本线宽" 约束 最小宽度 0.1500 mm; 实际 0.1270 mm)
    规则: <电路板配置> 中的 "丝印文本线宽" 约束; warning
    @(254.8131 mm, 213.7594 mm): DSUB3 的封装文本 (9),
[text_height]: 文字高度超出范围 (<电路板配置> 中的 "丝印文本高度" 约束 最小高度 1.0000 mm; 实际 0.7112 mm)
    规则: <电路板配置> 中的 "丝印文本高度" 约束; warning
    @(254.8131 mm, 213.7594 mm): DSUB3 的封装文本 (9),
[text_thickness]: 文本线宽超出范围 (<电路板配置> 中的 "丝印文本线宽" 约束 最小宽度 0.1500 mm; 实际 0.1270 mm)
    规则: <电路板配置> 中的 "丝印文本线宽" 约束; warning
    @(254.9129 mm, 201.9593 mm): DSUB3 的封装文本 (6),
[text_height]: 文字高度超出范围 (<电路板配置> 中的 "丝印文本高度" 约束 最小高度 1.0000 mm; 实际 0.7112 mm)
    规则: <电路板配置> 中的 "丝印文本高度" 约束; warning
    @(254.9129 mm, 201.9593 mm): DSUB3 的封装文本 (6),
[text_height]: 文字高度超出范围 (<电路板配置> 中的 "丝印文本高度" 约束 最小高度 1.0000 mm; 实际 0.9144 mm)
    规则: <电路板配置> 中的 "丝印文本高度" 约束; warning
    @(232.0802 mm, 197.6702 mm): Q23 的参考字段
[text_height]: 文字高度超出范围 (<电路板配置> 中的 "丝印文本高度" 约束 最小高度 1.0000 mm; 实际 0.9144 mm)
    规则: <电路板配置> 中的 "丝印文本高度" 约束; warning
    @(239.1628 mm, 126.9666 mm): D7 的参考字段
[text_height]: 文字高度超出范围 (<电路板配置> 中的 "丝印文本高度" 约束 最小高度 1.0000 mm; 实际 0.9144 mm)
    规则: <电路板配置> 中的 "丝印文本高度" 约束; warning
    @(111.5341 mm, 117.7503 mm): L14 的参考字段
[text_height]: 文字高度超出范围 (<电路板配置> 中的 "丝印文本高度" 约束 最小高度 1.0000 mm; 实际 0.9144 mm)
    规则: <电路板配置> 中的 "丝印文本高度" 约束; warning
    @(157.3682 mm, 122.9303 mm): D11 的参考字段
[text_height]: 文字高度超出范围 (<电路板配置> 中的 "丝印文本高度" 约束 最小高度 1.0000 mm; 实际 0.9144 mm)
    规则: <电路板配置> 中的 "丝印文本高度" 约束; warning
    @(102.8492 mm, 110.2420 mm): D39 的参考字段
[text_height]: 文字高度超出范围 (<电路板配置> 中的 "丝印文本高度" 约束 最小高度 1.0000 mm; 实际 0.9144 mm)
    规则: <电路板配置> 中的 "丝印文本高度" 约束; warning
    @(77.9064 mm, 128.7804 mm): Q7 的参考字段
[text_height]: 文字高度超出范围 (<电路板配置> 中的 "丝印文本高度" 约束 最小高度 1.0000 mm; 实际 0.9144 mm)
    规则: <电路板配置> 中的 "丝印文本高度" 约束; warning
    @(263.6682 mm, 178.3189 mm): CN2 的参考字段
[text_height]: 文字高度超出范围 (<电路板配置> 中的 "丝印文本高度" 约束 最小高度 1.0000 mm; 实际 0.9144 mm)
    规则: <电路板配置> 中的 "丝印文本高度" 约束; warning
    @(64.7718 mm, 180.9785 mm): D32 的参考字段
[text_height]: 文字高度超出范围 (<电路板配置> 中的 "丝印文本高度" 约束 最小高度 1.0000 mm; 实际 0.9144 mm)
    规则: <电路板配置> 中的 "丝印文本高度" 约束; warning
    @(89.1993 mm, 220.8600 mm): D31 的参考字段
[text_height]: 文字高度超出范围 (<电路板配置> 中的 "丝印文本高度" 约束 最小高度 1.0000 mm; 实际 0.9144 mm)
    规则: <电路板配置> 中的 "丝印文本高度" 约束; warning
    @(90.5032 mm, 128.2918 mm): Q5 的参考字段
[text_height]: 文字高度超出范围 (<电路板配置> 中的 "丝印文本高度" 约束 最小高度 1.0000 mm; 实际 0.9144 mm)
    规则: <电路板配置> 中的 "丝印文本高度" 约束; warning
    @(217.3059 mm, 113.6660 mm): D28 的参考字段
[text_height]: 文字高度超出范围 (<电路板配置> 中的 "丝印文本高度" 约束 最小高度 1.0000 mm; 实际 0.9144 mm)
    规则: <电路板配置> 中的 "丝印文本高度" 约束; warning
    @(75.7912 mm, 110.2690 mm): D36 的参考字段
[text_height]: 文字高度超出范围 (<电路板配置> 中的 "丝印文本高度" 约束 最小高度 1.0000 mm; 实际 0.9144 mm)
    规则: <电路板配置> 中的 "丝印文本高度" 约束; warning
    @(72.0317 mm, 175.0963 mm): Q34 的参考字段
[text_height]: 文字高度超出范围 (<电路板配置> 中的 "丝印文本高度" 约束 最小高度 1.0000 mm; 实际 0.9144 mm)
    规则: <电路板配置> 中的 "丝印文本高度" 约束; warning
    @(50.1259 mm, 224.8462 mm): DSUB5 的参考字段
[text_height]: 文字高度超出范围 (<电路板配置> 中的 "丝印文本高度" 约束 最小高度 1.0000 mm; 实际 0.9144 mm)
    规则: <电路板配置> 中的 "丝印文本高度" 约束; warning
    @(92.5208 mm, 155.8120 mm): Q32 的参考字段
[text_height]: 文字高度超出范围 (<电路板配置> 中的 "丝印文本高度" 约束 最小高度 1.0000 mm; 实际 0.9144 mm)
    规则: <电路板配置> 中的 "丝印文本高度" 约束; warning
    @(70.3952 mm, 118.3141 mm): D4 的参考字段
[text_height]: 文字高度超出范围 (<电路板配置> 中的 "丝印文本高度" 约束 最小高度 1.0000 mm; 实际 0.9144 mm)
    规则: <电路板配置> 中的 "丝印文本高度" 约束; warning
    @(243.9919 mm, 121.0828 mm): L7 的参考字段
[text_height]: 文字高度超出范围 (<电路板配置> 中的 "丝印文本高度" 约束 最小高度 1.0000 mm; 实际 0.9144 mm)
    规则: <电路板配置> 中的 "丝印文本高度" 约束; warning
    @(77.9064 mm, 201.9302 mm): Q4 的参考字段
[text_height]: 文字高度超出范围 (<电路板配置> 中的 "丝印文本高度" 约束 最小高度 1.0000 mm; 实际 0.9144 mm)
    规则: <电路板配置> 中的 "丝印文本高度" 约束; warning
    @(243.9919 mm, 146.8728 mm): L15 的参考字段
[text_height]: 文字高度超出范围 (<电路板配置> 中的 "丝印文本高度" 约束 最小高度 1.0000 mm; 实际 0.9144 mm)
    规则: <电路板配置> 中的 "丝印文本高度" 约束; warning
    @(189.8597 mm, 161.7785 mm): U5 的参考字段
[text_height]: 文字高度超出范围 (<电路板配置> 中的 "丝印文本高度" 约束 最小高度 1.0000 mm; 实际 0.9144 mm)
    规则: <电路板配置> 中的 "丝印文本高度" 约束; warning
    @(209.3851 mm, 149.4157 mm): D17 的参考字段
[text_height]: 文字高度超出范围 (<电路板配置> 中的 "丝印文本高度" 约束 最小高度 1.0000 mm; 实际 0.9144 mm)
    规则: <电路板配置> 中的 "丝印文本高度" 约束; warning
    @(94.4498 mm, 156.5805 mm): D21 的参考字段
[text_height]: 文字高度超出范围 (<电路板配置> 中的 "丝印文本高度" 约束 最小高度 1.0000 mm; 实际 0.9144 mm)
    规则: <电路板配置> 中的 "丝印文本高度" 约束; warning
    @(226.8898 mm, 99.1836 mm): J7 的参考字段
[text_height]: 文字高度超出范围 (<电路板配置> 中的 "丝印文本高度" 约束 最小高度 1.0000 mm; 实际 0.9144 mm)
    规则: <电路板配置> 中的 "丝印文本高度" 约束; warning
    @(135.9412 mm, 113.6307 mm): DSUB1 的参考字段
[text_height]: 文字高度超出范围 (<电路板配置> 中的 "丝印文本高度" 约束 最小高度 1.0000 mm; 实际 0.9144 mm)
    规则: <电路板配置> 中的 "丝印文本高度" 约束; warning
    @(215.2130 mm, 159.8318 mm): Q22 的参考字段
[text_height]: 文字高度超出范围 (<电路板配置> 中的 "丝印文本高度" 约束 最小高度 1.0000 mm; 实际 0.9144 mm)
    规则: <电路板配置> 中的 "丝印文本高度" 约束; warning
    @(143.0758 mm, 144.6986 mm): Q19 的参考字段
[text_height]: 文字高度超出范围 (<电路板配置> 中的 "丝印文本高度" 约束 最小高度 1.0000 mm; 实际 0.9144 mm)
    规则: <电路板配置> 中的 "丝印文本高度" 约束; warning
    @(77.9064 mm, 121.2397 mm): Q8 的参考字段
[text_height]: 文字高度超出范围 (<电路板配置> 中的 "丝印文本高度" 约束 最小高度 1.0000 mm; 实际 0.9144 mm)
    规则: <电路板配置> 中的 "丝印文本高度" 约束; warning
    @(157.3591 mm, 117.7503 mm): L11 的参考字段
[text_height]: 文字高度超出范围 (<电路板配置> 中的 "丝印文本高度" 约束 最小高度 1.0000 mm; 实际 0.9144 mm)
    规则: <电路板配置> 中的 "丝印文本高度" 约束; warning
    @(176.2528 mm, 196.5892 mm): U3 的参考字段
[text_height]: 文字高度超出范围 (<电路板配置> 中的 "丝印文本高度" 约束 最小高度 1.0000 mm; 实际 0.9144 mm)
    规则: <电路板配置> 中的 "丝印文本高度" 约束; warning
    @(178.2376 mm, 224.3675 mm): L19 的参考字段
[text_height]: 文字高度超出范围 (<电路板配置> 中的 "丝印文本高度" 约束 最小高度 1.0000 mm; 实际 0.9144 mm)
    规则: <电路板配置> 中的 "丝印文本高度" 约束; warning
    @(220.1914 mm, 124.5768 mm): Q13 的参考字段
[text_height]: 文字高度超出范围 (<电路板配置> 中的 "丝印文本高度" 约束 最小高度 1.0000 mm; 实际 0.9144 mm)
    规则: <电路板配置> 中的 "丝印文本高度" 约束; warning
    @(243.9919 mm, 170.0476 mm): L16 的参考字段
[text_height]: 文字高度超出范围 (<电路板配置> 中的 "丝印文本高度" 约束 最小高度 1.0000 mm; 实际 0.9144 mm)
    规则: <电路板配置> 中的 "丝印文本高度" 约束; warning
    @(150.0182 mm, 122.9303 mm): D9 的参考字段
[text_height]: 文字高度超出范围 (<电路板配置> 中的 "丝印文本高度" 约束 最小高度 1.0000 mm; 实际 0.9144 mm)
    规则: <电路板配置> 中的 "丝印文本高度" 约束; warning
    @(222.7212 mm, 140.1718 mm): Q25 的参考字段
[text_height]: 文字高度超出范围 (<电路板配置> 中的 "丝印文本高度" 约束 最小高度 1.0000 mm; 实际 0.9144 mm)
    规则: <电路板配置> 中的 "丝印文本高度" 约束; warning
    @(77.8954 mm, 192.3442 mm): Q42 的参考字段
[text_height]: 文字高度超出范围 (<电路板配置> 中的 "丝印文本高度" 约束 最小高度 1.0000 mm; 实际 0.9144 mm)
    规则: <电路板配置> 中的 "丝印文本高度" 约束; warning
    @(233.4739 mm, 185.4859 mm): Q28 的参考字段
[text_thickness]: 文本线宽超出范围 (<电路板配置> 中的 "丝印文本线宽" 约束 最小宽度 0.1500 mm; 实际 0.1000 mm)
    规则: <电路板配置> 中的 "丝印文本线宽" 约束; warning
    @(52.6718 mm, 232.7001 mm): M3 的参考字段
[text_height]: 文字高度超出范围 (<电路板配置> 中的 "丝印文本高度" 约束 最小高度 1.0000 mm; 实际 0.9144 mm)
    规则: <电路板配置> 中的 "丝印文本高度" 约束; warning
    @(215.9728 mm, 177.9307 mm): D19 的参考字段
[text_height]: 文字高度超出范围 (<电路板配置> 中的 "丝印文本高度" 约束 最小高度 1.0000 mm; 实际 0.9144 mm)
    规则: <电路板配置> 中的 "丝印文本高度" 约束; warning
    @(70.3952 mm, 125.8340 mm): D3 的参考字段
[text_height]: 文字高度超出范围 (<电路板配置> 中的 "丝印文本高度" 约束 最小高度 1.0000 mm; 实际 0.9144 mm)
    规则: <电路板配置> 中的 "丝印文本高度" 约束; warning
    @(232.0802 mm, 214.7692 mm): Q12 的参考字段
[text_height]: 文字高度超出范围 (<电路板配置> 中的 "丝印文本高度" 约束 最小高度 1.0000 mm; 实际 0.9144 mm)
    规则: <电路板配置> 中的 "丝印文本高度" 约束; warning
    @(263.6682 mm, 155.1442 mm): CN1 的参考字段
[text_height]: 文字高度超出范围 (<电路板配置> 中的 "丝印文本高度" 约束 最小高度 1.0000 mm; 实际 0.9144 mm)
    规则: <电路板配置> 中的 "丝印文本高度" 约束; warning
    @(210.4502 mm, 182.8237 mm): Q47 的参考字段
[text_height]: 文字高度超出范围 (<电路板配置> 中的 "丝印文本高度" 约束 最小高度 1.0000 mm; 实际 0.9144 mm)
    规则: <电路板配置> 中的 "丝印文本高度" 约束; warning
    @(65.5019 mm, 204.8675 mm): L2 的参考字段
[text_height]: 文字高度超出范围 (<电路板配置> 中的 "丝印文本高度" 约束 最小高度 1.0000 mm; 实际 0.9144 mm)
    规则: <电路板配置> 中的 "丝印文本高度" 约束; warning
    @(65.4252 mm, 131.7177 mm): L3 的参考字段
[text_height]: 文字高度超出范围 (<电路板配置> 中的 "丝印文本高度" 约束 最小高度 1.0000 mm; 实际 0.9144 mm)
    规则: <电路板配置> 中的 "丝印文本高度" 约束; warning
    @(243.9919 mm, 203.9421 mm): L5 的参考字段
[text_height]: 文字高度超出范围 (<电路板配置> 中的 "丝印文本高度" 约束 最小高度 1.0000 mm; 实际 0.9144 mm)
    规则: <电路板配置> 中的 "丝印文本高度" 约束; warning
    @(239.1628 mm, 209.8259 mm): D5 的参考字段
[text_thickness]: 文本线宽超出范围 (<电路板配置> 中的 "丝印文本线宽" 约束 最小宽度 0.1500 mm; 实际 0.1000 mm)
    规则: <电路板配置> 中的 "丝印文本线宽" 约束; warning
    @(196.6718 mm, 100.7001 mm): M6 的参考字段
[text_thickness]: 文本线宽超出范围 (<电路板配置> 中的 "丝印文本线宽" 约束 最小宽度 0.1500 mm; 实际 0.1000 mm)
    规则: <电路板配置> 中的 "丝印文本线宽" 约束; warning
    @(112.6718 mm, 100.7001 mm): M7 的参考字段
[text_height]: 文字高度超出范围 (<电路板配置> 中的 "丝印文本高度" 约束 最小高度 1.0000 mm; 实际 0.9144 mm)
    规则: <电路板配置> 中的 "丝印文本高度" 约束; warning
    @(142.8591 mm, 117.7503 mm): L10 的参考字段
[text_height]: 文字高度超出范围 (<电路板配置> 中的 "丝印文本高度" 约束 最小高度 1.0000 mm; 实际 0.9144 mm)
    规则: <电路板配置> 中的 "丝印文本高度" 约束; warning
    @(45.6374 mm, 178.5909 mm): CN7 的参考字段
[text_height]: 文字高度超出范围 (<电路板配置> 中的 "丝印文本高度" 约束 最小高度 1.0000 mm; 实际 0.9144 mm)
    规则: <电路板配置> 中的 "丝印文本高度" 约束; warning
    @(76.4648 mm, 168.7026 mm): L18 的参考字段
[text_height]: 文字高度超出范围 (<电路板配置> 中的 "丝印文本高度" 约束 最小高度 1.0000 mm; 实际 0.9144 mm)
    规则: <电路板配置> 中的 "丝印文本高度" 约束; warning
    @(125.6342 mm, 117.7503 mm): L12 的参考字段
[text_height]: 文字高度超出范围 (<电路板配置> 中的 "丝印文本高度" 约束 最小高度 1.0000 mm; 实际 0.9144 mm)
    规则: <电路板配置> 中的 "丝印文本高度" 约束; warning
    @(111.5432 mm, 122.9303 mm): D14 的参考字段
[text_height]: 文字高度超出范围 (<电路板配置> 中的 "丝印文本高度" 约束 最小高度 1.0000 mm; 实际 0.9144 mm)
    规则: <电路板配置> 中的 "丝印文本高度" 约束; warning
    @(239.1628 mm, 152.7566 mm): D15 的参考字段
[text_height]: 文字高度超出范围 (<电路板配置> 中的 "丝印文本高度" 约束 最小高度 1.0000 mm; 实际 0.9144 mm)
    规则: <电路板配置> 中的 "丝印文本高度" 约束; warning
    @(139.8942 mm, 227.1117 mm): J8 的参考字段
[text_height]: 文字高度超出范围 (<电路板配置> 中的 "丝印文本高度" 约束 最小高度 1.0000 mm; 实际 0.9144 mm)
    规则: <电路板配置> 中的 "丝印文本高度" 约束; warning
    @(232.0802 mm, 206.8822 mm): Q11 的参考字段
[text_height]: 文字高度超出范围 (<电路板配置> 中的 "丝印文本高度" 约束 最小高度 1.0000 mm; 实际 0.9144 mm)
    规则: <电路板配置> 中的 "丝印文本高度" 约束; warning
    @(142.8682 mm, 122.9303 mm): D10 的参考字段
[text_height]: 文字高度超出范围 (<电路板配置> 中的 "丝印文本高度" 约束 最小高度 1.0000 mm; 实际 0.9144 mm)
    规则: <电路板配置> 中的 "丝印文本高度" 约束; warning
    @(50.1259 mm, 141.9869 mm): DSUB2 的参考字段
[text_thickness]: 文本线宽超出范围 (<电路板配置> 中的 "丝印文本线宽" 约束 最小宽度 0.1500 mm; 实际 0.1270 mm)
    规则: <电路板配置> 中的 "丝印文本线宽" 约束; warning
    @(54.3606 mm, 119.9005 mm): DSUB2 的封装文本 (9),
[text_height]: 文字高度超出范围 (<电路板配置> 中的 "丝印文本高度" 约束 最小高度 1.0000 mm; 实际 0.7112 mm)
    规则: <电路板配置> 中的 "丝印文本高度" 约束; warning
    @(54.3606 mm, 119.9005 mm): DSUB2 的封装文本 (9),
[text_thickness]: 文本线宽超出范围 (<电路板配置> 中的 "丝印文本线宽" 约束 最小宽度 0.1500 mm; 实际 0.1270 mm)
    规则: <电路板配置> 中的 "丝印文本线宽" 约束; warning
    @(57.6395 mm, 132.7491 mm): DSUB2 的封装文本 (1),
[text_height]: 文字高度超出范围 (<电路板配置> 中的 "丝印文本高度" 约束 最小高度 1.0000 mm; 实际 0.7112 mm)
    规则: <电路板配置> 中的 "丝印文本高度" 约束; warning
    @(57.6395 mm, 132.7491 mm): DSUB2 的封装文本 (1),
[text_thickness]: 文本线宽超出范围 (<电路板配置> 中的 "丝印文本线宽" 约束 最小宽度 0.1500 mm; 实际 0.1270 mm)
    规则: <电路板配置> 中的 "丝印文本线宽" 约束; warning
    @(54.2608 mm, 131.7006 mm): DSUB2 的封装文本 (6),
[text_height]: 文字高度超出范围 (<电路板配置> 中的 "丝印文本高度" 约束 最小高度 1.0000 mm; 实际 0.7112 mm)
    规则: <电路板配置> 中的 "丝印文本高度" 约束; warning
    @(54.2608 mm, 131.7006 mm): DSUB2 的封装文本 (6),
[text_thickness]: 文本线宽超出范围 (<电路板配置> 中的 "丝印文本线宽" 约束 最小宽度 0.1500 mm; 实际 0.1270 mm)
    规则: <电路板配置> 中的 "丝印文本线宽" 约束; warning
    @(57.5379 mm, 118.6013 mm): DSUB2 的封装文本 (5),
[text_height]: 文字高度超出范围 (<电路板配置> 中的 "丝印文本高度" 约束 最小高度 1.0000 mm; 实际 0.7112 mm)
    规则: <电路板配置> 中的 "丝印文本高度" 约束; warning
    @(57.5379 mm, 118.6013 mm): DSUB2 的封装文本 (5),
[text_height]: 文字高度超出范围 (<电路板配置> 中的 "丝印文本高度" 约束 最小高度 1.0000 mm; 实际 0.9144 mm)
    规则: <电路板配置> 中的 "丝印文本高度" 约束; warning
    @(77.2202 mm, 139.2673 mm): Q31 的参考字段
[text_thickness]: 文本线宽超出范围 (<电路板配置> 中的 "丝印文本线宽" 约束 最小宽度 0.1500 mm; 实际 0.1000 mm)
    规则: <电路板配置> 中的 "丝印文本线宽" 约束; warning
    @(196.6718 mm, 232.7001 mm): M1 的参考字段
[text_height]: 文字高度超出范围 (<电路板配置> 中的 "丝印文本高度" 约束 最小高度 1.0000 mm; 实际 0.9144 mm)
    规则: <电路板配置> 中的 "丝印文本高度" 约束; warning
    @(174.1686 mm, 94.0448 mm): RJ1.1 的参考字段
[text_height]: 文字高度超出范围 (<电路板配置> 中的 "丝印文本高度" 约束 最小高度 1.0000 mm; 实际 0.9144 mm)
    规则: <电路板配置> 中的 "丝印文本高度" 约束; warning
    @(122.8062 mm, 179.6345 mm): U7 的参考字段
[text_height]: 文字高度超出范围 (<电路板配置> 中的 "丝印文本高度" 约束 最小高度 1.0000 mm; 实际 0.9144 mm)
    规则: <电路板配置> 中的 "丝印文本高度" 约束; warning
    @(125.6432 mm, 122.9303 mm): D12 的参考字段
[text_height]: 文字高度超出范围 (<电路板配置> 中的 "丝印文本高度" 约束 最小高度 1.0000 mm; 实际 0.9144 mm)
    规则: <电路板配置> 中的 "丝印文本高度" 约束; warning
    @(221.2774 mm, 155.8120 mm): Q26 的参考字段
[text_height]: 文字高度超出范围 (<电路板配置> 中的 "丝印文本高度" 约束 最小高度 1.0000 mm; 实际 0.9144 mm)
    规则: <电路板配置> 中的 "丝印文本高度" 约束; warning
    @(216.8386 mm, 178.5291 mm): Q29 的参考字段
[text_height]: 文字高度超出范围 (<电路板配置> 中的 "丝印文本高度" 约束 最小高度 1.0000 mm; 实际 0.9144 mm)
    规则: <电路板配置> 中的 "丝印文本高度" 约束; warning
    @(148.9976 mm, 196.5892 mm): U4 的参考字段
[text_height]: 文字高度超出范围 (<电路板配置> 中的 "丝印文本高度" 约束 最小高度 1.0000 mm; 实际 0.9144 mm)
    规则: <电路板配置> 中的 "丝印文本高度" 约束; warning
    @(168.4168 mm, 135.7716 mm): Q18 的参考字段
[text_height]: 文字高度超出范围 (<电路板配置> 中的 "丝印文本高度" 约束 最小高度 1.0000 mm; 实际 0.9144 mm)
    规则: <电路板配置> 中的 "丝印文本高度" 约束; warning
    @(232.0802 mm, 131.8663 mm): Q16 的参考字段
[text_height]: 文字高度超出范围 (<电路板配置> 中的 "丝印文本高度" 约束 最小高度 1.0000 mm; 实际 0.9144 mm)
    规则: <电路板配置> 中的 "丝印文本高度" 约束; warning
    @(189.8597 mm, 188.4739 mm): U6 的参考字段
[text_height]: 文字高度超出范围 (<电路板配置> 中的 "丝印文本高度" 约束 最小高度 1.0000 mm; 实际 0.9144 mm)
    规则: <电路板配置> 中的 "丝印文本高度" 约束; warning
    @(77.9064 mm, 209.6402 mm): Q3 的参考字段
[text_height]: 文字高度超出范围 (<电路板配置> 中的 "丝印文本高度" 约束 最小高度 1.0000 mm; 实际 0.9144 mm)
    规则: <电路板配置> 中的 "丝印文本高度" 约束; warning
    @(167.7182 mm, 148.4802 mm): U1 的参考字段
[text_height]: 文字高度超出范围 (<电路板配置> 中的 "丝印文本高度" 约束 最小高度 1.0000 mm; 实际 0.9144 mm)
    规则: <电路板配置> 中的 "丝印文本高度" 约束; warning
    @(157.7942 mm, 227.1117 mm): J4 的参考字段
[text_height]: 文字高度超出范围 (<电路板配置> 中的 "丝印文本高度" 约束 最小高度 1.0000 mm; 实际 0.9144 mm)
    规则: <电路板配置> 中的 "丝印文本高度" 约束; warning
    @(220.1914 mm, 207.7746 mm): Q9 的参考字段
[text_thickness]: 文本线宽超出范围 (<电路板配置> 中的 "丝印文本线宽" 约束 最小宽度 0.1500 mm; 实际 0.1000 mm)
    规则: <电路板配置> 中的 "丝印文本线宽" 约束; warning
    @(112.6718 mm, 232.7001 mm): M2 的参考字段
[text_height]: 文字高度超出范围 (<电路板配置> 中的 "丝印文本高度" 约束 最小高度 1.0000 mm; 实际 0.9144 mm)
    规则: <电路板配置> 中的 "丝印文本高度" 约束; warning
    @(88.0599 mm, 178.5291 mm): Q35 的参考字段
[text_height]: 文字高度超出范围 (<电路板配置> 中的 "丝印文本高度" 约束 最小高度 1.0000 mm; 实际 0.9144 mm)
    规则: <电路板配置> 中的 "丝印文本高度" 约束; warning
    @(45.5577 mm, 155.4162 mm): CN8 的参考字段
[text_height]: 文字高度超出范围 (<电路板配置> 中的 "丝印文本高度" 约束 最小高度 1.0000 mm; 实际 0.9144 mm)
    规则: <电路板配置> 中的 "丝印文本高度" 约束; warning
    @(150.0092 mm, 117.7503 mm): L9 的参考字段
[text_height]: 文字高度超出范围 (<电路板配置> 中的 "丝印文本高度" 约束 最小高度 1.0000 mm; 实际 0.9144 mm)
    规则: <电路板配置> 中的 "丝印文本高度" 约束; warning
    @(259.0478 mm, 108.8137 mm): DSUB4 的参考字段
[text_thickness]: 文本线宽超出范围 (<电路板配置> 中的 "丝印文本线宽" 约束 最小宽度 0.1500 mm; 实际 0.1270 mm)
    规则: <电路板配置> 中的 "丝印文本线宽" 约束; warning
    @(251.6358 mm, 132.1993 mm): DSUB4 的封装文本 (5),
[text_height]: 文字高度超出范围 (<电路板配置> 中的 "丝印文本高度" 约束 最小高度 1.0000 mm; 实际 0.7112 mm)
    规则: <电路板配置> 中的 "丝印文本高度" 约束; warning
    @(251.6358 mm, 132.1993 mm): DSUB4 的封装文本 (5),
[text_thickness]: 文本线宽超出范围 (<电路板配置> 中的 "丝印文本线宽" 约束 最小宽度 0.1500 mm; 实际 0.1270 mm)
    规则: <电路板配置> 中的 "丝印文本线宽" 约束; warning
    @(254.8131 mm, 130.9001 mm): DSUB4 的封装文本 (9),
[text_height]: 文字高度超出范围 (<电路板配置> 中的 "丝印文本高度" 约束 最小高度 1.0000 mm; 实际 0.7112 mm)
    规则: <电路板配置> 中的 "丝印文本高度" 约束; warning
    @(254.8131 mm, 130.9001 mm): DSUB4 的封装文本 (9),
[text_thickness]: 文本线宽超出范围 (<电路板配置> 中的 "丝印文本线宽" 约束 最小宽度 0.1500 mm; 实际 0.1270 mm)
    规则: <电路板配置> 中的 "丝印文本线宽" 约束; warning
    @(254.9129 mm, 119.1000 mm): DSUB4 的封装文本 (6),
[text_height]: 文字高度超出范围 (<电路板配置> 中的 "丝印文本高度" 约束 最小高度 1.0000 mm; 实际 0.7112 mm)
    规则: <电路板配置> 中的 "丝印文本高度" 约束; warning
    @(254.9129 mm, 119.1000 mm): DSUB4 的封装文本 (6),
[text_thickness]: 文本线宽超出范围 (<电路板配置> 中的 "丝印文本线宽" 约束 最小宽度 0.1500 mm; 实际 0.1270 mm)
    规则: <电路板配置> 中的 "丝印文本线宽" 约束; warning
    @(251.5342 mm, 118.0515 mm): DSUB4 的封装文本 (1),
[text_height]: 文字高度超出范围 (<电路板配置> 中的 "丝印文本高度" 约束 最小高度 1.0000 mm; 实际 0.7112 mm)
    规则: <电路板配置> 中的 "丝印文本高度" 约束; warning
    @(251.5342 mm, 118.0515 mm): DSUB4 的封装文本 (1),
[text_height]: 文字高度超出范围 (<电路板配置> 中的 "丝印文本高度" 约束 最小高度 1.0000 mm; 实际 0.9144 mm)
    规则: <电路板配置> 中的 "丝印文本高度" 约束; warning
    @(70.3952 mm, 206.6933 mm): D1 的参考字段
[text_height]: 文字高度超出范围 (<电路板配置> 中的 "丝印文本高度" 约束 最小高度 1.0000 mm; 实际 0.9144 mm)
    规则: <电路板配置> 中的 "丝印文本高度" 约束; warning
    @(239.1628 mm, 175.9313 mm): D16 的参考字段
[text_height]: 文字高度超出范围 (<电路板配置> 中的 "丝印文本高度" 约束 最小高度 1.0000 mm; 实际 0.9144 mm)
    规则: <电路板配置> 中的 "丝印文本高度" 约束; warning
    @(243.9919 mm, 211.8449 mm): L6 的参考字段
[text_height]: 文字高度超出范围 (<电路板配置> 中的 "丝印文本高度" 约束 最小高度 1.0000 mm; 实际 0.9144 mm)
    规则: <电路板配置> 中的 "丝印文本高度" 约束; warning
    @(99.3958 mm, 185.1835 mm): D23 的参考字段
[text_height]: 文字高度超出范围 (<电路板配置> 中的 "丝印文本高度" 约束 最小高度 1.0000 mm; 实际 0.9144 mm)
    规则: <电路板配置> 中的 "丝印文本高度" 约束; warning
    @(239.1628 mm, 134.8127 mm): D8 的参考字段
[text_height]: 文字高度超出范围 (<电路板配置> 中的 "丝印文本高度" 约束 最小高度 1.0000 mm; 实际 0.9144 mm)
    规则: <电路板配置> 中的 "丝印文本高度" 约束; warning
    @(180.8110 mm, 229.3761 mm): Q46 的参考字段
[text_height]: 文字高度超出范围 (<电路板配置> 中的 "丝印文本高度" 约束 最小高度 1.0000 mm; 实际 0.9144 mm)
    规则: <电路板配置> 中的 "丝印文本高度" 约束; warning
    @(215.0476 mm, 130.0286 mm): Q14 的参考字段
[text_height]: 文字高度超出范围 (<电路板配置> 中的 "丝印文本高度" 约束 最小高度 1.0000 mm; 实际 0.9144 mm)
    规则: <电路板配置> 中的 "丝印文本高度" 约束; warning
    @(65.5019 mm, 212.5771 mm): L1 的参考字段
[text_height]: 文字高度超出范围 (<电路板配置> 中的 "丝印文本高度" 约束 最小高度 1.0000 mm; 实际 0.9144 mm)
    规则: <电路板配置> 中的 "丝印文本高度" 约束; warning
    @(176.7086 mm, 213.2166 mm): Q44 的参考字段
[text_height]: 文字高度超出范围 (<电路板配置> 中的 "丝印文本高度" 约束 最小高度 1.0000 mm; 实际 0.9144 mm)
    规则: <电路板配置> 中的 "丝印文本高度" 约束; warning
    @(186.4218 mm, 135.9366 mm): Q17 的参考字段
[text_height]: 文字高度超出范围 (<电路板配置> 中的 "丝印文本高度" 约束 最小高度 1.0000 mm; 实际 0.9144 mm)
    规则: <电路板配置> 中的 "丝印文本高度" 约束; warning
    @(64.7718 mm, 157.8038 mm): D33 的参考字段
[text_height]: 文字高度超出范围 (<电路板配置> 中的 "丝印文本高度" 约束 最小高度 1.0000 mm; 实际 0.9144 mm)
    规则: <电路板配置> 中的 "丝印文本高度" 约束; warning
    @(75.7673 mm, 188.9792 mm): L17 的参考字段
[text_height]: 文字高度超出范围 (<电路板配置> 中的 "丝印文本高度" 约束 最小高度 1.0000 mm; 实际 0.9144 mm)
    规则: <电路板配置> 中的 "丝印文本高度" 约束; warning
    @(99.4502 mm, 110.2690 mm): D38 的参考字段
[text_height]: 文字高度超出范围 (<电路板配置> 中的 "丝印文本高度" 约束 最小高度 1.0000 mm; 实际 0.9144 mm)
    规则: <电路板配置> 中的 "丝印文本高度" 约束; warning
    @(70.3952 mm, 198.9838 mm): D2 的参考字段
[text_thickness]: 文本线宽超出范围 (<电路板配置> 中的 "丝印文本线宽" 约束 最小宽度 0.1500 mm; 实际 0.1000 mm)
    规则: <电路板配置> 中的 "丝印文本线宽" 约束; warning
    @(256.6718 mm, 232.7001 mm): M4 的参考字段
[text_height]: 文字高度超出范围 (<电路板配置> 中的 "丝印文本高度" 约束 最小高度 1.0000 mm; 实际 0.9144 mm)
    规则: <电路板配置> 中的 "丝印文本高度" 约束; warning
    @(95.6470 mm, 123.0787 mm): Q6 的参考字段
[text_height]: 文字高度超出范围 (<电路板配置> 中的 "丝印文本高度" 约束 最小高度 1.0000 mm; 实际 0.9144 mm)
    规则: <电路板配置> 中的 "丝印文本高度" 约束; warning
    @(77.8954 mm, 165.7152 mm): Q43 的参考字段
[text_height]: 文字高度超出范围 (<电路板配置> 中的 "丝印文本高度" 约束 最小高度 1.0000 mm; 实际 0.9144 mm)
    规则: <电路板配置> 中的 "丝印文本高度" 约束; warning
    @(217.1228 mm, 119.4935 mm): D29 的参考字段
[text_height]: 文字高度超出范围 (<电路板配置> 中的 "丝印文本高度" 约束 最小高度 1.0000 mm; 实际 0.9144 mm)
    规则: <电路板配置> 中的 "丝印文本高度" 约束; warning
    @(215.0896 mm, 212.9456 mm): Q10 的参考字段
[text_height]: 文字高度超出范围 (<电路板配置> 中的 "丝印文本高度" 约束 最小高度 1.0000 mm; 实际 0.9144 mm)
    规则: <电路板配置> 中的 "丝印文本高度" 约束; warning
    @(243.9919 mm, 128.9290 mm): L8 的参考字段
[text_height]: 文字高度超出范围 (<电路板配置> 中的 "丝印文本高度" 约束 最小高度 1.0000 mm; 实际 0.9144 mm)
    规则: <电路板配置> 中的 "丝印文本高度" 约束; warning
    @(118.5932 mm, 122.9303 mm): D13 的参考字段
[text_height]: 文字高度超出范围 (<电路板配置> 中的 "丝印文本高度" 约束 最小高度 1.0000 mm; 实际 0.9144 mm)
    规则: <电路板配置> 中的 "丝印文本高度" 约束; warning
    @(239.1628 mm, 217.7286 mm): D6 的参考字段
[text_height]: 文字高度超出范围 (<电路板配置> 中的 "丝印文本高度" 约束 最小高度 1.0000 mm; 实际 0.9144 mm)
    规则: <电路板配置> 中的 "丝印文本高度" 约束; warning
    @(118.5841 mm, 117.7503 mm): L13 的参考字段
[text_height]: 文字高度超出范围 (<电路板配置> 中的 "丝印文本高度" 约束 最小高度 1.0000 mm; 实际 0.9144 mm)
    规则: <电路板配置> 中的 "丝印文本高度" 约束; warning
    @(153.6373 mm, 139.1506 mm): D41 的参考字段
[text_height]: 文字高度超出范围 (<电路板配置> 中的 "丝印文本高度" 约束 最小高度 1.0000 mm; 实际 0.9144 mm)
    规则: <电路板配置> 中的 "丝印文本高度" 约束; warning
    @(96.5038 mm, 99.3107 mm): J6 的参考字段
[text_height]: 文字高度超出范围 (<电路板配置> 中的 "丝印文本高度" 约束 最小高度 1.0000 mm; 实际 0.9144 mm)
    规则: <电路板配置> 中的 "丝印文本高度" 约束; warning
    @(232.0802 mm, 166.3202 mm): Q21 的参考字段
[text_thickness]: 文本线宽超出范围 (<电路板配置> 中的 "丝印文本线宽" 约束 最小宽度 0.1500 mm; 实际 0.1000 mm)
    规则: <电路板配置> 中的 "丝印文本线宽" 约束; warning
    @(52.6718 mm, 100.7001 mm): M8 的参考字段
[text_height]: 文字高度超出范围 (<电路板配置> 中的 "丝印文本高度" 约束 最小高度 1.0000 mm; 实际 0.9144 mm)
    规则: <电路板配置> 中的 "丝印文本高度" 约束; warning
    @(69.8448 mm, 99.3107 mm): J5 的参考字段
[text_height]: 文字高度超出范围 (<电路板配置> 中的 "丝印文本高度" 约束 最小高度 1.0000 mm; 实际 0.9144 mm)
    规则: <电路板配置> 中的 "丝印文本高度" 约束; warning
    @(140.7683 mm, 148.4832 mm): U2 的参考字段
[text_height]: 文字高度超出范围 (<电路板配置> 中的 "丝印文本高度" 约束 最小高度 1.0000 mm; 实际 0.9144 mm)
    规则: <电路板配置> 中的 "丝印文本高度" 约束; warning
    @(133.8994 mm, 139.6259 mm): Q40 的参考字段
[text_height]: 文字高度超出范围 (<电路板配置> 中的 "丝印文本高度" 约束 最小高度 1.0000 mm; 实际 0.9144 mm)
    规则: <电路板配置> 中的 "丝印文本高度" 约束; warning
    @(95.5970 mm, 204.3968 mm): Q2 的参考字段
[text_height]: 文字高度超出范围 (<电路板配置> 中的 "丝印文本高度" 约束 最小高度 1.0000 mm; 实际 0.9144 mm)
    规则: <电路板配置> 中的 "丝印文本高度" 约束; warning
    @(82.6788 mm, 227.1117 mm): J3 的参考字段
[text_height]: 文字高度超出范围 (<电路板配置> 中的 "丝印文本高度" 约束 最小高度 1.0000 mm; 实际 0.9144 mm)
    规则: <电路板配置> 中的 "丝印文本高度" 约束; warning
    @(90.0968 mm, 163.2441 mm): CN5 的参考字段
[text_height]: 文字高度超出范围 (<电路板配置> 中的 "丝印文本高度" 约束 最小高度 1.0000 mm; 实际 0.9144 mm)
    规则: <电路板配置> 中的 "丝印文本高度" 约束; warning
    @(224.0028 mm, 188.0131 mm): X1 的参考字段
[text_height]: 文字高度超出范围 (<电路板配置> 中的 "丝印文本高度" 约束 最小高度 1.0000 mm; 实际 0.9144 mm)
    规则: <电路板配置> 中的 "丝印文本高度" 约束; warning
    @(218.8628 mm, 163.2441 mm): CN3 的参考字段
[text_height]: 文字高度超出范围 (<电路板配置> 中的 "丝印文本高度" 约束 最小高度 1.0000 mm; 实际 0.9144 mm)
    规则: <电路板配置> 中的 "丝印文本高度" 约束; warning
    @(90.4808 mm, 171.1560 mm): CN6 的参考字段
[text_height]: 文字高度超出范围 (<电路板配置> 中的 "丝印文本高度" 约束 最小高度 1.0000 mm; 实际 0.9144 mm)
    规则: <电路板配置> 中的 "丝印文本高度" 约束; warning
    @(143.8898 mm, 195.1115 mm): X2 的参考字段
[silk_over_copper]: 被阻焊层截断的丝印
    局部覆盖; warning
    @(46.6718 mm, 168.2001 mm): Bot_Silkscreen 上的 矩形
[silk_over_copper]: 被阻焊层截断的丝印
    局部覆盖; warning
    @(46.6718 mm, 95.2001 mm): Bot_Silkscreen 上的 矩形
[silk_over_copper]: 被阻焊层截断的丝印
    局部覆盖; warning
    @(190.6718 mm, 95.2001 mm): Bot_Silkscreen 上的 矩形
[silk_over_copper]: 被阻焊层截断的丝印
    局部覆盖; warning
    @(236.5858 mm, 224.5701 mm): C138 的参考字段
[silk_over_copper]: 被阻焊层截断的丝印
    局部覆盖; warning
    @(237.9078 mm, 224.5701 mm): C140 的参考字段
[silk_over_copper]: 被阻焊层截断的丝印
    局部覆盖; warning
    @(103.0238 mm, 207.7702 mm): R9 的参考字段
[silk_over_copper]: 被阻焊层截断的丝印
    局部覆盖; warning
    @(236.0008 mm, 124.0202 mm): R91 的参考字段
[silk_over_copper]: 被阻焊层截断的丝印
    局部覆盖; warning
    @(97.8548 mm, 122.5031 mm): R28 的参考字段
[silk_over_copper]: 被阻焊层截断的丝印
    局部覆盖; warning
    @(70.9098 mm, 194.6942 mm): R283 的参考字段
[silk_over_copper]: 被阻焊层截断的丝印
    局部覆盖; warning
    @(70.1643 mm, 175.1471 mm): R249 的参考字段
[silk_over_copper]: 被阻焊层截断的丝印
    局部覆盖; warning
    @(88.4988 mm, 212.6577 mm): R13 的参考字段
[silk_over_copper]: 被阻焊层截断的丝印
    局部覆盖; warning
    @(109.2518 mm, 131.2002 mm): R156 的参考字段
[silk_over_copper]: 被阻焊层截断的丝印
    局部覆盖; warning
    @(72.0008 mm, 127.2207 mm): C24 的参考字段
[silk_over_copper]: 被阻焊层截断的丝印
    局部覆盖; warning
    @(70.9098 mm, 163.4652 mm): R286 的参考字段
[silk_over_copper]: 被阻焊层截断的丝印
    局部覆盖; warning
    @(232.0802 mm, 124.0202 mm): Q15 的参考字段
[silk_over_copper]: 被阻焊层截断的丝印
    局部覆盖; warning
    @(233.6108 mm, 216.3192 mm): R67 的参考字段
[silk_over_copper]: 被阻焊层截断的丝印
    局部覆盖; warning
    @(152.8218 mm, 132.0952 mm): R145 的参考字段
[silk_over_copper]: 被阻焊层截断的丝印
    局部覆盖; warning
    @(194.0088 mm, 122.2491 mm): C58 的参考字段
[silk_over_copper]: 被阻焊层截断的丝印
    局部覆盖; warning
    @(161.0332 mm, 138.8636 mm): R307 的参考字段
[silk_over_copper]: 被阻焊层截断的丝印
    局部覆盖; warning
    @(141.4718 mm, 124.3452 mm): C80 的参考字段
[silk_over_copper]: 被阻焊层截断的丝印
    局部覆盖; warning
    @(211.1348 mm, 213.8682 mm): R52 的参考字段
[silk_over_copper]: 被阻焊层截断的丝印
    局部覆盖; warning
    @(256.6718 mm, 100.7001 mm): M5 的参考字段
[silk_over_copper]: 被阻焊层截断的丝印
    局部覆盖; warning
    @(237.6028 mm, 125.5722 mm): C48 的参考字段
[silk_over_copper]: 被阻焊层截断的丝印
    局部覆盖; warning
    @(88.4988 mm, 211.0702 mm): R14 的参考字段
[silk_over_copper]: 被阻焊层截断的丝印
    局部覆盖; warning
    @(148.6218 mm, 124.3452 mm): C73 的参考字段
[silk_over_copper]: 被阻焊层截断的丝印
    局部覆盖; warning
    @(110.8018 mm, 131.2002 mm): R157 的参考字段
[silk_over_copper]: 被阻焊层截断的丝印
    局部覆盖; warning
    @(179.0478 mm, 122.2531 mm): R111 的参考字段
[silk_over_copper]: 被阻焊层截断的丝印
    局部覆盖; warning
    @(83.6538 mm, 138.0091 mm): R240 的参考字段
[silk_over_copper]: 被阻焊层截断的丝印
    局部覆盖; warning
    @(72.4912 mm, 110.2690 mm): D35 的参考字段
[silk_over_copper]: 被阻焊层截断的丝印
    局部覆盖; warning
    @(161.3875 mm, 220.2875 mm): R267 的参考字段
[silk_over_copper]: 被阻焊层截断的丝印
    局部覆盖; warning
    @(175.2218 mm, 210.0501 mm): R297 的参考字段
[silk_over_copper]: 被阻焊层截断的丝印
    局部覆盖; warning
    @(252.0417 mm, 201.5493 mm): DSUB3 的 圆形, 位于 Top_Silkscreen
[silk_over_copper]: 被阻焊层截断的丝印
    局部覆盖; warning
    @(232.0802 mm, 197.6702 mm): Q23 的参考字段
[silk_over_copper]: 被阻焊层截断的丝印
    局部覆盖; warning
    @(122.6968 mm, 125.8952 mm): C86 的参考字段
[silk_over_copper]: 被阻焊层截断的丝印
    局部覆盖; warning
    @(180.3238 mm, 129.8249 mm): R103 的参考字段
[silk_over_copper]: 被阻焊层截断的丝印
    局部覆盖; warning
    @(223.2308 mm, 142.8601 mm): R187 的参考字段
[silk_over_copper]: 被阻焊层截断的丝印
    局部覆盖; warning
    @(165.6608 mm, 122.1981 mm): C71 的参考字段
[silk_over_copper]: 被阻焊层截断的丝印
    局部覆盖; warning
    @(115.6468 mm, 128.7552 mm): C87 的参考字段
[silk_over_copper]: 被阻焊层截断的丝印
    局部覆盖; warning
    @(180.3228 mm, 137.0171 mm): C56 的参考字段
[silk_over_copper]: 被阻焊层截断的丝印
    局部覆盖; warning
    @(153.9950 mm, 222.4875 mm): D30 的参考字段
[silk_over_copper]: 被阻焊层截断的丝印
    局部覆盖; warning
    @(213.1277 mm, 116.2221 mm): C120 的参考字段
[silk_over_copper]: 被阻焊层截断的丝印
    局部覆盖; warning
    @(236.0008 mm, 206.8822 mm): R68 的参考字段
[silk_over_copper]: 被阻焊层截断的丝印
    局部覆盖; warning
    @(216.5410 mm, 179.5551 mm): R212 的参考字段
[silk_over_copper]: 被阻焊层截断的丝印
    局部覆盖; warning
    @(157.3682 mm, 122.9303 mm): D11 的参考字段
[silk_over_copper]: 被阻焊层截断的丝印
    局部覆盖; warning
    @(124.9018 mm, 131.2002 mm): R152 的参考字段
[silk_over_copper]: 被阻焊层截断的丝印
    局部覆盖; warning
    @(184.9618 mm, 122.2451 mm): C59 的参考字段
[silk_over_copper]: 被阻焊层截断的丝印
    局部覆盖; warning
    @(77.9064 mm, 128.7804 mm): Q7 的参考字段
[silk_over_copper]: 被阻焊层截断的丝印
    局部覆盖; warning
    @(154.4218 mm, 130.3052 mm): R133 的参考字段
[silk_over_copper]: 被阻焊层截断的丝印
    局部覆盖; warning
    @(189.6898 mm, 138.0341 mm): R100 的参考字段
[silk_over_copper]: 被阻焊层截断的丝印
    局部覆盖; warning
    @(153.9750 mm, 216.9875 mm): R273 的参考字段
[silk_over_copper]: 被阻焊层截断的丝印
    局部覆盖; warning
    @(190.9368 mm, 122.2451 mm): R109 的参考字段
[silk_over_copper]: 被阻焊层截断的丝印
    局部覆盖; warning
    @(202.1096 mm, 206.0072 mm): R49 的参考字段
[silk_over_copper]: 被阻焊层截断的丝印
    局部覆盖; warning
    @(140.5768 mm, 131.2002 mm): R137 的参考字段
[silk_over_copper]: 被阻焊层截断的丝印
    局部覆盖; warning
    @(221.3763 mm, 168.9202 mm): R172 的参考字段
[silk_over_copper]: 被阻焊层截断的丝印
    局部覆盖; warning
    @(74.8608 mm, 211.1802 mm): C9 的参考字段
[silk_over_copper]: 被阻焊层截断的丝印
    局部覆盖; warning
    @(221.5138 mm, 125.4312 mm): R80 的参考字段
[silk_over_copper]: 被阻焊层截断的丝印
    局部覆盖; warning
    @(121.0968 mm, 132.0952 mm): R158 的参考字段
[silk_over_copper]: 被阻焊层截断的丝印
    局部覆盖; warning
    @(145.4718 mm, 132.0952 mm): R140 的参考字段
[silk_over_copper]: 被阻焊层截断的丝印
    局部覆盖; warning
    @(124.2468 mm, 124.3452 mm): C83 的参考字段
[silk_over_copper]: 被阻焊层截断的丝印
    局部覆盖; warning
    @(87.7228 mm, 176.7791 mm): R246 的参考字段
[silk_over_copper]: 被阻焊层截断的丝印
    局部覆盖; warning
    @(188.8518 mm, 138.0481 mm): R98 的参考字段
[silk_over_copper]: 被阻焊层截断的丝印
    局部覆盖; warning
    @(74.8608 mm, 122.8197 mm): C22 的参考字段
[silk_over_copper]: 被阻焊层截断的丝印
    局部覆盖; warning
    @(155.2302 mm, 138.9321 mm): R308 的参考字段
[silk_over_copper]: 被阻焊层截断的丝印
    局部覆盖; warning
    @(76.1008 mm, 119.7197 mm): R44 的参考字段
[silk_over_copper]: 被阻焊层截断的丝印
    局部覆盖; warning
    @(135.3878 mm, 141.1502 mm): R146 的参考字段
[silk_over_copper]: 被阻焊层截断的丝印
    局部覆盖; warning
    @(162.6718 mm, 125.9250 mm): C64 的参考字段
[silk_over_copper]: 被阻焊层截断的丝印
    局部覆盖; warning
    @(161.9928 mm, 129.8249 mm): R122 的参考字段
[silk_over_copper]: 被阻焊层截断的丝印
    局部覆盖; warning
    @(221.5138 mm, 192.3182 mm): R178 的参考字段
[silk_over_copper]: 被阻焊层截断的丝印
    局部覆盖; warning
    @(234.7428 mm, 164.6452 mm): C98 的参考字段
[silk_over_copper]: 被阻焊层截断的丝印
    局部覆盖; warning
    @(174.9895 mm, 122.2052 mm): C70 的参考字段
[silk_over_copper]: 被阻焊层截断的丝印
    局部覆盖; warning
    @(76.0688 mm, 208.0802 mm): R20 的参考字段
[silk_over_copper]: 被阻焊层截断的丝印
    局部覆盖; warning
    @(231.1333 mm, 186.8436 mm): R222 的参考字段
[silk_over_copper]: 被阻焊层截断的丝印
    局部覆盖; warning
    @(77.0423 mm, 175.1471 mm): R257 的参考字段
[silk_over_copper]: 被阻焊层截断的丝印
    局部覆盖; warning
    @(72.0317 mm, 175.0963 mm): Q34 的参考字段
[silk_over_copper]: 被阻焊层截断的丝印
    局部覆盖; warning
    @(139.9218 mm, 127.4452 mm): R132 的参考字段
[silk_over_copper]: 被阻焊层截断的丝印
    局部覆盖; warning
    @(202.1096 mm, 203.8572 mm): R48 的参考字段
[silk_over_copper]: 被阻焊层截断的丝印
    局部覆盖; warning
    @(237.6028 mm, 216.3192 mm): C35 的参考字段
[silk_over_copper]: 被阻焊层截断的丝印
    局部覆盖; warning
    @(221.5138 mm, 120.6852 mm): R82 的参考字段
[silk_over_copper]: 被阻焊层截断的丝印
    局部覆盖; warning
    @(161.9928 mm, 136.5161 mm): C68 的参考字段
[silk_over_copper]: 被阻焊层截断的丝印
    局部覆盖; warning
    @(221.5138 mm, 193.9182 mm): C102 的参考字段
[silk_over_copper]: 被阻焊层截断的丝印
    局部覆盖; warning
    @(57.1320 mm, 214.9699 mm): DSUB5 的 圆形, 位于 Top_Silkscreen
[silk_over_copper]: 被阻焊层截断的丝印
    局部覆盖; warning
    @(161.3875 mm, 216.9875 mm): R266 的参考字段
[silk_over_copper]: 被阻焊层截断的丝印
    局部覆盖; warning
    @(88.4738 mm, 206.2322 mm): R16 的参考字段
[silk_over_copper]: 被阻焊层截断的丝印
    局部覆盖; warning
    @(95.5088 mm, 202.9001 mm): R8 的参考字段
[silk_over_copper]: 被阻焊层截断的丝印
    局部覆盖; warning
    @(149.2768 mm, 131.2002 mm): R134 的参考字段
[silk_over_copper]: 被阻焊层截断的丝印
    局部覆盖; warning
    @(92.5208 mm, 155.8120 mm): Q32 的参考字段
[silk_over_copper]: 被阻焊层截断的丝印
    局部覆盖; warning
    @(188.5868 mm, 122.2451 mm): R108 的参考字段
[silk_over_copper]: 被阻焊层截断的丝印
    局部覆盖; warning
    @(221.5138 mm, 163.7002 mm): R171 的参考字段
[silk_over_copper]: 被阻焊层截断的丝印
    局部覆盖; warning
    @(177.5108 mm, 122.2451 mm): R129 的参考字段
[silk_over_copper]: 被阻焊层截断的丝印
    局部覆盖; warning
    @(103.0058 mm, 209.7803 mm): R7 的参考字段
[silk_over_copper]: 被阻焊层截断的丝印
    局部覆盖; warning
    @(90.2408 mm, 201.7902 mm): C6 的参考字段
[silk_over_copper]: 被阻焊层截断的丝印
    局部覆盖; warning
    @(135.3878 mm, 139.5712 mm): R147 的参考字段
[silk_over_copper]: 被阻焊层截断的丝印
    局部覆盖; warning
    @(77.9064 mm, 201.9302 mm): Q4 的参考字段
[silk_over_copper]: 被阻焊层截断的丝印
    局部覆盖; warning
    @(78.7333 mm, 173.8561 mm): R258 的参考字段
[silk_over_copper]: 被阻焊层截断的丝印
    局部覆盖; warning
    @(234.7428 mm, 196.1452 mm): C105 的参考字段
[silk_over_copper]: 被阻焊层截断的丝印
    局部覆盖; warning
    @(78.4083 mm, 172.7471 mm): Q36 的参考字段
[silk_over_copper]: 被阻焊层截断的丝印
    局部覆盖; warning
    @(176.2995 mm, 122.2052 mm): C69 的参考字段
[silk_over_copper]: 被阻焊层截断的丝印
    局部覆盖; warning
    @(232.6688 mm, 140.2026 mm): D18 的参考字段
[silk_over_copper]: 被阻焊层截断的丝印
    局部覆盖; warning
    @(204.4558 mm, 121.0917 mm): R72 的参考字段
[silk_over_copper]: 被阻焊层截断的丝印
    局部覆盖; warning
    @(88.4878 mm, 124.9561 mm): R39 的参考字段
[silk_over_copper]: 被阻焊层截断的丝印
    局部覆盖; warning
    @(221.5108 mm, 131.3802 mm): C42 的参考字段
[silk_over_copper]: 被阻焊层截断的丝印
    局部覆盖; warning
    @(161.4075 mm, 222.4875 mm): D27 的参考字段
[silk_over_copper]: 被阻焊层截断的丝印
    局部覆盖; warning
    @(72.0008 mm, 119.7197 mm): C23 的参考字段
[silk_over_copper]: 被阻焊层截断的丝印
    局部覆盖; warning
    @(209.3851 mm, 149.4157 mm): D17 的参考字段
[silk_over_copper]: 被阻焊层截断的丝印
    局部覆盖; warning
    @(147.7268 mm, 131.2002 mm): R135 的参考字段
[silk_over_copper]: 被阻焊层截断的丝印
    局部覆盖; warning
    @(183.6268 mm, 122.2451 mm): R105 的参考字段
[silk_over_copper]: 被阻焊层截断的丝印
    局部覆盖; warning
    @(106.1058 mm, 212.6403 mm): R2 的参考字段
[silk_over_copper]: 被阻焊层截断的丝印
    局部覆盖; warning
    @(94.4498 mm, 156.5805 mm): D21 的参考字段
[silk_over_copper]: 被阻焊层截断的丝印
    局部覆盖; warning
    @(221.5138 mm, 166.9002 mm): C95 的参考字段
[silk_over_copper]: 被阻焊层截断的丝印
    局部覆盖; warning
    @(99.5248 mm, 142.5842 mm): R26 的参考字段
[silk_over_copper]: 被阻焊层截断的丝印
    局部覆盖; warning
    @(121.1468 mm, 127.2052 mm): C89 的参考字段
[silk_over_copper]: 被阻焊层截断的丝印
    局部覆盖; warning
    @(99.2758 mm, 202.4241 mm): R6 的参考字段
[silk_over_copper]: 被阻焊层截断的丝印
    局部覆盖; warning
    @(106.9968 mm, 132.0952 mm): R163 的参考字段
[silk_over_copper]: 被阻焊层截断的丝印
    局部覆盖; warning
    @(234.7428 mm, 122.4722 mm): C45 的参考字段
[silk_over_copper]: 被阻焊层截断的丝印
    局部覆盖; warning
    @(138.3718 mm, 127.2052 mm): C74 的参考字段
[silk_over_copper]: 被阻焊层截断的丝印
    局部覆盖; warning
    @(77.7348 mm, 143.2671 mm): R224 的参考字段
[silk_over_copper]: 被阻焊层截断的丝印
    局部覆盖; warning
    @(213.0108 mm, 110.8446 mm): C119 的参考字段
[silk_over_copper]: 被阻焊层截断的丝印
    局部覆盖; warning
    @(221.5138 mm, 199.1932 mm): R181 的参考字段
[silk_over_copper]: 被阻焊层截断的丝印
    局部覆盖; warning
    @(147.0718 mm, 130.3052 mm): R131 的参考字段
[silk_over_copper]: 被阻焊层截断的丝印
    局部覆盖; warning
    @(190.4448 mm, 138.0801 mm): R94 的参考字段
[silk_over_copper]: 被阻焊层截断的丝印
    局部覆盖; warning
    @(180.3228 mm, 136.7271 mm): C54 的参考字段
[silk_over_copper]: 被阻焊层截断的丝印
    局部覆盖; warning
    @(215.2638 mm, 128.5434 mm): C38 的参考字段
[silk_over_copper]: 被阻焊层截断的丝印
    局部覆盖; warning
    @(165.6958 mm, 137.1971 mm): R121 的参考字段
[silk_over_copper]: 被阻焊层截断的丝印
    局部覆盖; warning
    @(76.1008 mm, 203.4702 mm): R19 的参考字段
[silk_over_copper]: 被阻焊层截断的丝印
    局部覆盖; warning
    @(72.5463 mm, 177.8061 mm): R241 的参考字段
[silk_over_copper]: 被阻焊层截断的丝印
    局部覆盖; warning
    @(138.0750 mm, 214.9875 mm): R259 的参考字段
[silk_over_copper]: 被阻焊层截断的丝印
    局部覆盖; warning
    @(76.0688 mm, 211.1802 mm): R18 的参考字段
[silk_over_copper]: 被阻焊层截断的丝印
    局部覆盖; warning
    @(236.0008 mm, 131.8663 mm): R92 的参考字段
[silk_over_copper]: 被阻焊层截断的丝印
    局部覆盖; warning
    @(215.2130 mm, 159.8318 mm): Q22 的参考字段
[silk_over_copper]: 被阻焊层截断的丝印
    局部覆盖; warning
    @(78.7543 mm, 171.6961 mm): D24 的参考字段
[silk_over_copper]: 被阻焊层截断的丝印
    局部覆盖; warning
    @(207.5558 mm, 130.4272 mm): R74 的参考字段
[silk_over_copper]: 被阻焊层截断的丝印
    局部覆盖; warning
    @(164.3645 mm, 122.2052 mm): R124 的参考字段
[silk_over_copper]: 被阻焊层截断的丝印
    局部覆盖; warning
    @(202.1096 mm, 207.5301 mm): R50 的参考字段
[silk_over_copper]: 被阻焊层截断的丝印
    局部覆盖; warning
    @(139.9218 mm, 128.7552 mm): C77 的参考字段
[silk_over_copper]: 被阻焊层截断的丝印
    局部覆盖; warning
    @(221.5138 mm, 194.7822 mm): R177 的参考字段
[silk_over_copper]: 被阻焊层截断的丝印
    局部覆盖; warning
    @(216.5410 mm, 176.0101 mm): R210 的参考字段
[silk_over_copper]: 被阻焊层截断的丝印
    局部覆盖; warning
    @(77.9064 mm, 121.2397 mm): Q8 的参考字段
[silk_over_copper]: 被阻焊层截断的丝印
    局部覆盖; warning
    @(115.6468 mm, 127.4452 mm): R150 的参考字段
[silk_over_copper]: 被阻焊层截断的丝印
    局部覆盖; warning
    @(233.6108 mm, 213.2192 mm): R65 的参考字段
[silk_over_copper]: 被阻焊层截断的丝印
    局部覆盖; warning
    @(221.5138 mm, 201.0012 mm): C100 的参考字段
[silk_over_copper]: 被阻焊层截断的丝印
    局部覆盖; warning
    @(89.4858 mm, 191.4792 mm): R276 的参考字段
[silk_over_copper]: 被阻焊层截断的丝印
    局部覆盖; warning
    @(233.6108 mm, 208.4322 mm): R66 的参考字段
[silk_over_copper]: 被阻焊层截断的丝印
    局部覆盖; warning
    @(161.3875 mm, 214.9875 mm): R265 的参考字段
[silk_over_copper]: 被阻焊层截断的丝印
    局部覆盖; warning
    @(72.5463 mm, 179.0901 mm): R242 的参考字段
[silk_over_copper]: 被阻焊层截断的丝印
    局部覆盖; warning
    @(91.4018 mm, 165.4352 mm): R279 的参考字段
[silk_over_copper]: 被阻焊层截断的丝印
    局部覆盖; warning
    @(221.5138 mm, 207.3572 mm): R61 的参考字段
[silk_over_copper]: 被阻焊层截断的丝印
    局部覆盖; warning
    @(145.5218 mm, 127.2052 mm): C79 的参考字段
[silk_over_copper]: 被阻焊层截断的丝印
    局部覆盖; warning
    @(220.1914 mm, 124.5768 mm): Q13 的参考字段
[silk_over_copper]: 被阻焊层截断的丝印
    局部覆盖; warning
    @(228.1460 mm, 177.6451 mm): R208 的参考字段
[silk_over_copper]: 被阻焊层截断的丝印
    局部覆盖; warning
    @(222.2440 mm, 157.9255 mm): R192 的参考字段
[silk_over_copper]: 被阻焊层截断的丝印
    局部覆盖; warning
    @(152.8718 mm, 127.2052 mm): C81 的参考字段
[silk_over_copper]: 被阻焊层截断的丝印
    局部覆盖; warning
    @(211.1348 mm, 215.4330 mm): R51 的参考字段
[silk_over_copper]: 被阻焊层截断的丝印
    局部覆盖; warning
    @(233.6108 mm, 133.4122 mm): R90 的参考字段
[silk_over_copper]: 被阻焊层截断的丝印
    局部覆盖; warning
    @(116.3018 mm, 131.2002 mm): R155 的参考字段
[silk_over_copper]: 被阻焊层截断的丝印
    局部覆盖; warning
    @(88.4988 mm, 128.7232 mm): R38 的参考字段
[silk_over_copper]: 被阻焊层截断的丝印
    局部覆盖; warning
    @(216.5410 mm, 178.0201 mm): R211 的参考字段
[silk_over_copper]: 被阻焊层截断的丝印
    局部覆盖; warning
    @(222.7212 mm, 140.1718 mm): Q25 的参考字段
[silk_over_copper]: 被阻焊层截断的丝印
    局部覆盖; warning
    @(138.3218 mm, 132.0952 mm): R141 的参考字段
[silk_over_copper]: 被阻焊层截断的丝印
    局部覆盖; warning
    @(209.6000 mm, 155.0201 mm): R189 的参考字段
[silk_over_copper]: 被阻焊层截断的丝印
    局部覆盖; warning
    @(77.8954 mm, 192.3442 mm): Q42 的参考字段
[silk_over_copper]: 被阻焊层截断的丝印
    局部覆盖; warning
    @(99.3728 mm, 179.5651 mm): R243 的参考字段
[silk_over_copper]: 被阻焊层截断的丝印
    局部覆盖; warning
    @(161.5878 mm, 140.1331 mm): R112 的参考字段
[silk_over_copper]: 被阻焊层截断的丝印
    局部覆盖; warning
    @(218.7058 mm, 110.8946 mm): R269 的参考字段
[silk_over_copper]: 被阻焊层截断的丝印
    局部覆盖; warning
    @(233.4739 mm, 185.4859 mm): Q28 的参考字段
[silk_over_copper]: 被阻焊层截断的丝印
    局部覆盖; warning
    @(52.6718 mm, 232.7001 mm): M3 的参考字段
[silk_over_copper]: 被阻焊层截断的丝印
    局部覆盖; warning
    @(99.5232 mm, 183.2811 mm): R288 的参考字段
[silk_over_copper]: 被阻焊层截断的丝印
    局部覆盖; warning
    @(215.9728 mm, 177.9307 mm): D19 的参考字段
[silk_over_copper]: 被阻焊层截断的丝印
    局部覆盖; warning
    @(237.6028 mm, 208.4322 mm): C36 的参考字段
[silk_over_copper]: 被阻焊层截断的丝印
    局部覆盖; warning
    @(100.2848 mm, 139.4842 mm): R30 的参考字段
[silk_over_copper]: 被阻焊层截断的丝印
    局部覆盖; warning
    @(232.0802 mm, 214.7692 mm): Q12 的参考字段
[silk_over_copper]: 被阻焊层截断的丝印
    局部覆盖; warning
    @(70.9098 mm, 190.0442 mm): R284 的参考字段
[silk_over_copper]: 被阻焊层截断的丝印
    局部覆盖; warning
    @(114.0468 mm, 132.0952 mm): R159 的参考字段
[silk_over_copper]: 被阻焊层截断的丝印
    局部覆盖; warning
    @(80.2098 mm, 139.3181 mm): R238 的参考字段
[silk_over_copper]: 被阻焊层截断的丝印
    局部覆盖; warning
    @(73.7108 mm, 128.7804 mm): R45 的参考字段
[silk_over_copper]: 被阻焊层截断的丝印
    局部覆盖; warning
    @(161.9928 mm, 136.2261 mm): C66 的参考字段
[silk_over_copper]: 被阻焊层截断的丝印
    局部覆盖; warning
    @(232.9593 mm, 181.4431 mm): R206 的参考字段
[silk_over_copper]: 被阻焊层截断的丝印
    局部覆盖; warning
    @(221.5138 mm, 165.3002 mm): R168 的参考字段
[silk_over_copper]: 被阻焊层截断的丝印
    局部覆盖; warning
    @(88.6418 mm, 192.3442 mm): C126 的参考字段
[silk_over_copper]: 被阻焊层截断的丝印
    局部覆盖; warning
    @(106.1168 mm, 208.5901 mm): R4 的参考字段
[silk_over_copper]: 被阻焊层截断的丝印
    局部覆盖; warning
    @(76.1008 mm, 130.3207 mm): R41 的参考字段
[silk_over_copper]: 被阻焊层截断的丝印
    局部覆盖; warning
    @(221.5138 mm, 190.7672 mm): R179 的参考字段
[silk_over_copper]: 被阻焊层截断的丝印
    局部覆盖; warning
    @(227.7318 mm, 140.2226 mm): R203 的参考字段
[silk_over_copper]: 被阻焊层截断的丝印
    局部覆盖; warning
    @(218.4977 mm, 116.4471 mm): R268 的参考字段
[silk_over_copper]: 被阻焊层截断的丝印
    局部覆盖; warning
    @(75.0213 mm, 175.1471 mm): R256 的参考字段
[silk_over_copper]: 被阻焊层截断的丝印
    局部覆盖; warning
    @(221.5138 mm, 127.0010 mm): R85 的参考字段
[silk_over_copper]: 被阻焊层截断的丝印
    局部覆盖; warning
    @(236.0008 mm, 166.2577 mm): R176 的参考字段
[silk_over_copper]: 被阻焊层截断的丝印
    局部覆盖; warning
    @(95.4308 mm, 124.3671 mm): C14 的参考字段
[silk_over_copper]: 被阻焊层截断的丝印
    局部覆盖; warning
    @(221.5138 mm, 202.6831 mm): R63 的参考字段
[silk_over_copper]: 被阻焊层截断的丝印
    局部覆盖; warning
    @(234.7428 mm, 213.2192 mm): C34 的参考字段
[silk_over_copper]: 被阻焊层截断的丝印
    局部覆盖; warning
    @(221.4638 mm, 214.2972 mm): C30 的参考字段
[silk_over_copper]: 被阻焊层截断的丝印
    局部覆盖; warning
    @(171.3210 mm, 211.1145 mm): C137 的参考字段
[silk_over_copper]: 被阻焊层截断的丝印
    局部覆盖; warning
    @(99.3728 mm, 177.7001 mm): R244 的参考字段
[silk_over_copper]: 被阻焊层截断的丝印
    局部覆盖; warning
    @(167.6498 mm, 142.3351 mm): R114 的参考字段
[silk_over_copper]: 被阻焊层截断的丝印
    局部覆盖; warning
    @(76.1008 mm, 200.3702 mm): R21 的参考字段
[silk_over_copper]: 被阻焊层截断的丝印
    局部覆盖; warning
    @(87.7228 mm, 178.3091 mm): R247 的参考字段
[silk_over_copper]: 被阻焊层截断的丝印
    局部覆盖; warning
    @(162.9118 mm, 125.9250 mm): C62 的参考字段
[silk_over_copper]: 被阻焊层截断的丝印
    局部覆盖; warning
    @(175.1230 mm, 208.7865 mm): R298 的参考字段
[silk_over_copper]: 被阻焊层截断的丝印
    局部覆盖; warning
    @(180.3218 mm, 129.6300 mm): R101 的参考字段
[silk_over_copper]: 被阻焊层截断的丝印
    局部覆盖; warning
    @(147.0718 mm, 125.8952 mm): C76 的参考字段
[solder_mask_bridge]: 顶层阻焊开窗区域与不同网络的项目相连
    规则: <电路板配置> 中的 "阻焊层最小宽度"; error
    @(178.0538 mm, 130.7751 mm): 走线 [/ESC_RESET] (Top), 长度: 3.7850 mm
    @(179.4988 mm, 131.2549 mm): Top 上 R103 的焊盘 1 [VDD]
[solder_mask_bridge]: 顶层阻焊开窗区域与不同网络的项目相连
    规则: <电路板配置> 中的 "阻焊层最小宽度"; error
    @(178.0538 mm, 130.7751 mm): 走线 [/ESC_RESET] (Top), 长度: 3.7850 mm
    @(181.1488 mm, 131.2549 mm): Top 上 R103 的焊盘 2 [/ESC_MDIO]
[solder_mask_bridge]: 顶层阻焊开窗区域与不同网络的项目相连
    规则: <电路板配置> 中的 "阻焊层最小宽度"; error
    @(182.3761 mm, 132.5814 mm): 走线 [/ESC_MDC] (Top), 长度: 1.1988 mm
    @(181.0978 mm, 133.7721 mm): Top 上 C53 的焊盘 2 [VDD]
[solder_mask_bridge]: 顶层阻焊开窗区域与不同网络的项目相连
    规则: <电路板配置> 中的 "阻焊层最小宽度"; error
    @(181.5284 mm, 133.4291 mm): 走线 [/ESC_MDC] (Top), 长度: 3.3456 mm
    @(179.5478 mm, 133.7721 mm): Top 上 C53 的焊盘 1 [AGND]
[solder_mask_bridge]: 顶层阻焊开窗区域与不同网络的项目相连
    规则: <电路板配置> 中的 "阻焊层最小宽度"; error
    @(181.5284 mm, 133.4291 mm): 走线 [/ESC_MDC] (Top), 长度: 3.3456 mm
    @(181.0978 mm, 133.7721 mm): Top 上 C53 的焊盘 2 [VDD]
[silk_overlap]: 丝印重叠
    规则: <电路板配置> 中的 "丝印" 约束; warning
    @(69.3048 mm, 164.1402 mm): C133 的参考字段
    @(69.3048 mm, 167.4902 mm): C132 的参考字段
[silk_overlap]: 丝印重叠
    规则: <电路板配置> 中的 "丝印" 约束; warning
    @(70.9098 mm, 168.1277 mm): R285 的参考字段
    @(71.2573 mm, 167.7275 mm): C132 的 线段, 位于 Top_Silkscreen
[silk_overlap]: 丝印重叠
    规则: <电路板配置> 中的 "丝印" 约束; warning
    @(71.2573 mm, 194.1564 mm): C130 的 线段, 位于 Top_Silkscreen
    @(70.9098 mm, 194.6942 mm): R283 的参考字段
[silk_overlap]: 丝印重叠
    规则: <电路板配置> 中的 "丝印" 约束; warning
    @(69.3048 mm, 190.8192 mm): C131 的参考字段
    @(69.3048 mm, 193.9192 mm): C130 的参考字段
[silk_overlap]: 丝印重叠
    规则: <电路板配置> 中的 "丝印" 约束; warning
    @(75.0213 mm, 175.1471 mm): R256 的参考字段
    @(74.6573 mm, 174.9200 mm): R257 的 线段, 位于 Top_Silkscreen
[silk_overlap]: 丝印重叠
    规则: <电路板配置> 中的 "丝印" 约束; warning
    @(77.0423 mm, 175.1471 mm): R257 的参考字段
    @(78.7333 mm, 173.8561 mm): R258 的参考字段
[silk_overlap]: 丝印重叠
    规则: <电路板配置> 中的 "丝印" 约束; warning
    @(70.6093 mm, 174.5121 mm): Q34 的 线段, 位于 Top_Silkscreen
    @(70.1643 mm, 175.1471 mm): R249 的参考字段
[silk_overlap]: 丝印重叠
    规则: <电路板配置> 中的 "丝印" 约束; warning
    @(70.1643 mm, 175.1471 mm): R249 的参考字段
    @(69.3228 mm, 174.5121 mm): Q34 的 线段, 位于 Top_Silkscreen
[silk_overlap]: 丝印重叠
    规则: <电路板配置> 中的 "丝印" 约束; warning
    @(72.5463 mm, 177.8061 mm): R241 的参考字段
    @(72.0317 mm, 175.0963 mm): Q34 的参考字段
[silk_overlap]: 丝印重叠
    规则: <电路板配置> 中的 "丝印" 约束; warning
    @(87.7228 mm, 176.7791 mm): R246 的参考字段
    @(87.9601 mm, 176.3566 mm): R247 的 线段, 位于 Top_Silkscreen
[silk_overlap]: 丝印重叠
    规则: <电路板配置> 中的 "丝印" 约束; warning
    @(77.0423 mm, 175.1471 mm): R257 的参考字段
    @(77.2458 mm, 173.6371 mm): Q36 的 多边形, 位于 Top_Silkscreen
[silk_overlap]: 丝印重叠
    规则: <电路板配置> 中的 "丝印" 约束; warning
    @(77.2458 mm, 173.6371 mm): Q36 的 多边形, 位于 Top_Silkscreen
    @(78.7333 mm, 173.8561 mm): R258 的参考字段
[silk_overlap]: 丝印重叠
    规则: <电路板配置> 中的 "丝印" 约束; warning
    @(78.4083 mm, 172.7471 mm): Q36 的参考字段
    @(78.7333 mm, 173.8561 mm): R258 的参考字段
[silk_overlap]: 丝印重叠
    规则: <电路板配置> 中的 "丝印" 约束; warning
    @(78.4083 mm, 173.5871 mm): Q36 的 线段, 位于 Top_Silkscreen
    @(78.7333 mm, 173.8561 mm): R258 的参考字段
[silk_overlap]: 丝印重叠
    规则: <电路板配置> 中的 "丝印" 约束; warning
    @(78.4083 mm, 172.7471 mm): Q36 的参考字段
    @(77.2458 mm, 173.6371 mm): Q36 的 多边形, 位于 Top_Silkscreen
[silk_overlap]: 丝印重叠
    规则: <电路板配置> 中的 "丝印" 约束; warning
    @(78.4083 mm, 172.7471 mm): Q36 的参考字段
    @(78.7543 mm, 171.6961 mm): D24 的参考字段
[silk_overlap]: 丝印重叠
    规则: <电路板配置> 中的 "丝印" 约束; warning
    @(78.9604 mm, 171.4711 mm): R258 的 线段, 位于 Top_Silkscreen
    @(78.7543 mm, 171.6961 mm): D24 的参考字段
[silk_overlap]: 丝印重叠
    规则: <电路板配置> 中的 "丝印" 约束; warning
    @(78.4083 mm, 172.7471 mm): Q36 的参考字段
    @(78.9604 mm, 172.9411 mm): R258 的 线段, 位于 Top_Silkscreen
[silk_overlap]: 丝印重叠
    规则: <电路板配置> 中的 "丝印" 约束; warning
    @(77.2202 mm, 139.2673 mm): Q31 的参考字段
    @(77.7348 mm, 141.9771 mm): R223 的参考字段
[silk_overlap]: 丝印重叠
    规则: <电路板配置> 中的 "丝印" 约束; warning
    @(77.4975 mm, 142.8846 mm): R223 的 线段, 位于 Top_Silkscreen
    @(77.7348 mm, 143.2671 mm): R224 的参考字段
[silk_overlap]: 丝印重叠
    规则: <电路板配置> 中的 "丝印" 约束; warning
    @(77.9721 mm, 142.3596 mm): R224 的 线段, 位于 Top_Silkscreen
    @(77.7348 mm, 141.9771 mm): R223 的参考字段
[silk_overlap]: 丝印重叠
    规则: <电路板配置> 中的 "丝印" 约束; warning
    @(79.8458 mm, 139.0910 mm): R239 的 线段, 位于 Top_Silkscreen
    @(80.2098 mm, 139.3181 mm): R238 的参考字段
[silk_overlap]: 丝印重叠
    规则: <电路板配置> 中的 "丝印" 约束; warning
    @(82.2308 mm, 139.3181 mm): R239 的参考字段
    @(83.6538 mm, 138.0091 mm): R240 的参考字段
[silk_overlap]: 丝印重叠
    规则: <电路板配置> 中的 "丝印" 约束; warning
    @(81.4913 mm, 154.9404 mm): R226 的 线段, 位于 Top_Silkscreen
    @(81.2590 mm, 155.3929 mm): R225 的参考字段
[silk_overlap]: 丝印重叠
    规则: <电路板配置> 中的 "丝印" 约束; warning
    @(50.1259 mm, 141.9869 mm): DSUB2 的参考字段
    @(59.3718 mm, 140.8003 mm): DSUB2 的 线段, 位于 Top_Silkscreen
[silk_overlap]: 丝印重叠
    规则: <电路板配置> 中的 "丝印" 约束; warning
    @(50.1259 mm, 141.9869 mm): DSUB2 的参考字段
    @(46.8718 mm, 140.8003 mm): DSUB2 的 线段, 位于 Top_Silkscreen
[silk_overlap]: 丝印重叠
    规则: <电路板配置> 中的 "丝印" 约束; warning
    @(71.2573 mm, 164.3775 mm): C133 的 线段, 位于 Top_Silkscreen
    @(70.9098 mm, 163.4652 mm): R286 的参考字段
[silk_overlap]: 丝印重叠
    规则: <电路板配置> 中的 "丝印" 约束; warning
    @(102.7795 mm, 207.6826 mm): R10 的 线段, 位于 Top_Silkscreen
    @(103.0238 mm, 207.7702 mm): R9 的参考字段
[silk_overlap]: 丝印重叠
    规则: <电路板配置> 中的 "丝印" 约束; warning
    @(103.0058 mm, 209.7803 mm): R7 的参考字段
    @(102.7865 mm, 209.7227 mm): R9 的 线段, 位于 Top_Silkscreen
[silk_overlap]: 丝印重叠
    规则: <电路板配置> 中的 "丝印" 约束; warning
    @(88.7361 mm, 207.5302 mm): R15 的 线段, 位于 Top_Silkscreen
    @(88.4738 mm, 207.8702 mm): R11 的参考字段
[silk_overlap]: 丝印重叠
    规则: <电路板配置> 中的 "丝印" 约束; warning
    @(106.3431 mm, 212.2878 mm): R1 的 线段, 位于 Top_Silkscreen
    @(106.1058 mm, 212.6403 mm): R2 的参考字段
[silk_overlap]: 丝印重叠
    规则: <电路板配置> 中的 "丝印" 约束; warning
    @(106.3611 mm, 208.6777 mm): R3 的 线段, 位于 Top_Silkscreen
    @(106.1168 mm, 208.5901 mm): R4 的参考字段
[silk_overlap]: 丝印重叠
    规则: <电路板配置> 中的 "丝印" 约束; warning
    @(106.3431 mm, 210.6878 mm): R2 的 线段, 位于 Top_Silkscreen
    @(106.1238 mm, 210.6302 mm): R3 的参考字段
[silk_overlap]: 丝印重叠
    规则: <电路板配置> 中的 "丝印" 约束; warning
    @(78.0533 mm, 200.6075 mm): R21 的 线段, 位于 Top_Silkscreen
    @(77.9064 mm, 201.9302 mm): Q4 的参考字段
[silk_overlap]: 丝印重叠
    规则: <电路板配置> 中的 "丝印" 约束; warning
    @(76.1008 mm, 203.4702 mm): R19 的参考字段
    @(76.4408 mm, 202.6573 mm): R23 的 线段, 位于 Top_Silkscreen
[silk_overlap]: 丝印重叠
    规则: <电路板配置> 中的 "丝印" 约束; warning
    @(81.9848 mm, 194.8436 mm): Q42 的 线段, 位于 Top_Silkscreen
    @(80.4348 mm, 194.8502 mm): C123 的参考字段
[silk_overlap]: 丝印重叠
    规则: <电路板配置> 中的 "丝印" 约束; warning
    @(82.6198 mm, 194.8439 mm): Q42 的 弧线, 位于 Top_Silkscreen
    @(80.4348 mm, 194.8502 mm): C123 的参考字段
[silk_overlap]: 丝印重叠
    规则: <电路板配置> 中的 "丝印" 约束; warning
    @(50.1259 mm, 224.8462 mm): DSUB5 的参考字段
    @(46.8718 mm, 223.6596 mm): DSUB5 的 线段, 位于 Top_Silkscreen
[silk_overlap]: 丝印重叠
    规则: <电路板配置> 中的 "丝印" 约束; warning
    @(59.3718 mm, 223.6596 mm): DSUB5 的 线段, 位于 Top_Silkscreen
    @(50.1259 mm, 224.8462 mm): DSUB5 的参考字段
[silk_overlap]: 丝印重叠
    规则: <电路板配置> 中的 "丝印" 约束; warning
    @(74.5888 mm, 210.3673 mm): R22 的 线段, 位于 Top_Silkscreen
    @(74.8608 mm, 211.1802 mm): C9 的参考字段
[silk_overlap]: 丝印重叠
    规则: <电路板配置> 中的 "丝印" 约束; warning
    @(76.4088 mm, 210.3673 mm): R22 的 线段, 位于 Top_Silkscreen
    @(76.0688 mm, 208.0802 mm): R20 的参考字段
[silk_overlap]: 丝印重叠
    规则: <电路板配置> 中的 "丝印" 约束; warning
    @(77.9064 mm, 209.6402 mm): Q3 的参考字段
    @(78.0213 mm, 208.3175 mm): R20 的 线段, 位于 Top_Silkscreen
[silk_overlap]: 丝印重叠
    规则: <电路板配置> 中的 "丝印" 约束; warning
    @(76.4088 mm, 210.3673 mm): R22 的 线段, 位于 Top_Silkscreen
    @(76.0688 mm, 211.1802 mm): R18 的参考字段
[silk_overlap]: 丝印重叠
    规则: <电路板配置> 中的 "丝印" 约束; warning
    @(88.7361 mm, 212.2177 mm): R17 的 线段, 位于 Top_Silkscreen
    @(88.4988 mm, 212.6577 mm): R13 的参考字段
[silk_overlap]: 丝印重叠
    规则: <电路板配置> 中的 "丝印" 约束; warning
    @(88.7361 mm, 210.7052 mm): R13 的 线段, 位于 Top_Silkscreen
    @(88.4988 mm, 211.0702 mm): R14 的参考字段
[silk_overlap]: 丝印重叠
    规则: <电路板配置> 中的 "丝印" 约束; warning
[silk_overlap]: 丝印重叠
    规则: <电路板配置> 中的 "丝印" 约束; warning
[silk_overlap]: 丝印重叠
    规则: <电路板配置> 中的 "丝印" 约束; warning
    @(88.4988 mm, 209.4827 mm): R15 的参考字段
    @(88.7361 mm, 209.1177 mm): R14 的 线段, 位于 Top_Silkscreen
[silk_overlap]: 丝印重叠
    规则: <电路板配置> 中的 "丝印" 约束; warning
    @(96.2808 mm, 203.1651 mm): Q2 的 线段, 位于 Top_Silkscreen
    @(95.5088 mm, 202.9001 mm): R8 的参考字段
[silk_overlap]: 丝印重叠
    规则: <电路板配置> 中的 "丝印" 约束; warning
    @(99.2758 mm, 202.8581 mm): C3 的参考字段
    @(99.2758 mm, 202.4241 mm): R6 的参考字段
[silk_overlap]: 丝印重叠
    规则: <电路板配置> 中的 "丝印" 约束; warning
    @(99.1352 mm, 202.0552 mm): C2 的 线段, 位于 Top_Silkscreen
    @(99.2758 mm, 202.4241 mm): R6 的参考字段
[silk_overlap]: 丝印重叠
    规则: <电路板配置> 中的 "丝印" 约束; warning
    @(99.2758 mm, 200.8719 mm): R5 的参考字段
    @(99.2758 mm, 201.1352 mm): C2 的参考字段
[silk_overlap]: 丝印重叠
    规则: <电路板配置> 中的 "丝印" 约束; warning
    @(99.5131 mm, 201.5166 mm): R6 的 线段, 位于 Top_Silkscreen
    @(99.2758 mm, 201.1352 mm): C2 的参考字段
[silk_overlap]: 丝印重叠
    规则: <电路板配置> 中的 "丝印" 约束; warning
    @(99.2758 mm, 200.8719 mm): R5 的参考字段
    @(99.5131 mm, 200.4716 mm): R6 的 线段, 位于 Top_Silkscreen
[silk_overlap]: 丝印重叠
    规则: <电路板配置> 中的 "丝印" 约束; warning
    @(100.3220 mm, 183.7003 mm): D23 的 线段, 位于 Top_Silkscreen
    @(99.5232 mm, 183.2811 mm): R288 的参考字段
[silk_overlap]: 丝印重叠
    规则: <电路板配置> 中的 "丝印" 约束; warning
[silk_overlap]: 丝印重叠
    规则: <电路板配置> 中的 "丝印" 约束; warning
[silk_overlap]: 丝印重叠
    规则: <电路板配置> 中的 "丝印" 约束; warning
    @(98.9744 mm, 183.7003 mm): D23 的 线段, 位于 Top_Silkscreen
    @(99.5232 mm, 183.2811 mm): R288 的参考字段
[silk_overlap]: 丝印重叠
    规则: <电路板配置> 中的 "丝印" 约束; warning
    @(99.3958 mm, 185.1835 mm): D23 的参考字段
    @(99.2961 mm, 185.6661 mm): R288 的 线段, 位于 Top_Silkscreen
[silk_overlap]: 丝印重叠
    规则: <电路板配置> 中的 "丝印" 约束; warning
    @(100.3220 mm, 183.7003 mm): D23 的 线段, 位于 Top_Silkscreen
    @(99.5232 mm, 183.2811 mm): R288 的参考字段
[silk_overlap]: 丝印重叠
    规则: <电路板配置> 中的 "丝印" 约束; warning
    @(90.2094 mm, 194.1122 mm): R275 的 线段, 位于 Top_Silkscreen
    @(88.6418 mm, 192.3442 mm): C126 的参考字段
[silk_overlap]: 丝印重叠
    规则: <电路板配置> 中的 "丝印" 约束; warning
    @(89.4858 mm, 191.4792 mm): R276 的参考字段
    @(88.6418 mm, 192.3442 mm): C126 的参考字段
[silk_overlap]: 丝印重叠
    规则: <电路板配置> 中的 "丝印" 约束; warning
    @(88.6418 mm, 192.3442 mm): C126 的参考字段
    @(90.2129 mm, 190.5692 mm): R276 的 线段, 位于 Top_Silkscreen
[silk_overlap]: 丝印重叠
    规则: <电路板配置> 中的 "丝印" 约束; warning
    @(90.2404 mm, 196.9412 mm): R277 的 线段, 位于 Top_Silkscreen
    @(89.4823 mm, 196.8422 mm): R275 的参考字段
[silk_overlap]: 丝印重叠
    规则: <电路板配置> 中的 "丝印" 约束; warning
    @(72.3090 mm, 178.7136 mm): R241 的 线段, 位于 Top_Silkscreen
    @(72.5463 mm, 179.0901 mm): R242 的参考字段
[silk_overlap]: 丝印重叠
    规则: <电路板配置> 中的 "丝印" 约束; warning
    @(72.7836 mm, 178.1826 mm): R242 的 线段, 位于 Top_Silkscreen
    @(72.5463 mm, 177.8061 mm): R241 的参考字段
[silk_overlap]: 丝印重叠
    规则: <电路板配置> 中的 "丝印" 约束; warning
    @(70.9098 mm, 190.0442 mm): R284 的参考字段
    @(71.2573 mm, 191.0564 mm): C131 的 线段, 位于 Top_Silkscreen
[silk_overlap]: 丝印重叠
    规则: <电路板配置> 中的 "丝印" 约束; warning
    @(81.1378 mm, 194.8442 mm): Q42 的 线段, 位于 Top_Silkscreen
    @(80.4348 mm, 194.8502 mm): C123 的参考字段
[silk_overlap]: 丝印重叠
    规则: <电路板配置> 中的 "丝印" 约束; warning
    @(95.2715 mm, 203.8076 mm): R8 的 线段, 位于 Top_Silkscreen
    @(95.5970 mm, 204.3968 mm): Q2 的参考字段
[silk_overlap]: 丝印重叠
    规则: <电路板配置> 中的 "丝印" 约束; warning
    @(88.4738 mm, 204.0192 mm): R12 的参考字段
    @(88.7111 mm, 204.2797 mm): R16 的 线段, 位于 Top_Silkscreen
[silk_overlap]: 丝印重叠
    规则: <电路板配置> 中的 "丝印" 约束; warning
    @(95.5088 mm, 202.9001 mm): R8 的参考字段
    @(95.5970 mm, 204.3968 mm): Q2 的参考字段
[silk_overlap]: 丝印重叠
    规则: <电路板配置> 中的 "丝印" 约束; warning
    @(96.2808 mm, 203.1651 mm): Q2 的 线段, 位于 Top_Silkscreen
    @(95.5970 mm, 204.3968 mm): Q2 的参考字段
[silk_overlap]: 丝印重叠
    规则: <电路板配置> 中的 "丝印" 约束; warning
    @(88.4738 mm, 206.2322 mm): R16 的参考字段
    @(88.7111 mm, 205.9177 mm): R11 的 线段, 位于 Top_Silkscreen
[silk_overlap]: 丝印重叠
    规则: <电路板配置> 中的 "丝印" 约束; warning
    @(70.3952 mm, 206.6933 mm): D1 的参考字段
    @(72.0008 mm, 208.0802 mm): C12 的参考字段
[silk_overlap]: 丝印重叠
    规则: <电路板配置> 中的 "丝印" 约束; warning
    @(82.6308 mm, 207.1602 mm): C8 的参考字段
    @(84.1284 mm, 207.1402 mm): Q3 的 线段, 位于 Top_Silkscreen
[silk_overlap]: 丝印重叠
    规则: <电路板配置> 中的 "丝印" 约束; warning
    @(80.2942 mm, 196.7902 mm): C123 的 线段, 位于 Top_Silkscreen
    @(80.3848 mm, 196.4212 mm): R281 的参考字段
[silk_overlap]: 丝印重叠
    规则: <电路板配置> 中的 "丝印" 约束; warning
    @(74.8608 mm, 203.4702 mm): C10 的参考字段
    @(74.6208 mm, 202.6573 mm): R23 的 线段, 位于 Top_Silkscreen
[silk_overlap]: 丝印重叠
    规则: <电路板配置> 中的 "丝印" 约束; warning
    @(76.4408 mm, 202.6573 mm): R23 的 线段, 位于 Top_Silkscreen
    @(76.1008 mm, 200.3702 mm): R21 的参考字段
[silk_overlap]: 丝印重叠
    规则: <电路板配置> 中的 "丝印" 约束; warning
    @(70.3952 mm, 198.9838 mm): D2 的参考字段
    @(72.0008 mm, 200.3702 mm): C11 的参考字段
[silk_overlap]: 丝印重叠
    规则: <电路板配置> 中的 "丝印" 约束; warning
    @(124.8623 mm, 149.6991 mm): R292 的参考字段
    @(121.3698 mm, 149.7211 mm): R291 的参考字段
[silk_overlap]: 丝印重叠
    规则: <电路板配置> 中的 "丝印" 约束; warning
    @(99.3773 mm, 142.8215 mm): R25 的 线段, 位于 Top_Silkscreen
    @(99.5248 mm, 142.5842 mm): R26 的参考字段
[silk_overlap]: 丝印重叠
    规则: <电路板配置> 中的 "丝印" 约束; warning
    @(101.4773 mm, 142.8215 mm): R26 的 线段, 位于 Top_Silkscreen
    @(101.6248 mm, 142.5842 mm): R27 的参考字段
[silk_overlap]: 丝印重叠
    规则: <电路板配置> 中的 "丝印" 约束; warning
    @(100.2848 mm, 139.4842 mm): R30 的参考字段
    @(100.4323 mm, 139.2469 mm): R32 的 线段, 位于 Top_Silkscreen
[silk_overlap]: 丝印重叠
    规则: <电路板配置> 中的 "丝印" 约束; warning
    @(91.4018 mm, 167.7852 mm): R278 的参考字段
    @(92.1289 mm, 167.4052 mm): R280 的 线段, 位于 Top_Silkscreen
[silk_overlap]: 丝印重叠
    规则: <电路板配置> 中的 "丝印" 约束; warning
    @(94.4498 mm, 156.5805 mm): D21 的参考字段
    @(92.5208 mm, 155.8120 mm): Q32 的参考字段
[silk_overlap]: 丝印重叠
    规则: <电路板配置> 中的 "丝印" 约束; warning
    @(92.5208 mm, 155.8120 mm): Q32 的参考字段
    @(94.3558 mm, 156.1581 mm): R229 的参考字段
[silk_overlap]: 丝印重叠
    规则: <电路板配置> 中的 "丝印" 约束; warning
    @(94.3558 mm, 154.6311 mm): R230 的参考字段
    @(92.5208 mm, 155.8120 mm): Q32 的参考字段
[silk_overlap]: 丝印重叠
    规则: <电路板配置> 中的 "丝印" 约束; warning
    @(94.3558 mm, 154.6311 mm): R230 的参考字段
[silk_overlap]: 丝印重叠
    规则: <电路板配置> 中的 "丝印" 约束; warning
[silk_overlap]: 丝印重叠
    规则: <电路板配置> 中的 "丝印" 约束; warning
    @(95.3759 mm, 153.6948 mm): D21 的 线段, 位于 Top_Silkscreen
    @(92.5208 mm, 155.8120 mm): Q32 的参考字段
[silk_overlap]: 丝印重叠
    规则: <电路板配置> 中的 "丝印" 约束; warning
[silk_overlap]: 丝印重叠
    规则: <电路板配置> 中的 "丝印" 约束; warning
    @(94.0284 mm, 155.0973 mm): D21 的 线段, 位于 Top_Silkscreen
    @(94.3558 mm, 154.6311 mm): R230 的参考字段
[silk_overlap]: 丝印重叠
    规则: <电路板配置> 中的 "丝印" 约束; warning
    @(97.4248 mm, 142.5842 mm): R25 的参考字段
    @(97.7773 mm, 142.8215 mm): R24 的 线段, 位于 Top_Silkscreen
[silk_overlap]: 丝印重叠
    规则: <电路板配置> 中的 "丝印" 约束; warning
    @(92.5208 mm, 155.8120 mm): Q32 的参考字段
[silk_overlap]: 丝印重叠
    规则: <电路板配置> 中的 "丝印" 约束; warning
    @(95.3760 mm, 155.0973 mm): D21 的 线段, 位于 Top_Silkscreen
    @(92.5208 mm, 155.8120 mm): Q32 的参考字段
[silk_overlap]: 丝印重叠
    规则: <电路板配置> 中的 "丝印" 约束; warning
    @(95.3760 mm, 155.0973 mm): D21 的 线段, 位于 Top_Silkscreen
[silk_overlap]: 丝印重叠
    规则: <电路板配置> 中的 "丝印" 约束; warning
    @(95.3760 mm, 155.0973 mm): D21 的 线段, 位于 Top_Silkscreen
    @(94.3558 mm, 154.6311 mm): R230 的参考字段
[silk_overlap]: 丝印重叠
    规则: <电路板配置> 中的 "丝印" 约束; warning
    @(92.1289 mm, 165.0552 mm): R278 的 线段, 位于 Top_Silkscreen
    @(91.4018 mm, 165.4352 mm): R279 的参考字段
[silk_overlap]: 丝印重叠
    规则: <电路板配置> 中的 "丝印" 约束; warning
    @(94.1185 mm, 158.1106 mm): R229 的 线段, 位于 Top_Silkscreen
    @(94.3558 mm, 158.0621 mm): R228 的参考字段
[silk_overlap]: 丝印重叠
    规则: <电路板配置> 中的 "丝印" 约束; warning
    @(77.7543 mm, 171.0061 mm): D24 的 线段, 位于 Top_Silkscreen
    @(78.7543 mm, 171.6961 mm): D24 的参考字段
[silk_overlap]: 丝印重叠
    规则: <电路板配置> 中的 "丝印" 约束; warning
    @(82.4792 mm, 170.0252 mm): C125 的 线段, 位于 Top_Silkscreen
    @(82.6198 mm, 169.6852 mm): R282 的参考字段
[silk_overlap]: 丝印重叠
    规则: <电路板配置> 中的 "丝印" 约束; warning
    @(87.9601 mm, 177.9166 mm): R248 的 线段, 位于 Top_Silkscreen
    @(87.7228 mm, 178.3091 mm): R247 的参考字段
[silk_overlap]: 丝印重叠
    规则: <电路板配置> 中的 "丝印" 约束; warning
    @(88.0599 mm, 178.5291 mm): Q35 的参考字段
    @(87.7228 mm, 178.3091 mm): R247 的参考字段
[silk_overlap]: 丝印重叠
    规则: <电路板配置> 中的 "丝印" 约束; warning
    @(82.6198 mm, 168.0852 mm): C125 的参考字段
    @(81.1378 mm, 168.2152 mm): Q43 的 线段, 位于 Top_Silkscreen
[silk_overlap]: 丝印重叠
    规则: <电路板配置> 中的 "丝印" 约束; warning
    @(82.6198 mm, 168.0852 mm): C125 的参考字段
    @(81.9848 mm, 168.2146 mm): Q43 的 线段, 位于 Top_Silkscreen
[silk_overlap]: 丝印重叠
    规则: <电路板配置> 中的 "丝印" 约束; warning
    @(82.6198 mm, 168.0852 mm): C125 的参考字段
    @(82.6198 mm, 168.2149 mm): Q43 的 弧线, 位于 Top_Silkscreen
[silk_overlap]: 丝印重叠
    规则: <电路板配置> 中的 "丝印" 约束; warning
    @(82.6198 mm, 168.0852 mm): C125 的参考字段
    @(83.2548 mm, 168.2152 mm): Q43 的 线段, 位于 Top_Silkscreen
[silk_overlap]: 丝印重叠
    规则: <电路板配置> 中的 "丝印" 约束; warning
    @(82.6198 mm, 168.0852 mm): C125 的参考字段
    @(83.6358 mm, 167.6202 mm): Q43 的 圆形, 位于 Top_Silkscreen
[silk_overlap]: 丝印重叠
    规则: <电路板配置> 中的 "丝印" 约束; warning
    @(82.6198 mm, 168.0852 mm): C125 的参考字段
    @(84.1174 mm, 168.2152 mm): Q43 的 线段, 位于 Top_Silkscreen
[silk_overlap]: 丝印重叠
    规则: <电路板配置> 中的 "丝印" 约束; warning
    @(99.1355 mm, 179.6526 mm): R244 的 线段, 位于 Top_Silkscreen
    @(99.3728 mm, 179.5651 mm): R243 的参考字段
[silk_overlap]: 丝印重叠
    规则: <电路板配置> 中的 "丝印" 约束; warning
[silk_overlap]: 丝印重叠
    规则: <电路板配置> 中的 "丝印" 约束; warning
[silk_overlap]: 丝印重叠
    规则: <电路板配置> 中的 "丝印" 约束; warning
    @(99.1355 mm, 177.7026 mm): R245 的 线段, 位于 Top_Silkscreen
    @(99.3728 mm, 177.7001 mm): R244 的参考字段
[silk_overlap]: 丝印重叠
    规则: <电路板配置> 中的 "丝印" 约束; warning
    @(81.4763 mm, 156.4804 mm): R227 的 线段, 位于 Top_Silkscreen
    @(81.2540 mm, 156.8929 mm): R226 的参考字段
[silk_overlap]: 丝印重叠
    规则: <电路板配置> 中的 "丝印" 约束; warning
    @(88.0599 mm, 178.5291 mm): Q35 的参考字段
    @(87.7228 mm, 179.8691 mm): R248 的参考字段
[silk_overlap]: 丝印重叠
    规则: <电路板配置> 中的 "丝印" 约束; warning
    @(88.0599 mm, 178.5291 mm): Q35 的参考字段
    @(87.9601 mm, 178.9616 mm): R248 的 线段, 位于 Top_Silkscreen
[silk_overlap]: 丝印重叠
    规则: <电路板配置> 中的 "丝印" 约束; warning
    @(94.4498 mm, 156.5805 mm): D21 的参考字段
    @(94.3558 mm, 156.1581 mm): R229 的参考字段
[silk_overlap]: 丝印重叠
    规则: <电路板配置> 中的 "丝印" 约束; warning
    @(94.1185 mm, 156.5836 mm): R230 的 线段, 位于 Top_Silkscreen
    @(94.4498 mm, 156.5805 mm): D21 的参考字段
[silk_overlap]: 丝印重叠
    规则: <电路板配置> 中的 "丝印" 约束; warning
    @(94.1185 mm, 156.5836 mm): R230 的 线段, 位于 Top_Silkscreen
    @(94.3558 mm, 156.1581 mm): R229 的参考字段
[silk_overlap]: 丝印重叠
    规则: <电路板配置> 中的 "丝印" 约束; warning
    @(94.3558 mm, 156.1581 mm): R229 的参考字段
    @(94.1185 mm, 155.5386 mm): R230 的 线段, 位于 Top_Silkscreen
[silk_overlap]: 丝印重叠
    规则: <电路板配置> 中的 "丝印" 约束; warning
    @(147.9750 mm, 218.7375 mm): Q38 的参考字段
    @(147.0850 mm, 217.5750 mm): Q38 的 多边形, 位于 Top_Silkscreen
[silk_overlap]: 丝印重叠
    规则: <电路板配置> 中的 "丝印" 约束; warning
    @(145.5750 mm, 216.9875 mm): R263 的参考字段
    @(147.0850 mm, 217.5750 mm): Q38 的 多边形, 位于 Top_Silkscreen
[silk_overlap]: 丝印重叠
    规则: <电路板配置> 中的 "丝印" 约束; warning
    @(145.8021 mm, 214.6025 mm): R263 的 线段, 位于 Top_Silkscreen
    @(145.5750 mm, 214.9875 mm): R262 的参考字段
[silk_overlap]: 丝印重叠
    规则: <电路板配置> 中的 "丝印" 约束; warning
    @(137.8479 mm, 222.6725 mm): R261 的 线段, 位于 Top_Silkscreen
    @(138.0950 mm, 222.4875 mm): D25 的参考字段
[silk_overlap]: 丝印重叠
    规则: <电路板配置> 中的 "丝印" 约束; warning
    @(138.0750 mm, 214.9875 mm): R259 的参考字段
    @(138.3021 mm, 214.6025 mm): R260 的 线段, 位于 Top_Silkscreen
[silk_overlap]: 丝印重叠
    规则: <电路板配置> 中的 "丝印" 约束; warning
    @(139.5850 mm, 217.5750 mm): Q37 的 多边形, 位于 Top_Silkscreen
    @(140.4750 mm, 218.7375 mm): Q37 的参考字段
[silk_overlap]: 丝印重叠
    规则: <电路板配置> 中的 "丝印" 约束; warning
    @(139.5850 mm, 217.5750 mm): Q37 的 多边形, 位于 Top_Silkscreen
    @(138.0750 mm, 216.9875 mm): R260 的参考字段
[silk_overlap]: 丝印重叠
    规则: <电路板配置> 中的 "丝印" 约束; warning
    @(145.5950 mm, 222.4875 mm): D26 的参考字段
    @(145.3479 mm, 222.6725 mm): R264 的 线段, 位于 Top_Silkscreen
[silk_overlap]: 丝印重叠
    规则: <电路板配置> 中的 "丝印" 约束; warning
    @(222.1034 mm, 153.1655 mm): C109 的 线段, 位于 Top_Silkscreen
    @(221.2774 mm, 155.8120 mm): Q26 的参考字段
[silk_overlap]: 丝印重叠
    规则: <电路板配置> 中的 "丝印" 约束; warning
    @(223.4731 mm, 143.2586 mm): R188 的 线段, 位于 Top_Silkscreen
    @(223.2308 mm, 142.8601 mm): R187 的参考字段
[silk_overlap]: 丝印重叠
    规则: <电路板配置> 中的 "丝印" 约束; warning
    @(222.9935 mm, 143.7676 mm): R187 的 线段, 位于 Top_Silkscreen
    @(223.2358 mm, 144.1661 mm): R188 的参考字段
[silk_overlap]: 丝印重叠
    规则: <电路板配置> 中的 "丝印" 约束; warning
    @(221.6034 mm, 166.5352 mm): R172 的 线段, 位于 Top_Silkscreen
    @(221.5138 mm, 166.9002 mm): C95 的参考字段
[silk_overlap]: 丝印重叠
    规则: <电路板配置> 中的 "丝印" 约束; warning
    @(221.6544 mm, 164.9602 mm): C95 的 线段, 位于 Top_Silkscreen
    @(221.5138 mm, 165.3002 mm): R168 的参考字段
[silk_overlap]: 丝印重叠
    规则: <电路板配置> 中的 "丝印" 约束; warning
    @(208.4589 mm, 150.8989 mm): D17 的 线段, 位于 Top_Silkscreen
[silk_overlap]: 丝印重叠
    规则: <电路板配置> 中的 "丝印" 约束; warning
    @(208.4590 mm, 152.3014 mm): D17 的 线段, 位于 Top_Silkscreen
[silk_overlap]: 丝印重叠
    规则: <电路板配置> 中的 "丝印" 约束; warning
    @(209.6000 mm, 155.0201 mm): R189 的参考字段
    @(209.8373 mm, 155.0002 mm): R190 的 线段, 位于 Top_Silkscreen
[silk_overlap]: 丝印重叠
    规则: <电路板配置> 中的 "丝印" 约束; warning
    @(209.6000 mm, 156.9527 mm): R190 的参考字段
    @(209.8373 mm, 156.9186 mm): R191 的 线段, 位于 Top_Silkscreen
[silk_overlap]: 丝印重叠
    规则: <电路板配置> 中的 "丝印" 约束; warning
    @(223.2308 mm, 142.8601 mm): R187 的参考字段
    @(222.7212 mm, 140.1718 mm): Q25 的参考字段
[silk_overlap]: 丝印重叠
    规则: <电路板配置> 中的 "丝印" 约束; warning
    @(222.7212 mm, 140.1718 mm): Q25 的参考字段
    @(221.7613 mm, 140.4599 mm): R195 的 线段, 位于 Top_Silkscreen
[silk_overlap]: 丝印重叠
    规则: <电路板配置> 中的 "丝印" 约束; warning
    @(221.2988 mm, 139.5876 mm): Q25 的 线段, 位于 Top_Silkscreen
    @(220.8538 mm, 140.2226 mm): R195 的参考字段
[silk_overlap]: 丝印重叠
    规则: <电路板配置> 中的 "丝印" 约束; warning
    @(220.8538 mm, 140.2226 mm): R195 的参考字段
    @(220.0123 mm, 139.5876 mm): Q25 的 线段, 位于 Top_Silkscreen
[silk_overlap]: 丝印重叠
    规则: <电路板配置> 中的 "丝印" 约束; warning
    @(222.2440 mm, 154.8355 mm): R194 的参考字段
    @(221.2774 mm, 155.8120 mm): Q26 的参考字段
[silk_overlap]: 丝印重叠
    规则: <电路板配置> 中的 "丝印" 约束; warning
    @(222.0067 mm, 158.3480 mm): R193 的 线段, 位于 Top_Silkscreen
    @(222.2440 mm, 157.9255 mm): R192 的参考字段
[silk_overlap]: 丝印重叠
    规则: <电路板配置> 中的 "丝印" 约束; warning
    @(222.0067 mm, 156.7880 mm): R194 的 线段, 位于 Top_Silkscreen
    @(222.2440 mm, 156.3955 mm): R193 的参考字段
[silk_overlap]: 丝印重叠
    规则: <电路板配置> 中的 "丝印" 约束; warning
    @(237.6028 mm, 125.5722 mm): C48 的参考字段
    @(239.1628 mm, 126.9666 mm): D7 的参考字段
[silk_overlap]: 丝印重叠
    规则: <电路板配置> 中的 "丝印" 约束; warning
    @(218.4977 mm, 116.4471 mm): R268 的参考字段
    @(217.9990 mm, 118.0833 mm): D29 的 线段, 位于 Top_Silkscreen
[silk_overlap]: 丝印重叠
    规则: <电路板配置> 中的 "丝印" 约束; warning
    @(216.2466 mm, 118.0833 mm): D29 的 线段, 位于 Top_Silkscreen
    @(218.4977 mm, 116.4471 mm): R268 的参考字段
[silk_overlap]: 丝印重叠
    规则: <电路板配置> 中的 "丝印" 约束; warning
    @(212.2227 mm, 116.2471 mm): R271 的参考字段
    @(213.1277 mm, 116.2221 mm): C120 的参考字段
[silk_overlap]: 丝印重叠
    规则: <电路板配置> 中的 "丝印" 约束; warning
    @(217.9990 mm, 115.0109 mm): D29 的 线段, 位于 Top_Silkscreen
    @(218.4977 mm, 116.4471 mm): R268 的参考字段
[silk_overlap]: 丝印重叠
    规则: <电路板配置> 中的 "丝印" 约束; warning
    @(216.2466 mm, 115.0109 mm): D29 的 线段, 位于 Top_Silkscreen
    @(218.4977 mm, 116.4471 mm): R268 的参考字段
[silk_overlap]: 丝印重叠
    规则: <电路板配置> 中的 "丝印" 约束; warning
    @(212.2227 mm, 116.2471 mm): R271 的参考字段
    @(212.1827 mm, 115.9608 mm): C120 的 线段, 位于 Top_Silkscreen
[silk_overlap]: 丝印重叠
    规则: <电路板配置> 中的 "丝印" 约束; warning
    @(234.7428 mm, 122.4722 mm): C45 的参考字段
    @(235.0908 mm, 123.2931 mm): R91 的 线段, 位于 Top_Silkscreen
[silk_overlap]: 丝印重叠
    规则: <电路板配置> 中的 "丝印" 约束; warning
    @(233.2708 mm, 123.2931 mm): R91 的 线段, 位于 Top_Silkscreen
    @(233.6108 mm, 125.5722 mm): R89 的参考字段
[silk_overlap]: 丝印重叠
    规则: <电路板配置> 中的 "丝印" 约束; warning
    @(233.6108 mm, 122.4722 mm): R87 的参考字段
    @(233.2708 mm, 123.2931 mm): R91 的 线段, 位于 Top_Silkscreen
[silk_overlap]: 丝印重叠
    规则: <电路板配置> 中的 "丝印" 约束; warning
    @(232.0802 mm, 124.0202 mm): Q15 的参考字段
    @(231.6583 mm, 125.3349 mm): R89 的 线段, 位于 Top_Silkscreen
[silk_overlap]: 丝印重叠
    规则: <电路板配置> 中的 "丝印" 约束; warning
    @(233.6108 mm, 122.4722 mm): R87 的参考字段
    @(234.7428 mm, 122.4722 mm): C45 的参考字段
[silk_overlap]: 丝印重叠
    规则: <电路板配置> 中的 "丝印" 约束; warning
    @(216.4297 mm, 112.2558 mm): D28 的 线段, 位于 Top_Silkscreen
    @(218.7058 mm, 110.8946 mm): R269 的参考字段
[silk_overlap]: 丝印重叠
    规则: <电路板配置> 中的 "丝印" 约束; warning
    @(218.7058 mm, 110.8946 mm): R269 的参考字段
    @(218.1821 mm, 112.2558 mm): D28 的 线段, 位于 Top_Silkscreen
[silk_overlap]: 丝印重叠
    规则: <电路板配置> 中的 "丝印" 约束; warning
    @(218.7058 mm, 110.8946 mm): R269 的参考字段
    @(216.4297 mm, 109.1834 mm): D28 的 线段, 位于 Top_Silkscreen
[silk_overlap]: 丝印重叠
    规则: <电路板配置> 中的 "丝印" 约束; warning
    @(218.7058 mm, 110.8946 mm): R269 的参考字段
    @(218.1821 mm, 109.1834 mm): D28 的 线段, 位于 Top_Silkscreen
[silk_overlap]: 丝印重叠
    规则: <电路板配置> 中的 "丝印" 约束; warning
    @(213.0108 mm, 110.8446 mm): C119 的参考字段
    @(212.6958 mm, 111.1217 mm): R270 的 线段, 位于 Top_Silkscreen
[silk_overlap]: 丝印重叠
    规则: <电路板配置> 中的 "丝印" 约束; warning
    @(225.8582 mm, 126.5202 mm): Q15 的 线段, 位于 Top_Silkscreen
    @(227.3558 mm, 126.5802 mm): C43 的参考字段
[silk_overlap]: 丝印重叠
    规则: <电路板配置> 中的 "丝印" 约束; warning
    @(225.1538 mm, 163.7002 mm): R167 的参考字段
    @(225.8582 mm, 163.8202 mm): Q21 的 线段, 位于 Top_Silkscreen
[silk_overlap]: 丝印重叠
    规则: <电路板配置> 中的 "丝印" 约束; warning
    @(225.1538 mm, 163.7002 mm): R167 的参考字段
    @(227.3558 mm, 163.8205 mm): Q21 的 弧线, 位于 Top_Silkscreen
[silk_overlap]: 丝印重叠
    规则: <电路板配置> 中的 "丝印" 约束; warning
    @(225.1538 mm, 163.7002 mm): R167 的参考字段
    @(226.7208 mm, 163.8202 mm): Q21 的 线段, 位于 Top_Silkscreen
[silk_overlap]: 丝印重叠
    规则: <电路板配置> 中的 "丝印" 约束; warning
    @(232.0802 mm, 166.3202 mm): Q21 的参考字段
    @(231.6583 mm, 167.5829 mm): R174 的 线段, 位于 Top_Silkscreen
[silk_overlap]: 丝印重叠
    规则: <电路板配置> 中的 "丝印" 约束; warning
    @(230.4843 mm, 185.4351 mm): R220 的参考字段
    @(231.1333 mm, 186.8436 mm): R222 的参考字段
[silk_overlap]: 丝印重叠
    规则: <电路板配置> 中的 "丝印" 约束; warning
    @(227.9237 mm, 178.0576 mm): R209 的 线段, 位于 Top_Silkscreen
    @(228.1460 mm, 177.6451 mm): R208 的参考字段
[silk_overlap]: 丝印重叠
    规则: <电路板配置> 中的 "丝印" 约束; warning
    @(227.9087 mm, 178.5526 mm): R208 的 线段, 位于 Top_Silkscreen
    @(228.1410 mm, 179.1451 mm): R207 的参考字段
[silk_overlap]: 丝印重叠
    规则: <电路板配置> 中的 "丝印" 约束; warning
    @(227.9087 mm, 179.5976 mm): R208 的 线段, 位于 Top_Silkscreen
    @(228.1410 mm, 179.1451 mm): R207 的参考字段
[silk_overlap]: 丝印重叠
    规则: <电路板配置> 中的 "丝印" 约束; warning
    @(227.0973 mm, 187.8351 mm): Q30 的参考字段
    @(228.2598 mm, 186.9451 mm): Q30 的 多边形, 位于 Top_Silkscreen
[silk_overlap]: 丝印重叠
    规则: <电路板配置> 中的 "丝印" 约束; warning
    @(230.4843 mm, 185.4351 mm): R220 的参考字段
    @(230.8483 mm, 185.6622 mm): R221 的 线段, 位于 Top_Silkscreen
[silk_overlap]: 丝印重叠
    规则: <电路板配置> 中的 "丝印" 约束; warning
    @(228.4633 mm, 185.4351 mm): R221 的参考字段
    @(228.2598 mm, 186.9451 mm): Q30 的 多边形, 位于 Top_Silkscreen
[silk_overlap]: 丝印重叠
    规则: <电路板配置> 中的 "丝印" 约束; warning
    @(216.8386 mm, 178.5291 mm): Q29 的参考字段
    @(216.5410 mm, 179.5551 mm): R212 的参考字段
[silk_overlap]: 丝印重叠
    规则: <电路板配置> 中的 "丝印" 约束; warning
    @(215.0466 mm, 179.4139 mm): D19 的 线段, 位于 Top_Silkscreen
    @(216.5410 mm, 179.5551 mm): R212 的参考字段
[silk_overlap]: 丝印重叠
    规则: <电路板配置> 中的 "丝印" 约束; warning
    @(216.3942 mm, 179.4139 mm): D19 的 线段, 位于 Top_Silkscreen
    @(216.5410 mm, 179.5551 mm): R212 的参考字段
[silk_overlap]: 丝印重叠
    规则: <电路板配置> 中的 "丝印" 约束; warning
[silk_overlap]: 丝印重叠
    规则: <电路板配置> 中的 "丝印" 约束; warning
[silk_overlap]: 丝印重叠
    规则: <电路板配置> 中的 "丝印" 约束; warning
    @(216.7783 mm, 178.6476 mm): R212 的 线段, 位于 Top_Silkscreen
    @(215.9728 mm, 177.9307 mm): D19 的参考字段
[silk_overlap]: 丝印重叠
    规则: <电路板配置> 中的 "丝印" 约束; warning
    @(215.9728 mm, 177.9307 mm): D19 的参考字段
    @(216.5410 mm, 178.0201 mm): R211 的参考字段
[silk_overlap]: 丝印重叠
    规则: <电路板配置> 中的 "丝印" 约束; warning
    @(216.8386 mm, 178.5291 mm): Q29 的参考字段
    @(215.9728 mm, 177.9307 mm): D19 的参考字段
[silk_overlap]: 丝印重叠
    规则: <电路板配置> 中的 "丝印" 约束; warning
    @(215.0466 mm, 179.4139 mm): D19 的 线段, 位于 Top_Silkscreen
    @(216.8386 mm, 178.5291 mm): Q29 的参考字段
[silk_overlap]: 丝印重叠
    规则: <电路板配置> 中的 "丝印" 约束; warning
    @(216.3942 mm, 179.4139 mm): D19 的 线段, 位于 Top_Silkscreen
    @(216.8386 mm, 178.5291 mm): Q29 的参考字段
[silk_overlap]: 丝印重叠
    规则: <电路板配置> 中的 "丝印" 约束; warning
    @(216.8386 mm, 178.5291 mm): Q29 的参考字段
[silk_overlap]: 丝印重叠
    规则: <电路板配置> 中的 "丝印" 约束; warning
    @(215.0467 mm, 180.8164 mm): D19 的 线段, 位于 Top_Silkscreen
[silk_overlap]: 丝印重叠
    规则: <电路板配置> 中的 "丝印" 约束; warning
    @(215.0466 mm, 179.4139 mm): D19 的 线段, 位于 Top_Silkscreen
    @(216.5410 mm, 179.5551 mm): R212 的参考字段
[silk_overlap]: 丝印重叠
    规则: <电路板配置> 中的 "丝印" 约束; warning
    @(216.5410 mm, 176.0101 mm): R210 的参考字段
    @(216.7783 mm, 176.0676 mm): R211 的 线段, 位于 Top_Silkscreen
[silk_overlap]: 丝印重叠
    规则: <电路板配置> 中的 "丝印" 约束; warning
    @(216.7783 mm, 177.6026 mm): R212 的 线段, 位于 Top_Silkscreen
    @(216.5410 mm, 178.0201 mm): R211 的参考字段
[silk_overlap]: 丝印重叠
    规则: <电路板配置> 中的 "丝印" 约束; warning
    @(216.5410 mm, 179.5551 mm): R212 的参考字段
    @(215.9728 mm, 177.9307 mm): D19 的参考字段
[silk_overlap]: 丝印重叠
    规则: <电路板配置> 中的 "丝印" 约束; warning
    @(215.0467 mm, 180.8164 mm): D19 的 线段, 位于 Top_Silkscreen
    @(216.8386 mm, 178.5291 mm): Q29 的参考字段
[silk_overlap]: 丝印重叠
    规则: <电路板配置> 中的 "丝印" 约束; warning
    @(206.0952 mm, 188.0737 mm): R303 的参考字段
    @(206.0952 mm, 187.4137 mm): C145 的参考字段
[silk_overlap]: 丝印重叠
    规则: <电路板配置> 中的 "丝印" 约束; warning
    @(206.0952 mm, 188.0737 mm): R303 的参考字段
    @(205.9546 mm, 188.3337 mm): C145 的 线段, 位于 Top_Silkscreen
[silk_overlap]: 丝印重叠
    规则: <电路板配置> 中的 "丝印" 约束; warning
    @(206.3325 mm, 186.1212 mm): R303 的 线段, 位于 Top_Silkscreen
    @(206.0952 mm, 185.8737 mm): R304 的参考字段
[silk_overlap]: 丝印重叠
    规则: <电路板配置> 中的 "丝印" 约束; warning
    @(206.3325 mm, 187.1662 mm): R303 的 线段, 位于 Top_Silkscreen
    @(206.0952 mm, 187.4137 mm): C145 的参考字段
[silk_overlap]: 丝印重叠
    规则: <电路板配置> 中的 "丝印" 约束; warning
    @(234.7428 mm, 164.6452 mm): C98 的参考字段
    @(233.6108 mm, 164.6202 mm): R173 的参考字段
[silk_overlap]: 丝印重叠
    规则: <电路板配置> 中的 "丝印" 约束; warning
    @(236.0008 mm, 166.2577 mm): R176 的参考字段
    @(235.6628 mm, 167.5546 mm): C99 的 线段, 位于 Top_Silkscreen
[silk_overlap]: 丝印重叠
    规则: <电路板配置> 中的 "丝印" 约束; warning
    @(235.0908 mm, 165.5306 mm): R176 的 线段, 位于 Top_Silkscreen
    @(234.7428 mm, 164.6452 mm): C98 的参考字段
[silk_overlap]: 丝印重叠
    规则: <电路板配置> 中的 "丝印" 约束; warning
    @(233.6108 mm, 164.6202 mm): R173 的参考字段
    @(233.6108 mm, 167.8202 mm): R174 的参考字段
[silk_overlap]: 丝印重叠
    规则: <电路板配置> 中的 "丝印" 约束; warning
    @(233.2708 mm, 165.5306 mm): R176 的 线段, 位于 Top_Silkscreen
    @(233.6108 mm, 167.8202 mm): R174 的参考字段
[too_many_vias]: 连接上的过孔过多 (约束条件 规则 'via_count' 中, 最大数量 3; 实际 332)
    规则: via_count; error
    @(79.8058 mm, 160.6628 mm): 走线 [AGND] (Bottom), 长度: 0.0239 mm
[too_many_vias]: 连接上的过孔过多 (约束条件 规则 'via_count' 中, 最大数量 3; 实际 93)
    规则: via_count; error
    @(237.4188 mm, 188.4641 mm): 走线 [D+5V] (Bottom), 长度: 6.4270 mm
[too_many_vias]: 连接上的过孔过多 (约束条件 规则 'via_count' 中, 最大数量 3; 实际 89)
    规则: via_count; error
    @(130.2918 mm, 136.0801 mm): 走线 [VDD] (Bottom), 长度: 2.2783 mm

** Found 52 unconnected pads **
[unconnected_items]: 项目之间的连接缺失
    局部覆盖; error
    @(214.5826 mm, 187.4841 mm): Top 上 Q47 的焊盘 2 [AGND]
    @(214.5549 mm, 187.8001 mm): Bottom 上 R217 的焊盘 2 [AGND]
[unconnected_items]: 项目之间的连接缺失
    局部覆盖; error
    @(248.7898 mm, 107.1411 mm): 填充区 [AGND] 在 Top, Bottom 和 2 个更多上
    @(220.5549 mm, 187.9201 mm): Bottom 上 R219 的焊盘 2 [AGND]
[unconnected_items]: 项目之间的连接缺失
    局部覆盖; error
    @(248.7898 mm, 107.1411 mm): 填充区 [AGND] 在 Top, Bottom 和 2 个更多上
    @(185.1949 mm, 125.1500 mm): 走线 [AGND] (Top), 长度: 0.0042 mm
[unconnected_items]: 项目之间的连接缺失
    局部覆盖; error
    @(248.7898 mm, 107.1411 mm): 填充区 [AGND] 在 Top, Bottom 和 2 个更多上
    @(223.5549 mm, 187.9201 mm): Bottom 上 R214 的焊盘 2 [AGND]
[unconnected_items]: 项目之间的连接缺失
    局部覆盖; error
    @(70.2433 mm, 176.1971 mm): Top 上 Q34 的焊盘 3 [AGND]
    @(68.9433 mm, 176.1971 mm): Top 上 Q34 的焊盘 1 [AGND]
[unconnected_items]: 项目之间的连接缺失
    局部覆盖; error
    @(236.5623 mm, 184.3851 mm): Top 上 Q28 的焊盘 1 [AGND]
    @(235.2623 mm, 184.3851 mm): Top 上 Q28 的焊盘 3 [AGND]
[unconnected_items]: 项目之间的连接缺失
    局部覆盖; error
    @(213.1740 mm, 158.9911 mm): Top 上 Q26 的焊盘 10 [AGND]
    @(213.1740 mm, 157.6911 mm): Top 上 Q26 的焊盘 8 [AGND]
[unconnected_items]: 项目之间的连接缺失
    局部覆盖; error
    @(224.9420 mm, 175.3500 mm): Top 上 Q29 的焊盘 10 [AGND]
    @(224.9420 mm, 176.6500 mm): 走线 [AGND] (Top), 长度: 1.7301 mm
[unconnected_items]: 项目之间的连接缺失
    局部覆盖; error
    @(219.6328 mm, 141.2726 mm): Top 上 Q25 的焊盘 1 [AGND]
    @(220.9328 mm, 141.2726 mm): Top 上 Q25 的焊盘 3 [AGND]
[unconnected_items]: 项目之间的连接缺失
    局部覆盖; error
    @(218.2048 mm, 140.9976 mm): Top 上 C108 的焊盘 1 [AGND]
    @(219.6328 mm, 141.2726 mm): Top 上 Q25 的焊盘 1 [AGND]
[unconnected_items]: 项目之间的连接缺失
    局部覆盖; error
    @(67.5153 mm, 175.9221 mm): Top 上 C117 的焊盘 1 [AGND]
    @(68.9433 mm, 176.1971 mm): Top 上 Q34 的焊盘 1 [AGND]
[unconnected_items]: 项目之间的连接缺失
    局部覆盖; error
    @(236.5623 mm, 184.3851 mm): Top 上 Q28 的焊盘 1 [AGND]
    @(237.9903 mm, 184.6601 mm): Top 上 C111 的焊盘 1 [AGND]
[unconnected_items]: 项目之间的连接缺失
    局部覆盖; error
    @(86.8978 mm, 176.8791 mm): Top 上 R247 的焊盘 2 [AGND]
    @(86.8978 mm, 175.3491 mm): Top 上 R246 的焊盘 2 [AGND]
[unconnected_items]: 项目之间的连接缺失
    局部覆盖; error
    @(223.0690 mm, 157.8255 mm): Top 上 R193 的焊盘 2 [AGND]
    @(223.0690 mm, 159.3555 mm): Top 上 R192 的焊盘 2 [AGND]
[unconnected_items]: 项目之间的连接缺失
    局部覆盖; error
    @(220.2858 mm, 144.2861 mm): Top 上 C107 的焊盘 1 [AGND]
    @(248.7898 mm, 107.1411 mm): 填充区 [AGND] 在 Top, Bottom 和 2 个更多上
[unconnected_items]: 项目之间的连接缺失
    局部覆盖; error
    @(223.0690 mm, 157.8255 mm): Top 上 R193 的焊盘 2 [AGND]
    @(223.0690 mm, 156.2655 mm): Top 上 R194 的焊盘 2 [AGND]
[unconnected_items]: 项目之间的连接缺失
    局部覆盖; error
    @(86.8978 mm, 176.8791 mm): Top 上 R247 的焊盘 2 [AGND]
    @(86.8978 mm, 178.4391 mm): Top 上 R248 的焊盘 2 [AGND]
[unconnected_items]: 项目之间的连接缺失
    局部覆盖; error
    @(217.8848 mm, 160.7202 mm): Top 上 C94 的焊盘 1 [AGND]
    @(248.7898 mm, 107.1411 mm): 填充区 [AGND] 在 Top, Bottom 和 2 个更多上
[unconnected_items]: 项目之间的连接缺失
    局部覆盖; error
    @(215.7160 mm, 174.5801 mm): Top 上 R210 的焊盘 2 [AGND]
    @(248.7898 mm, 107.1411 mm): 填充区 [AGND] 在 Top, Bottom 和 2 个更多上
[unconnected_items]: 项目之间的连接缺失
    局部覆盖; error
    @(248.7898 mm, 107.1411 mm): 填充区 [AGND] 在 Top, Bottom 和 2 个更多上
    @(80.5808 mm, 140.2306 mm): Top 上 R239 的焊盘 2 [AGND]
[unconnected_items]: 项目之间的连接缺失
    局部覆盖; error
    @(226.0818 mm, 141.1351 mm): Top 上 R203 的焊盘 2 [AGND]
    @(248.7898 mm, 107.1411 mm): 填充区 [AGND] 在 Top, Bottom 和 2 个更多上
[unconnected_items]: 项目之间的连接缺失
    局部覆盖; error
    @(248.7898 mm, 107.1411 mm): 填充区 [AGND] 在 Top, Bottom 和 2 个更多上
    @(75.3923 mm, 176.0596 mm): Top 上 R257 的焊盘 2 [AGND]
[unconnected_items]: 项目之间的连接缺失
    局部覆盖; error
    @(248.7898 mm, 107.1411 mm): 填充区 [AGND] 在 Top, Bottom 和 2 个更多上
    @(83.4058 mm, 205.7302 mm): Top 上 C8 的焊盘 1 [AGND]
[unconnected_items]: 项目之间的连接缺失
    局部覆盖; error
    @(90.4213 mm, 179.2502 mm): Top 上 Q35 的焊盘 17 [AGND]
    @(248.7898 mm, 107.1411 mm): 填充区 [AGND] 在 Top, Bottom 和 2 个更多上
[unconnected_items]: 项目之间的连接缺失
    局部覆盖; error
    @(248.7898 mm, 107.1411 mm): 填充区 [AGND] 在 Top, Bottom 和 2 个更多上
    @(223.0690 mm, 156.2655 mm): Top 上 R194 的焊盘 2 [AGND]
[unconnected_items]: 项目之间的连接缺失
    局部覆盖; error
    @(235.2623 mm, 184.3851 mm): Top 上 Q28 的焊盘 3 [AGND]
    @(232.5549 mm, 183.1205 mm): Bottom 上 CN4 的焊盘 10 [AGND]
[unconnected_items]: 项目之间的连接缺失
    局部覆盖; error
    @(214.5826 mm, 187.4841 mm): Top 上 Q47 的焊盘 2 [AGND]
    @(217.5549 mm, 187.8901 mm): Bottom 上 R218 的焊盘 2 [AGND]
[unconnected_items]: 项目之间的连接缺失
    局部覆盖; error
    @(217.5549 mm, 187.8901 mm): Bottom 上 R218 的焊盘 2 [AGND]
    @(220.5549 mm, 187.9201 mm): Bottom 上 R219 的焊盘 2 [AGND]
[unconnected_items]: 项目之间的连接缺失
    局部覆盖; error
    @(248.7898 mm, 107.1411 mm): 填充区 [AGND] 在 Top, Bottom 和 2 个更多上
    @(215.7660 mm, 182.1261 mm): Top 上 C112 的焊盘 2 [AGND]
[unconnected_items]: 项目之间的连接缺失
    局部覆盖; error
    @(74.7848 mm, 143.3871 mm): Top 上 C113 的焊盘 1 [AGND]
    @(248.7898 mm, 107.1411 mm): 填充区 [AGND] 在 Top, Bottom 和 2 个更多上
[unconnected_items]: 项目之间的连接缺失
    局部覆盖; error
    @(70.2433 mm, 176.1971 mm): Top 上 Q34 的焊盘 3 [AGND]
    @(69.5963 mm, 179.2101 mm): Top 上 C116 的焊盘 1 [AGND]
[unconnected_items]: 项目之间的连接缺失
    局部覆盖; error
    @(220.2858 mm, 144.2861 mm): Top 上 C107 的焊盘 1 [AGND]
    @(220.9328 mm, 141.2726 mm): Top 上 Q25 的焊盘 3 [AGND]
[unconnected_items]: 项目之间的连接缺失
    局部覆盖; error
    @(235.9093 mm, 181.3231 mm): Top 上 C110 的焊盘 1 [AGND]
    @(235.2623 mm, 184.3851 mm): Top 上 Q28 的焊盘 3 [AGND]
[unconnected_items]: 项目之间的连接缺失
    局部覆盖; error
    @(248.7898 mm, 107.1411 mm): 填充区 [AGND] 在 Top, Bottom 和 2 个更多上
    @(212.4637 mm, 209.8262 mm): Top 上 Q9 的焊盘 7 [AGND]
[unconnected_items]: 项目之间的连接缺失
    局部覆盖; error
    @(97.9989 mm, 206.8902 mm): Top 上 Q1 的焊盘 7 [AGND]
    @(248.7898 mm, 107.1411 mm): 填充区 [AGND] 在 Top, Bottom 和 2 个更多上
[unconnected_items]: 项目之间的连接缺失
    局部覆盖; error
    @(223.0190 mm, 152.6555 mm): Top 上 C109 的焊盘 2 [AGND]
    @(248.7898 mm, 107.1411 mm): 填充区 [AGND] 在 Top, Bottom 和 2 个更多上
[unconnected_items]: 项目之间的连接缺失
    局部覆盖; error
    @(90.4213 mm, 179.2502 mm): Top 上 Q35 的焊盘 17 [AGND]
    @(86.8978 mm, 178.4391 mm): Top 上 R248 的焊盘 2 [AGND]
[unconnected_items]: 项目之间的连接缺失
    局部覆盖; error
    @(86.8978 mm, 178.4391 mm): Top 上 R248 的焊盘 2 [AGND]
    @(86.9478 mm, 182.0841 mm): Top 上 C118 的焊盘 2 [AGND]
[unconnected_items]: 项目之间的连接缺失
    局部覆盖; error
    @(215.7160 mm, 178.1251 mm): 走线 [AGND] (Top), 长度: 0.9692 mm
    @(219.2000 mm, 179.2502 mm): Top 上 Q29 的焊盘 17 [AGND]
[unconnected_items]: 项目之间的连接缺失
    局部覆盖; error
    @(248.7898 mm, 107.1411 mm): 填充区 [AGND] 在 Top, Bottom 和 2 个更多上
    @(212.9288 mm, 120.5352 mm): Top 上 C37 的焊盘 2 [AGND]
[unconnected_items]: 项目之间的连接缺失
    局部覆盖; error
    @(248.7898 mm, 107.1411 mm): 填充区 [AGND] 在 Top, Bottom 和 2 个更多上
    @(140.9558 mm, 191.3652 mm): Bottom 上 C135 的焊盘 2 [AGND]
[unconnected_items]: 项目之间的连接缺失
    局部覆盖; error
    @(236.1728 mm, 217.0942 mm): Top 上 C35 的焊盘 2 [AGND]
    @(248.7898 mm, 107.1411 mm): 填充区 [AGND] 在 Top, Bottom 和 2 个更多上
[unconnected_items]: 项目之间的连接缺失
    局部覆盖; error
    @(248.7898 mm, 107.1411 mm): 填充区 [AGND] 在 Top, Bottom 和 2 个更多上
    @(248.7898 mm, 107.1411 mm): 填充区 [AGND] 在 Top, Bottom 和 2 个更多上
[unconnected_items]: 项目之间的连接缺失
    局部覆盖; error
    @(75.3923 mm, 176.0596 mm): Top 上 R257 的焊盘 2 [AGND]
    @(70.2433 mm, 176.1971 mm): Top 上 Q34 的焊盘 3 [AGND]
[unconnected_items]: 项目之间的连接缺失
    局部覆盖; error
    @(139.7266 mm, 199.0276 mm): Top 上 U4 的焊盘 6 [AGND]
    @(140.9558 mm, 191.3652 mm): Bottom 上 C135 的焊盘 2 [AGND]
[unconnected_items]: 项目之间的连接缺失
    局部覆盖; error
    @(137.6587 mm, 106.8702 mm): DSUB1 的金属化焊盘 9 [AGND]
    @(248.7898 mm, 107.1411 mm): 填充区 [AGND] 在 Top, Bottom 和 2 个更多上
[unconnected_items]: 项目之间的连接缺失
    局部覆盖; error
    @(248.7898 mm, 107.1411 mm): 填充区 [AGND] 在 Top, Bottom 和 2 个更多上
    @(118.0818 mm, 182.4285 mm): U7 的金属化焊盘 17 [AGND]
[unconnected_items]: 项目之间的连接缺失
    局部覆盖; error
    @(214.2138 mm, 198.4452 mm): Top 上 Q24 的焊盘 5 [VDD]
    @(215.2048 mm, 194.7781 mm): 走线 [VDD] (Bottom), 长度: 5.8647 mm
[unconnected_items]: 项目之间的连接缺失
    局部覆盖; error
    @(238.1558 mm, 116.4941 mm): J1 的金属化焊盘 3 [Net-(J1-Pin_3)]
    @(238.1558 mm, 112.9946 mm): 走线 [Net-(J1-Pin_3)] (Top), 长度: 2.5400 mm
[unconnected_items]: 项目之间的连接缺失
    局部覆盖; error
    @(225.4338 mm, 207.6091 mm): 走线 [D+5V] (Bottom), 长度: 10.8740 mm
    @(228.1308 mm, 210.9692 mm): 走线 [D+5V] (Top), 长度: 1.0501 mm
[unconnected_items]: 项目之间的连接缺失
    局部覆盖; error
    @(181.1488 mm, 131.2549 mm): Top 上 R103 的焊盘 2 [/ESC_MDIO]
    @(181.1488 mm, 132.6401 mm): 走线 [/ESC_MDIO] (Top), 长度: 0.7502 mm
[unconnected_items]: 项目之间的连接缺失
    局部覆盖; error
    @(227.8538 mm, 116.5681 mm): J2 的金属化焊盘 3 [Net-(J2-Pin_3)]
    @(220.1477 mm, 115.5346 mm): 走线 [Net-(J2-Pin_3)] (Top), 长度: 7.7061 mm

** Found 6 Footprint errors **
[net_conflict]: 在原理图中未找到引脚 5 的焊盘。
    局部覆盖; warning
    @(255.1338 mm, 153.6202 mm): 封装 CN1
[net_conflict]: 在原理图中未找到引脚 5 的焊盘。
    局部覆盖; warning
    @(255.1338 mm, 176.7949 mm): 封装 CN2
[net_conflict]: 在原理图中未找到引脚 5 的焊盘。
    局部覆盖; warning
    @(54.1718 mm, 180.1149 mm): 封装 CN7
[net_conflict]: 在原理图中未找到引脚 5 的焊盘。
    局部覆盖; warning
    @(54.0921 mm, 156.9402 mm): 封装 CN8
[net_conflict]: 在原理图中未找到引脚 15 的焊盘。
    局部覆盖; warning
    @(227.0168 mm, 103.0190 mm): 封装 J7
[net_conflict]: 在原理图中未找到引脚 16 的焊盘。
    局部覆盖; warning
    @(227.0168 mm, 103.0190 mm): 封装 J7

** End of Report **
