ISO-10303-21;
HEADER;
FILE_DESCRIPTION (( 'STEP AP214' ),
    '1' );
FILE_NAME ('ECS-2520S33-250-FN-TR.STEP',
    '2024-06-03T04:21:17',
    ( '' ),
    ( '' ),
    'SwSTEP 2.0',
    'SolidWorks 2022',
    '' );
FILE_SCHEMA (( 'AUTOMOTIVE_DESIGN' ));
ENDSEC;

DATA;
#1 = LINE ( 'NONE', #1512, #2121 ) ;
#2 = ORIENTED_EDGE ( 'NONE', *, *, #1365, .F. ) ;
#3 = ORIENTED_EDGE ( 'NONE', *, *, #1089, .T. ) ;
#4 = CARTESIAN_POINT ( 'NONE',  ( 1.250000000000000000, 0.9000000000000000222, 1.000000000000000000 ) ) ;
#5 = DIRECTION ( 'NONE',  ( 0.000000000000000000, 0.000000000000000000, 1.000000000000000000 ) ) ;
#6 = DIRECTION ( 'NONE',  ( 0.000000000000000000, -1.000000000000000000, 0.000000000000000000 ) ) ;
#7 = CARTESIAN_POINT ( 'NONE',  ( 0.4749999999999999778, 0.4500000000000000111, -0.9000000000000000222 ) ) ;
#8 = DIRECTION ( 'NONE',  ( -1.000000000000000000, 0.000000000000000000, -2.409338161078900167E-16 ) ) ;
#9 = VERTEX_POINT ( 'NONE', #673 ) ;
#10 = VECTOR ( 'NONE', #78, 1000.000000000000000 ) ;
#11 = AXIS2_PLACEMENT_3D ( 'NONE', #3206, #2305, #1385 ) ;
#12 = VERTEX_POINT ( 'NONE', #1883 ) ;
#13 = DIRECTION ( 'NONE',  ( 0.000000000000000000, 0.000000000000000000, -1.000000000000000000 ) ) ;
#14 = DIRECTION ( 'NONE',  ( 1.000000000000000000, 0.000000000000000000, 2.282530889443165050E-16 ) ) ;
#15 = CIRCLE ( 'NONE', #266, 0.1000000000000000472 ) ;
#16 = ADVANCED_FACE ( 'NONE', ( #436 ), #1903, .F. ) ;
#17 = VECTOR ( 'NONE', #1773, 1000.000000000000000 ) ;
#18 = EDGE_LOOP ( 'NONE', ( #3834, #3277, #2085, #2957 ) ) ;
#19 = DIRECTION ( 'NONE',  ( -1.000000000000000000, 0.000000000000000000, -3.771137991253930052E-16 ) ) ;
#20 = CARTESIAN_POINT ( 'NONE',  ( 0.2625000000000000111, -2.376562118716424976, -1.000000000000000000 ) ) ;
#21 = PLANE ( 'NONE',  #3423 ) ;
#22 = AXIS2_PLACEMENT_3D ( 'NONE', #258, #1142, #1440 ) ;
#23 = DIRECTION ( 'NONE',  ( 0.000000000000000000, 0.000000000000000000, 1.000000000000000000 ) ) ;
#24 = EDGE_CURVE ( 'NONE', #2127, #1514, #2759, .T. ) ;
#25 = ORIENTED_EDGE ( 'NONE', *, *, #1503, .F. ) ;
#26 = CARTESIAN_POINT ( 'NONE',  ( -1.149999999999999911, 0.000000000000000000, -0.8504032258064510019 ) ) ;
#27 = DIRECTION ( 'NONE',  ( 0.000000000000000000, -1.000000000000000000, 0.000000000000000000 ) ) ;
#28 = ORIENTED_EDGE ( 'NONE', *, *, #1635, .F. ) ;
#29 = VECTOR ( 'NONE', #3455, 1000.000000000000000 ) ;
#30 = CLOSED_SHELL ( 'NONE', ( #1864, #3427, #3892, #3771, #3779, #1818, #3204, #3399, #1655 ) ) ;
#31 = LINE ( 'NONE', #1246, #1538 ) ;
#32 = DIRECTION ( 'NONE',  ( 0.000000000000000000, 0.000000000000000000, 1.000000000000000000 ) ) ;
#33 = VECTOR ( 'NONE', #2261, 1000.000000000000000 ) ;
#34 = DIRECTION ( 'NONE',  ( 0.000000000000000000, 0.000000000000000000, 1.000000000000000000 ) ) ;
#35 = LINE ( 'NONE', #1249, #2853 ) ;
#36 = EDGE_LOOP ( 'NONE', ( #584, #1141, #2824, #2831 ) ) ;
#37 = ORIENTED_EDGE ( 'NONE', *, *, #2434, .T. ) ;
#38 = FACE_OUTER_BOUND ( 'NONE', #811, .T. ) ;
#39 = DIRECTION ( 'NONE',  ( 0.000000000000000000, 0.000000000000000000, -1.000000000000000000 ) ) ;
#40 = CARTESIAN_POINT ( 'NONE',  ( -1.250000000000000000, 0.4500000000000000111, -1.000000000000000000 ) ) ;
#41 = EDGE_LOOP ( 'NONE', ( #856, #2804, #2478, #2681 ) ) ;
#42 = LINE ( 'NONE', #2141, #2173 ) ;
#43 = CARTESIAN_POINT ( 'NONE',  ( -1.149999999999999911, 0.4500000000000000111, 0.3250000000000000111 ) ) ;
#44 = EDGE_CURVE ( 'NONE', #3299, #1663, #731, .T. ) ;
#45 = ORIENTED_EDGE ( 'NONE', *, *, #972, .F. ) ;
#46 = ORIENTED_EDGE ( 'NONE', *, *, #1040, .T. ) ;
#47 = DIRECTION ( 'NONE',  ( -1.000000000000000000, 1.355252715606880049E-16, 0.000000000000000000 ) ) ;
#48 = EDGE_CURVE ( 'NONE', #117, #542, #97, .T. ) ;
#49 = EDGE_CURVE ( 'NONE', #3883, #1845, #2833, .T. ) ;
#50 = PLANE ( 'NONE',  #424 ) ;
#51 = VERTEX_POINT ( 'NONE', #1606 ) ;
#52 = LINE ( 'NONE', #2734, #3789 ) ;
#53 = CARTESIAN_POINT ( 'NONE',  ( -0.9000000000000000222, 1.000000000000000000, 0.7249999999999999778 ) ) ;
#54 = EDGE_CURVE ( 'NONE', #3695, #1438, #3120, .T. ) ;
#55 = PLANE ( 'NONE',  #967 ) ;
#56 = CARTESIAN_POINT ( 'NONE',  ( -1.250000000000000000, -2.376562118716424976, -0.9375000000000000000 ) ) ;
#57 = ORIENTED_EDGE ( 'NONE', *, *, #1753, .F. ) ;
#58 = ORIENTED_EDGE ( 'NONE', *, *, #863, .F. ) ;
#59 = DIRECTION ( 'NONE',  ( 0.000000000000000000, -1.000000000000000000, 0.000000000000000000 ) ) ;
#60 = DIRECTION ( 'NONE',  ( -4.818676322157800333E-16, -1.000000000000000000, 0.000000000000000000 ) ) ;
#61 = ORIENTED_EDGE ( 'NONE', *, *, #101, .F. ) ;
#62 = CARTESIAN_POINT ( 'NONE',  ( 1.187500000000000000, -2.376562118716424976, -1.000000000000000000 ) ) ;
#63 = SURFACE_STYLE_USAGE ( .BOTH. , #3605 ) ;
#64 = CARTESIAN_POINT ( 'NONE',  ( -0.2000000000000000111, 0.8249999999999999556, 1.000000000000000000 ) ) ;
#65 = ORIENTED_EDGE ( 'NONE', *, *, #572, .T. ) ;
#66 = ORIENTED_EDGE ( 'NONE', *, *, #1637, .F. ) ;
#67 = DIRECTION ( 'NONE',  ( -1.000000000000000000, 0.000000000000000000, -3.771137991253930052E-16 ) ) ;
#68 = PLANE ( 'NONE',  #163 ) ;
#69 = ORIENTED_EDGE ( 'NONE', *, *, #3800, .T. ) ;
#70 = EDGE_CURVE ( 'NONE', #430, #2458, #2797, .T. ) ;
#71 = DIRECTION ( 'NONE',  ( 0.000000000000000000, -1.000000000000000000, 0.000000000000000000 ) ) ;
#72 = CARTESIAN_POINT ( 'NONE',  ( -1.250000000000000000, 1.477740239554724111, 0.9375000000000000000 ) ) ;
#73 = DIRECTION ( 'NONE',  ( -1.000000000000000000, 0.000000000000000000, 0.000000000000000000 ) ) ;
#74 = DIRECTION ( 'NONE',  ( 0.000000000000000000, 1.000000000000000000, 0.000000000000000000 ) ) ;
#75 = ADVANCED_FACE ( 'NONE', ( #1327 ), #2777, .F. ) ;
#76 = ORIENTED_EDGE ( 'NONE', *, *, #2753, .T. ) ;
#77 = CARTESIAN_POINT ( 'NONE',  ( 1.187500000000000000, 0.4500000000000000111, 1.000000000000000000 ) ) ;
#78 = DIRECTION ( 'NONE',  ( -1.885568995626964780E-16, 0.000000000000000000, 1.000000000000000000 ) ) ;
#79 = DIRECTION ( 'NONE',  ( 0.000000000000000000, 0.000000000000000000, -1.000000000000000000 ) ) ;
#80 = ORIENTED_EDGE ( 'NONE', *, *, #1991, .T. ) ;
#81 = DIRECTION ( 'NONE',  ( 1.000000000000000000, 0.000000000000000000, 0.000000000000000000 ) ) ;
#82 = VECTOR ( 'NONE', #2717, 1000.000000000000000 ) ;
#83 = DIRECTION ( 'NONE',  ( -1.000000000000000000, 0.000000000000000000, 0.000000000000000000 ) ) ;
#84 = VECTOR ( 'NONE', #2415, 1000.000000000000000 ) ;
#85 = FACE_OUTER_BOUND ( 'NONE', #2486, .T. ) ;
#86 = EDGE_LOOP ( 'NONE', ( #315, #375, #1570, #2362 ) ) ;
#87 = AXIS2_PLACEMENT_3D ( 'NONE', #725, #2088, #2985 ) ;
#88 = ORIENTED_EDGE ( 'NONE', *, *, #171, .T. ) ;
#89 = PLANE ( 'NONE',  #3434 ) ;
#90 = CIRCLE ( 'NONE', #3297, 0.06250000000000005551 ) ;
#91 = CARTESIAN_POINT ( 'NONE',  ( 1.149999999999999911, 0.4500000000000000111, -0.3250000000000000111 ) ) ;
#92 = ORIENTED_EDGE ( 'NONE', *, *, #3708, .F. ) ;
#93 = AXIS2_PLACEMENT_3D ( 'NONE', #1103, #1396, #3203 ) ;
#94 = CARTESIAN_POINT ( 'NONE',  ( 1.250000000000000000, 0.000000000000000000, 0.9375000000000000000 ) ) ;
#95 = EDGE_CURVE ( 'NONE', #2387, #3201, #1050, .T. ) ;
#96 = DIRECTION ( 'NONE',  ( 0.000000000000000000, 0.000000000000000000, 1.000000000000000000 ) ) ;
#97 = LINE ( 'NONE', #1651, #3242 ) ;
#98 = AXIS2_PLACEMENT_3D ( 'NONE', #2224, #123, #444 ) ;
#99 = ORIENTED_EDGE ( 'NONE', *, *, #2403, .F. ) ;
#100 = LINE ( 'NONE', #1315, #538 ) ;
#101 = EDGE_CURVE ( 'NONE', #3683, #1531, #3700, .T. ) ;
#102 = CARTESIAN_POINT ( 'NONE',  ( -0.2000000000000000111, 0.4500000000000000111, -0.9375000000000000000 ) ) ;
#103 = EDGE_CURVE ( 'NONE', #3000, #3695, #1011, .T. ) ;
#104 = AXIS2_PLACEMENT_3D ( 'NONE', #2175, #3367, #2819 ) ;
#105 = AXIS2_PLACEMENT_3D ( 'NONE', #2187, #318, #1530 ) ;
#106 = ORIENTED_EDGE ( 'NONE', *, *, #459, .T. ) ;
#107 = FACE_OUTER_BOUND ( 'NONE', #1895, .T. ) ;
#108 = CARTESIAN_POINT ( 'NONE',  ( -0.2625000000000000111, 0.8249999999999999556, -1.000000000000000000 ) ) ;
#109 = VERTEX_POINT ( 'NONE', #2217 ) ;
#110 = ORIENTED_EDGE ( 'NONE', *, *, #1331, .T. ) ;
#111 = FACE_OUTER_BOUND ( 'NONE', #2965, .T. ) ;
#112 = LINE ( 'NONE', #1662, #2355 ) ;
#113 = ORIENTED_EDGE ( 'NONE', *, *, #2773, .T. ) ;
#114 = FACE_OUTER_BOUND ( 'NONE', #1701, .T. ) ;
#115 = DIRECTION ( 'NONE',  ( 0.000000000000000000, -1.000000000000000000, 0.000000000000000000 ) ) ;
#116 = VERTEX_POINT ( 'NONE', #3409 ) ;
#117 = VERTEX_POINT ( 'NONE', #2522 ) ;
#118 = LINE ( 'NONE', #1329, #2744 ) ;
#119 = DIRECTION ( 'NONE',  ( 0.000000000000000000, 0.000000000000000000, -1.000000000000000000 ) ) ;
#120 = ADVANCED_FACE ( 'NONE', ( #965 ), #710, .T. ) ;
#121 = ORIENTED_EDGE ( 'NONE', *, *, #858, .T. ) ;
#122 = LINE ( 'NONE', #3470, #2667 ) ;
#123 = DIRECTION ( 'NONE',  ( 0.000000000000000000, -1.000000000000000000, 0.000000000000000000 ) ) ;
#124 = ORIENTED_EDGE ( 'NONE', *, *, #292, .T. ) ;
#125 = EDGE_CURVE ( 'NONE', #117, #2458, #1028, .T. ) ;
#126 = VERTEX_POINT ( 'NONE', #1589 ) ;
#127 = DIRECTION ( 'NONE',  ( -0.7540815958863059665, 0.000000000000000000, 0.6567807448042017882 ) ) ;
#128 = ORIENTED_EDGE ( 'NONE', *, *, #3184, .F. ) ;
#129 = CARTESIAN_POINT ( 'NONE',  ( 1.074999999999999956, 0.9000000000000000222, 0.8000000000000000444 ) ) ;
#130 = DIRECTION ( 'NONE',  ( 0.000000000000000000, -1.000000000000000000, 0.000000000000000000 ) ) ;
#131 = CARTESIAN_POINT ( 'NONE',  ( -0.4749999999999999778, 0.4500000000000000111, -0.3250000000000000111 ) ) ;
#132 = ORIENTED_EDGE ( 'NONE', *, *, #552, .T. ) ;
#133 = MANIFOLD_SOLID_BREP ( 'NONE', #30 ) ;
#134 = FACE_OUTER_BOUND ( 'NONE', #3621, .T. ) ;
#135 = CARTESIAN_POINT ( 'NONE',  ( 0.2000000000000000111, 0.4500000000000000111, -1.000000000000000000 ) ) ;
#136 = CARTESIAN_POINT ( 'NONE',  ( -0.2000000000000000111, 0.9000000000000000222, 1.000000000000000000 ) ) ;
#137 = ORIENTED_EDGE ( 'NONE', *, *, #3867, .F. ) ;
#138 = DIRECTION ( 'NONE',  ( 0.000000000000000000, -1.000000000000000000, 0.000000000000000000 ) ) ;
#139 = CYLINDRICAL_SURFACE ( 'NONE', #2987, 0.06250000000000005551 ) ;
#140 = EDGE_CURVE ( 'NONE', #507, #2465, #1285, .T. ) ;
#141 = AXIS2_PLACEMENT_3D ( 'NONE', #2395, #3375, #79 ) ;
#142 = ORIENTED_EDGE ( 'NONE', *, *, #2887, .F. ) ;
#143 = CARTESIAN_POINT ( 'NONE',  ( 1.149999999999999911, 0.4500000000000000111, -0.8504032258064510019 ) ) ;
#144 = DIRECTION ( 'NONE',  ( 0.000000000000000000, 0.000000000000000000, 1.000000000000000000 ) ) ;
#145 = FACE_OUTER_BOUND ( 'NONE', #2877, .T. ) ;
#146 = EDGE_CURVE ( 'NONE', #1177, #361, #600, .T. ) ;
#147 = EDGE_CURVE ( 'NONE', #256, #1998, #218, .T. ) ;
#148 = CIRCLE ( 'NONE', #1613, 0.06250000000000005551 ) ;
#149 = ORIENTED_EDGE ( 'NONE', *, *, #3138, .T. ) ;
#150 = AXIS2_PLACEMENT_3D ( 'NONE', #1694, #2881, #2676 ) ;
#151 = DIRECTION ( 'NONE',  ( 0.000000000000000000, 1.000000000000000000, 0.000000000000000000 ) ) ;
#152 = VECTOR ( 'NONE', #2649, 1000.000000000000000 ) ;
#153 = DIRECTION ( 'NONE',  ( 0.000000000000000000, -1.000000000000000000, 0.000000000000000000 ) ) ;
#154 = VERTEX_POINT ( 'NONE', #1124 ) ;
#155 = AXIS2_PLACEMENT_3D ( 'NONE', #661, #350, #1562 ) ;
#156 = DIRECTION ( 'NONE',  ( 0.000000000000000000, -1.000000000000000000, 0.000000000000000000 ) ) ;
#157 = CARTESIAN_POINT ( 'NONE',  ( 1.149999999999999911, 1.477740239554724111, -0.8504032258064510019 ) ) ;
#158 = VECTOR ( 'NONE', #1695, 1000.000000000000000 ) ;
#159 = ORIENTED_EDGE ( 'NONE', *, *, #3529, .F. ) ;
#160 = DIRECTION ( 'NONE',  ( 0.000000000000000000, 1.000000000000000000, 0.000000000000000000 ) ) ;
#161 = LINE ( 'NONE', #2807, #3441 ) ;
#162 = AXIS2_PLACEMENT_3D ( 'NONE', #712, #1071, #1055 ) ;
#163 = AXIS2_PLACEMENT_3D ( 'NONE', #2130, #2815, #2754 ) ;
#164 = ORIENTED_EDGE ( 'NONE', *, *, #1236, .F. ) ;
#165 = EDGE_CURVE ( 'NONE', #3402, #506, #595, .T. ) ;
#166 = SURFACE_STYLE_FILL_AREA ( #1323 ) ;
#167 = LINE ( 'NONE', #1377, #2406 ) ;
#168 = ORIENTED_EDGE ( 'NONE', *, *, #3704, .F. ) ;
#169 = ADVANCED_FACE ( 'NONE', ( #1734 ), #2900, .T. ) ;
#170 = DIRECTION ( 'NONE',  ( 0.000000000000000000, -1.000000000000000000, 0.000000000000000000 ) ) ;
#171 = EDGE_CURVE ( 'NONE', #1067, #3418, #2023, .T. ) ;
#172 = EDGE_LOOP ( 'NONE', ( #871, #2473, #917, #692 ) ) ;
#173 = CARTESIAN_POINT ( 'NONE',  ( 1.149999999999999911, 0.000000000000000000, 0.3250000000000000111 ) ) ;
#174 = LINE ( 'NONE', #2567, #3167 ) ;
#175 = ORIENTED_EDGE ( 'NONE', *, *, #1019, .F. ) ;
#176 = CARTESIAN_POINT ( 'NONE',  ( 0.2000000000000000111, 0.2250000000000000056, -0.9375000000000000000 ) ) ;
#177 = DIRECTION ( 'NONE',  ( 0.000000000000000000, -1.000000000000000000, 0.000000000000000000 ) ) ;
#178 = MANIFOLD_SOLID_BREP ( 'NONE', #2424 ) ;
#179 = UNCERTAINTY_MEASURE_WITH_UNIT (LENGTH_MEASURE( 1.000000000000000082E-05 ), #3087, 'distance_accuracy_value', 'NONE');
#180 = EDGE_LOOP ( 'NONE', ( #1324, #722, #1092, #1212 ) ) ;
#181 =( NAMED_UNIT ( * ) SI_UNIT ( $, .STERADIAN. ) SOLID_ANGLE_UNIT ( ) );
#182 = DIRECTION ( 'NONE',  ( -0.6567807448042012330, 0.000000000000000000, 0.7540815958863064106 ) ) ;
#183 = ORIENTED_EDGE ( 'NONE', *, *, #1157, .T. ) ;
#184 = EDGE_LOOP ( 'NONE', ( #3333, #3809, #2626, #1192 ) ) ;
#185 = CARTESIAN_POINT ( 'NONE',  ( -1.074999999999999956, 1.000000000000000000, 0.8000000000000000444 ) ) ;
#186 = ADVANCED_FACE ( 'NONE', ( #1825 ), #2919, .F. ) ;
#187 = CARTESIAN_POINT ( 'NONE',  ( -0.4749999999999999778, 0.4500000000000000111, -0.9000000000000000222 ) ) ;
#188 = EDGE_CURVE ( 'NONE', #1683, #154, #913, .T. ) ;
#189 = DIRECTION ( 'NONE',  ( -0.000000000000000000, 1.000000000000000000, 0.000000000000000000 ) ) ;
#190 = EDGE_LOOP ( 'NONE', ( #2697, #3579, #3214, #137 ) ) ;
#191 = ORIENTED_EDGE ( 'NONE', *, *, #728, .T. ) ;
#192 = CARTESIAN_POINT ( 'NONE',  ( -1.187500000000000000, 0.4500000000000000111, -1.000000000000000000 ) ) ;
#193 = FACE_OUTER_BOUND ( 'NONE', #1343, .T. ) ;
#194 = CYLINDRICAL_SURFACE ( 'NONE', #1305, 0.1000000000000000472 ) ;
#195 = VERTEX_POINT ( 'NONE', #2999 ) ;
#196 = LINE ( 'NONE', #1435, #1793 ) ;
#197 = LINE ( 'NONE', #1731, #1920 ) ;
#198 = CARTESIAN_POINT ( 'NONE',  ( -0.2625000000000000111, 0.9000000000000000222, 1.000000000000000000 ) ) ;
#199 = FACE_OUTER_BOUND ( 'NONE', #594, .T. ) ;
#200 = VERTEX_POINT ( 'NONE', #1843 ) ;
#201 = VECTOR ( 'NONE', #1906, 1000.000000000000000 ) ;
#202 = ORIENTED_EDGE ( 'NONE', *, *, #3405, .T. ) ;
#203 = DIRECTION ( 'NONE',  ( 0.000000000000000000, -1.000000000000000000, 0.000000000000000000 ) ) ;
#204 = VECTOR ( 'NONE', #3548, 1000.000000000000000 ) ;
#205 = AXIS2_PLACEMENT_3D ( 'NONE', #1969, #2556, #1680 ) ;
#206 = VECTOR ( 'NONE', #851, 1000.000000000000000 ) ;
#207 = EDGE_CURVE ( 'NONE', #2558, #430, #2991, .T. ) ;
#208 = DIRECTION ( 'NONE',  ( 0.000000000000000000, 1.000000000000000000, 0.000000000000000000 ) ) ;
#209 = DIRECTION ( 'NONE',  ( 1.000000000000000000, 0.000000000000000000, 0.000000000000000000 ) ) ;
#210 = VECTOR ( 'NONE', #2205, 1000.000000000000000 ) ;
#211 = ORIENTED_EDGE ( 'NONE', *, *, #948, .T. ) ;
#212 = CIRCLE ( 'NONE', #1859, 0.06250000000000005551 ) ;
#213 = ORIENTED_EDGE ( 'NONE', *, *, #910, .F. ) ;
#214 = EDGE_CURVE ( 'NONE', #361, #1416, #1, .T. ) ;
#215 = ADVANCED_FACE ( 'NONE', ( #85 ), #1002, .F. ) ;
#216 = CARTESIAN_POINT ( 'NONE',  ( 1.250000000000000000, 0.8249999999999999556, 1.000000000000000000 ) ) ;
#217 = FACE_OUTER_BOUND ( 'NONE', #631, .T. ) ;
#218 = CIRCLE ( 'NONE', #2303, 0.06250000000000005551 ) ;
#219 = VERTEX_POINT ( 'NONE', #1556 ) ;
#220 = EDGE_CURVE ( 'NONE', #3134, #3122, #2704, .T. ) ;
#221 = DIRECTION ( 'NONE',  ( 0.000000000000000000, 0.000000000000000000, 1.000000000000000000 ) ) ;
#222 = VECTOR ( 'NONE', #2992, 1000.000000000000000 ) ;
#223 = CARTESIAN_POINT ( 'NONE',  ( -1.250000000000000000, 0.9000000000000000222, -1.000000000000000000 ) ) ;
#224 = CARTESIAN_POINT ( 'NONE',  ( 0.000000000000000000, 0.000000000000000000, 0.000000000000000000 ) ) ;
#225 = ORIENTED_EDGE ( 'NONE', *, *, #629, .F. ) ;
#226 = ORIENTED_EDGE ( 'NONE', *, *, #54, .F. ) ;
#227 = CARTESIAN_POINT ( 'NONE',  ( 1.187500000000000000, -2.376562118716424976, 1.000000000000000000 ) ) ;
#228 = FILL_AREA_STYLE_COLOUR ( '', #541 ) ;
#229 = CARTESIAN_POINT ( 'NONE',  ( 0.2625000000000000111, -2.376562118716424976, 1.000000000000000000 ) ) ;
#230 = ORIENTED_EDGE ( 'NONE', *, *, #1089, .F. ) ;
#231 = PRODUCT_DEFINITION ( 'UNKNOWN', '', #974, #982 ) ;
#232 = EDGE_LOOP ( 'NONE', ( #2920, #1752, #1159, #2741, #1081, #2281, #727 ) ) ;
#233 = CYLINDRICAL_SURFACE ( 'NONE', #2246, 0.06250000000000005551 ) ;
#234 = CARTESIAN_POINT ( 'NONE',  ( -0.6750000000000000444, 0.000000000000000000, 0.3250000000000000111 ) ) ;
#235 = ADVANCED_FACE ( 'NONE', ( #2125 ), #613, .T. ) ;
#236 = VERTEX_POINT ( 'NONE', #3668 ) ;
#237 = DIRECTION ( 'NONE',  ( 0.000000000000000000, 0.000000000000000000, 1.000000000000000000 ) ) ;
#238 = DIRECTION ( 'NONE',  ( 0.000000000000000000, 0.000000000000000000, -1.000000000000000000 ) ) ;
#239 = FILL_AREA_STYLE ('',( #3527 ) ) ;
#240 = ADVANCED_FACE ( 'NONE', ( #1275, #981 ), #1257, .F. ) ;
#241 = VERTEX_POINT ( 'NONE', #2749 ) ;
#242 = EDGE_LOOP ( 'NONE', ( #211, #914, #2069, #1339, #2313, #652, #3114, #3046 ) ) ;
#243 = DIRECTION ( 'NONE',  ( 0.000000000000000000, -1.000000000000000000, 0.000000000000000000 ) ) ;
#244 = LINE ( 'NONE', #3886, #1997 ) ;
#245 = DIRECTION ( 'NONE',  ( 0.000000000000000000, 0.000000000000000000, 1.000000000000000000 ) ) ;
#246 = LINE ( 'NONE', #3191, #1219 ) ;
#247 = CARTESIAN_POINT ( 'NONE',  ( 0.2000000000000000111, 0.9000000000000000222, 1.000000000000000000 ) ) ;
#248 = ORIENTED_EDGE ( 'NONE', *, *, #1576, .F. ) ;
#249 = ORIENTED_EDGE ( 'NONE', *, *, #3754, .T. ) ;
#250 = DIRECTION ( 'NONE',  ( 0.000000000000000000, -1.000000000000000000, 0.000000000000000000 ) ) ;
#251 = DIRECTION ( 'NONE',  ( 0.000000000000000000, 0.000000000000000000, -1.000000000000000000 ) ) ;
#252 = EDGE_LOOP ( 'NONE', ( #213, #2725, #2418, #1302 ) ) ;
#253 = CARTESIAN_POINT ( 'NONE',  ( -1.187500000000000000, 0.9000000000000000222, 1.000000000000000000 ) ) ;
#254 = LINE ( 'NONE', #497, #2243 ) ;
#255 = EDGE_CURVE ( 'NONE', #301, #241, #1299, .T. ) ;
#256 = VERTEX_POINT ( 'NONE', #1596 ) ;
#257 = ORIENTED_EDGE ( 'NONE', *, *, #2560, .F. ) ;
#258 = CARTESIAN_POINT ( 'NONE',  ( 1.250000000000000000, 0.4500000000000000111, -1.000000000000000000 ) ) ;
#259 = EDGE_CURVE ( 'NONE', #2349, #1150, #1940, .T. ) ;
#260 = ADVANCED_FACE ( 'NONE', ( #3647 ), #955, .F. ) ;
#261 = CARTESIAN_POINT ( 'NONE',  ( 0.000000000000000000, 0.000000000000000000, 0.000000000000000000 ) ) ;
#262 = CIRCLE ( 'NONE', #3353, 0.06250000000000005551 ) ;
#263 = CARTESIAN_POINT ( 'NONE',  ( -1.187500000000000000, 0.4500000000000000111, 1.000000000000000000 ) ) ;
#264 = CARTESIAN_POINT ( 'NONE',  ( 0.2000000000000000111, 0.9000000000000000222, -0.9375000000000000000 ) ) ;
#265 = DIRECTION ( 'NONE',  ( 0.000000000000000000, -1.000000000000000000, 0.000000000000000000 ) ) ;
#266 = AXIS2_PLACEMENT_3D ( 'NONE', #923, #3005, #2518 ) ;
#267 = ORIENTED_EDGE ( 'NONE', *, *, #1052, .F. ) ;
#268 = ORIENTED_EDGE ( 'NONE', *, *, #1857, .T. ) ;
#269 = VECTOR ( 'NONE', #2373, 1000.000000000000000 ) ;
#270 = LINE ( 'NONE', #3488, #1307 ) ;
#271 = CARTESIAN_POINT ( 'NONE',  ( -1.074999999999999956, 1.000000000000000000, 0.9000000000000000222 ) ) ;
#272 = CIRCLE ( 'NONE', #1230, 0.06250000000000005551 ) ;
#273 = MANIFOLD_SOLID_BREP ( 'NONE', #1871 ) ;
#274 = ORIENTED_EDGE ( 'NONE', *, *, #868, .T. ) ;
#275 = DIRECTION ( 'NONE',  ( 0.000000000000000000, 0.000000000000000000, -1.000000000000000000 ) ) ;
#276 = FILL_AREA_STYLE_COLOUR ( '', #3489 ) ;
#277 =( NAMED_UNIT ( * ) PLANE_ANGLE_UNIT ( ) SI_UNIT ( $, .RADIAN. ) );
#278 = ORIENTED_EDGE ( 'NONE', *, *, #458, .T. ) ;
#279 = VECTOR ( 'NONE', #1707, 1000.000000000000000 ) ;
#280 = ADVANCED_FACE ( 'NONE', ( #1951 ), #1869, .F. ) ;
#281 = VECTOR ( 'NONE', #2094, 1000.000000000000000 ) ;
#282 = ORIENTED_EDGE ( 'NONE', *, *, #3376, .T. ) ;
#283 = MANIFOLD_SOLID_BREP ( 'NONE', #2189 ) ;
#284 = DIRECTION ( 'NONE',  ( 0.000000000000000000, 0.000000000000000000, 1.000000000000000000 ) ) ;
#285 = VECTOR ( 'NONE', #2199, 1000.000000000000000 ) ;
#286 = EDGE_CURVE ( 'NONE', #717, #3169, #244, .T. ) ;
#287 =( GEOMETRIC_REPRESENTATION_CONTEXT ( 3 ) GLOBAL_UNCERTAINTY_ASSIGNED_CONTEXT ( ( #3765 ) ) GLOBAL_UNIT_ASSIGNED_CONTEXT ( ( #2883, #1643, #3724 ) ) REPRESENTATION_CONTEXT ( 'NONE', 'WORKASPACE' ) );
#288 = LINE ( 'NONE', #1221, #651 ) ;
#289 = LINE ( 'NONE', #604, #580 ) ;
#290 = MANIFOLD_SOLID_BREP ( 'NONE', #3129 ) ;
#291 = ORIENTED_EDGE ( 'NONE', *, *, #2491, .F. ) ;
#292 = EDGE_CURVE ( 'NONE', #823, #1146, #699, .T. ) ;
#293 = VERTEX_POINT ( 'NONE', #3592 ) ;
#294 = CARTESIAN_POINT ( 'NONE',  ( -1.149999999999999911, 0.4500000000000000111, 0.3250000000000000111 ) ) ;
#295 = CARTESIAN_POINT ( 'NONE',  ( -0.4749999999999999778, 1.477740239554724111, -0.9000000000000000222 ) ) ;
#296 = EDGE_LOOP ( 'NONE', ( #3739, #1943, #1321, #3501 ) ) ;
#297 = DIRECTION ( 'NONE',  ( 0.000000000000000000, 0.000000000000000000, -1.000000000000000000 ) ) ;
#298 = CARTESIAN_POINT ( 'NONE',  ( 0.000000000000000000, 0.000000000000000000, -0.9375000000000000000 ) ) ;
#299 = SURFACE_SIDE_STYLE ('',( #1153 ) ) ;
#300 = CARTESIAN_POINT ( 'NONE',  ( 0.4749999999999999778, 0.4500000000000000111, 0.9000000000000000222 ) ) ;
#301 = VERTEX_POINT ( 'NONE', #836 ) ;
#302 = EDGE_LOOP ( 'NONE', ( #3193, #2006, #2093, #606 ) ) ;
#303 = LINE ( 'NONE', #1738, #2351 ) ;
#304 = SURFACE_STYLE_FILL_AREA ( #2353 ) ;
#305 = CARTESIAN_POINT ( 'NONE',  ( -1.187500000000000000, 0.4500000000000000111, -1.000000000000000000 ) ) ;
#306 = DIRECTION ( 'NONE',  ( -1.000000000000000000, 0.000000000000000000, 0.000000000000000000 ) ) ;
#307 = FACE_OUTER_BOUND ( 'NONE', #3818, .T. ) ;
#308 = EDGE_CURVE ( 'NONE', #2972, #2657, #3262, .T. ) ;
#309 = VERTEX_POINT ( 'NONE', #560 ) ;
#310 = ORIENTED_EDGE ( 'NONE', *, *, #3704, .T. ) ;
#311 = CARTESIAN_POINT ( 'NONE',  ( 0.000000000000000000, 0.9000000000000000222, -1.000000000000000000 ) ) ;
#312 = EDGE_CURVE ( 'NONE', #1525, #1074, #545, .T. ) ;
#313 = CARTESIAN_POINT ( 'NONE',  ( 1.187500000000000000, 0.4500000000000000111, 1.000000000000000000 ) ) ;
#314 = CARTESIAN_POINT ( 'NONE',  ( -1.074999999999999956, 1.000000000000000000, 0.9000000000000000222 ) ) ;
#315 = ORIENTED_EDGE ( 'NONE', *, *, #753, .T. ) ;
#316 = CARTESIAN_POINT ( 'NONE',  ( -1.149999999999999911, 0.4500000000000000111, -0.8504032258064510019 ) ) ;
#317 = CARTESIAN_POINT ( 'NONE',  ( -0.4749999999999999778, 0.4500000000000000111, 0.5250000000000000222 ) ) ;
#318 = DIRECTION ( 'NONE',  ( 1.000000000000000000, 0.000000000000000000, 0.000000000000000000 ) ) ;
#319 = VERTEX_POINT ( 'NONE', #1162 ) ;
#320 = EDGE_LOOP ( 'NONE', ( #1804, #1463, #2222, #3562 ) ) ;
#321 = PLANE ( 'NONE',  #1989 ) ;
#322 = DIRECTION ( 'NONE',  ( 0.7540815958863057444, 0.000000000000000000, -0.6567807448042017882 ) ) ;
#323 = ORIENTED_EDGE ( 'NONE', *, *, #2984, .F. ) ;
#324 = CARTESIAN_POINT ( 'NONE',  ( 0.2625000000000000111, 0.8249999999999999556, -1.000000000000000000 ) ) ;
#325 = DIRECTION ( 'NONE',  ( 0.000000000000000000, 0.000000000000000000, 1.000000000000000000 ) ) ;
#326 = DIRECTION ( 'NONE',  ( 0.000000000000000000, 0.000000000000000000, 1.000000000000000000 ) ) ;
#327 = CARTESIAN_POINT ( 'NONE',  ( -1.250000000000000000, 0.000000000000000000, -1.000000000000000000 ) ) ;
#328 = DIRECTION ( 'NONE',  ( 0.000000000000000000, 0.000000000000000000, 1.000000000000000000 ) ) ;
#329 = VERTEX_POINT ( 'NONE', #893 ) ;
#330 = VECTOR ( 'NONE', #2796, 1000.000000000000000 ) ;
#331 = ADVANCED_FACE ( 'NONE', ( #2027 ), #2708, .F. ) ;
#332 = AXIS2_PLACEMENT_3D ( 'NONE', #1880, #3078, #396 ) ;
#333 = ORIENTED_EDGE ( 'NONE', *, *, #751, .T. ) ;
#334 = CARTESIAN_POINT ( 'NONE',  ( 1.149999999999999911, 0.4500000000000000111, -0.3250000000000000111 ) ) ;
#335 = PLANE ( 'NONE',  #714 ) ;
#336 = AXIS2_PLACEMENT_3D ( 'NONE', #2940, #221, #1464 ) ;
#337 =( GEOMETRIC_REPRESENTATION_CONTEXT ( 3 ) GLOBAL_UNCERTAINTY_ASSIGNED_CONTEXT ( ( #1062 ) ) GLOBAL_UNIT_ASSIGNED_CONTEXT ( ( #1123, #277, #2046 ) ) REPRESENTATION_CONTEXT ( 'NONE', 'WORKASPACE' ) );
#338 = EDGE_CURVE ( 'NONE', #445, #3474, #1563, .T. ) ;
#339 = ADVANCED_FACE ( 'NONE', ( #1812 ), #3866, .F. ) ;
#340 = VECTOR ( 'NONE', #895, 1000.000000000000000 ) ;
#341 = ORIENTED_EDGE ( 'NONE', *, *, #2530, .T. ) ;
#342 = DIRECTION ( 'NONE',  ( 0.000000000000000000, -1.000000000000000000, 0.000000000000000000 ) ) ;
#343 = DIRECTION ( 'NONE',  ( 0.000000000000000000, 1.000000000000000000, 0.000000000000000000 ) ) ;
#344 = AXIS2_PLACEMENT_3D ( 'NONE', #2230, #1957, #487 ) ;
#345 =( NAMED_UNIT ( * ) SI_UNIT ( $, .STERADIAN. ) SOLID_ANGLE_UNIT ( ) );
#346 = VERTEX_POINT ( 'NONE', #3221 ) ;
#347 = EDGE_CURVE ( 'NONE', #542, #2696, #1441, .T. ) ;
#348 = ORIENTED_EDGE ( 'NONE', *, *, #3184, .T. ) ;
#349 =( GEOMETRIC_REPRESENTATION_CONTEXT ( 3 ) GLOBAL_UNCERTAINTY_ASSIGNED_CONTEXT ( ( #429 ) ) GLOBAL_UNIT_ASSIGNED_CONTEXT ( ( #3568, #870, #1782 ) ) REPRESENTATION_CONTEXT ( 'NONE', 'WORKASPACE' ) );
#350 = DIRECTION ( 'NONE',  ( -0.6567807448042017882, 0.000000000000000000, -0.7540815958863059665 ) ) ;
#351 = CARTESIAN_POINT ( 'NONE',  ( 0.4749999999999999778, 0.4500000000000000111, -0.3250000000000000111 ) ) ;
#352 = ORIENTED_EDGE ( 'NONE', *, *, #140, .F. ) ;
#353 = AXIS2_PLACEMENT_3D ( 'NONE', #2966, #3195, #2291 ) ;
#354 = CARTESIAN_POINT ( 'NONE',  ( 1.187500000000000000, 0.000000000000000000, -1.000000000000000000 ) ) ;
#355 = AXIS2_PLACEMENT_3D ( 'NONE', #2800, #400, #3170 ) ;
#356 = CARTESIAN_POINT ( 'NONE',  ( -0.2000000000000000111, 0.2250000000000000056, -0.9375000000000000000 ) ) ;
#357 = DIRECTION ( 'NONE',  ( 0.000000000000000000, -1.000000000000000000, 0.000000000000000000 ) ) ;
#358 = VECTOR ( 'NONE', #3280, 1000.000000000000000 ) ;
#359 = DIRECTION ( 'NONE',  ( 0.000000000000000000, 0.000000000000000000, 1.000000000000000000 ) ) ;
#360 = CARTESIAN_POINT ( 'NONE',  ( 0.2625000000000000111, 0.8249999999999999556, 1.000000000000000000 ) ) ;
#361 = VERTEX_POINT ( 'NONE', #2372 ) ;
#362 = DIRECTION ( 'NONE',  ( 0.000000000000000000, -1.000000000000000000, 0.000000000000000000 ) ) ;
#363 = DIRECTION ( 'NONE',  ( 1.885568995626964780E-16, 0.000000000000000000, -1.000000000000000000 ) ) ;
#364 = ORIENTED_EDGE ( 'NONE', *, *, #259, .F. ) ;
#365 = LINE ( 'NONE', #590, #1542 ) ;
#366 = EDGE_CURVE ( 'NONE', #3371, #1193, #1457, .T. ) ;
#367 = DIRECTION ( 'NONE',  ( 0.000000000000000000, -1.000000000000000000, 0.000000000000000000 ) ) ;
#368 = CARTESIAN_POINT ( 'NONE',  ( -1.149999999999999911, 0.4500000000000000111, 0.3250000000000000111 ) ) ;
#369 = ORIENTED_EDGE ( 'NONE', *, *, #3202, .F. ) ;
#370 = DIRECTION ( 'NONE',  ( 1.000000000000000000, -1.355252715606880049E-16, 0.000000000000000000 ) ) ;
#371 = EDGE_LOOP ( 'NONE', ( #1971, #2240, #57, #3705 ) ) ;
#372 = CARTESIAN_POINT ( 'NONE',  ( -0.2000000000000000111, 0.4500000000000000111, -0.9375000000000000000 ) ) ;
#373 = ADVANCED_FACE ( 'NONE', ( #2146 ), #50, .F. ) ;
#374 = LINE ( 'NONE', #2770, #1692 ) ;
#375 = ORIENTED_EDGE ( 'NONE', *, *, #1471, .F. ) ;
#376 = CARTESIAN_POINT ( 'NONE',  ( 1.187500000000000000, 0.4500000000000000111, 1.000000000000000000 ) ) ;
#377 = DIRECTION ( 'NONE',  ( 0.000000000000000000, 0.000000000000000000, 1.000000000000000000 ) ) ;
#378 = CARTESIAN_POINT ( 'NONE',  ( 0.000000000000000000, 0.9000000000000000222, -0.9375000000000000000 ) ) ;
#379 = DIRECTION ( 'NONE',  ( 4.818676322157800333E-16, 1.000000000000000000, 0.000000000000000000 ) ) ;
#380 = VERTEX_POINT ( 'NONE', #2476 ) ;
#381 = DIRECTION ( 'NONE',  ( -1.000000000000000000, 0.000000000000000000, 0.000000000000000000 ) ) ;
#382 = CARTESIAN_POINT ( 'NONE',  ( 0.2000000000000000111, 0.8249999999999999556, -0.9375000000000000000 ) ) ;
#383 = VERTEX_POINT ( 'NONE', #2411 ) ;
#384 = PLANE ( 'NONE',  #1733 ) ;
#385 =( NAMED_UNIT ( * ) SI_UNIT ( $, .STERADIAN. ) SOLID_ANGLE_UNIT ( ) );
#386 = CARTESIAN_POINT ( 'NONE',  ( -1.149999999999999911, 0.000000000000000000, 0.3250000000000000111 ) ) ;
#387 = ORIENTED_EDGE ( 'NONE', *, *, #2959, .F. ) ;
#388 = ORIENTED_EDGE ( 'NONE', *, *, #3843, .T. ) ;
#389 = EDGE_CURVE ( 'NONE', #1193, #2972, #2562, .T. ) ;
#390 = LINE ( 'NONE', #3321, #1863 ) ;
#391 = DIRECTION ( 'NONE',  ( 0.000000000000000000, -1.000000000000000000, 0.000000000000000000 ) ) ;
#392 = VERTEX_POINT ( 'NONE', #1564 ) ;
#393 = EDGE_CURVE ( 'NONE', #2870, #2472, #3339, .T. ) ;
#394 = EDGE_CURVE ( 'NONE', #625, #2472, #3094, .T. ) ;
#395 = CARTESIAN_POINT ( 'NONE',  ( -0.4749999999999999778, 1.477740239554724111, 0.5250000000000000222 ) ) ;
#396 = DIRECTION ( 'NONE',  ( 1.000000000000000000, 0.000000000000000000, 1.814002085645769733E-16 ) ) ;
#397 = PLANE ( 'NONE',  #3040 ) ;
#398 = DIRECTION ( 'NONE',  ( 0.000000000000000000, -1.000000000000000000, 0.000000000000000000 ) ) ;
#399 = EDGE_LOOP ( 'NONE', ( #3319, #3715, #3725, #3415 ) ) ;
#400 = DIRECTION ( 'NONE',  ( -0.000000000000000000, 1.000000000000000000, 0.000000000000000000 ) ) ;
#401 = DIRECTION ( 'NONE',  ( -1.000000000000000000, 0.000000000000000000, 0.000000000000000000 ) ) ;
#402 = ORIENTED_EDGE ( 'NONE', *, *, #598, .F. ) ;
#403 = DIRECTION ( 'NONE',  ( 0.000000000000000000, -1.000000000000000000, 0.000000000000000000 ) ) ;
#404 = AXIS2_PLACEMENT_3D ( 'NONE', #3775, #2879, #440 ) ;
#405 = CARTESIAN_POINT ( 'NONE',  ( -1.250000000000000000, 0.9000000000000000222, -0.9375000000000000000 ) ) ;
#406 = VECTOR ( 'NONE', #778, 1000.000000000000000 ) ;
#407 = EDGE_LOOP ( 'NONE', ( #3388, #3001, #1810, #2670 ) ) ;
#408 = AXIS2_PLACEMENT_3D ( 'NONE', #866, #2971, #357 ) ;
#409 = EDGE_LOOP ( 'NONE', ( #2159, #1101, #1866, #1021 ) ) ;
#410 = DIRECTION ( 'NONE',  ( 0.000000000000000000, 0.000000000000000000, -1.000000000000000000 ) ) ;
#411 = CIRCLE ( 'NONE', #2730, 0.06250000000000005551 ) ;
#412 = EDGE_CURVE ( 'NONE', #3780, #1822, #1600, .T. ) ;
#413 = EDGE_LOOP ( 'NONE', ( #1454, #3442, #2200, #3497 ) ) ;
#414 = VECTOR ( 'NONE', #857, 1000.000000000000000 ) ;
#415 = DIRECTION ( 'NONE',  ( 1.000000000000000000, 0.000000000000000000, 0.000000000000000000 ) ) ;
#416 = ADVANCED_FACE ( 'NONE', ( #922 ), #3075, .F. ) ;
#417 = LINE ( 'NONE', #2818, #1925 ) ;
#418 = CARTESIAN_POINT ( 'NONE',  ( 0.4749999999999999778, 0.4500000000000000111, -0.3250000000000000111 ) ) ;
#419 = VECTOR ( 'NONE', #3392, 1000.000000000000000 ) ;
#420 = AXIS2_PLACEMENT_3D ( 'NONE', #2698, #381, #1820 ) ;
#421 = ORIENTED_EDGE ( 'NONE', *, *, #3302, .F. ) ;
#422 = CARTESIAN_POINT ( 'NONE',  ( -1.187500000000000000, 0.4500000000000000111, 1.000000000000000000 ) ) ;
#423 = PLANE ( 'NONE',  #1847 ) ;
#424 = AXIS2_PLACEMENT_3D ( 'NONE', #1261, #705, #27 ) ;
#425 = ADVANCED_FACE ( 'NONE', ( #3613 ), #68, .F. ) ;
#426 = VERTEX_POINT ( 'NONE', #3322 ) ;
#427 = CYLINDRICAL_SURFACE ( 'NONE', #2544, 0.06250000000000005551 ) ;
#428 = FACE_OUTER_BOUND ( 'NONE', #2625, .T. ) ;
#429 = UNCERTAINTY_MEASURE_WITH_UNIT (LENGTH_MEASURE( 1.000000000000000082E-05 ), #3568, 'distance_accuracy_value', 'NONE');
#430 = VERTEX_POINT ( 'NONE', #1848 ) ;
#431 = EDGE_LOOP ( 'NONE', ( #3313, #2888, #441, #3753 ) ) ;
#432 = CARTESIAN_POINT ( 'NONE',  ( -0.9000000000000000222, 0.9749999999999999778, 0.5999999999999999778 ) ) ;
#433 = DIRECTION ( 'NONE',  ( -0.000000000000000000, 1.000000000000000000, 0.000000000000000000 ) ) ;
#434 = ORIENTED_EDGE ( 'NONE', *, *, #910, .T. ) ;
#435 = CARTESIAN_POINT ( 'NONE',  ( -0.2000000000000000111, 0.4500000000000000111, 0.9375000000000000000 ) ) ;
#436 = FACE_OUTER_BOUND ( 'NONE', #3733, .T. ) ;
#437 = VERTEX_POINT ( 'NONE', #2731 ) ;
#438 = EDGE_CURVE ( 'NONE', #3569, #880, #959, .T. ) ;
#439 = CARTESIAN_POINT ( 'NONE',  ( -1.187500000000000000, 0.000000000000000000, 1.000000000000000000 ) ) ;
#440 = DIRECTION ( 'NONE',  ( 0.000000000000000000, 1.000000000000000000, 0.000000000000000000 ) ) ;
#441 = ORIENTED_EDGE ( 'NONE', *, *, #338, .F. ) ;
#442 = EDGE_CURVE ( 'NONE', #3649, #1808, #2167, .T. ) ;
#443 = DIRECTION ( 'NONE',  ( 0.000000000000000000, 0.000000000000000000, -1.000000000000000000 ) ) ;
#444 = DIRECTION ( 'NONE',  ( 0.000000000000000000, 0.000000000000000000, -1.000000000000000000 ) ) ;
#445 = VERTEX_POINT ( 'NONE', #987 ) ;
#446 = VERTEX_POINT ( 'NONE', #3049 ) ;
#447 = DIRECTION ( 'NONE',  ( 0.000000000000000000, -1.000000000000000000, 0.000000000000000000 ) ) ;
#448 = VERTEX_POINT ( 'NONE', #91 ) ;
#449 = DIRECTION ( 'NONE',  ( -0.000000000000000000, 1.000000000000000000, 0.000000000000000000 ) ) ;
#450 = CARTESIAN_POINT ( 'NONE',  ( 1.250000000000000000, 0.8249999999999999556, -1.000000000000000000 ) ) ;
#451 = EDGE_LOOP ( 'NONE', ( #2427, #2989, #1306, #739 ) ) ;
#452 = DIRECTION ( 'NONE',  ( 0.000000000000000000, -1.000000000000000000, 0.000000000000000000 ) ) ;
#453 = CARTESIAN_POINT ( 'NONE',  ( 1.175000000000000044, 1.000000000000000000, 0.8000000000000000444 ) ) ;
#454 = EDGE_CURVE ( 'NONE', #1928, #1614, #3360, .T. ) ;
#455 = ORIENTED_EDGE ( 'NONE', *, *, #2464, .F. ) ;
#456 = CARTESIAN_POINT ( 'NONE',  ( 1.250000000000000000, 0.4500000000000000111, -0.9375000000000000000 ) ) ;
#457 = LINE ( 'NONE', #1018, #1486 ) ;
#458 = EDGE_CURVE ( 'NONE', #1388, #597, #3632, .T. ) ;
#459 = EDGE_CURVE ( 'NONE', #2364, #569, #1583, .T. ) ;
#460 = AXIS2_PLACEMENT_3D ( 'NONE', #2947, #2361, #3560 ) ;
#461 = ORIENTED_EDGE ( 'NONE', *, *, #3197, .F. ) ;
#462 = VECTOR ( 'NONE', #3811, 1000.000000000000000 ) ;
#463 = CARTESIAN_POINT ( 'NONE',  ( -0.2000000000000000111, 0.4500000000000000111, -0.9375000000000000000 ) ) ;
#464 = CARTESIAN_POINT ( 'NONE',  ( -0.2000000000000000111, 0.4500000000000000111, -0.9375000000000000000 ) ) ;
#465 = DIRECTION ( 'NONE',  ( 3.771137991253930052E-16, 0.000000000000000000, -1.000000000000000000 ) ) ;
#466 = AXIS2_PLACEMENT_3D ( 'NONE', #3699, #3344, #3099 ) ;
#467 = EDGE_CURVE ( 'NONE', #1633, #1388, #374, .T. ) ;
#468 = ORIENTED_EDGE ( 'NONE', *, *, #2107, .T. ) ;
#469 = AXIS2_PLACEMENT_3D ( 'NONE', #263, #3211, #3307 ) ;
#470 = PLANE ( 'NONE',  #841 ) ;
#471 = CARTESIAN_POINT ( 'NONE',  ( 1.074999999999999956, 1.000000000000000000, -0.9000000000000000222 ) ) ;
#472 = VECTOR ( 'NONE', #2923, 1000.000000000000000 ) ;
#473 = ORIENTED_EDGE ( 'NONE', *, *, #732, .F. ) ;
#474 = CARTESIAN_POINT ( 'NONE',  ( -1.072685185185183965, 0.4500000000000000111, 0.9000000000000000222 ) ) ;
#475 = PLANE ( 'NONE',  #3111 ) ;
#476 = ORIENTED_EDGE ( 'NONE', *, *, #2510, .F. ) ;
#477 = CARTESIAN_POINT ( 'NONE',  ( -0.2000000000000000111, 0.8249999999999999556, -1.000000000000000000 ) ) ;
#478 = LINE ( 'NONE', #2827, #2496 ) ;
#479 = VECTOR ( 'NONE', #3154, 1000.000000000000114 ) ;
#480 = SURFACE_STYLE_USAGE ( .BOTH. , #3178 ) ;
#481 = STYLED_ITEM ( 'NONE', ( #1020 ), #273 ) ;
#482 = ORIENTED_EDGE ( 'NONE', *, *, #1559, .F. ) ;
#483 = DIRECTION ( 'NONE',  ( 0.000000000000000000, -1.000000000000000000, 0.000000000000000000 ) ) ;
#484 = EDGE_CURVE ( 'NONE', #2455, #999, #3674, .T. ) ;
#485 = PLANE ( 'NONE',  #3667 ) ;
#486 = ORIENTED_EDGE ( 'NONE', *, *, #2875, .F. ) ;
#487 = DIRECTION ( 'NONE',  ( 0.000000000000000000, 0.000000000000000000, 1.000000000000000000 ) ) ;
#488 = EDGE_CURVE ( 'NONE', #430, #1391, #1109, .T. ) ;
#489 = LINE ( 'NONE', #2653, #3168 ) ;
#490 = CARTESIAN_POINT ( 'NONE',  ( -1.250000000000000000, 0.8249999999999999556, 0.9375000000000000000 ) ) ;
#491 = EDGE_LOOP ( 'NONE', ( #1952, #388, #2763, #352 ) ) ;
#492 = CARTESIAN_POINT ( 'NONE',  ( 0.4749999999999999778, 0.4500000000000000111, 0.3250000000000000111 ) ) ;
#493 = FACE_OUTER_BOUND ( 'NONE', #172, .T. ) ;
#494 = CARTESIAN_POINT ( 'NONE',  ( -0.2625000000000000111, 0.000000000000000000, -1.000000000000000000 ) ) ;
#495 = ORIENTED_EDGE ( 'NONE', *, *, #3496, .T. ) ;
#496 = CARTESIAN_POINT ( 'NONE',  ( 1.149999999999999911, 0.000000000000000000, 0.8504032258064520011 ) ) ;
#497 = CARTESIAN_POINT ( 'NONE',  ( 1.250000000000000000, 0.4500000000000000111, 0.9375000000000000000 ) ) ;
#498 = CARTESIAN_POINT ( 'NONE',  ( -1.250000000000000000, 1.477740239554724111, -0.9375000000000000000 ) ) ;
#499 = ORIENTED_EDGE ( 'NONE', *, *, #2714, .F. ) ;
#500 = ADVANCED_FACE ( 'NONE', ( #2033 ), #2598, .F. ) ;
#501 = DIRECTION ( 'NONE',  ( 0.000000000000000000, -1.000000000000000000, 0.000000000000000000 ) ) ;
#502 = ADVANCED_FACE ( 'NONE', ( #3517 ), #2056, .T. ) ;
#503 = EDGE_CURVE ( 'NONE', #3340, #2956, #3871, .T. ) ;
#504 = DIRECTION ( 'NONE',  ( 1.000000000000000000, 0.000000000000000000, 0.000000000000000000 ) ) ;
#505 = CARTESIAN_POINT ( 'NONE',  ( 0.4749999999999999778, 1.477740239554724111, -0.3250000000000000111 ) ) ;
#506 = VERTEX_POINT ( 'NONE', #787 ) ;
#507 = VERTEX_POINT ( 'NONE', #3192 ) ;
#508 = CARTESIAN_POINT ( 'NONE',  ( -0.2000000000000000111, 0.000000000000000000, 1.000000000000000000 ) ) ;
#509 = FACE_OUTER_BOUND ( 'NONE', #320, .T. ) ;
#510 = ORIENTED_EDGE ( 'NONE', *, *, #70, .T. ) ;
#511 = DIRECTION ( 'NONE',  ( 1.000000000000000000, 0.000000000000000000, 0.000000000000000000 ) ) ;
#512 = LINE ( 'NONE', #2917, #1099 ) ;
#513 = DIRECTION ( 'NONE',  ( 0.000000000000000000, 0.000000000000000000, 1.000000000000000000 ) ) ;
#514 = SURFACE_STYLE_USAGE ( .BOTH. , #299 ) ;
#515 = EDGE_LOOP ( 'NONE', ( #124, #2610, #58, #3144 ) ) ;
#516 = VECTOR ( 'NONE', #2655, 1000.000000000000000 ) ;
#517 = AXIS2_PLACEMENT_3D ( 'NONE', #563, #1541, #641 ) ;
#518 = CARTESIAN_POINT ( 'NONE',  ( -0.2000000000000000111, 0.4500000000000000111, 0.9375000000000000000 ) ) ;
#519 = CIRCLE ( 'NONE', #3356, 0.06250000000000005551 ) ;
#520 = VECTOR ( 'NONE', #1059, 1000.000000000000000 ) ;
#521 = CARTESIAN_POINT ( 'NONE',  ( 1.250000000000000000, 0.9000000000000000222, -0.9375000000000000000 ) ) ;
#522 = EDGE_CURVE ( 'NONE', #2387, #1914, #1145, .T. ) ;
#523 = AXIS2_PLACEMENT_3D ( 'NONE', #1472, #1185, #2371 ) ;
#524 = DIRECTION ( 'NONE',  ( 0.000000000000000000, -1.000000000000000000, 0.000000000000000000 ) ) ;
#525 = ORIENTED_EDGE ( 'NONE', *, *, #1428, .T. ) ;
#526 = CIRCLE ( 'NONE', #1799, 0.1000000000000000472 ) ;
#527 = VERTEX_POINT ( 'NONE', #2623 ) ;
#528 = PLANE ( 'NONE',  #666 ) ;
#529 = EDGE_CURVE ( 'NONE', #3316, #1361, #1620, .T. ) ;
#530 = VECTOR ( 'NONE', #3565, 1000.000000000000000 ) ;
#531 = LINE ( 'NONE', #2341, #1105 ) ;
#532 = VECTOR ( 'NONE', #687, 1000.000000000000000 ) ;
#533 = VECTOR ( 'NONE', #3295, 1000.000000000000000 ) ;
#534 = DIRECTION ( 'NONE',  ( 0.000000000000000000, 1.000000000000000000, 0.000000000000000000 ) ) ;
#535 = AXIS2_PLACEMENT_3D ( 'NONE', #1784, #3588, #814 ) ;
#536 = ORIENTED_EDGE ( 'NONE', *, *, #2938, .F. ) ;
#537 = CARTESIAN_POINT ( 'NONE',  ( -0.4749999999999999778, 1.477740239554724111, -0.3250000000000000111 ) ) ;
#538 = VECTOR ( 'NONE', #3702, 1000.000000000000000 ) ;
#539 = LINE ( 'NONE', #198, #3549 ) ;
#540 = DIRECTION ( 'NONE',  ( 0.000000000000000000, -1.000000000000000000, 0.000000000000000000 ) ) ;
#541 = COLOUR_RGB ( '',1.000000000000000000, 0.8117647058823529438, 0.5019607843137254832 ) ;
#542 = VERTEX_POINT ( 'NONE', #939 ) ;
#543 = ORIENTED_EDGE ( 'NONE', *, *, #2078, .T. ) ;
#544 = DIRECTION ( 'NONE',  ( 0.000000000000000000, -1.000000000000000000, 0.000000000000000000 ) ) ;
#545 = LINE ( 'NONE', #1474, #1057 ) ;
#546 = DIRECTION ( 'NONE',  ( 0.7540815958863057444, 0.000000000000000000, -0.6567807448042017882 ) ) ;
#547 = ORIENTED_EDGE ( 'NONE', *, *, #1783, .T. ) ;
#548 = ADVANCED_FACE ( 'NONE', ( #509 ), #194, .T. ) ;
#549 = ORIENTED_EDGE ( 'NONE', *, *, #3448, .F. ) ;
#550 = CARTESIAN_POINT ( 'NONE',  ( 1.149999999999999911, 1.477740239554724111, 0.3250000000000000111 ) ) ;
#551 = LINE ( 'NONE', #587, #664 ) ;
#552 = EDGE_CURVE ( 'NONE', #1514, #1975, #551, .T. ) ;
#553 = EDGE_CURVE ( 'NONE', #3022, #3622, #531, .T. ) ;
#554 = ORIENTED_EDGE ( 'NONE', *, *, #3350, .F. ) ;
#555 = PLANE ( 'NONE',  #336 ) ;
#556 = DIRECTION ( 'NONE',  ( 0.000000000000000000, -1.000000000000000000, 0.000000000000000000 ) ) ;
#557 = EDGE_LOOP ( 'NONE', ( #3091, #781, #2493, #2024 ) ) ;
#558 = ORIENTED_EDGE ( 'NONE', *, *, #3276, .T. ) ;
#559 = CARTESIAN_POINT ( 'NONE',  ( -1.149999999999999911, 0.000000000000000000, -0.8504032258064510019 ) ) ;
#560 = CARTESIAN_POINT ( 'NONE',  ( -1.250000000000000000, 0.8249999999999999556, -0.9375000000000000000 ) ) ;
#561 = DIRECTION ( 'NONE',  ( 1.000000000000000000, 0.000000000000000000, 2.409338161078900167E-16 ) ) ;
#562 = CARTESIAN_POINT ( 'NONE',  ( -0.4749999999999999778, 0.4500000000000000111, 0.5250000000000000222 ) ) ;
#563 = CARTESIAN_POINT ( 'NONE',  ( 1.250000000000000000, 1.477740239554724111, -1.000000000000000000 ) ) ;
#564 = ORIENTED_EDGE ( 'NONE', *, *, #2695, .T. ) ;
#565 = ORIENTED_EDGE ( 'NONE', *, *, #2718, .T. ) ;
#566 = PLANE ( 'NONE',  #3616 ) ;
#567 = CARTESIAN_POINT ( 'NONE',  ( -0.4749999999999999778, 0.000000000000000000, -0.3250000000000000111 ) ) ;
#568 = EDGE_CURVE ( 'NONE', #2472, #2995, #2967, .T. ) ;
#569 = VERTEX_POINT ( 'NONE', #826 ) ;
#570 = CYLINDRICAL_SURFACE ( 'NONE', #3732, 0.1000000000000000472 ) ;
#571 = DIRECTION ( 'NONE',  ( 0.000000000000000000, 0.000000000000000000, -1.000000000000000000 ) ) ;
#572 = EDGE_CURVE ( 'NONE', #3050, #695, #1462, .T. ) ;
#573 = ORIENTED_EDGE ( 'NONE', *, *, #1833, .F. ) ;
#574 = ORIENTED_EDGE ( 'NONE', *, *, #3064, .T. ) ;
#575 = CARTESIAN_POINT ( 'NONE',  ( -1.250000000000000000, 1.477740239554724111, 0.9375000000000000000 ) ) ;
#576 = EDGE_CURVE ( 'NONE', #1439, #200, #3877, .T. ) ;
#577 = DIRECTION ( 'NONE',  ( -0.7540815958863068547, 0.000000000000000000, 0.6567807448042007890 ) ) ;
#578 = VECTOR ( 'NONE', #1654, 1000.000000000000000 ) ;
#579 = FACE_OUTER_BOUND ( 'NONE', #1272, .T. ) ;
#580 = VECTOR ( 'NONE', #1518, 1000.000000000000000 ) ;
#581 = FACE_OUTER_BOUND ( 'NONE', #3776, .T. ) ;
#582 = AXIS2_PLACEMENT_3D ( 'NONE', #2417, #927, #2135 ) ;
#583 = VERTEX_POINT ( 'NONE', #1485 ) ;
#584 = ORIENTED_EDGE ( 'NONE', *, *, #2768, .F. ) ;
#585 = VECTOR ( 'NONE', #3503, 1000.000000000000000 ) ;
#586 = CARTESIAN_POINT ( 'NONE',  ( 1.187500000000000000, 0.9000000000000000222, -1.000000000000000000 ) ) ;
#587 = CARTESIAN_POINT ( 'NONE',  ( -0.4749999999999999778, 0.4500000000000000111, -0.3250000000000000111 ) ) ;
#588 = CIRCLE ( 'NONE', #1480, 0.1000000000000000472 ) ;
#589 = ORIENTED_EDGE ( 'NONE', *, *, #259, .T. ) ;
#590 = CARTESIAN_POINT ( 'NONE',  ( -1.187500000000000000, 0.4500000000000000111, 1.000000000000000000 ) ) ;
#591 = CARTESIAN_POINT ( 'NONE',  ( -1.250000000000000000, 0.000000000000000000, 0.9375000000000000000 ) ) ;
#592 = ADVANCED_BREP_SHAPE_REPRESENTATION ( 'ECS-2520S33-250-FN-TR', ( #273, #2710, #290, #2812, #133, #283, #2868, #178, #3424 ), #721 ) ;
#593 =( NAMED_UNIT ( * ) PLANE_ANGLE_UNIT ( ) SI_UNIT ( $, .RADIAN. ) );
#594 = EDGE_LOOP ( 'NONE', ( #3298, #3590, #3502, #780 ) ) ;
#595 = CIRCLE ( 'NONE', #667, 0.1000000000000000472 ) ;
#596 = AXIS2_PLACEMENT_3D ( 'NONE', #43, #83, #1806 ) ;
#597 = VERTEX_POINT ( 'NONE', #2039 ) ;
#598 = EDGE_CURVE ( 'NONE', #2204, #437, #1445, .T. ) ;
#599 = CARTESIAN_POINT ( 'NONE',  ( 1.072685185185183965, 0.4500000000000000111, 0.9000000000000000222 ) ) ;
#600 = CIRCLE ( 'NONE', #1743, 0.06250000000000005551 ) ;
#601 = VECTOR ( 'NONE', #3318, 1000.000000000000000 ) ;
#602 = ADVANCED_FACE ( 'NONE', ( #217 ), #2064, .F. ) ;
#603 = CARTESIAN_POINT ( 'NONE',  ( -1.187500000000000000, 0.8249999999999999556, -1.000000000000000000 ) ) ;
#604 = CARTESIAN_POINT ( 'NONE',  ( -1.074999999999999956, 0.9000000000000000222, 0.9000000000000000222 ) ) ;
#605 = LINE ( 'NONE', #1816, #2722 ) ;
#606 = ORIENTED_EDGE ( 'NONE', *, *, #1211, .T. ) ;
#607 = ORIENTED_EDGE ( 'NONE', *, *, #751, .F. ) ;
#608 = LINE ( 'NONE', #1506, #281 ) ;
#609 = LINE ( 'NONE', #2156, #1978 ) ;
#610 = ORIENTED_EDGE ( 'NONE', *, *, #843, .F. ) ;
#611 = CARTESIAN_POINT ( 'NONE',  ( 1.250000000000000000, 0.4500000000000000111, 0.9375000000000000000 ) ) ;
#612 = FACE_OUTER_BOUND ( 'NONE', #867, .T. ) ;
#613 = PLANE ( 'NONE',  #105 ) ;
#614 = VERTEX_POINT ( 'NONE', #1751 ) ;
#615 = ORIENTED_EDGE ( 'NONE', *, *, #147, .F. ) ;
#616 = CARTESIAN_POINT ( 'NONE',  ( -1.250000000000000000, 0.4500000000000000111, -0.9375000000000000000 ) ) ;
#617 = CARTESIAN_POINT ( 'NONE',  ( 1.187500000000000000, 0.4500000000000000111, -1.000000000000000000 ) ) ;
#618 = EDGE_CURVE ( 'NONE', #1403, #236, #1134, .T. ) ;
#619 = ORIENTED_EDGE ( 'NONE', *, *, #2025, .F. ) ;
#620 = CARTESIAN_POINT ( 'NONE',  ( 0.2625000000000000111, 0.9000000000000000222, -1.000000000000000000 ) ) ;
#621 = LINE ( 'NONE', #1832, #1670 ) ;
#622 = ADVANCED_FACE ( 'NONE', ( #2628 ), #2951, .T. ) ;
#623 = EDGE_CURVE ( 'NONE', #1514, #437, #2684, .T. ) ;
#624 = CARTESIAN_POINT ( 'NONE',  ( 1.187500000000000000, 0.000000000000000000, -1.000000000000000000 ) ) ;
#625 = VERTEX_POINT ( 'NONE', #2935 ) ;
#626 = ORIENTED_EDGE ( 'NONE', *, *, #2074, .F. ) ;
#627 = CARTESIAN_POINT ( 'NONE',  ( -1.250000000000000000, 0.4500000000000000111, -0.9375000000000000000 ) ) ;
#628 = LINE ( 'NONE', #931, #1349 ) ;
#629 = EDGE_CURVE ( 'NONE', #695, #2532, #2310, .T. ) ;
#630 = CARTESIAN_POINT ( 'NONE',  ( -1.250000000000000000, 0.9000000000000000222, 0.000000000000000000 ) ) ;
#631 = EDGE_LOOP ( 'NONE', ( #688, #1776, #2663, #159 ) ) ;
#632 = DIRECTION ( 'NONE',  ( 0.000000000000000000, -1.000000000000000000, 0.000000000000000000 ) ) ;
#633 = CARTESIAN_POINT ( 'NONE',  ( -1.149999999999999911, 0.000000000000000000, -0.3250000000000000111 ) ) ;
#634 = DIRECTION ( 'NONE',  ( 1.000000000000000000, 0.000000000000000000, 0.000000000000000000 ) ) ;
#635 = ORIENTED_EDGE ( 'NONE', *, *, #3009, .T. ) ;
#636 = ORIENTED_EDGE ( 'NONE', *, *, #3324, .F. ) ;
#637 = DIRECTION ( 'NONE',  ( 1.000000000000000000, 0.000000000000000000, 2.282530889443165050E-16 ) ) ;
#638 = DIRECTION ( 'NONE',  ( 0.000000000000000000, -1.000000000000000000, 0.000000000000000000 ) ) ;
#639 = ORIENTED_EDGE ( 'NONE', *, *, #467, .T. ) ;
#640 = CARTESIAN_POINT ( 'NONE',  ( 0.4749999999999999778, 0.000000000000000000, -0.9000000000000000222 ) ) ;
#641 = DIRECTION ( 'NONE',  ( 0.000000000000000000, 0.000000000000000000, -1.000000000000000000 ) ) ;
#642 = LINE ( 'NONE', #2216, #2344 ) ;
#643 = CARTESIAN_POINT ( 'NONE',  ( 0.4749999999999999778, 0.4500000000000000111, 0.3250000000000000111 ) ) ;
#644 = CIRCLE ( 'NONE', #2285, 0.06250000000000005551 ) ;
#645 = VECTOR ( 'NONE', #2654, 1000.000000000000000 ) ;
#646 = ORIENTED_EDGE ( 'NONE', *, *, #24, .T. ) ;
#647 = EDGE_CURVE ( 'NONE', #1531, #3371, #262, .T. ) ;
#648 = CARTESIAN_POINT ( 'NONE',  ( -0.4749999999999999778, 0.4500000000000000111, -0.9000000000000000222 ) ) ;
#649 = LINE ( 'NONE', #2700, #774 ) ;
#650 = VECTOR ( 'NONE', #367, 1000.000000000000000 ) ;
#651 = VECTOR ( 'NONE', #306, 1000.000000000000000 ) ;
#652 = ORIENTED_EDGE ( 'NONE', *, *, #2317, .F. ) ;
#653 = ADVANCED_FACE ( 'NONE', ( #2017 ), #3213, .T. ) ;
#654 = LINE ( 'NONE', #2996, #3231 ) ;
#655 = DIRECTION ( 'NONE',  ( 0.000000000000000000, 0.000000000000000000, -1.000000000000000000 ) ) ;
#656 = AXIS2_PLACEMENT_3D ( 'NONE', #3631, #1515, #938 ) ;
#657 = DIRECTION ( 'NONE',  ( 0.000000000000000000, 0.000000000000000000, -1.000000000000000000 ) ) ;
#658 = VERTEX_POINT ( 'NONE', #234 ) ;
#659 = ORIENTED_EDGE ( 'NONE', *, *, #708, .T. ) ;
#660 = MECHANICAL_DESIGN_GEOMETRIC_PRESENTATION_REPRESENTATION (  '', ( #2737 ), #911 ) ;
#661 = CARTESIAN_POINT ( 'NONE',  ( 1.187500000000000000, 1.477740239554724111, -1.000000000000000000 ) ) ;
#662 = AXIS2_PLACEMENT_3D ( 'NONE', #505, #3829, #3226 ) ;
#663 = DIRECTION ( 'NONE',  ( 1.000000000000000000, 0.000000000000000000, 0.000000000000000000 ) ) ;
#664 = VECTOR ( 'NONE', #3505, 1000.000000000000000 ) ;
#665 = ORIENTED_EDGE ( 'NONE', *, *, #1314, .F. ) ;
#666 = AXIS2_PLACEMENT_3D ( 'NONE', #3212, #2627, #3814 ) ;
#667 = AXIS2_PLACEMENT_3D ( 'NONE', #1437, #540, #3838 ) ;
#668 = CARTESIAN_POINT ( 'NONE',  ( -1.187500000000000000, -2.376562118716424976, 1.000000000000000000 ) ) ;
#669 = CIRCLE ( 'NONE', #2871, 0.06250000000000005551 ) ;
#670 = PLANE ( 'NONE',  #332 ) ;
#671 = VECTOR ( 'NONE', #1244, 1000.000000000000000 ) ;
#672 = CARTESIAN_POINT ( 'NONE',  ( 1.250000000000000000, 0.000000000000000000, -0.9375000000000000000 ) ) ;
#673 = CARTESIAN_POINT ( 'NONE',  ( -1.187500000000000000, 0.000000000000000000, 1.000000000000000000 ) ) ;
#674 = VERTEX_POINT ( 'NONE', #1136 ) ;
#675 = DIRECTION ( 'NONE',  ( 1.000000000000000000, 0.000000000000000000, 0.000000000000000000 ) ) ;
#676 = CARTESIAN_POINT ( 'NONE',  ( 0.2625000000000000111, 0.8249999999999999556, 1.000000000000000000 ) ) ;
#677 = ADVANCED_FACE ( 'NONE', ( #951 ), #1592, .T. ) ;
#678 = ORIENTED_EDGE ( 'NONE', *, *, #2718, .F. ) ;
#679 = LINE ( 'NONE', #2451, #3734 ) ;
#680 = CARTESIAN_POINT ( 'NONE',  ( 1.250000000000000000, 0.4500000000000000111, 0.9375000000000000000 ) ) ;
#681 = CARTESIAN_POINT ( 'NONE',  ( 1.250000000000000000, 0.4500000000000000111, 1.000000000000000000 ) ) ;
#682 = ADVANCED_FACE ( 'NONE', ( #1886 ), #1271, .T. ) ;
#683 = EDGE_LOOP ( 'NONE', ( #2437, #2432, #1760, #183 ) ) ;
#684 = ADVANCED_FACE ( 'NONE', ( #2423 ), #335, .T. ) ;
#685 = ORIENTED_EDGE ( 'NONE', *, *, #1195, .T. ) ;
#686 = DIRECTION ( 'NONE',  ( 0.000000000000000000, 0.000000000000000000, -1.000000000000000000 ) ) ;
#687 = DIRECTION ( 'NONE',  ( 0.000000000000000000, 0.000000000000000000, 1.000000000000000000 ) ) ;
#688 = ORIENTED_EDGE ( 'NONE', *, *, #1243, .F. ) ;
#689 = LINE ( 'NONE', #3407, #3795 ) ;
#690 = LINE ( 'NONE', #2264, #1411 ) ;
#691 = LINE ( 'NONE', #3327, #831 ) ;
#692 = ORIENTED_EDGE ( 'NONE', *, *, #1768, .T. ) ;
#693 = DIRECTION ( 'NONE',  ( 0.000000000000000000, -1.000000000000000000, 0.000000000000000000 ) ) ;
#694 = DIRECTION ( 'NONE',  ( 0.000000000000000000, 0.000000000000000000, 1.000000000000000000 ) ) ;
#695 = VERTEX_POINT ( 'NONE', #1548 ) ;
#696 = DIRECTION ( 'NONE',  ( 0.000000000000000000, -1.000000000000000000, 0.000000000000000000 ) ) ;
#697 = CARTESIAN_POINT ( 'NONE',  ( 1.250000000000000000, 1.477740239554724111, -0.9375000000000000000 ) ) ;
#698 = EDGE_CURVE ( 'NONE', #2600, #1258, #2202, .T. ) ;
#699 = LINE ( 'NONE', #2087, #1119 ) ;
#700 = ORIENTED_EDGE ( 'NONE', *, *, #3888, .T. ) ;
#701 = VERTEX_POINT ( 'NONE', #1572 ) ;
#702 = CARTESIAN_POINT ( 'NONE',  ( -1.074999999999999956, 1.000000000000000000, -0.9000000000000000222 ) ) ;
#703 = CARTESIAN_POINT ( 'NONE',  ( -0.4749999999999999778, 0.4500000000000000111, 0.9000000000000000222 ) ) ;
#704 = EDGE_CURVE ( 'NONE', #2236, #3648, #2475, .T. ) ;
#705 = DIRECTION ( 'NONE',  ( 0.000000000000000000, 0.000000000000000000, -1.000000000000000000 ) ) ;
#706 = ORIENTED_EDGE ( 'NONE', *, *, #2795, .F. ) ;
#707 = LINE ( 'NONE', #3117, #2733 ) ;
#708 = EDGE_CURVE ( 'NONE', #51, #1378, #3661, .T. ) ;
#709 = DIRECTION ( 'NONE',  ( 1.000000000000000000, 0.000000000000000000, 1.814002085645769733E-16 ) ) ;
#710 = PLANE ( 'NONE',  #104 ) ;
#711 = EDGE_LOOP ( 'NONE', ( #2058, #3874, #3286, #1039 ) ) ;
#712 = CARTESIAN_POINT ( 'NONE',  ( 0.4749999999999999778, 1.477740239554724111, -0.9000000000000000222 ) ) ;
#713 = FACE_OUTER_BOUND ( 'NONE', #2948, .T. ) ;
#714 = AXIS2_PLACEMENT_3D ( 'NONE', #1209, #3349, #3014 ) ;
#715 = DIRECTION ( 'NONE',  ( 0.000000000000000000, 0.000000000000000000, 1.000000000000000000 ) ) ;
#716 = VECTOR ( 'NONE', #2590, 1000.000000000000000 ) ;
#717 = VERTEX_POINT ( 'NONE', #2467 ) ;
#718 = CARTESIAN_POINT ( 'NONE',  ( 0.2000000000000000111, 0.9000000000000000222, 0.9375000000000000000 ) ) ;
#719 = VECTOR ( 'NONE', #1638, 1000.000000000000114 ) ;
#720 = CARTESIAN_POINT ( 'NONE',  ( 1.072685185185185963, 0.000000000000000000, -0.9000000000000000222 ) ) ;
#721 =( GEOMETRIC_REPRESENTATION_CONTEXT ( 3 ) GLOBAL_UNCERTAINTY_ASSIGNED_CONTEXT ( ( #3522 ) ) GLOBAL_UNIT_ASSIGNED_CONTEXT ( ( #2083, #593, #1181 ) ) REPRESENTATION_CONTEXT ( 'NONE', 'WORKASPACE' ) );
#722 = ORIENTED_EDGE ( 'NONE', *, *, #1125, .F. ) ;
#723 = AXIS2_PLACEMENT_3D ( 'NONE', #2961, #1477, #790 ) ;
#724 = VERTEX_POINT ( 'NONE', #2394 ) ;
#725 = CARTESIAN_POINT ( 'NONE',  ( 0.000000000000000000, 0.000000000000000000, 0.9375000000000000000 ) ) ;
#726 = FILL_AREA_STYLE_COLOUR ( '', #2301 ) ;
#727 = ORIENTED_EDGE ( 'NONE', *, *, #1019, .T. ) ;
#728 = EDGE_CURVE ( 'NONE', #1836, #3151, #2780, .T. ) ;
#729 = VECTOR ( 'NONE', #944, 1000.000000000000114 ) ;
#730 = FACE_OUTER_BOUND ( 'NONE', #932, .T. ) ;
#731 = LINE ( 'NONE', #418, #1488 ) ;
#732 = EDGE_CURVE ( 'NONE', #2277, #3050, #997, .T. ) ;
#733 = CLOSED_SHELL ( 'NONE', ( #2359, #16, #1476, #240, #3532, #1912, #548, #3296, #1607, #1263, #1719, #3004, #602 ) ) ;
#734 = CIRCLE ( 'NONE', #788, 0.1000000000000000472 ) ;
#735 = ORIENTED_EDGE ( 'NONE', *, *, #2379, .T. ) ;
#736 = LINE ( 'NONE', #439, #2190 ) ;
#737 = LINE ( 'NONE', #2836, #2342 ) ;
#738 = COLOUR_RGB ( '',1.000000000000000000, 0.8117647058823529438, 0.5019607843137254832 ) ;
#739 = ORIENTED_EDGE ( 'NONE', *, *, #1195, .F. ) ;
#740 = LINE ( 'NONE', #1296, #838 ) ;
#741 = CARTESIAN_POINT ( 'NONE',  ( 1.072685185185185963, 0.000000000000000000, -0.9000000000000000222 ) ) ;
#742 = VERTEX_POINT ( 'NONE', #905 ) ;
#743 = ORIENTED_EDGE ( 'NONE', *, *, #2208, .T. ) ;
#744 = CARTESIAN_POINT ( 'NONE',  ( -1.074999999999999956, 1.000000000000000000, -0.9000000000000000222 ) ) ;
#745 = VERTEX_POINT ( 'NONE', #971 ) ;
#746 = CARTESIAN_POINT ( 'NONE',  ( -0.6750000000000000444, 1.477740239554724111, 0.3250000000000000111 ) ) ;
#747 = EDGE_CURVE ( 'NONE', #1448, #1438, #609, .T. ) ;
#748 = PRODUCT ( 'ECS-2520S33-250-FN-TR', 'ECS-2520S33-250-FN-TR', '', ( #3510 ) ) ;
#749 = EDGE_LOOP ( 'NONE', ( #1521, #2188, #2144, #1183 ) ) ;
#750 = DIRECTION ( 'NONE',  ( 0.000000000000000000, 1.000000000000000000, 0.000000000000000000 ) ) ;
#751 = EDGE_CURVE ( 'NONE', #329, #12, #3060, .T. ) ;
#752 = LINE ( 'NONE', #453, #1468 ) ;
#753 = EDGE_CURVE ( 'NONE', #3122, #658, #1802, .T. ) ;
#754 = ORIENTED_EDGE ( 'NONE', *, *, #366, .F. ) ;
#755 = CARTESIAN_POINT ( 'NONE',  ( 1.072685185185183965, 0.000000000000000000, 0.9000000000000000222 ) ) ;
#756 = CARTESIAN_POINT ( 'NONE',  ( -0.6750000000000000444, 0.000000000000000000, 0.3250000000000000111 ) ) ;
#757 = EDGE_CURVE ( 'NONE', #1836, #2262, #1821, .T. ) ;
#758 = SURFACE_STYLE_USAGE ( .BOTH. , #1618 ) ;
#759 = ORIENTED_EDGE ( 'NONE', *, *, #3202, .T. ) ;
#760 = LINE ( 'NONE', #3783, #3290 ) ;
#761 = ORIENTED_EDGE ( 'NONE', *, *, #1942, .F. ) ;
#762 = CARTESIAN_POINT ( 'NONE',  ( 1.149999999999999911, 0.4500000000000000111, -0.3250000000000000111 ) ) ;
#763 = PLANE ( 'NONE',  #1546 ) ;
#764 = CARTESIAN_POINT ( 'NONE',  ( 0.2000000000000000111, 0.000000000000000000, -1.000000000000000000 ) ) ;
#765 = ORIENTED_EDGE ( 'NONE', *, *, #1045, .F. ) ;
#766 = CARTESIAN_POINT ( 'NONE',  ( -0.6750000000000000444, 0.4500000000000000111, 0.3250000000000000111 ) ) ;
#767 = DIRECTION ( 'NONE',  ( 1.000000000000000000, 0.000000000000000000, 0.000000000000000000 ) ) ;
#768 = EDGE_CURVE ( 'NONE', #3518, #2990, #628, .T. ) ;
#769 = ORIENTED_EDGE ( 'NONE', *, *, #1549, .F. ) ;
#770 = CARTESIAN_POINT ( 'NONE',  ( -1.072685185185183965, 1.477740239554724111, 0.9000000000000000222 ) ) ;
#771 = DIRECTION ( 'NONE',  ( -1.885568995626964780E-16, 0.000000000000000000, 1.000000000000000000 ) ) ;
#772 = FILL_AREA_STYLE ('',( #3069 ) ) ;
#773 = EDGE_CURVE ( 'NONE', #745, #2455, #1253, .T. ) ;
#774 = VECTOR ( 'NONE', #1229, 1000.000000000000000 ) ;
#775 = EDGE_LOOP ( 'NONE', ( #3012, #3457, #2013, #2565, #468, #3449, #1003, #2728 ) ) ;
#776 = VECTOR ( 'NONE', #2197, 1000.000000000000000 ) ;
#777 = DIRECTION ( 'NONE',  ( 0.000000000000000000, -1.000000000000000000, 0.000000000000000000 ) ) ;
#778 = DIRECTION ( 'NONE',  ( 0.000000000000000000, -1.000000000000000000, 0.000000000000000000 ) ) ;
#779 = VECTOR ( 'NONE', #3827, 1000.000000000000000 ) ;
#780 = ORIENTED_EDGE ( 'NONE', *, *, #394, .F. ) ;
#781 = ORIENTED_EDGE ( 'NONE', *, *, #2231, .T. ) ;
#782 = AXIS2_PLACEMENT_3D ( 'NONE', #611, #3039, #342 ) ;
#783 = DIRECTION ( 'NONE',  ( 0.000000000000000000, -1.000000000000000000, 0.000000000000000000 ) ) ;
#784 = VECTOR ( 'NONE', #3358, 1000.000000000000000 ) ;
#785 = VECTOR ( 'NONE', #1581, 1000.000000000000000 ) ;
#786 = CARTESIAN_POINT ( 'NONE',  ( -1.072685185185183965, 0.4500000000000000111, -0.9000000000000000222 ) ) ;
#787 = CARTESIAN_POINT ( 'NONE',  ( -1.074999999999999956, 1.000000000000000000, -0.9000000000000000222 ) ) ;
#788 = AXIS2_PLACEMENT_3D ( 'NONE', #1320, #3472, #2513 ) ;
#789 = ORIENTED_EDGE ( 'NONE', *, *, #994, .T. ) ;
#790 = DIRECTION ( 'NONE',  ( 0.000000000000000000, 0.000000000000000000, -1.000000000000000000 ) ) ;
#791 = AXIS2_PLACEMENT_3D ( 'NONE', #3431, #3100, #1856 ) ;
#792 = DIRECTION ( 'NONE',  ( -0.7540815958863064106, 0.000000000000000000, 0.6567807448042013441 ) ) ;
#793 = ADVANCED_FACE ( 'NONE', ( #1507 ), #2139, .F. ) ;
#794 = STYLED_ITEM ( 'NONE', ( #2863 ), #283 ) ;
#795 = ORIENTED_EDGE ( 'NONE', *, *, #3714, .F. ) ;
#796 = DIRECTION ( 'NONE',  ( 0.000000000000000000, 0.000000000000000000, -1.000000000000000000 ) ) ;
#797 = CARTESIAN_POINT ( 'NONE',  ( 1.250000000000000000, 0.000000000000000000, 1.000000000000000000 ) ) ;
#798 = CARTESIAN_POINT ( 'NONE',  ( -1.149999999999999911, 1.477740239554724111, -0.3250000000000000111 ) ) ;
#799 = EDGE_CURVE ( 'NONE', #2073, #2127, #649, .T. ) ;
#800 = EDGE_CURVE ( 'NONE', #2635, #3813, #3373, .T. ) ;
#801 = ORIENTED_EDGE ( 'NONE', *, *, #2795, .T. ) ;
#802 = ORIENTED_EDGE ( 'NONE', *, *, #3008, .F. ) ;
#803 = DIRECTION ( 'NONE',  ( 0.000000000000000000, -1.000000000000000000, 0.000000000000000000 ) ) ;
#804 = CARTESIAN_POINT ( 'NONE',  ( 1.187500000000000000, 0.8249999999999999556, -1.000000000000000000 ) ) ;
#805 = ORIENTED_EDGE ( 'NONE', *, *, #704, .F. ) ;
#806 = VERTEX_POINT ( 'NONE', #2238 ) ;
#807 = CYLINDRICAL_SURFACE ( 'NONE', #2348, 0.06250000000000005551 ) ;
#808 = DIRECTION ( 'NONE',  ( 1.000000000000000000, 0.000000000000000000, 0.000000000000000000 ) ) ;
#809 = PLANE ( 'NONE',  #1995 ) ;
#810 = DIRECTION ( 'NONE',  ( 0.000000000000000000, -1.000000000000000000, 0.000000000000000000 ) ) ;
#811 = EDGE_LOOP ( 'NONE', ( #2048, #607, #25, #635 ) ) ;
#812 = CARTESIAN_POINT ( 'NONE',  ( 1.149999999999999911, 0.000000000000000000, 0.3250000000000000111 ) ) ;
#813 = LINE ( 'NONE', #2941, #1044 ) ;
#814 = DIRECTION ( 'NONE',  ( 1.000000000000000000, 0.000000000000000000, 0.000000000000000000 ) ) ;
#815 = ORIENTED_EDGE ( 'NONE', *, *, #3630, .T. ) ;
#816 = EDGE_CURVE ( 'NONE', #3649, #2295, #1924, .T. ) ;
#817 = DIRECTION ( 'NONE',  ( 0.000000000000000000, 1.000000000000000000, 0.000000000000000000 ) ) ;
#818 =( LENGTH_UNIT ( ) NAMED_UNIT ( * ) SI_UNIT ( .MILLI., .METRE. ) );
#819 = SURFACE_SIDE_STYLE ('',( #3190 ) ) ;
#820 = EDGE_CURVE ( 'NONE', #1914, #3151, #1369, .T. ) ;
#821 = LINE ( 'NONE', #2638, #1053 ) ;
#822 = LINE ( 'NONE', #2624, #1669 ) ;
#823 = VERTEX_POINT ( 'NONE', #2284 ) ;
#824 = ORIENTED_EDGE ( 'NONE', *, *, #3774, .T. ) ;
#825 = DIRECTION ( 'NONE',  ( 0.000000000000000000, 1.000000000000000000, 0.000000000000000000 ) ) ;
#826 = CARTESIAN_POINT ( 'NONE',  ( 0.4749999999999999778, 0.000000000000000000, -0.3250000000000000111 ) ) ;
#827 = ORIENTED_EDGE ( 'NONE', *, *, #1675, .F. ) ;
#828 = LINE ( 'NONE', #2044, #2793 ) ;
#829 = LINE ( 'NONE', #1491, #3437 ) ;
#830 = EDGE_LOOP ( 'NONE', ( #3208, #434, #3717, #2327, #3453, #2685, #3884 ) ) ;
#831 = VECTOR ( 'NONE', #709, 1000.000000000000000 ) ;
#832 = COLOUR_RGB ( '',1.000000000000000000, 0.8117647058823529438, 0.5019607843137254832 ) ;
#833 = ORIENTED_EDGE ( 'NONE', *, *, #2128, .F. ) ;
#834 = DIRECTION ( 'NONE',  ( -0.7540815958863064106, 0.000000000000000000, 0.6567807448042012330 ) ) ;
#835 = VECTOR ( 'NONE', #2954, 1000.000000000000000 ) ;
#836 = CARTESIAN_POINT ( 'NONE',  ( -1.149999999999999911, 0.000000000000000000, 0.8504032258064510019 ) ) ;
#837 = ADVANCED_FACE ( 'NONE', ( #1946 ), #475, .F. ) ;
#838 = VECTOR ( 'NONE', #696, 1000.000000000000000 ) ;
#839 = LINE ( 'NONE', #786, #1849 ) ;
#840 = CARTESIAN_POINT ( 'NONE',  ( 0.2000000000000000111, 0.9000000000000000222, -1.000000000000000000 ) ) ;
#841 = AXIS2_PLACEMENT_3D ( 'NONE', #1685, #2902, #203 ) ;
#842 = EDGE_CURVE ( 'NONE', #1016, #2204, #174, .T. ) ;
#843 = EDGE_CURVE ( 'NONE', #2809, #3230, #737, .T. ) ;
#844 = DIRECTION ( 'NONE',  ( 0.000000000000000000, -1.000000000000000000, 0.000000000000000000 ) ) ;
#845 = VERTEX_POINT ( 'NONE', #3761 ) ;
#846 = PRESENTATION_LAYER_ASSIGNMENT (  '', '', ( #2737 ) ) ;
#847 = ORIENTED_EDGE ( 'NONE', *, *, #2107, .F. ) ;
#848 = LINE ( 'NONE', #550, #2925 ) ;
#849 =( GEOMETRIC_REPRESENTATION_CONTEXT ( 3 ) GLOBAL_UNCERTAINTY_ASSIGNED_CONTEXT ( ( #179 ) ) GLOBAL_UNIT_ASSIGNED_CONTEXT ( ( #3087, #934, #385 ) ) REPRESENTATION_CONTEXT ( 'NONE', 'WORKASPACE' ) );
#850 = VERTEX_POINT ( 'NONE', #102 ) ;
#851 = DIRECTION ( 'NONE',  ( 0.000000000000000000, -1.000000000000000000, 0.000000000000000000 ) ) ;
#852 = AXIS2_PLACEMENT_3D ( 'NONE', #2508, #2835, #156 ) ;
#853 =( LENGTH_UNIT ( ) NAMED_UNIT ( * ) SI_UNIT ( .MILLI., .METRE. ) );
#854 = AXIS2_PLACEMENT_3D ( 'NONE', #1892, #1577, #3382 ) ;
#855 = ORIENTED_EDGE ( 'NONE', *, *, #2150, .T. ) ;
#856 = ORIENTED_EDGE ( 'NONE', *, *, #1721, .T. ) ;
#857 = DIRECTION ( 'NONE',  ( 0.000000000000000000, -1.000000000000000000, 0.000000000000000000 ) ) ;
#858 = EDGE_CURVE ( 'NONE', #880, #1878, #644, .T. ) ;
#859 = CARTESIAN_POINT ( 'NONE',  ( -0.2000000000000000111, 0.2250000000000000056, -1.000000000000000000 ) ) ;
#860 = LINE ( 'NONE', #3265, #1726 ) ;
#861 = ORIENTED_EDGE ( 'NONE', *, *, #2844, .F. ) ;
#862 = ORIENTED_EDGE ( 'NONE', *, *, #3564, .F. ) ;
#863 = EDGE_CURVE ( 'NONE', #2075, #392, #2272, .T. ) ;
#864 = CARTESIAN_POINT ( 'NONE',  ( -1.149999999999999911, 0.000000000000000000, 0.3250000000000000111 ) ) ;
#865 = DIRECTION ( 'NONE',  ( 0.000000000000000000, 1.000000000000000000, 0.000000000000000000 ) ) ;
#866 = CARTESIAN_POINT ( 'NONE',  ( -0.6750000000000000444, 0.4500000000000000111, 0.3250000000000000111 ) ) ;
#867 = EDGE_LOOP ( 'NONE', ( #1649, #3640, #2266, #2901 ) ) ;
#868 = EDGE_CURVE ( 'NONE', #952, #3316, #3742, .T. ) ;
#869 = CARTESIAN_POINT ( 'NONE',  ( 0.4749999999999999778, 0.4500000000000000111, 0.9000000000000000222 ) ) ;
#870 =( NAMED_UNIT ( * ) PLANE_ANGLE_UNIT ( ) SI_UNIT ( $, .RADIAN. ) );
#871 = ORIENTED_EDGE ( 'NONE', *, *, #1400, .T. ) ;
#872 = ORIENTED_EDGE ( 'NONE', *, *, #1382, .F. ) ;
#873 = LINE ( 'NONE', #2388, #414 ) ;
#874 = CARTESIAN_POINT ( 'NONE',  ( -0.2625000000000000111, 0.9000000000000000222, -1.000000000000000000 ) ) ;
#875 = PLANE ( 'NONE',  #1294 ) ;
#876 = LINE ( 'NONE', #2010, #2606 ) ;
#877 = CARTESIAN_POINT ( 'NONE',  ( -0.2000000000000000111, 0.8249999999999999556, -0.9375000000000000000 ) ) ;
#878 = CARTESIAN_POINT ( 'NONE',  ( 0.4749999999999999778, 0.000000000000000000, 0.9000000000000000222 ) ) ;
#879 = ORIENTED_EDGE ( 'NONE', *, *, #3541, .T. ) ;
#880 = VERTEX_POINT ( 'NONE', #1961 ) ;
#881 = LINE ( 'NONE', #2683, #2553 ) ;
#882 = CARTESIAN_POINT ( 'NONE',  ( -0.2000000000000000111, 0.9000000000000000222, -1.000000000000000000 ) ) ;
#883 = EDGE_CURVE ( 'NONE', #3675, #2176, #1056, .T. ) ;
#884 = ORIENTED_EDGE ( 'NONE', *, *, #2147, .F. ) ;
#885 = FACE_OUTER_BOUND ( 'NONE', #3750, .T. ) ;
#886 = CARTESIAN_POINT ( 'NONE',  ( -0.4749999999999999778, 0.000000000000000000, 0.5250000000000000222 ) ) ;
#887 = PRESENTATION_STYLE_ASSIGNMENT (( #514 ) ) ;
#888 = DIRECTION ( 'NONE',  ( 0.000000000000000000, -1.000000000000000000, 0.000000000000000000 ) ) ;
#889 = ADVANCED_FACE ( 'NONE', ( #2543 ), #1691, .F. ) ;
#890 = ORIENTED_EDGE ( 'NONE', *, *, #2583, .T. ) ;
#891 = ORIENTED_EDGE ( 'NONE', *, *, #1833, .T. ) ;
#892 = FACE_OUTER_BOUND ( 'NONE', #3831, .T. ) ;
#893 = CARTESIAN_POINT ( 'NONE',  ( -1.072685185185183965, 0.4500000000000000111, 0.9000000000000000222 ) ) ;
#894 = AXIS2_PLACEMENT_3D ( 'NONE', #3035, #2119, #60 ) ;
#895 = DIRECTION ( 'NONE',  ( 0.000000000000000000, 1.000000000000000000, 0.000000000000000000 ) ) ;
#896 = VECTOR ( 'NONE', #1248, 1000.000000000000000 ) ;
#897 = LINE ( 'NONE', #1478, #2791 ) ;
#898 = CARTESIAN_POINT ( 'NONE',  ( 1.250000000000000000, 0.000000000000000000, 0.9375000000000000000 ) ) ;
#899 = VECTOR ( 'NONE', #370, 1000.000000000000000 ) ;
#900 = FACE_OUTER_BOUND ( 'NONE', #928, .T. ) ;
#901 = EDGE_LOOP ( 'NONE', ( #1578, #3076, #1561, #61 ) ) ;
#902 = ORIENTED_EDGE ( 'NONE', *, *, #768, .T. ) ;
#903 = AXIS2_PLACEMENT_3D ( 'NONE', #2494, #160, #3691 ) ;
#904 = FACE_OUTER_BOUND ( 'NONE', #3772, .T. ) ;
#905 = CARTESIAN_POINT ( 'NONE',  ( -1.072685185185183965, 0.000000000000000000, 0.9000000000000000222 ) ) ;
#906 = AXIS2_PLACEMENT_3D ( 'NONE', #2850, #449, #1703 ) ;
#907 = ORIENTED_EDGE ( 'NONE', *, *, #3843, .F. ) ;
#908 = PLANE ( 'NONE',  #3792 ) ;
#909 = FILL_AREA_STYLE ('',( #2470 ) ) ;
#910 = EDGE_CURVE ( 'NONE', #1614, #448, #2257, .T. ) ;
#911 =( GEOMETRIC_REPRESENTATION_CONTEXT ( 3 ) GLOBAL_UNCERTAINTY_ASSIGNED_CONTEXT ( ( #2312 ) ) GLOBAL_UNIT_ASSIGNED_CONTEXT ( ( #1954, #3475, #181 ) ) REPRESENTATION_CONTEXT ( 'NONE', 'WORKASPACE' ) );
#912 = DIRECTION ( 'NONE',  ( 0.000000000000000000, -1.000000000000000000, 0.000000000000000000 ) ) ;
#913 = LINE ( 'NONE', #2471, #601 ) ;
#914 = ORIENTED_EDGE ( 'NONE', *, *, #2821, .F. ) ;
#915 = PRESENTATION_LAYER_ASSIGNMENT (  '', '', ( #1051 ) ) ;
#916 = VECTOR ( 'NONE', #1252, 1000.000000000000000 ) ;
#917 = ORIENTED_EDGE ( 'NONE', *, *, #3252, .F. ) ;
#918 = DIRECTION ( 'NONE',  ( 0.000000000000000000, 1.000000000000000000, 0.000000000000000000 ) ) ;
#919 = EDGE_CURVE ( 'NONE', #2739, #2498, #3155, .T. ) ;
#920 = EDGE_CURVE ( 'NONE', #3230, #717, #1668, .T. ) ;
#921 = AXIS2_PLACEMENT_3D ( 'NONE', #1304, #391, #2457 ) ;
#922 = FACE_OUTER_BOUND ( 'NONE', #1350, .T. ) ;
#923 = CARTESIAN_POINT ( 'NONE',  ( -1.074999999999999956, 0.9000000000000000222, -0.8000000000000000444 ) ) ;
#924 = PLANE ( 'NONE',  #3485 ) ;
#925 = ADVANCED_FACE ( 'NONE', ( #2823 ), #1612, .F. ) ;
#926 = CARTESIAN_POINT ( 'NONE',  ( 1.250000000000000000, 0.4500000000000000111, 1.000000000000000000 ) ) ;
#927 = DIRECTION ( 'NONE',  ( 2.282530889443165050E-16, 0.000000000000000000, -1.000000000000000000 ) ) ;
#928 = EDGE_LOOP ( 'NONE', ( #2507, #1934, #3218, #1621, #3267, #1434 ) ) ;
#929 = ORIENTED_EDGE ( 'NONE', *, *, #2036, .T. ) ;
#930 = CARTESIAN_POINT ( 'NONE',  ( -1.149999999999999911, 0.4500000000000000111, 0.3250000000000000111 ) ) ;
#931 = CARTESIAN_POINT ( 'NONE',  ( 1.149999999999999911, 0.4500000000000000111, 0.3250000000000000111 ) ) ;
#932 = EDGE_LOOP ( 'NONE', ( #589, #1962 ) ) ;
#933 = LINE ( 'NONE', #62, #1676 ) ;
#934 =( NAMED_UNIT ( * ) PLANE_ANGLE_UNIT ( ) SI_UNIT ( $, .RADIAN. ) );
#935 = DIRECTION ( 'NONE',  ( 0.000000000000000000, -1.000000000000000000, 0.000000000000000000 ) ) ;
#936 = EDGE_LOOP ( 'NONE', ( #2211, #1066, #2269, #2225, #1313, #2745, #3219, #1907 ) ) ;
#937 = ORIENTED_EDGE ( 'NONE', *, *, #3015, .T. ) ;
#938 = DIRECTION ( 'NONE',  ( 0.000000000000000000, 0.000000000000000000, -1.000000000000000000 ) ) ;
#939 = CARTESIAN_POINT ( 'NONE',  ( -0.2000000000000000111, 0.000000000000000000, 0.9375000000000000000 ) ) ;
#940 = CARTESIAN_POINT ( 'NONE',  ( -1.250000000000000000, 0.000000000000000000, 0.000000000000000000 ) ) ;
#941 = ORIENTED_EDGE ( 'NONE', *, *, #1140, .F. ) ;
#942 = ADVANCED_FACE ( 'NONE', ( #713 ), #423, .F. ) ;
#943 = PLANE ( 'NONE',  #3045 ) ;
#944 = DIRECTION ( 'NONE',  ( 0.7540815958863064106, 0.000000000000000000, 0.6567807448042013441 ) ) ;
#945 = DIRECTION ( 'NONE',  ( 1.000000000000000000, 0.000000000000000000, 0.000000000000000000 ) ) ;
#946 = DIRECTION ( 'NONE',  ( -1.000000000000000000, 0.000000000000000000, 0.000000000000000000 ) ) ;
#947 = ORIENTED_EDGE ( 'NONE', *, *, #3529, .T. ) ;
#948 = EDGE_CURVE ( 'NONE', #3474, #724, #752, .T. ) ;
#949 = ORIENTED_EDGE ( 'NONE', *, *, #1660, .T. ) ;
#950 = PLANE ( 'NONE',  #1628 ) ;
#951 = FACE_OUTER_BOUND ( 'NONE', #41, .T. ) ;
#952 = VERTEX_POINT ( 'NONE', #3719 ) ;
#953 = FACE_OUTER_BOUND ( 'NONE', #2978, .T. ) ;
#954 = LINE ( 'NONE', #680, #3859 ) ;
#955 = CYLINDRICAL_SURFACE ( 'NONE', #3807, 0.06250000000000005551 ) ;
#956 = VERTEX_POINT ( 'NONE', #1031 ) ;
#957 = VERTEX_POINT ( 'NONE', #494 ) ;
#958 = DIRECTION ( 'NONE',  ( 1.000000000000000000, 0.000000000000000000, 0.000000000000000000 ) ) ;
#959 = LINE ( 'NONE', #617, #2365 ) ;
#960 = ORIENTED_EDGE ( 'NONE', *, *, #442, .F. ) ;
#961 = CARTESIAN_POINT ( 'NONE',  ( -0.4749999999999999778, 0.000000000000000000, 0.5250000000000000222 ) ) ;
#962 = FACE_OUTER_BOUND ( 'NONE', #3323, .T. ) ;
#963 = ADVANCED_FACE ( 'NONE', ( #2018 ), #3291, .F. ) ;
#964 = CARTESIAN_POINT ( 'NONE',  ( 1.250000000000000000, 0.000000000000000000, -0.9375000000000000000 ) ) ;
#965 = FACE_OUTER_BOUND ( 'NONE', #451, .T. ) ;
#966 = VECTOR ( 'NONE', #1524, 1000.000000000000114 ) ;
#967 = AXIS2_PLACEMENT_3D ( 'NONE', #3870, #1853, #3575 ) ;
#968 = ORIENTED_EDGE ( 'NONE', *, *, #2952, .T. ) ;
#969 = CARTESIAN_POINT ( 'NONE',  ( 0.4749999999999999778, 1.477740239554724111, 0.3250000000000000111 ) ) ;
#970 = EDGE_CURVE ( 'NONE', #2176, #2364, #3413, .T. ) ;
#971 = CARTESIAN_POINT ( 'NONE',  ( -0.4749999999999999778, 0.4500000000000000111, -0.9000000000000000222 ) ) ;
#972 = EDGE_CURVE ( 'NONE', #3299, #1590, #3063, .T. ) ;
#973 = VECTOR ( 'NONE', #1356, 1000.000000000000000 ) ;
#974 = PRODUCT_DEFINITION_FORMATION_WITH_SPECIFIED_SOURCE ( 'ANY', '', #748, .NOT_KNOWN. ) ;
#975 = CIRCLE ( 'NONE', #723, 0.06250000000000005551 ) ;
#976 = ORIENTED_EDGE ( 'NONE', *, *, #49, .F. ) ;
#977 = CARTESIAN_POINT ( 'NONE',  ( -0.4749999999999999778, 0.4500000000000000111, 0.9000000000000000222 ) ) ;
#978 = DIRECTION ( 'NONE',  ( 0.000000000000000000, -1.000000000000000000, 0.000000000000000000 ) ) ;
#979 = LINE ( 'NONE', #3068, #650 ) ;
#980 = VECTOR ( 'NONE', #151, 1000.000000000000000 ) ;
#981 = FACE_OUTER_BOUND ( 'NONE', #242, .T. ) ;
#982 = PRODUCT_DEFINITION_CONTEXT ( 'detailed design', #3637, 'design' ) ;
#983 = ORIENTED_EDGE ( 'NONE', *, *, #3138, .F. ) ;
#984 = ORIENTED_EDGE ( 'NONE', *, *, #2177, .F. ) ;
#985 = STYLED_ITEM ( 'NONE', ( #2703 ), #2868 ) ;
#986 = PLANE ( 'NONE',  #3799 ) ;
#987 = CARTESIAN_POINT ( 'NONE',  ( 1.074999999999999956, 1.000000000000000000, 0.9000000000000000222 ) ) ;
#988 = ORIENTED_EDGE ( 'NONE', *, *, #2489, .T. ) ;
#989 = CARTESIAN_POINT ( 'NONE',  ( 1.149999999999999911, 0.000000000000000000, 0.3250000000000000111 ) ) ;
#990 = CARTESIAN_POINT ( 'NONE',  ( 0.4749999999999999778, 0.4500000000000000111, 0.9000000000000000222 ) ) ;
#991 = PRESENTATION_LAYER_ASSIGNMENT (  '', '', ( #2682 ) ) ;
#992 = LINE ( 'NONE', #2198, #2968 ) ;
#993 = DIRECTION ( 'NONE',  ( 1.000000000000000000, 0.000000000000000000, 0.000000000000000000 ) ) ;
#994 = EDGE_CURVE ( 'NONE', #3285, #2068, #1156, .T. ) ;
#995 = ORIENTED_EDGE ( 'NONE', *, *, #3253, .F. ) ;
#996 = CARTESIAN_POINT ( 'NONE',  ( 0.2000000000000000111, 0.8249999999999999556, 1.000000000000000000 ) ) ;
#997 = LINE ( 'NONE', #2743, #10 ) ;
#998 = ADVANCED_FACE ( 'NONE', ( #1862 ), #1425, .T. ) ;
#999 = VERTEX_POINT ( 'NONE', #1169 ) ;
#1000 = DIRECTION ( 'NONE',  ( 0.000000000000000000, 1.000000000000000000, 0.000000000000000000 ) ) ;
#1001 = DIRECTION ( 'NONE',  ( 0.000000000000000000, -1.000000000000000000, 0.000000000000000000 ) ) ;
#1002 = PLANE ( 'NONE',  #3619 ) ;
#1003 = ORIENTED_EDGE ( 'NONE', *, *, #920, .T. ) ;
#1004 = ADVANCED_FACE ( 'NONE', ( #900 ), #2114, .F. ) ;
#1005 = ORIENTED_EDGE ( 'NONE', *, *, #2396, .F. ) ;
#1006 = LINE ( 'NONE', #3092, #3126 ) ;
#1007 = EDGE_LOOP ( 'NONE', ( #646, #132, #574, #2949, #789, #3025, #1780 ) ) ;
#1008 = AXIS2_PLACEMENT_3D ( 'NONE', #2095, #810, #2077 ) ;
#1009 = DIRECTION ( 'NONE',  ( 1.000000000000000000, 0.000000000000000000, 0.000000000000000000 ) ) ;
#1010 = CARTESIAN_POINT ( 'NONE',  ( -0.9000000000000000222, 0.9749999999999999778, 0.4749999999999999778 ) ) ;
#1011 = LINE ( 'NONE', #643, #2499 ) ;
#1012 = ORIENTED_EDGE ( 'NONE', *, *, #1582, .F. ) ;
#1013 = DIRECTION ( 'NONE',  ( 0.000000000000000000, 0.000000000000000000, 1.000000000000000000 ) ) ;
#1014 = DIRECTION ( 'NONE',  ( -0.000000000000000000, 1.000000000000000000, 0.000000000000000000 ) ) ;
#1015 = CARTESIAN_POINT ( 'NONE',  ( -0.2000000000000000111, 0.4500000000000000111, -0.9375000000000000000 ) ) ;
#1016 = VERTEX_POINT ( 'NONE', #2057 ) ;
#1017 = LINE ( 'NONE', #1351, #3428 ) ;
#1018 = CARTESIAN_POINT ( 'NONE',  ( -1.149999999999999911, 0.4500000000000000111, -0.3250000000000000111 ) ) ;
#1019 = EDGE_CURVE ( 'NONE', #1884, #695, #3576, .T. ) ;
#1020 = PRESENTATION_STYLE_ASSIGNMENT (( #480 ) ) ;
#1021 = ORIENTED_EDGE ( 'NONE', *, *, #3816, .T. ) ;
#1022 = EDGE_LOOP ( 'NONE', ( #2407, #3840, #2897, #66 ) ) ;
#1023 = CARTESIAN_POINT ( 'NONE',  ( 1.187500000000000000, 0.4500000000000000111, -1.000000000000000000 ) ) ;
#1024 = CARTESIAN_POINT ( 'NONE',  ( -1.250000000000000000, 0.8249999999999999556, -0.9375000000000000000 ) ) ;
#1025 = EDGE_CURVE ( 'NONE', #1120, #3780, #3419, .T. ) ;
#1026 = ORIENTED_EDGE ( 'NONE', *, *, #553, .T. ) ;
#1027 = DIRECTION ( 'NONE',  ( 0.000000000000000000, -1.000000000000000000, 0.000000000000000000 ) ) ;
#1028 = LINE ( 'NONE', #3080, #2924 ) ;
#1029 = EDGE_LOOP ( 'NONE', ( #802, #282, #3081, #636 ) ) ;
#1030 = DIRECTION ( 'NONE',  ( 0.000000000000000000, -1.000000000000000000, 0.000000000000000000 ) ) ;
#1031 = CARTESIAN_POINT ( 'NONE',  ( 0.2000000000000000111, 0.2250000000000000056, 0.9375000000000000000 ) ) ;
#1032 = VECTOR ( 'NONE', #1085, 1000.000000000000000 ) ;
#1033 = VECTOR ( 'NONE', #208, 1000.000000000000000 ) ;
#1034 = EDGE_LOOP ( 'NONE', ( #80, #2084, #461, #564 ) ) ;
#1035 = DIRECTION ( 'NONE',  ( 0.000000000000000000, 0.000000000000000000, -1.000000000000000000 ) ) ;
#1036 = VECTOR ( 'NONE', #245, 1000.000000000000000 ) ;
#1037 = DIRECTION ( 'NONE',  ( 0.000000000000000000, 1.000000000000000000, 0.000000000000000000 ) ) ;
#1038 = ORIENTED_EDGE ( 'NONE', *, *, #2489, .F. ) ;
#1039 = ORIENTED_EDGE ( 'NONE', *, *, #3028, .F. ) ;
#1040 = EDGE_CURVE ( 'NONE', #383, #301, #860, .T. ) ;
#1041 = LINE ( 'NONE', #1968, #2862 ) ;
#1042 = AXIS2_PLACEMENT_3D ( 'NONE', #1852, #3052, #3677 ) ;
#1043 = ORIENTED_EDGE ( 'NONE', *, *, #3606, .F. ) ;
#1044 = VECTOR ( 'NONE', #513, 1000.000000000000000 ) ;
#1045 = EDGE_CURVE ( 'NONE', #329, #1822, #605, .T. ) ;
#1046 = EDGE_CURVE ( 'NONE', #2307, #426, #822, .T. ) ;
#1047 = FACE_OUTER_BOUND ( 'NONE', #1034, .T. ) ;
#1048 = VECTOR ( 'NONE', #209, 1000.000000000000000 ) ;
#1049 = AXIS2_PLACEMENT_3D ( 'NONE', #1353, #1037, #2275 ) ;
#1050 = LINE ( 'NONE', #360, #1937 ) ;
#1051 = STYLED_ITEM ( 'NONE', ( #2689 ), #178 ) ;
#1052 = EDGE_CURVE ( 'NONE', #445, #346, #3228, .T. ) ;
#1053 = VECTOR ( 'NONE', #546, 1000.000000000000114 ) ;
#1054 = ORIENTED_EDGE ( 'NONE', *, *, #3222, .F. ) ;
#1055 = DIRECTION ( 'NONE',  ( 0.000000000000000000, -1.000000000000000000, 0.000000000000000000 ) ) ;
#1056 = LINE ( 'NONE', #157, #2102 ) ;
#1057 = VECTOR ( 'NONE', #1758, 1000.000000000000000 ) ;
#1058 = ORIENTED_EDGE ( 'NONE', *, *, #2773, .F. ) ;
#1059 = DIRECTION ( 'NONE',  ( 0.000000000000000000, -1.000000000000000000, 0.000000000000000000 ) ) ;
#1060 = CARTESIAN_POINT ( 'NONE',  ( 0.4749999999999999778, 0.4500000000000000111, 0.9000000000000000222 ) ) ;
#1061 = FILL_AREA_STYLE ('',( #2550 ) ) ;
#1062 = UNCERTAINTY_MEASURE_WITH_UNIT (LENGTH_MEASURE( 1.000000000000000082E-05 ), #1123, 'distance_accuracy_value', 'NONE');
#1063 = ORIENTED_EDGE ( 'NONE', *, *, #3490, .T. ) ;
#1064 = DIRECTION ( 'NONE',  ( 1.000000000000000000, 0.000000000000000000, 0.000000000000000000 ) ) ;
#1065 = CARTESIAN_POINT ( 'NONE',  ( 0.4749999999999999778, 0.000000000000000000, -0.3250000000000000111 ) ) ;
#1066 = ORIENTED_EDGE ( 'NONE', *, *, #2891, .T. ) ;
#1067 = VERTEX_POINT ( 'NONE', #1744 ) ;
#1068 = DIRECTION ( 'NONE',  ( 0.000000000000000000, -1.000000000000000000, 0.000000000000000000 ) ) ;
#1069 = ADVANCED_FACE ( 'NONE', ( #2776 ), #2174, .F. ) ;
#1070 = VERTEX_POINT ( 'NONE', #672 ) ;
#1071 = DIRECTION ( 'NONE',  ( 1.814002085645769733E-16, 0.000000000000000000, -1.000000000000000000 ) ) ;
#1072 = CARTESIAN_POINT ( 'NONE',  ( 1.187500000000000000, 0.9000000000000000222, -1.000000000000000000 ) ) ;
#1073 = ADVANCED_FACE ( 'NONE', ( #3030 ), #3366, .F. ) ;
#1074 = VERTEX_POINT ( 'NONE', #964 ) ;
#1075 = CARTESIAN_POINT ( 'NONE',  ( -1.250000000000000000, 1.477740239554724111, -1.000000000000000000 ) ) ;
#1076 = CARTESIAN_POINT ( 'NONE',  ( -1.149999999999999911, 0.4500000000000000111, -0.8504032258064510019 ) ) ;
#1077 = ORIENTED_EDGE ( 'NONE', *, *, #2254, .T. ) ;
#1078 = LINE ( 'NONE', #3163, #1622 ) ;
#1079 = DIRECTION ( 'NONE',  ( 0.000000000000000000, 0.000000000000000000, 1.000000000000000000 ) ) ;
#1080 = ORIENTED_EDGE ( 'NONE', *, *, #2579, .T. ) ;
#1081 = ORIENTED_EDGE ( 'NONE', *, *, #1338, .T. ) ;
#1082 = LINE ( 'NONE', #3447, #1617 ) ;
#1083 = ADVANCED_FACE ( 'NONE', ( #3620 ), #3079, .T. ) ;
#1084 = LINE ( 'NONE', #804, #1536 ) ;
#1085 = DIRECTION ( 'NONE',  ( 0.000000000000000000, -1.000000000000000000, 0.000000000000000000 ) ) ;
#1086 = ORIENTED_EDGE ( 'NONE', *, *, #2379, .F. ) ;
#1087 = EDGE_CURVE ( 'NONE', #2255, #823, #3408, .T. ) ;
#1088 = DIRECTION ( 'NONE',  ( 0.000000000000000000, 0.000000000000000000, 1.000000000000000000 ) ) ;
#1089 = EDGE_CURVE ( 'NONE', #1590, #3569, #691, .T. ) ;
#1090 = FACE_OUTER_BOUND ( 'NONE', #3336, .T. ) ;
#1091 = VECTOR ( 'NONE', #1348, 1000.000000000000000 ) ;
#1092 = ORIENTED_EDGE ( 'NONE', *, *, #2336, .F. ) ;
#1093 = VECTOR ( 'NONE', #2279, 1000.000000000000000 ) ;
#1094 = DIRECTION ( 'NONE',  ( 0.000000000000000000, -1.000000000000000000, 0.000000000000000000 ) ) ;
#1095 = DIRECTION ( 'NONE',  ( 0.000000000000000000, -1.000000000000000000, 0.000000000000000000 ) ) ;
#1096 = DIRECTION ( 'NONE',  ( 1.000000000000000000, 0.000000000000000000, 0.000000000000000000 ) ) ;
#1097 = PRODUCT_DEFINITION_SHAPE ( 'NONE', 'NONE',  #231 ) ;
#1098 = DIRECTION ( 'NONE',  ( 0.000000000000000000, -1.000000000000000000, 0.000000000000000000 ) ) ;
#1099 = VECTOR ( 'NONE', #2574, 1000.000000000000000 ) ;
#1100 = ORIENTED_EDGE ( 'NONE', *, *, #3088, .T. ) ;
#1101 = ORIENTED_EDGE ( 'NONE', *, *, #2747, .F. ) ;
#1102 = VECTOR ( 'NONE', #1255, 1000.000000000000000 ) ;
#1103 = CARTESIAN_POINT ( 'NONE',  ( 1.149999999999999911, 1.477740239554724111, -0.3250000000000000111 ) ) ;
#1104 = VECTOR ( 'NONE', #1201, 1000.000000000000000 ) ;
#1105 = VECTOR ( 'NONE', #1779, 1000.000000000000000 ) ;
#1106 = AXIS2_PLACEMENT_3D ( 'NONE', #2456, #3650, #1875 ) ;
#1107 = CARTESIAN_POINT ( 'NONE',  ( -0.2000000000000000111, 0.8249999999999999556, -0.9375000000000000000 ) ) ;
#1108 = LINE ( 'NONE', #2597, #2059 ) ;
#1109 = LINE ( 'NONE', #2907, #1048 ) ;
#1110 = EDGE_LOOP ( 'NONE', ( #2370, #3, #3383, #121, #3547, #2647, #3433 ) ) ;
#1111 = ADVANCED_FACE ( 'NONE', ( #3639 ), #397, .T. ) ;
#1112 = AXIS2_PLACEMENT_3D ( 'NONE', #3331, #1270, #59 ) ;
#1113 = ORIENTED_EDGE ( 'NONE', *, *, #2844, .T. ) ;
#1114 = FACE_OUTER_BOUND ( 'NONE', #830, .T. ) ;
#1115 = AXIS2_PLACEMENT_3D ( 'NONE', #3573, #3303, #2335 ) ;
#1116 = CARTESIAN_POINT ( 'NONE',  ( 1.175000000000000044, 0.9000000000000000222, 0.8000000000000000444 ) ) ;
#1117 = DIRECTION ( 'NONE',  ( 0.000000000000000000, 0.000000000000000000, 1.000000000000000000 ) ) ;
#1118 = EDGE_CURVE ( 'NONE', #3633, #3122, #1284, .T. ) ;
#1119 = VECTOR ( 'NONE', #1497, 1000.000000000000000 ) ;
#1120 = VERTEX_POINT ( 'NONE', #1311 ) ;
#1121 = DIRECTION ( 'NONE',  ( 0.000000000000000000, 1.000000000000000000, 0.000000000000000000 ) ) ;
#1122 = CARTESIAN_POINT ( 'NONE',  ( 1.250000000000000000, 0.000000000000000000, 0.9375000000000000000 ) ) ;
#1123 =( LENGTH_UNIT ( ) NAMED_UNIT ( * ) SI_UNIT ( .MILLI., .METRE. ) );
#1124 = CARTESIAN_POINT ( 'NONE',  ( -1.175000000000000044, 0.9000000000000000222, -0.8000000000000000444 ) ) ;
#1125 = EDGE_CURVE ( 'NONE', #2750, #109, #2484, .T. ) ;
#1126 = ORIENTED_EDGE ( 'NONE', *, *, #2079, .T. ) ;
#1127 = ORIENTED_EDGE ( 'NONE', *, *, #1118, .F. ) ;
#1128 = DIRECTION ( 'NONE',  ( 0.000000000000000000, -1.000000000000000000, 0.000000000000000000 ) ) ;
#1129 = DIRECTION ( 'NONE',  ( 0.000000000000000000, -1.000000000000000000, 0.000000000000000000 ) ) ;
#1130 = CARTESIAN_POINT ( 'NONE',  ( 1.072685185185185963, 0.4500000000000000111, -0.9000000000000000222 ) ) ;
#1131 = CARTESIAN_POINT ( 'NONE',  ( -1.187500000000000000, 0.000000000000000000, 1.000000000000000000 ) ) ;
#1132 = ORIENTED_EDGE ( 'NONE', *, *, #1279, .F. ) ;
#1133 = ORIENTED_EDGE ( 'NONE', *, *, #2699, .F. ) ;
#1134 = CIRCLE ( 'NONE', #1008, 0.06250000000000005551 ) ;
#1135 = DIRECTION ( 'NONE',  ( 0.000000000000000000, -1.000000000000000000, 0.000000000000000000 ) ) ;
#1136 = CARTESIAN_POINT ( 'NONE',  ( 1.175000000000000044, 0.9000000000000000222, -0.8000000000000000444 ) ) ;
#1137 = ORIENTED_EDGE ( 'NONE', *, *, #2354, .F. ) ;
#1138 = DIRECTION ( 'NONE',  ( 0.000000000000000000, -1.000000000000000000, 0.000000000000000000 ) ) ;
#1139 = PRESENTATION_STYLE_ASSIGNMENT (( #3273 ) ) ;
#1140 = EDGE_CURVE ( 'NONE', #806, #1663, #992, .T. ) ;
#1141 = ORIENTED_EDGE ( 'NONE', *, *, #1314, .T. ) ;
#1142 = DIRECTION ( 'NONE',  ( 0.000000000000000000, -1.000000000000000000, 0.000000000000000000 ) ) ;
#1143 = ADVANCED_FACE ( 'NONE', ( #1543 ), #2504, .F. ) ;
#1144 = PLANE ( 'NONE',  #1787 ) ;
#1145 = LINE ( 'NONE', #3538, #279 ) ;
#1146 = VERTEX_POINT ( 'NONE', #1855 ) ;
#1147 = ORIENTED_EDGE ( 'NONE', *, *, #2790, .T. ) ;
#1148 = CARTESIAN_POINT ( 'NONE',  ( -1.250000000000000000, 0.4500000000000000111, 0.9375000000000000000 ) ) ;
#1149 = CARTESIAN_POINT ( 'NONE',  ( 0.4749999999999999778, 1.477740239554724111, 0.9000000000000000222 ) ) ;
#1150 = VERTEX_POINT ( 'NONE', #1010 ) ;
#1151 = CARTESIAN_POINT ( 'NONE',  ( -1.250000000000000000, -2.376562118716424976, 0.9375000000000000000 ) ) ;
#1152 = FILL_AREA_STYLE ('',( #276 ) ) ;
#1153 = SURFACE_STYLE_FILL_AREA ( #3274 ) ;
#1154 = SURFACE_STYLE_USAGE ( .BOTH. , #1493 ) ;
#1155 = EDGE_LOOP ( 'NONE', ( #1380, #3235, #2828, #1245 ) ) ;
#1156 = CIRCLE ( 'NONE', #1409, 0.06250000000000005551 ) ;
#1157 = EDGE_CURVE ( 'NONE', #724, #674, #1902, .T. ) ;
#1158 = CIRCLE ( 'NONE', #1469, 0.06250000000000005551 ) ;
#1159 = ORIENTED_EDGE ( 'NONE', *, *, #3564, .T. ) ;
#1160 = CYLINDRICAL_SURFACE ( 'NONE', #1420, 0.06250000000000005551 ) ;
#1161 = AXIS2_PLACEMENT_3D ( 'NONE', #432, #3026, #325 ) ;
#1162 = CARTESIAN_POINT ( 'NONE',  ( -0.4749999999999999778, 0.000000000000000000, 0.5250000000000000222 ) ) ;
#1163 = EDGE_CURVE ( 'NONE', #2218, #3066, #642, .T. ) ;
#1164 = ADVANCED_FACE ( 'NONE', ( #1519 ), #1224, .T. ) ;
#1165 = VECTOR ( 'NONE', #403, 1000.000000000000000 ) ;
#1166 = DIRECTION ( 'NONE',  ( 0.000000000000000000, -1.000000000000000000, 0.000000000000000000 ) ) ;
#1167 = FACE_OUTER_BOUND ( 'NONE', #296, .T. ) ;
#1168 = AXIS2_PLACEMENT_3D ( 'NONE', #376, #1325, #2215 ) ;
#1169 = CARTESIAN_POINT ( 'NONE',  ( -0.4749999999999999778, 0.000000000000000000, -0.3250000000000000111 ) ) ;
#1170 = VERTEX_POINT ( 'NONE', #624 ) ;
#1171 = EDGE_CURVE ( 'NONE', #3856, #12, #35, .T. ) ;
#1172 = PRESENTATION_LAYER_ASSIGNMENT (  '', '', ( #3238 ) ) ;
#1173 = ORIENTED_EDGE ( 'NONE', *, *, #1559, .T. ) ;
#1174 = CARTESIAN_POINT ( 'NONE',  ( 1.074999999999999956, 0.9000000000000000222, -0.9000000000000000222 ) ) ;
#1175 = DIRECTION ( 'NONE',  ( 0.000000000000000000, 0.000000000000000000, 1.000000000000000000 ) ) ;
#1176 = VECTOR ( 'NONE', #362, 1000.000000000000000 ) ;
#1177 = VERTEX_POINT ( 'NONE', #2444 ) ;
#1178 = CARTESIAN_POINT ( 'NONE',  ( -0.4749999999999999778, 0.000000000000000000, 0.5250000000000000222 ) ) ;
#1179 = AXIS2_PLACEMENT_3D ( 'NONE', #3685, #1289, #693 ) ;
#1180 = LINE ( 'NONE', #886, #1363 ) ;
#1181 =( NAMED_UNIT ( * ) SI_UNIT ( $, .STERADIAN. ) SOLID_ANGLE_UNIT ( ) );
#1182 = AXIS2_PLACEMENT_3D ( 'NONE', #2207, #3400, #23 ) ;
#1183 = ORIENTED_EDGE ( 'NONE', *, *, #3033, .F. ) ;
#1184 = ORIENTED_EDGE ( 'NONE', *, *, #503, .F. ) ;
#1185 = DIRECTION ( 'NONE',  ( 0.6567807448042017882, 0.000000000000000000, 0.7540815958863059665 ) ) ;
#1186 = DIRECTION ( 'NONE',  ( 0.000000000000000000, 0.000000000000000000, 1.000000000000000000 ) ) ;
#1187 = DIRECTION ( 'NONE',  ( 1.000000000000000000, 0.000000000000000000, 0.000000000000000000 ) ) ;
#1188 = CARTESIAN_POINT ( 'NONE',  ( 0.000000000000000000, 0.000000000000000000, -1.000000000000000000 ) ) ;
#1189 = CARTESIAN_POINT ( 'NONE',  ( 1.250000000000000000, 0.4500000000000000111, 0.9375000000000000000 ) ) ;
#1190 = DIRECTION ( 'NONE',  ( 0.000000000000000000, 0.000000000000000000, 1.000000000000000000 ) ) ;
#1191 = ADVANCED_FACE ( 'NONE', ( #1568 ), #2152, .T. ) ;
#1192 = ORIENTED_EDGE ( 'NONE', *, *, #3227, .F. ) ;
#1193 = VERTEX_POINT ( 'NONE', #1632 ) ;
#1194 = CARTESIAN_POINT ( 'NONE',  ( -1.149999999999999911, 1.477740239554724111, -0.3250000000000000111 ) ) ;
#1195 = EDGE_CURVE ( 'NONE', #3518, #1656, #417, .T. ) ;
#1196 = AXIS2_PLACEMENT_3D ( 'NONE', #3545, #865, #1175 ) ;
#1197 = ORIENTED_EDGE ( 'NONE', *, *, #1916, .T. ) ;
#1198 = FACE_OUTER_BOUND ( 'NONE', #1029, .T. ) ;
#1199 = ORIENTED_EDGE ( 'NONE', *, *, #799, .F. ) ;
#1200 = VERTEX_POINT ( 'NONE', #3132 ) ;
#1201 = DIRECTION ( 'NONE',  ( 0.000000000000000000, -1.000000000000000000, 0.000000000000000000 ) ) ;
#1202 = CARTESIAN_POINT ( 'NONE',  ( -1.072685185185183965, 0.4500000000000000111, -0.9000000000000000222 ) ) ;
#1203 = LINE ( 'NONE', #2442, #1291 ) ;
#1204 = DIRECTION ( 'NONE',  ( 0.000000000000000000, 1.000000000000000000, 0.000000000000000000 ) ) ;
#1205 = ORIENTED_EDGE ( 'NONE', *, *, #3015, .F. ) ;
#1206 = EDGE_CURVE ( 'NONE', #2068, #2073, #1644, .T. ) ;
#1207 = EDGE_LOOP ( 'NONE', ( #1426, #2421, #3044, #3597 ) ) ;
#1208 = DIRECTION ( 'NONE',  ( 0.000000000000000000, 0.000000000000000000, -1.000000000000000000 ) ) ;
#1209 = CARTESIAN_POINT ( 'NONE',  ( 1.187500000000000000, 1.477740239554724111, 1.000000000000000000 ) ) ;
#1210 = ADVANCED_FACE ( 'NONE', ( #3422 ), #2110, .T. ) ;
#1211 = EDGE_CURVE ( 'NONE', #2068, #1712, #2413, .T. ) ;
#1212 = ORIENTED_EDGE ( 'NONE', *, *, #1471, .T. ) ;
#1213 = LINE ( 'NONE', #316, #2109 ) ;
#1214 = LINE ( 'NONE', #2429, #29 ) ;
#1215 = EDGE_LOOP ( 'NONE', ( #3337, #1800, #1693, #639 ) ) ;
#1216 = ORIENTED_EDGE ( 'NONE', *, *, #2254, .F. ) ;
#1217 = DIRECTION ( 'NONE',  ( 1.000000000000000000, 0.000000000000000000, 0.000000000000000000 ) ) ;
#1218 = VECTOR ( 'NONE', #3686, 1000.000000000000000 ) ;
#1219 = VECTOR ( 'NONE', #2581, 1000.000000000000000 ) ;
#1220 = AXIS2_PLACEMENT_3D ( 'NONE', #1398, #3247, #2621 ) ;
#1221 = CARTESIAN_POINT ( 'NONE',  ( -1.187500000000000000, 0.8249999999999999556, 1.000000000000000000 ) ) ;
#1222 = CYLINDRICAL_SURFACE ( 'NONE', #1921, 0.06250000000000005551 ) ;
#1223 = AXIS2_PLACEMENT_3D ( 'NONE', #3334, #297, #3018 ) ;
#1224 = PLANE ( 'NONE',  #582 ) ;
#1225 = ORIENTED_EDGE ( 'NONE', *, *, #2516, .F. ) ;
#1226 = ORIENTED_EDGE ( 'NONE', *, *, #3825, .T. ) ;
#1227 = CIRCLE ( 'NONE', #2671, 0.06250000000000005551 ) ;
#1228 = CARTESIAN_POINT ( 'NONE',  ( -0.4749999999999999778, 0.4500000000000000111, 0.9000000000000000222 ) ) ;
#1229 = DIRECTION ( 'NONE',  ( 1.000000000000000000, 0.000000000000000000, 0.000000000000000000 ) ) ;
#1230 = AXIS2_PLACEMENT_3D ( 'NONE', #3863, #3220, #3553 ) ;
#1231 = FACE_OUTER_BOUND ( 'NONE', #86, .T. ) ;
#1232 = ORIENTED_EDGE ( 'NONE', *, *, #919, .F. ) ;
#1233 = DIRECTION ( 'NONE',  ( 0.000000000000000000, 1.000000000000000000, 0.000000000000000000 ) ) ;
#1234 = PLANE ( 'NONE',  #2619 ) ;
#1235 = VECTOR ( 'NONE', #238, 1000.000000000000000 ) ;
#1236 = EDGE_CURVE ( 'NONE', #154, #1700, #15, .T. ) ;
#1237 = ORIENTED_EDGE ( 'NONE', *, *, #1259, .F. ) ;
#1238 = VECTOR ( 'NONE', #1129, 1000.000000000000000 ) ;
#1239 = AXIS2_PLACEMENT_3D ( 'NONE', #1373, #3106, #3398 ) ;
#1240 = ORIENTED_EDGE ( 'NONE', *, *, #2790, .F. ) ;
#1241 = PLANE ( 'NONE',  #155 ) ;
#1242 = AXIS2_PLACEMENT_3D ( 'NONE', #2784, #3693, #1807 ) ;
#1243 = EDGE_CURVE ( 'NONE', #1150, #2349, #2662, .T. ) ;
#1244 = DIRECTION ( 'NONE',  ( -3.771137991253930052E-16, 0.000000000000000000, 1.000000000000000000 ) ) ;
#1245 = ORIENTED_EDGE ( 'NONE', *, *, #2890, .F. ) ;
#1246 = CARTESIAN_POINT ( 'NONE',  ( 1.187500000000000000, 0.4500000000000000111, -1.000000000000000000 ) ) ;
#1247 = LINE ( 'NONE', #2817, #2613 ) ;
#1248 = DIRECTION ( 'NONE',  ( -1.000000000000000000, 0.000000000000000000, 0.000000000000000000 ) ) ;
#1249 = CARTESIAN_POINT ( 'NONE',  ( -0.4749999999999999778, 0.000000000000000000, 0.9000000000000000222 ) ) ;
#1250 = ORIENTED_EDGE ( 'NONE', *, *, #3606, .T. ) ;
#1251 = EDGE_LOOP ( 'NONE', ( #3609, #1677, #2884, #1717, #2065, #573 ) ) ;
#1252 = DIRECTION ( 'NONE',  ( 0.000000000000000000, -1.000000000000000000, 0.000000000000000000 ) ) ;
#1253 = LINE ( 'NONE', #295, #82 ) ;
#1254 = ORIENTED_EDGE ( 'NONE', *, *, #858, .F. ) ;
#1255 = DIRECTION ( 'NONE',  ( 0.000000000000000000, -1.000000000000000000, 0.000000000000000000 ) ) ;
#1256 = DIRECTION ( 'NONE',  ( 0.000000000000000000, -1.000000000000000000, 0.000000000000000000 ) ) ;
#1257 = PLANE ( 'NONE',  #854 ) ;
#1258 = VERTEX_POINT ( 'NONE', #1539 ) ;
#1259 = EDGE_CURVE ( 'NONE', #880, #2143, #31, .T. ) ;
#1260 = FACE_OUTER_BOUND ( 'NONE', #180, .T. ) ;
#1261 = CARTESIAN_POINT ( 'NONE',  ( 0.000000000000000000, 0.9000000000000000222, 0.9375000000000000000 ) ) ;
#1262 = ORIENTED_EDGE ( 'NONE', *, *, #3888, .F. ) ;
#1263 = ADVANCED_FACE ( 'NONE', ( #3635 ), #943, .T. ) ;
#1264 = ADVANCED_FACE ( 'NONE', ( #111 ), #3712, .F. ) ;
#1265 = DIRECTION ( 'NONE',  ( -0.7071067811865480168, 0.000000000000000000, -0.7071067811865470176 ) ) ;
#1266 = LINE ( 'NONE', #3655, #2233 ) ;
#1267 = CARTESIAN_POINT ( 'NONE',  ( -1.149999999999999911, 1.477740239554724111, 0.3250000000000000111 ) ) ;
#1268 = CARTESIAN_POINT ( 'NONE',  ( 0.4749999999999999778, 0.4500000000000000111, 0.3250000000000000111 ) ) ;
#1269 = ORIENTED_EDGE ( 'NONE', *, *, #3757, .T. ) ;
#1270 = DIRECTION ( 'NONE',  ( 0.6567807448042017882, 0.000000000000000000, -0.7540815958863059665 ) ) ;
#1271 = PLANE ( 'NONE',  #1408 ) ;
#1272 = EDGE_LOOP ( 'NONE', ( #1598, #2640, #765, #333 ) ) ;
#1273 = DIRECTION ( 'NONE',  ( 0.000000000000000000, -1.000000000000000000, 0.000000000000000000 ) ) ;
#1274 = LINE ( 'NONE', #1595, #3057 ) ;
#1275 = FACE_BOUND ( 'NONE', #2639, .T. ) ;
#1276 = ORIENTED_EDGE ( 'NONE', *, *, #3774, .F. ) ;
#1277 = DIRECTION ( 'NONE',  ( 0.7540815958863068547, 0.000000000000000000, -0.6567807448042007890 ) ) ;
#1278 = DIRECTION ( 'NONE',  ( 0.000000000000000000, -1.000000000000000000, 0.000000000000000000 ) ) ;
#1279 = EDGE_CURVE ( 'NONE', #1378, #3266, #2170, .T. ) ;
#1280 = EDGE_LOOP ( 'NONE', ( #1226, #3150, #1489, #3210, #3229, #2234, #106 ) ) ;
#1281 = CARTESIAN_POINT ( 'NONE',  ( 0.2000000000000000111, 0.8249999999999999556, -1.000000000000000000 ) ) ;
#1282 = CARTESIAN_POINT ( 'NONE',  ( 1.187500000000000000, 1.477740239554724111, 1.000000000000000000 ) ) ;
#1283 = EDGE_CURVE ( 'NONE', #583, #2778, #197, .T. ) ;
#1284 = LINE ( 'NONE', #3391, #2166 ) ;
#1285 = LINE ( 'NONE', #2852, #1238 ) ;
#1286 = AXIS2_PLACEMENT_3D ( 'NONE', #247, #844, #3311 ) ;
#1287 = AXIS2_PLACEMENT_3D ( 'NONE', #2885, #2847, #2481 ) ;
#1288 = VERTEX_POINT ( 'NONE', #463 ) ;
#1289 = DIRECTION ( 'NONE',  ( 2.409338161078900167E-16, 0.000000000000000000, -1.000000000000000000 ) ) ;
#1290 = DIRECTION ( 'NONE',  ( 0.000000000000000000, -1.000000000000000000, 0.000000000000000000 ) ) ;
#1291 = VECTOR ( 'NONE', #808, 1000.000000000000000 ) ;
#1292 = EDGE_CURVE ( 'NONE', #2732, #507, #148, .T. ) ;
#1293 = CARTESIAN_POINT ( 'NONE',  ( 1.149999999999999911, 0.000000000000000000, -0.3250000000000000111 ) ) ;
#1294 = AXIS2_PLACEMENT_3D ( 'NONE', #2440, #1540, #3636 ) ;
#1295 = ORIENTED_EDGE ( 'NONE', *, *, #2837, .F. ) ;
#1296 = CARTESIAN_POINT ( 'NONE',  ( -1.250000000000000000, 0.9000000000000000222, 0.9375000000000000000 ) ) ;
#1297 = CARTESIAN_POINT ( 'NONE',  ( 1.187500000000000000, 0.9000000000000000222, 1.000000000000000000 ) ) ;
#1298 = VECTOR ( 'NONE', #2756, 1000.000000000000000 ) ;
#1299 = LINE ( 'NONE', #386, #3749 ) ;
#1300 = UNCERTAINTY_MEASURE_WITH_UNIT (LENGTH_MEASURE( 1.000000000000000082E-05 ), #2572, 'distance_accuracy_value', 'NONE');
#1301 = ORIENTED_EDGE ( 'NONE', *, *, #2979, .F. ) ;
#1302 = ORIENTED_EDGE ( 'NONE', *, *, #2231, .F. ) ;
#1303 = FACE_OUTER_BOUND ( 'NONE', #1207, .T. ) ;
#1304 = CARTESIAN_POINT ( 'NONE',  ( -1.250000000000000000, 0.9000000000000000222, -1.000000000000000000 ) ) ;
#1305 = AXIS2_PLACEMENT_3D ( 'NONE', #2326, #3521, #251 ) ;
#1306 = ORIENTED_EDGE ( 'NONE', *, *, #2132, .F. ) ;
#1307 = VECTOR ( 'NONE', #1484, 1000.000000000000000 ) ;
#1308 = STYLED_ITEM ( 'NONE', ( #2028 ), #133 ) ;
#1309 = LINE ( 'NONE', #395, #1298 ) ;
#1310 =( GEOMETRIC_REPRESENTATION_CONTEXT ( 3 ) GLOBAL_UNCERTAINTY_ASSIGNED_CONTEXT ( ( #1300 ) ) GLOBAL_UNIT_ASSIGNED_CONTEXT ( ( #2572, #3826, #2982 ) ) REPRESENTATION_CONTEXT ( 'NONE', 'WORKASPACE' ) );
#1311 = CARTESIAN_POINT ( 'NONE',  ( -1.250000000000000000, 0.8249999999999999556, 0.9375000000000000000 ) ) ;
#1312 = CARTESIAN_POINT ( 'NONE',  ( 0.2000000000000000111, -2.376562118716424976, 0.9375000000000000000 ) ) ;
#1313 = ORIENTED_EDGE ( 'NONE', *, *, #2336, .T. ) ;
#1314 = EDGE_CURVE ( 'NONE', #1745, #426, #512, .T. ) ;
#1315 = CARTESIAN_POINT ( 'NONE',  ( 0.4749999999999999778, 0.000000000000000000, 0.9000000000000000222 ) ) ;
#1316 = DIRECTION ( 'NONE',  ( 0.000000000000000000, 1.000000000000000000, 0.000000000000000000 ) ) ;
#1317 = ORIENTED_EDGE ( 'NONE', *, *, #3822, .T. ) ;
#1318 = EDGE_CURVE ( 'NONE', #1696, #1443, #2247, .T. ) ;
#1319 = PLANE ( 'NONE',  #1475 ) ;
#1320 = CARTESIAN_POINT ( 'NONE',  ( -1.074999999999999956, 0.9000000000000000222, 0.8000000000000000444 ) ) ;
#1321 = ORIENTED_EDGE ( 'NONE', *, *, #3896, .F. ) ;
#1322 = ORIENTED_EDGE ( 'NONE', *, *, #552, .F. ) ;
#1323 = FILL_AREA_STYLE ('',( #726 ) ) ;
#1324 = ORIENTED_EDGE ( 'NONE', *, *, #2842, .T. ) ;
#1325 = DIRECTION ( 'NONE',  ( -0.6567807448042017882, 0.000000000000000000, 0.7540815958863059665 ) ) ;
#1326 = DIRECTION ( 'NONE',  ( -1.000000000000000000, 0.000000000000000000, 0.000000000000000000 ) ) ;
#1327 = FACE_OUTER_BOUND ( 'NONE', #3849, .T. ) ;
#1328 = ORIENTED_EDGE ( 'NONE', *, *, #2802, .F. ) ;
#1329 = CARTESIAN_POINT ( 'NONE',  ( -1.149999999999999911, 1.477740239554724111, 0.3250000000000000111 ) ) ;
#1330 = DIRECTION ( 'NONE',  ( 0.000000000000000000, -1.000000000000000000, 0.000000000000000000 ) ) ;
#1331 = EDGE_CURVE ( 'NONE', #116, #3584, #1500, .T. ) ;
#1332 = CARTESIAN_POINT ( 'NONE',  ( -0.2625000000000000111, 0.9000000000000000222, 1.000000000000000000 ) ) ;
#1333 = ORIENTED_EDGE ( 'NONE', *, *, #2802, .T. ) ;
#1334 = LINE ( 'NONE', #3416, #520 ) ;
#1335 = FACE_OUTER_BOUND ( 'NONE', #1610, .T. ) ;
#1336 = EDGE_CURVE ( 'NONE', #2535, #701, #1203, .T. ) ;
#1337 = EDGE_LOOP ( 'NONE', ( #113, #1395, #1240, #88 ) ) ;
#1338 = EDGE_CURVE ( 'NONE', #2465, #527, #519, .T. ) ;
#1339 = ORIENTED_EDGE ( 'NONE', *, *, #165, .F. ) ;
#1340 = CARTESIAN_POINT ( 'NONE',  ( -0.2000000000000000111, 0.8249999999999999556, -1.000000000000000000 ) ) ;
#1341 = DIRECTION ( 'NONE',  ( 0.7540815958863057444, 0.000000000000000000, 0.6567807448042017882 ) ) ;
#1342 = EDGE_CURVE ( 'NONE', #2778, #1525, #3263, .T. ) ;
#1343 = EDGE_LOOP ( 'NONE', ( #3528, #685, #862, #3396 ) ) ;
#1344 = PLANE ( 'NONE',  #93 ) ;
#1345 = DIRECTION ( 'NONE',  ( 0.000000000000000000, -1.000000000000000000, 0.000000000000000000 ) ) ;
#1346 = ORIENTED_EDGE ( 'NONE', *, *, #2294, .T. ) ;
#1347 = LINE ( 'NONE', #2270, #3555 ) ;
#1348 = DIRECTION ( 'NONE',  ( 0.000000000000000000, -1.000000000000000000, 0.000000000000000000 ) ) ;
#1349 = VECTOR ( 'NONE', #39, 1000.000000000000000 ) ;
#1350 = EDGE_LOOP ( 'NONE', ( #824, #1012, #1322, #2446 ) ) ;
#1351 = CARTESIAN_POINT ( 'NONE',  ( 0.4749999999999999778, 0.000000000000000000, -0.3250000000000000111 ) ) ;
#1352 = VECTOR ( 'NONE', #2994, 1000.000000000000000 ) ;
#1353 = CARTESIAN_POINT ( 'NONE',  ( -1.250000000000000000, 0.4500000000000000111, 1.000000000000000000 ) ) ;
#1354 = VECTOR ( 'NONE', #561, 1000.000000000000000 ) ;
#1355 = VERTEX_POINT ( 'NONE', #1130 ) ;
#1356 = DIRECTION ( 'NONE',  ( 0.000000000000000000, -1.000000000000000000, 0.000000000000000000 ) ) ;
#1357 = LINE ( 'NONE', #2555, #2983 ) ;
#1358 = ADVANCED_FACE ( 'NONE', ( #2357 ), #3536, .T. ) ;
#1359 = CIRCLE ( 'NONE', #2050, 0.06250000000000005551 ) ;
#1360 = LINE ( 'NONE', #1414, #2041 ) ;
#1361 = VERTEX_POINT ( 'NONE', #264 ) ;
#1362 = APPLICATION_CONTEXT ( 'automotive_design' ) ;
#1363 = VECTOR ( 'NONE', #1436, 1000.000000000000000 ) ;
#1364 = LINE ( 'NONE', #746, #2298 ) ;
#1365 = EDGE_CURVE ( 'NONE', #2750, #2615, #2321, .T. ) ;
#1366 = AXIS2_PLACEMENT_3D ( 'NONE', #3852, #2000, #2950 ) ;
#1367 = ORIENTED_EDGE ( 'NONE', *, *, #2430, .T. ) ;
#1368 = PLANE ( 'NONE',  #852 ) ;
#1369 = LINE ( 'NONE', #2509, #3479 ) ;
#1370 = VECTOR ( 'NONE', #2789, 1000.000000000000000 ) ;
#1371 = VERTEX_POINT ( 'NONE', #2375 ) ;
#1372 = CARTESIAN_POINT ( 'NONE',  ( 1.187500000000000000, 0.4500000000000000111, 1.000000000000000000 ) ) ;
#1373 = CARTESIAN_POINT ( 'NONE',  ( 1.175000000000000044, 1.000000000000000000, 0.8000000000000000444 ) ) ;
#1374 = CARTESIAN_POINT ( 'NONE',  ( 1.250000000000000000, 1.477740239554724111, 1.000000000000000000 ) ) ;
#1375 = CARTESIAN_POINT ( 'NONE',  ( 0.2625000000000000111, 0.9000000000000000222, 1.000000000000000000 ) ) ;
#1376 = EDGE_LOOP ( 'NONE', ( #3762, #3173, #3136, #1038 ) ) ;
#1377 = CARTESIAN_POINT ( 'NONE',  ( 0.4749999999999999778, 0.4500000000000000111, -0.3250000000000000111 ) ) ;
#1378 = VERTEX_POINT ( 'NONE', #1107 ) ;
#1379 = EDGE_CURVE ( 'NONE', #1439, #445, #876, .T. ) ;
#1380 = ORIENTED_EDGE ( 'NONE', *, *, #3583, .F. ) ;
#1381 = DIRECTION ( 'NONE',  ( 0.000000000000000000, 0.000000000000000000, 1.000000000000000000 ) ) ;
#1382 = EDGE_CURVE ( 'NONE', #1443, #806, #489, .T. ) ;
#1383 = EDGE_CURVE ( 'NONE', #850, #3649, #2892, .T. ) ;
#1384 = EDGE_LOOP ( 'NONE', ( #801, #1870, #3625, #1532, #890, #3425, #558 ) ) ;
#1385 = DIRECTION ( 'NONE',  ( 0.000000000000000000, 0.000000000000000000, 1.000000000000000000 ) ) ;
#1386 = DIRECTION ( 'NONE',  ( 1.000000000000000000, 0.000000000000000000, 2.409338161078900167E-16 ) ) ;
#1387 = PLANE ( 'NONE',  #2290 ) ;
#1388 = VERTEX_POINT ( 'NONE', #3557 ) ;
#1389 = CARTESIAN_POINT ( 'NONE',  ( -1.149999999999999911, 0.000000000000000000, -0.3250000000000000111 ) ) ;
#1390 = CARTESIAN_POINT ( 'NONE',  ( 1.250000000000000000, 0.8249999999999999556, -0.9375000000000000000 ) ) ;
#1391 = VERTEX_POINT ( 'NONE', #3515 ) ;
#1392 = LINE ( 'NONE', #253, #1983 ) ;
#1393 = LINE ( 'NONE', #464, #2616 ) ;
#1394 = LINE ( 'NONE', #3182, #2477 ) ;
#1395 = ORIENTED_EDGE ( 'NONE', *, *, #1342, .F. ) ;
#1396 = DIRECTION ( 'NONE',  ( 1.000000000000000000, 0.000000000000000000, 0.000000000000000000 ) ) ;
#1397 = ADVANCED_FACE ( 'NONE', ( #3205 ), #1887, .F. ) ;
#1398 = CARTESIAN_POINT ( 'NONE',  ( -0.2000000000000000111, 0.2250000000000000056, -1.000000000000000000 ) ) ;
#1399 = DIRECTION ( 'NONE',  ( -1.000000000000000000, 0.000000000000000000, 0.000000000000000000 ) ) ;
#1400 = EDGE_CURVE ( 'NONE', #2584, #597, #2221, .T. ) ;
#1401 = ORIENTED_EDGE ( 'NONE', *, *, #3583, .T. ) ;
#1402 = DIRECTION ( 'NONE',  ( 0.000000000000000000, -1.000000000000000000, 0.000000000000000000 ) ) ;
#1403 = VERTEX_POINT ( 'NONE', #1332 ) ;
#1404 = DIRECTION ( 'NONE',  ( -0.6567807448042012330, 0.000000000000000000, -0.7540815958863064106 ) ) ;
#1405 = FACE_OUTER_BOUND ( 'NONE', #3260, .T. ) ;
#1406 = ADVANCED_FACE ( 'NONE', ( #2526 ), #3720, .T. ) ;
#1407 = DIRECTION ( 'NONE',  ( 0.000000000000000000, -1.000000000000000000, 0.000000000000000000 ) ) ;
#1408 = AXIS2_PLACEMENT_3D ( 'NONE', #2993, #2180, #3894 ) ;
#1409 = AXIS2_PLACEMENT_3D ( 'NONE', #40, #2492, #2449 ) ;
#1410 = ORIENTED_EDGE ( 'NONE', *, *, #1891, .T. ) ;
#1411 = VECTOR ( 'NONE', #1901, 1000.000000000000000 ) ;
#1412 = DIRECTION ( 'NONE',  ( -0.7540815958863057444, 0.000000000000000000, -0.6567807448042017882 ) ) ;
#1413 = SURFACE_STYLE_FILL_AREA ( #1152 ) ;
#1414 = CARTESIAN_POINT ( 'NONE',  ( 1.187500000000000000, 1.477740239554724111, -1.000000000000000000 ) ) ;
#1415 = VECTOR ( 'NONE', #1402, 1000.000000000000000 ) ;
#1416 = VERTEX_POINT ( 'NONE', #324 ) ;
#1417 = AXIS2_PLACEMENT_3D ( 'NONE', #2642, #3269, #3288 ) ;
#1418 = AXIS2_PLACEMENT_3D ( 'NONE', #1805, #275, #1273 ) ;
#1419 = PLANE ( 'NONE',  #1737 ) ;
#1420 = AXIS2_PLACEMENT_3D ( 'NONE', #1496, #544, #3261 ) ;
#1421 =( NAMED_UNIT ( * ) PLANE_ANGLE_UNIT ( ) SI_UNIT ( $, .RADIAN. ) );
#1422 = VECTOR ( 'NONE', #2297, 1000.000000000000000 ) ;
#1423 = DIRECTION ( 'NONE',  ( 0.000000000000000000, -1.000000000000000000, 0.000000000000000000 ) ) ;
#1424 = DIRECTION ( 'NONE',  ( 1.000000000000000000, 0.000000000000000000, 1.814002085645769733E-16 ) ) ;
#1425 = PLANE ( 'NONE',  #2399 ) ;
#1426 = ORIENTED_EDGE ( 'NONE', *, *, #1283, .F. ) ;
#1427 = VECTOR ( 'NONE', #343, 1000.000000000000000 ) ;
#1428 = EDGE_CURVE ( 'NONE', #1967, #2068, #52, .T. ) ;
#1429 = VERTEX_POINT ( 'NONE', #762 ) ;
#1430 = VECTOR ( 'NONE', #3112, 1000.000000000000000 ) ;
#1431 = CARTESIAN_POINT ( 'NONE',  ( 1.187500000000000000, 0.000000000000000000, 1.000000000000000000 ) ) ;
#1432 = CARTESIAN_POINT ( 'NONE',  ( 0.4749999999999999778, 0.000000000000000000, 0.3250000000000000111 ) ) ;
#1433 = EDGE_CURVE ( 'NONE', #219, #2922, #1579, .T. ) ;
#1434 = ORIENTED_EDGE ( 'NONE', *, *, #522, .F. ) ;
#1435 = CARTESIAN_POINT ( 'NONE',  ( 1.187500000000000000, 0.000000000000000000, 1.000000000000000000 ) ) ;
#1436 = DIRECTION ( 'NONE',  ( 0.7071067811865480168, 0.000000000000000000, 0.7071067811865470176 ) ) ;
#1437 = CARTESIAN_POINT ( 'NONE',  ( -1.074999999999999956, 1.000000000000000000, -0.8000000000000000444 ) ) ;
#1438 = VERTEX_POINT ( 'NONE', #3016 ) ;
#1439 = VERTEX_POINT ( 'NONE', #314 ) ;
#1440 = DIRECTION ( 'NONE',  ( 0.000000000000000000, 0.000000000000000000, -1.000000000000000000 ) ) ;
#1441 = LINE ( 'NONE', #2637, #1629 ) ;
#1442 = CARTESIAN_POINT ( 'NONE',  ( 0.2000000000000000111, -2.376562118716424976, 1.000000000000000000 ) ) ;
#1443 = VERTEX_POINT ( 'NONE', #2345 ) ;
#1444 = LINE ( 'NONE', #1116, #2053 ) ;
#1445 = LINE ( 'NONE', #567, #530 ) ;
#1446 = ADVANCED_FACE ( 'NONE', ( #1231 ), #1764, .F. ) ;
#1447 = UNCERTAINTY_MEASURE_WITH_UNIT (LENGTH_MEASURE( 1.000000000000000082E-05 ), #853, 'distance_accuracy_value', 'NONE');
#1448 = VERTEX_POINT ( 'NONE', #1881 ) ;
#1449 = CARTESIAN_POINT ( 'NONE',  ( -0.2625000000000000111, -2.376562118716424976, -1.000000000000000000 ) ) ;
#1450 = CARTESIAN_POINT ( 'NONE',  ( -0.4749999999999999778, 0.4500000000000000111, 0.5250000000000000222 ) ) ;
#1451 = EDGE_CURVE ( 'NONE', #1200, #1683, #979, .T. ) ;
#1452 = EDGE_CURVE ( 'NONE', #2229, #2255, #1492, .T. ) ;
#1453 = ORIENTED_EDGE ( 'NONE', *, *, #49, .T. ) ;
#1454 = ORIENTED_EDGE ( 'NONE', *, *, #1382, .T. ) ;
#1455 = CARTESIAN_POINT ( 'NONE',  ( -1.175000000000000044, 1.000000000000000000, 0.8000000000000000444 ) ) ;
#1456 = EDGE_CURVE ( 'NONE', #2262, #3000, #2688, .T. ) ;
#1457 = LINE ( 'NONE', #874, #358 ) ;
#1458 = CARTESIAN_POINT ( 'NONE',  ( 0.2000000000000000111, 0.2250000000000000056, -0.9375000000000000000 ) ) ;
#1459 = ORIENTED_EDGE ( 'NONE', *, *, #1025, .T. ) ;
#1460 = ORIENTED_EDGE ( 'NONE', *, *, #3582, .T. ) ;
#1461 = DIRECTION ( 'NONE',  ( 0.000000000000000000, 0.000000000000000000, 1.000000000000000000 ) ) ;
#1462 = LINE ( 'NONE', #1149, #3381 ) ;
#1463 = ORIENTED_EDGE ( 'NONE', *, *, #576, .F. ) ;
#1464 = DIRECTION ( 'NONE',  ( 1.000000000000000000, 0.000000000000000000, 0.000000000000000000 ) ) ;
#1465 = DIRECTION ( 'NONE',  ( 0.000000000000000000, 0.000000000000000000, 1.000000000000000000 ) ) ;
#1466 = FILL_AREA_STYLE_COLOUR ( '', #832 ) ;
#1467 = ORIENTED_EDGE ( 'NONE', *, *, #2669, .T. ) ;
#1468 = VECTOR ( 'NONE', #2525, 1000.000000000000000 ) ;
#1469 = AXIS2_PLACEMENT_3D ( 'NONE', #327, #2376, #3342 ) ;
#1470 = EDGE_LOOP ( 'NONE', ( #2369, #3393, #1086, #3628 ) ) ;
#1471 = EDGE_CURVE ( 'NONE', #3410, #658, #1511, .T. ) ;
#1472 = CARTESIAN_POINT ( 'NONE',  ( -1.187500000000000000, 1.477740239554724111, 1.000000000000000000 ) ) ;
#1473 = VECTOR ( 'NONE', #130, 1000.000000000000000 ) ;
#1474 = CARTESIAN_POINT ( 'NONE',  ( 1.250000000000000000, 0.000000000000000000, 0.000000000000000000 ) ) ;
#1475 = AXIS2_PLACEMENT_3D ( 'NONE', #2805, #1404, #2604 ) ;
#1476 = ADVANCED_FACE ( 'NONE', ( #3899 ), #21, .T. ) ;
#1477 = DIRECTION ( 'NONE',  ( 0.000000000000000000, -1.000000000000000000, 0.000000000000000000 ) ) ;
#1478 = CARTESIAN_POINT ( 'NONE',  ( -1.149999999999999911, 0.4500000000000000111, -0.3250000000000000111 ) ) ;
#1479 = DIRECTION ( 'NONE',  ( -1.000000000000000000, 0.000000000000000000, 0.000000000000000000 ) ) ;
#1480 = AXIS2_PLACEMENT_3D ( 'NONE', #185, #170, #1994 ) ;
#1481 = EDGE_LOOP ( 'NONE', ( #2300, #2977, #543, #2273, #1858, #1558, #3552, #743, #1401, #2331, #341, #69, #2035, #1819, #202, #3161 ) ) ;
#1482 = PRESENTATION_LAYER_ASSIGNMENT (  '', '', ( #985 ) ) ;
#1483 = ORIENTED_EDGE ( 'NONE', *, *, #747, .T. ) ;
#1484 = DIRECTION ( 'NONE',  ( 0.000000000000000000, 0.000000000000000000, 1.000000000000000000 ) ) ;
#1485 = CARTESIAN_POINT ( 'NONE',  ( 1.250000000000000000, 0.8249999999999999556, 0.9375000000000000000 ) ) ;
#1486 = VECTOR ( 'NONE', #3417, 1000.000000000000000 ) ;
#1487 = CARTESIAN_POINT ( 'NONE',  ( -0.4749999999999999778, 0.4500000000000000111, -0.3250000000000000111 ) ) ;
#1488 = VECTOR ( 'NONE', #3056, 1000.000000000000000 ) ;
#1489 = ORIENTED_EDGE ( 'NONE', *, *, #1813, .T. ) ;
#1490 = PLANE ( 'NONE',  #1927 ) ;
#1491 = CARTESIAN_POINT ( 'NONE',  ( -1.187500000000000000, 0.4500000000000000111, -1.000000000000000000 ) ) ;
#1492 = LINE ( 'NONE', #1529, #1673 ) ;
#1493 = SURFACE_SIDE_STYLE ('',( #3882 ) ) ;
#1494 = ORIENTED_EDGE ( 'NONE', *, *, #2579, .F. ) ;
#1495 = ORIENTED_EDGE ( 'NONE', *, *, #3873, .F. ) ;
#1496 = CARTESIAN_POINT ( 'NONE',  ( -1.250000000000000000, 0.9000000000000000222, 1.000000000000000000 ) ) ;
#1497 = DIRECTION ( 'NONE',  ( -1.000000000000000000, 1.355252715606880049E-16, 0.000000000000000000 ) ) ;
#1498 = EDGE_CURVE ( 'NONE', #2458, #2498, #3570, .T. ) ;
#1499 = CARTESIAN_POINT ( 'NONE',  ( -1.250000000000000000, 0.8249999999999999556, -1.000000000000000000 ) ) ;
#1500 = LINE ( 'NONE', #2090, #2405 ) ;
#1501 = DIRECTION ( 'NONE',  ( 0.000000000000000000, 1.000000000000000000, 0.000000000000000000 ) ) ;
#1502 = EDGE_CURVE ( 'NONE', #1614, #569, #2515, .T. ) ;
#1503 = EDGE_CURVE ( 'NONE', #2615, #329, #3209, .T. ) ;
#1504 = ORIENTED_EDGE ( 'NONE', *, *, #820, .T. ) ;
#1505 = ORIENTED_EDGE ( 'NONE', *, *, #1163, .F. ) ;
#1506 = CARTESIAN_POINT ( 'NONE',  ( 0.4749999999999999778, 0.000000000000000000, 0.3250000000000000111 ) ) ;
#1507 = FACE_OUTER_BOUND ( 'NONE', #2104, .T. ) ;
#1508 = ORIENTED_EDGE ( 'NONE', *, *, #994, .F. ) ;
#1509 = LINE ( 'NONE', #977, #2483 ) ;
#1510 = CARTESIAN_POINT ( 'NONE',  ( 1.072685185185183965, 0.000000000000000000, 0.9000000000000000222 ) ) ;
#1511 = LINE ( 'NONE', #2124, #2042 ) ;
#1512 = CARTESIAN_POINT ( 'NONE',  ( 1.187500000000000000, 0.8249999999999999556, -1.000000000000000000 ) ) ;
#1513 = ORIENTED_EDGE ( 'NONE', *, *, #1681, .T. ) ;
#1514 = VERTEX_POINT ( 'NONE', #1487 ) ;
#1515 = DIRECTION ( 'NONE',  ( 0.000000000000000000, 1.000000000000000000, 0.000000000000000000 ) ) ;
#1516 = SURFACE_SIDE_STYLE ('',( #304 ) ) ;
#1517 = CARTESIAN_POINT ( 'NONE',  ( -1.149999999999999911, 0.4500000000000000111, -0.3250000000000000111 ) ) ;
#1518 = DIRECTION ( 'NONE',  ( 1.000000000000000000, 0.000000000000000000, 0.000000000000000000 ) ) ;
#1519 = FACE_OUTER_BOUND ( 'NONE', #3464, .T. ) ;
#1520 = ORIENTED_EDGE ( 'NONE', *, *, #747, .F. ) ;
#1521 = ORIENTED_EDGE ( 'NONE', *, *, #1549, .T. ) ;
#1522 = EDGE_CURVE ( 'NONE', #3796, #1403, #3817, .T. ) ;
#1523 = CARTESIAN_POINT ( 'NONE',  ( -0.2625000000000000111, 0.8249999999999999556, -1.000000000000000000 ) ) ;
#1524 = DIRECTION ( 'NONE',  ( -0.7540815958863057444, 0.000000000000000000, -0.6567807448042017882 ) ) ;
#1525 = VERTEX_POINT ( 'NONE', #898 ) ;
#1526 = EDGE_CURVE ( 'NONE', #1584, #3157, #3618, .T. ) ;
#1527 = LINE ( 'NONE', #3604, #1102 ) ;
#1528 = PLANE ( 'NONE',  #1868 ) ;
#1529 = CARTESIAN_POINT ( 'NONE',  ( 0.2000000000000000111, 0.4500000000000000111, -0.9375000000000000000 ) ) ;
#1530 = DIRECTION ( 'NONE',  ( 0.000000000000000000, 1.000000000000000000, 0.000000000000000000 ) ) ;
#1531 = VERTEX_POINT ( 'NONE', #2408 ) ;
#1532 = ORIENTED_EDGE ( 'NONE', *, *, #3008, .T. ) ;
#1533 = CARTESIAN_POINT ( 'NONE',  ( 0.4749999999999999778, 1.477740239554724111, -0.3250000000000000111 ) ) ;
#1534 = VECTOR ( 'NONE', #524, 1000.000000000000000 ) ;
#1535 = DIRECTION ( 'NONE',  ( 1.000000000000000000, -1.355252715606880049E-16, 0.000000000000000000 ) ) ;
#1536 = VECTOR ( 'NONE', #504, 1000.000000000000000 ) ;
#1537 = EDGE_LOOP ( 'NONE', ( #2771, #2679, #3401, #1955 ) ) ;
#1538 = VECTOR ( 'NONE', #2439, 1000.000000000000000 ) ;
#1539 = CARTESIAN_POINT ( 'NONE',  ( 0.2625000000000000111, 0.8249999999999999556, 1.000000000000000000 ) ) ;
#1540 = DIRECTION ( 'NONE',  ( 0.000000000000000000, 0.000000000000000000, 1.000000000000000000 ) ) ;
#1541 = DIRECTION ( 'NONE',  ( 0.000000000000000000, -1.000000000000000000, 0.000000000000000000 ) ) ;
#1542 = VECTOR ( 'NONE', #2398, 1000.000000000000000 ) ;
#1543 = FACE_OUTER_BOUND ( 'NONE', #2785, .T. ) ;
#1544 = ORIENTED_EDGE ( 'NONE', *, *, #948, .F. ) ;
#1545 = ORIENTED_EDGE ( 'NONE', *, *, #2603, .T. ) ;
#1546 = AXIS2_PLACEMENT_3D ( 'NONE', #2302, #803, #2889 ) ;
#1547 = DIRECTION ( 'NONE',  ( 0.000000000000000000, 0.000000000000000000, -1.000000000000000000 ) ) ;
#1548 = CARTESIAN_POINT ( 'NONE',  ( 0.4749999999999999778, 0.000000000000000000, 0.9000000000000000222 ) ) ;
#1549 = EDGE_CURVE ( 'NONE', #956, #117, #2333, .T. ) ;
#1550 = MECHANICAL_DESIGN_GEOMETRIC_PRESENTATION_REPRESENTATION (  '', ( #3238 ), #349 ) ;
#1551 = DIRECTION ( 'NONE',  ( 0.000000000000000000, 0.000000000000000000, 1.000000000000000000 ) ) ;
#1552 = ORIENTED_EDGE ( 'NONE', *, *, #2183, .F. ) ;
#1553 = AXIS2_PLACEMENT_3D ( 'NONE', #2963, #1479, #2012 ) ;
#1554 = CARTESIAN_POINT ( 'NONE',  ( -1.187500000000000000, 0.000000000000000000, -1.000000000000000000 ) ) ;
#1555 = DIRECTION ( 'NONE',  ( 0.000000000000000000, 1.000000000000000000, 0.000000000000000000 ) ) ;
#1556 = CARTESIAN_POINT ( 'NONE',  ( 0.2625000000000000111, 0.9000000000000000222, 1.000000000000000000 ) ) ;
#1557 = ADVANCED_FACE ( 'NONE', ( #2260 ), #1387, .F. ) ;
#1558 = ORIENTED_EDGE ( 'NONE', *, *, #1336, .T. ) ;
#1559 = EDGE_CURVE ( 'NONE', #3569, #2956, #2066, .T. ) ;
#1560 = CIRCLE ( 'NONE', #2363, 0.1000000000000000472 ) ;
#1561 = ORIENTED_EDGE ( 'NONE', *, *, #647, .F. ) ;
#1562 = DIRECTION ( 'NONE',  ( -0.7540815958863059665, 0.000000000000000000, 0.6567807448042017882 ) ) ;
#1563 = CIRCLE ( 'NONE', #1115, 0.1000000000000000472 ) ;
#1564 = CARTESIAN_POINT ( 'NONE',  ( -0.2000000000000000111, 0.2250000000000000056, -0.9375000000000000000 ) ) ;
#1565 = EDGE_LOOP ( 'NONE', ( #164, #1552, #3506, #37 ) ) ;
#1566 = LINE ( 'NONE', #2774, #2918 ) ;
#1567 = FACE_OUTER_BOUND ( 'NONE', #1601, .T. ) ;
#1568 = FACE_OUTER_BOUND ( 'NONE', #3312, .T. ) ;
#1569 = DIRECTION ( 'NONE',  ( 1.885568995626964780E-16, 0.000000000000000000, -1.000000000000000000 ) ) ;
#1570 = ORIENTED_EDGE ( 'NONE', *, *, #2564, .F. ) ;
#1571 = FACE_OUTER_BOUND ( 'NONE', #2137, .T. ) ;
#1572 = CARTESIAN_POINT ( 'NONE',  ( -0.2625000000000000111, 0.8249999999999999556, -1.000000000000000000 ) ) ;
#1573 = ORIENTED_EDGE ( 'NONE', *, *, #1872, .F. ) ;
#1574 = CARTESIAN_POINT ( 'NONE',  ( -1.074999999999999956, 0.9000000000000000222, -0.9000000000000000222 ) ) ;
#1575 = DIRECTION ( 'NONE',  ( 0.000000000000000000, 0.000000000000000000, -1.000000000000000000 ) ) ;
#1576 = EDGE_CURVE ( 'NONE', #1371, #1403, #1392, .T. ) ;
#1577 = DIRECTION ( 'NONE',  ( 0.000000000000000000, -1.000000000000000000, 0.000000000000000000 ) ) ;
#1578 = ORIENTED_EDGE ( 'NONE', *, *, #1985, .F. ) ;
#1579 = LINE ( 'NONE', #1375, #1352 ) ;
#1580 = EDGE_LOOP ( 'NONE', ( #2943, #3566, #1798, #3671, #1333, #1460, #2854, #274, #2511, #1269, #3095, #2910, #2288, #1826, #1100, #2324 ) ) ;
#1581 = DIRECTION ( 'NONE',  ( 4.818676322157800333E-16, 1.000000000000000000, 0.000000000000000000 ) ) ;
#1582 = EDGE_CURVE ( 'NONE', #1975, #1756, #828, .T. ) ;
#1583 = LINE ( 'NONE', #3387, #3377 ) ;
#1584 = VERTEX_POINT ( 'NONE', #3835 ) ;
#1585 = FACE_OUTER_BOUND ( 'NONE', #3491, .T. ) ;
#1586 = EDGE_CURVE ( 'NONE', #3648, #2236, #3602, .T. ) ;
#1587 = LINE ( 'NONE', #72, #2538 ) ;
#1588 = DIRECTION ( 'NONE',  ( 0.000000000000000000, 0.000000000000000000, -1.000000000000000000 ) ) ;
#1589 = CARTESIAN_POINT ( 'NONE',  ( -1.149999999999999911, 0.4500000000000000111, -0.3250000000000000111 ) ) ;
#1590 = VERTEX_POINT ( 'NONE', #3257 ) ;
#1591 = CARTESIAN_POINT ( 'NONE',  ( -0.2625000000000000111, 0.9000000000000000222, -1.000000000000000000 ) ) ;
#1592 = PLANE ( 'NONE',  #894 ) ;
#1593 = ORIENTED_EDGE ( 'NONE', *, *, #2150, .F. ) ;
#1594 = CARTESIAN_POINT ( 'NONE',  ( 0.000000000000000000, 0.000000000000000000, -0.9375000000000000000 ) ) ;
#1595 = CARTESIAN_POINT ( 'NONE',  ( 0.2000000000000000111, 0.4500000000000000111, 0.9375000000000000000 ) ) ;
#1596 = CARTESIAN_POINT ( 'NONE',  ( 0.2000000000000000111, 0.000000000000000000, -0.9375000000000000000 ) ) ;
#1597 = ORIENTED_EDGE ( 'NONE', *, *, #1838, .F. ) ;
#1598 = ORIENTED_EDGE ( 'NONE', *, *, #3484, .T. ) ;
#1599 = CARTESIAN_POINT ( 'NONE',  ( 1.149999999999999911, 0.4500000000000000111, -0.3250000000000000111 ) ) ;
#1600 = LINE ( 'NONE', #3651, #1370 ) ;
#1601 = EDGE_LOOP ( 'NONE', ( #99, #2346, #476, #1850 ) ) ;
#1602 = EDGE_CURVE ( 'NONE', #1429, #806, #2002, .T. ) ;
#1603 = LINE ( 'NONE', #961, #3051 ) ;
#1604 = DIRECTION ( 'NONE',  ( 0.000000000000000000, 1.000000000000000000, 0.000000000000000000 ) ) ;
#1605 = DIRECTION ( 'NONE',  ( 0.000000000000000000, -1.000000000000000000, 0.000000000000000000 ) ) ;
#1606 = CARTESIAN_POINT ( 'NONE',  ( 0.2000000000000000111, 0.8249999999999999556, -0.9375000000000000000 ) ) ;
#1607 = ADVANCED_FACE ( 'NONE', ( #3781 ), #570, .T. ) ;
#1608 = VECTOR ( 'NONE', #401, 1000.000000000000000 ) ;
#1609 = VECTOR ( 'NONE', #465, 1000.000000000000000 ) ;
#1610 = EDGE_LOOP ( 'NONE', ( #1483, #226, #3468, #2587 ) ) ;
#1611 = DIRECTION ( 'NONE',  ( 0.6567807448042012330, 0.000000000000000000, 0.7540815958863064106 ) ) ;
#1612 = PLANE ( 'NONE',  #2851 ) ;
#1613 = AXIS2_PLACEMENT_3D ( 'NONE', #2021, #1095, #3216 ) ;
#1614 = VERTEX_POINT ( 'NONE', #3803 ) ;
#1615 = LINE ( 'NONE', #770, #210 ) ;
#1616 = FACE_OUTER_BOUND ( 'NONE', #2568, .T. ) ;
#1617 = VECTOR ( 'NONE', #3189, 1000.000000000000000 ) ;
#1618 = SURFACE_SIDE_STYLE ('',( #3456 ) ) ;
#1619 = ORIENTED_EDGE ( 'NONE', *, *, #442, .T. ) ;
#1620 = CIRCLE ( 'NONE', #3368, 0.06250000000000005551 ) ;
#1621 = ORIENTED_EDGE ( 'NONE', *, *, #3033, .T. ) ;
#1622 = VECTOR ( 'NONE', #3767, 1000.000000000000000 ) ;
#1623 = DIRECTION ( 'NONE',  ( 0.000000000000000000, 0.000000000000000000, -1.000000000000000000 ) ) ;
#1624 = VECTOR ( 'NONE', #3233, 1000.000000000000000 ) ;
#1625 = DIRECTION ( 'NONE',  ( 0.000000000000000000, 0.000000000000000000, 1.000000000000000000 ) ) ;
#1626 = MECHANICAL_DESIGN_GEOMETRIC_PRESENTATION_REPRESENTATION (  '', ( #1051 ), #3864 ) ;
#1627 = ORIENTED_EDGE ( 'NONE', *, *, #24, .F. ) ;
#1628 = AXIS2_PLACEMENT_3D ( 'NONE', #969, #2179, #2118 ) ;
#1629 = VECTOR ( 'NONE', #3244, 1000.000000000000000 ) ;
#1630 = DIRECTION ( 'NONE',  ( 1.000000000000000000, 0.000000000000000000, 0.000000000000000000 ) ) ;
#1631 = ADVANCED_FACE ( 'NONE', ( #2644 ), #555, .T. ) ;
#1632 = CARTESIAN_POINT ( 'NONE',  ( -1.187500000000000000, 0.9000000000000000222, -1.000000000000000000 ) ) ;
#1633 = VERTEX_POINT ( 'NONE', #1781 ) ;
#1634 = CARTESIAN_POINT ( 'NONE',  ( 0.2000000000000000111, 0.9000000000000000222, -0.9375000000000000000 ) ) ;
#1635 = EDGE_CURVE ( 'NONE', #1355, #3066, #2973, .T. ) ;
#1636 = CARTESIAN_POINT ( 'NONE',  ( 0.000000000000000000, 0.9000000000000000222, 1.000000000000000000 ) ) ;
#1637 = EDGE_CURVE ( 'NONE', #3571, #2657, #2328, .T. ) ;
#1638 = DIRECTION ( 'NONE',  ( -0.7540815958863064106, 0.000000000000000000, -0.6567807448042013441 ) ) ;
#1639 = ORIENTED_EDGE ( 'NONE', *, *, #2079, .F. ) ;
#1640 = CARTESIAN_POINT ( 'NONE',  ( -1.250000000000000000, 0.4500000000000000111, 1.000000000000000000 ) ) ;
#1641 = PLANE ( 'NONE',  #2865 ) ;
#1642 = EDGE_CURVE ( 'NONE', #3780, #2558, #3215, .T. ) ;
#1643 =( NAMED_UNIT ( * ) PLANE_ANGLE_UNIT ( ) SI_UNIT ( $, .RADIAN. ) );
#1644 = LINE ( 'NONE', #1794, #3292 ) ;
#1645 = ORIENTED_EDGE ( 'NONE', *, *, #2984, .T. ) ;
#1646 = ORIENTED_EDGE ( 'NONE', *, *, #1857, .F. ) ;
#1647 = DIRECTION ( 'NONE',  ( 0.000000000000000000, -1.000000000000000000, 0.000000000000000000 ) ) ;
#1648 = SURFACE_SIDE_STYLE ('',( #166 ) ) ;
#1649 = ORIENTED_EDGE ( 'NONE', *, *, #1118, .T. ) ;
#1650 = DIRECTION ( 'NONE',  ( 0.000000000000000000, 0.000000000000000000, -1.000000000000000000 ) ) ;
#1651 = CARTESIAN_POINT ( 'NONE',  ( -0.2000000000000000111, 0.9000000000000000222, 0.9375000000000000000 ) ) ;
#1652 = ORIENTED_EDGE ( 'NONE', *, *, #3302, .T. ) ;
#1653 = DIRECTION ( 'NONE',  ( 0.000000000000000000, -1.000000000000000000, 0.000000000000000000 ) ) ;
#1654 = DIRECTION ( 'NONE',  ( 0.000000000000000000, 0.000000000000000000, 1.000000000000000000 ) ) ;
#1655 = ADVANCED_FACE ( 'NONE', ( #2368 ), #2898, .T. ) ;
#1656 = VERTEX_POINT ( 'NONE', #496 ) ;
#1657 = PLANE ( 'NONE',  #2609 ) ;
#1658 = DIRECTION ( 'NONE',  ( 0.000000000000000000, -1.000000000000000000, 0.000000000000000000 ) ) ;
#1659 = VERTEX_POINT ( 'NONE', #3857 ) ;
#1660 = EDGE_CURVE ( 'NONE', #319, #3438, #1754, .T. ) ;
#1661 = ORIENTED_EDGE ( 'NONE', *, *, #3253, .T. ) ;
#1662 = CARTESIAN_POINT ( 'NONE',  ( -0.2000000000000000111, 0.8249999999999999556, 0.9375000000000000000 ) ) ;
#1663 = VERTEX_POINT ( 'NONE', #3567 ) ;
#1664 = ORIENTED_EDGE ( 'NONE', *, *, #753, .F. ) ;
#1665 = CARTESIAN_POINT ( 'NONE',  ( 1.250000000000000000, 0.4500000000000000111, -1.000000000000000000 ) ) ;
#1666 = ORIENTED_EDGE ( 'NONE', *, *, #188, .F. ) ;
#1667 = CARTESIAN_POINT ( 'NONE',  ( 1.149999999999999911, 0.000000000000000000, 0.8504032258064520011 ) ) ;
#1668 = LINE ( 'NONE', #2582, #2599 ) ;
#1669 = VECTOR ( 'NONE', #2034, 1000.000000000000114 ) ;
#1670 = VECTOR ( 'NONE', #3007, 1000.000000000000000 ) ;
#1671 = ORIENTED_EDGE ( 'NONE', *, *, #2753, .F. ) ;
#1672 = CARTESIAN_POINT ( 'NONE',  ( -0.4749999999999999778, 0.4500000000000000111, 0.9000000000000000222 ) ) ;
#1673 = VECTOR ( 'NONE', #2998, 1000.000000000000000 ) ;
#1674 = DIRECTION ( 'NONE',  ( 0.000000000000000000, 0.000000000000000000, -1.000000000000000000 ) ) ;
#1675 = EDGE_CURVE ( 'NONE', #3000, #1448, #1713, .T. ) ;
#1676 = VECTOR ( 'NONE', #1233, 1000.000000000000000 ) ;
#1677 = ORIENTED_EDGE ( 'NONE', *, *, #1283, .T. ) ;
#1678 = FACE_OUTER_BOUND ( 'NONE', #232, .T. ) ;
#1679 = VECTOR ( 'NONE', #783, 1000.000000000000000 ) ;
#1680 = DIRECTION ( 'NONE',  ( 1.000000000000000000, 0.000000000000000000, 0.000000000000000000 ) ) ;
#1681 = EDGE_CURVE ( 'NONE', #3151, #2909, #196, .T. ) ;
#1682 = EDGE_CURVE ( 'NONE', #3813, #3418, #2347, .T. ) ;
#1683 = VERTEX_POINT ( 'NONE', #2916 ) ;
#1684 = AXIS2_PLACEMENT_3D ( 'NONE', #223, #556, #571 ) ;
#1685 = CARTESIAN_POINT ( 'NONE',  ( 0.000000000000000000, 0.9000000000000000222, -1.000000000000000000 ) ) ;
#1686 = CIRCLE ( 'NONE', #3743, 0.06250000000000005551 ) ;
#1687 = VECTOR ( 'NONE', #2539, 1000.000000000000000 ) ;
#1688 = VECTOR ( 'NONE', #2822, 1000.000000000000000 ) ;
#1689 = ORIENTED_EDGE ( 'NONE', *, *, #2055, .F. ) ;
#1690 = CARTESIAN_POINT ( 'NONE',  ( 0.4749999999999999778, 0.4500000000000000111, -0.3250000000000000111 ) ) ;
#1691 = PLANE ( 'NONE',  #404 ) ;
#1692 = VECTOR ( 'NONE', #1278, 1000.000000000000000 ) ;
#1693 = ORIENTED_EDGE ( 'NONE', *, *, #2891, .F. ) ;
#1694 = CARTESIAN_POINT ( 'NONE',  ( -1.250000000000000000, 0.4500000000000000111, 1.000000000000000000 ) ) ;
#1695 = DIRECTION ( 'NONE',  ( 1.000000000000000000, 0.000000000000000000, 2.282530889443165050E-16 ) ) ;
#1696 = VERTEX_POINT ( 'NONE', #2632 ) ;
#1697 = EDGE_CURVE ( 'NONE', #701, #3371, #3819, .T. ) ;
#1698 = LINE ( 'NONE', #744, #3740 ) ;
#1699 = LINE ( 'NONE', #3768, #2661 ) ;
#1700 = VERTEX_POINT ( 'NONE', #1574 ) ;
#1701 = EDGE_LOOP ( 'NONE', ( #3589, #3839, #3139, #1593 ) ) ;
#1702 = EDGE_CURVE ( 'NONE', #3285, #597, #654, .T. ) ;
#1703 = DIRECTION ( 'NONE',  ( 1.000000000000000000, 0.000000000000000000, 0.000000000000000000 ) ) ;
#1704 = EDGE_CURVE ( 'NONE', #3644, #952, #933, .T. ) ;
#1705 = DIRECTION ( 'NONE',  ( 0.000000000000000000, 0.000000000000000000, 1.000000000000000000 ) ) ;
#1706 = LINE ( 'NONE', #1759, #1033 ) ;
#1707 = DIRECTION ( 'NONE',  ( 0.000000000000000000, -1.000000000000000000, 0.000000000000000000 ) ) ;
#1708 = CARTESIAN_POINT ( 'NONE',  ( -0.2000000000000000111, 0.4500000000000000111, 0.9375000000000000000 ) ) ;
#1709 = EDGE_LOOP ( 'NONE', ( #3271, #2715, #754, #3875 ) ) ;
#1710 = LINE ( 'NONE', #3487, #17 ) ;
#1711 = DIRECTION ( 'NONE',  ( 0.000000000000000000, -1.000000000000000000, 0.000000000000000000 ) ) ;
#1712 = VERTEX_POINT ( 'NONE', #1554 ) ;
#1713 = LINE ( 'NONE', #869, #2293 ) ;
#1714 = DIRECTION ( 'NONE',  ( 0.000000000000000000, 0.000000000000000000, 1.000000000000000000 ) ) ;
#1715 = LINE ( 'NONE', #3364, #1093 ) ;
#1716 = PRODUCT_RELATED_PRODUCT_CATEGORY ( 'part', '', ( #748 ) ) ;
#1717 = ORIENTED_EDGE ( 'NONE', *, *, #312, .T. ) ;
#1718 = PLANE ( 'NONE',  #3855 ) ;
#1719 = ADVANCED_FACE ( 'NONE', ( #2428 ), #3352, .T. ) ;
#1720 = DIRECTION ( 'NONE',  ( 0.000000000000000000, -1.000000000000000000, 0.000000000000000000 ) ) ;
#1721 = EDGE_CURVE ( 'NONE', #850, #2458, #42, .T. ) ;
#1722 = ORIENTED_EDGE ( 'NONE', *, *, #2128, .T. ) ;
#1723 = ORIENTED_EDGE ( 'NONE', *, *, #3800, .F. ) ;
#1724 = PLANE ( 'NONE',  #1366 ) ;
#1725 = CARTESIAN_POINT ( 'NONE',  ( 0.2000000000000000111, 0.4500000000000000111, -1.000000000000000000 ) ) ;
#1726 = VECTOR ( 'NONE', #3284, 1000.000000000000114 ) ;
#1727 = AXIS2_PLACEMENT_3D ( 'NONE', #1340, #3729, #2554 ) ;
#1728 = ORIENTED_EDGE ( 'NONE', *, *, #1635, .T. ) ;
#1729 = MECHANICAL_DESIGN_GEOMETRIC_PRESENTATION_REPRESENTATION (  '', ( #1980 ), #337 ) ;
#1730 = DIRECTION ( 'NONE',  ( 0.000000000000000000, 0.000000000000000000, 1.000000000000000000 ) ) ;
#1731 = CARTESIAN_POINT ( 'NONE',  ( 1.250000000000000000, 0.9000000000000000222, 0.9375000000000000000 ) ) ;
#1732 = CARTESIAN_POINT ( 'NONE',  ( 1.074999999999999956, 1.000000000000000000, -0.8000000000000000444 ) ) ;
#1733 = AXIS2_PLACEMENT_3D ( 'NONE', #1594, #2782, #81 ) ;
#1734 = FACE_OUTER_BOUND ( 'NONE', #2706, .T. ) ;
#1735 = ORIENTED_EDGE ( 'NONE', *, *, #2029, .F. ) ;
#1736 = ORIENTED_EDGE ( 'NONE', *, *, #3710, .F. ) ;
#1737 = AXIS2_PLACEMENT_3D ( 'NONE', #2578, #3770, #1027 ) ;
#1738 = CARTESIAN_POINT ( 'NONE',  ( -1.250000000000000000, -2.376562118716424976, -0.9375000000000000000 ) ) ;
#1739 =( NAMED_UNIT ( * ) PLANE_ANGLE_UNIT ( ) SI_UNIT ( $, .RADIAN. ) );
#1740 = ADVANCED_FACE ( 'NONE', ( #885 ), #1490, .F. ) ;
#1741 = CIRCLE ( 'NONE', #2549, 0.06250000000000005551 ) ;
#1742 = LINE ( 'NONE', #859, #645 ) ;
#1743 = AXIS2_PLACEMENT_3D ( 'NONE', #450, #153, #3756 ) ;
#1744 = CARTESIAN_POINT ( 'NONE',  ( 1.149999999999999911, 0.4500000000000000111, 0.8504032258064520011 ) ) ;
#1745 = VERTEX_POINT ( 'NONE', #2764 ) ;
#1746 = VECTOR ( 'NONE', #1984, 1000.000000000000000 ) ;
#1747 = EDGE_LOOP ( 'NONE', ( #554, #1250, #884, #907 ) ) ;
#1748 = EDGE_CURVE ( 'NONE', #3550, #1910, #1509, .T. ) ;
#1749 = ADVANCED_FACE ( 'NONE', ( #3664 ), #3626, .F. ) ;
#1750 = DIRECTION ( 'NONE',  ( 0.000000000000000000, 0.000000000000000000, -1.000000000000000000 ) ) ;
#1751 = CARTESIAN_POINT ( 'NONE',  ( -0.2000000000000000111, 0.8249999999999999556, 0.9375000000000000000 ) ) ;
#1752 = ORIENTED_EDGE ( 'NONE', *, *, #2714, .T. ) ;
#1753 = EDGE_CURVE ( 'NONE', #3622, #952, #411, .T. ) ;
#1754 = LINE ( 'NONE', #1178, #3359 ) ;
#1755 = LINE ( 'NONE', #1122, #2921 ) ;
#1756 = VERTEX_POINT ( 'NONE', #3897 ) ;
#1757 = CARTESIAN_POINT ( 'NONE',  ( -0.4749999999999999778, 0.000000000000000000, -0.9000000000000000222 ) ) ;
#1758 = DIRECTION ( 'NONE',  ( 0.000000000000000000, 0.000000000000000000, -1.000000000000000000 ) ) ;
#1759 = CARTESIAN_POINT ( 'NONE',  ( -0.9000000000000000222, 0.9749999999999999778, 0.7249999999999999778 ) ) ;
#1760 = ORIENTED_EDGE ( 'NONE', *, *, #2821, .T. ) ;
#1761 = ORIENTED_EDGE ( 'NONE', *, *, #757, .F. ) ;
#1762 = DIRECTION ( 'NONE',  ( 0.000000000000000000, -1.000000000000000000, 0.000000000000000000 ) ) ;
#1763 = EDGE_CURVE ( 'NONE', #1822, #9, #365, .T. ) ;
#1764 = PLANE ( 'NONE',  #408 ) ;
#1765 = EDGE_LOOP ( 'NONE', ( #3153, #369, #1199, #879 ) ) ;
#1766 = CARTESIAN_POINT ( 'NONE',  ( -1.187500000000000000, 0.8249999999999999556, 1.000000000000000000 ) ) ;
#1767 = LINE ( 'NONE', #3836, #1235 ) ;
#1768 = EDGE_CURVE ( 'NONE', #3017, #2584, #1213, .T. ) ;
#1769 = ORIENTED_EDGE ( 'NONE', *, *, #2177, .T. ) ;
#1770 = ORIENTED_EDGE ( 'NONE', *, *, #1681, .F. ) ;
#1771 = CARTESIAN_POINT ( 'NONE',  ( 0.2625000000000000111, 0.8249999999999999556, 1.000000000000000000 ) ) ;
#1772 = SURFACE_STYLE_USAGE ( .BOTH. , #1516 ) ;
#1773 = DIRECTION ( 'NONE',  ( -1.000000000000000000, 0.000000000000000000, -2.409338161078900167E-16 ) ) ;
#1774 = DIRECTION ( 'NONE',  ( 0.000000000000000000, 0.000000000000000000, 1.000000000000000000 ) ) ;
#1775 = CARTESIAN_POINT ( 'NONE',  ( -0.9000000000000000222, 1.000000000000000000, 0.4749999999999999778 ) ) ;
#1776 = ORIENTED_EDGE ( 'NONE', *, *, #3708, .T. ) ;
#1777 = ORIENTED_EDGE ( 'NONE', *, *, #412, .T. ) ;
#1778 = CARTESIAN_POINT ( 'NONE',  ( -1.250000000000000000, 0.4500000000000000111, -0.9375000000000000000 ) ) ;
#1779 = DIRECTION ( 'NONE',  ( 0.000000000000000000, 1.000000000000000000, 0.000000000000000000 ) ) ;
#1780 = ORIENTED_EDGE ( 'NONE', *, *, #799, .T. ) ;
#1781 = CARTESIAN_POINT ( 'NONE',  ( -1.250000000000000000, 0.4500000000000000111, 0.9375000000000000000 ) ) ;
#1782 =( NAMED_UNIT ( * ) SI_UNIT ( $, .STERADIAN. ) SOLID_ANGLE_UNIT ( ) );
#1783 = EDGE_CURVE ( 'NONE', #1659, #3285, #1527, .T. ) ;
#1784 = CARTESIAN_POINT ( 'NONE',  ( -0.2000000000000000111, -2.376562118716424976, 0.9375000000000000000 ) ) ;
#1785 = ORIENTED_EDGE ( 'NONE', *, *, #623, .F. ) ;
#1786 = VECTOR ( 'NONE', #3599, 1000.000000000000000 ) ;
#1787 = AXIS2_PLACEMENT_3D ( 'NONE', #1690, #1996, #3537 ) ;
#1788 = ORIENTED_EDGE ( 'NONE', *, *, #522, .T. ) ;
#1789 = DIRECTION ( 'NONE',  ( -1.000000000000000000, 0.000000000000000000, -1.814002085645769733E-16 ) ) ;
#1790 = ADVANCED_FACE ( 'NONE', ( #3645 ), #908, .F. ) ;
#1791 = ADVANCED_FACE ( 'NONE', ( #953 ), #2721, .F. ) ;
#1792 = VECTOR ( 'NONE', #1972, 1000.000000000000000 ) ;
#1793 = VECTOR ( 'NONE', #1412, 1000.000000000000114 ) ;
#1794 = CARTESIAN_POINT ( 'NONE',  ( -1.187500000000000000, 0.4500000000000000111, -1.000000000000000000 ) ) ;
#1795 = FACE_OUTER_BOUND ( 'NONE', #1155, .T. ) ;
#1796 = CYLINDRICAL_SURFACE ( 'NONE', #2103, 0.06250000000000005551 ) ;
#1797 = VECTOR ( 'NONE', #3077, 1000.000000000000114 ) ;
#1798 = ORIENTED_EDGE ( 'NONE', *, *, #2464, .T. ) ;
#1799 = AXIS2_PLACEMENT_3D ( 'NONE', #1732, #2329, #2067 ) ;
#1800 = ORIENTED_EDGE ( 'NONE', *, *, #2374, .F. ) ;
#1801 = DIRECTION ( 'NONE',  ( 0.000000000000000000, -1.000000000000000000, 0.000000000000000000 ) ) ;
#1802 = LINE ( 'NONE', #3624, #2537 ) ;
#1803 = VECTOR ( 'NONE', #2997, 1000.000000000000114 ) ;
#1804 = ORIENTED_EDGE ( 'NONE', *, *, #3038, .F. ) ;
#1805 = CARTESIAN_POINT ( 'NONE',  ( 0.000000000000000000, 0.9000000000000000222, 0.9375000000000000000 ) ) ;
#1806 = DIRECTION ( 'NONE',  ( 0.000000000000000000, 0.000000000000000000, 1.000000000000000000 ) ) ;
#1807 = DIRECTION ( 'NONE',  ( 0.000000000000000000, -1.000000000000000000, 0.000000000000000000 ) ) ;
#1808 = VERTEX_POINT ( 'NONE', #2123 ) ;
#1809 = ADVANCED_FACE ( 'NONE', ( #2469 ), #3379, .F. ) ;
#1810 = ORIENTED_EDGE ( 'NONE', *, *, #1433, .F. ) ;
#1811 = CARTESIAN_POINT ( 'NONE',  ( -0.2000000000000000111, 0.4500000000000000111, 0.9375000000000000000 ) ) ;
#1812 = FACE_OUTER_BOUND ( 'NONE', #2097, .T. ) ;
#1813 = EDGE_CURVE ( 'NONE', #3066, #1170, #679, .T. ) ;
#1814 = CARTESIAN_POINT ( 'NONE',  ( 0.2625000000000000111, 0.000000000000000000, -1.000000000000000000 ) ) ;
#1815 = DIRECTION ( 'NONE',  ( 0.000000000000000000, 0.000000000000000000, 1.000000000000000000 ) ) ;
#1816 = CARTESIAN_POINT ( 'NONE',  ( -1.187500000000000000, 0.4500000000000000111, 1.000000000000000000 ) ) ;
#1817 = ORIENTED_EDGE ( 'NONE', *, *, #207, .T. ) ;
#1818 = ADVANCED_FACE ( 'NONE', ( #1198 ), #3454, .F. ) ;
#1819 = ORIENTED_EDGE ( 'NONE', *, *, #698, .T. ) ;
#1820 = DIRECTION ( 'NONE',  ( 0.000000000000000000, 0.000000000000000000, 1.000000000000000000 ) ) ;
#1821 = LINE ( 'NONE', #313, #966 ) ;
#1822 = VERTEX_POINT ( 'NONE', #2860 ) ;
#1823 = DIRECTION ( 'NONE',  ( 0.000000000000000000, 0.000000000000000000, -1.000000000000000000 ) ) ;
#1824 = LINE ( 'NONE', #317, #2250 ) ;
#1825 = FACE_OUTER_BOUND ( 'NONE', #2014, .T. ) ;
#1826 = ORIENTED_EDGE ( 'NONE', *, *, #308, .T. ) ;
#1827 = ORIENTED_EDGE ( 'NONE', *, *, #800, .F. ) ;
#1828 = DIRECTION ( 'NONE',  ( 0.7540815958863068547, 0.000000000000000000, 0.6567807448042007890 ) ) ;
#1829 = CARTESIAN_POINT ( 'NONE',  ( -1.149999999999999911, 1.477740239554724111, -0.8504032258064510019 ) ) ;
#1830 = ORIENTED_EDGE ( 'NONE', *, *, #214, .F. ) ;
#1831 = DIRECTION ( 'NONE',  ( -1.814002085645769733E-16, 0.000000000000000000, 1.000000000000000000 ) ) ;
#1832 = CARTESIAN_POINT ( 'NONE',  ( 0.2000000000000000111, 0.9000000000000000222, 0.9375000000000000000 ) ) ;
#1833 = EDGE_CURVE ( 'NONE', #1177, #1878, #1334, .T. ) ;
#1834 = DIRECTION ( 'NONE',  ( 0.000000000000000000, -1.000000000000000000, 0.000000000000000000 ) ) ;
#1835 = ORIENTED_EDGE ( 'NONE', *, *, #2441, .F. ) ;
#1836 = VERTEX_POINT ( 'NONE', #1372 ) ;
#1837 = DIRECTION ( 'NONE',  ( 0.000000000000000000, -1.000000000000000000, 0.000000000000000000 ) ) ;
#1838 = EDGE_CURVE ( 'NONE', #3266, #957, #3086, .T. ) ;
#1839 = DIRECTION ( 'NONE',  ( 0.000000000000000000, 1.000000000000000000, 0.000000000000000000 ) ) ;
#1840 = ORIENTED_EDGE ( 'NONE', *, *, #2320, .F. ) ;
#1841 = DIRECTION ( 'NONE',  ( -3.771137991253930052E-16, 0.000000000000000000, 1.000000000000000000 ) ) ;
#1842 = CARTESIAN_POINT ( 'NONE',  ( -0.2000000000000000111, 0.8249999999999999556, 1.000000000000000000 ) ) ;
#1843 = CARTESIAN_POINT ( 'NONE',  ( -1.074999999999999956, 0.9000000000000000222, 0.9000000000000000222 ) ) ;
#1844 = ORIENTED_EDGE ( 'NONE', *, *, #1456, .F. ) ;
#1845 = VERTEX_POINT ( 'NONE', #718 ) ;
#1846 = LINE ( 'NONE', #2474, #1935 ) ;
#1847 = AXIS2_PLACEMENT_3D ( 'NONE', #1636, #119, #1330 ) ;
#1848 = CARTESIAN_POINT ( 'NONE',  ( -0.2000000000000000111, 0.8249999999999999556, 0.9375000000000000000 ) ) ;
#1849 = VECTOR ( 'NONE', #1423, 1000.000000000000000 ) ;
#1850 = ORIENTED_EDGE ( 'NONE', *, *, #3822, .F. ) ;
#1851 = AXIS2_PLACEMENT_3D ( 'NONE', #630, #3036, #1551 ) ;
#1852 = CARTESIAN_POINT ( 'NONE',  ( -0.4749999999999999778, 1.477740239554724111, 0.5250000000000000222 ) ) ;
#1853 = DIRECTION ( 'NONE',  ( 0.000000000000000000, -1.000000000000000000, 0.000000000000000000 ) ) ;
#1854 = AXIS2_PLACEMENT_3D ( 'NONE', #1499, #2895, #3615 ) ;
#1855 = CARTESIAN_POINT ( 'NONE',  ( -0.2000000000000000111, 0.2250000000000000056, 0.9375000000000000000 ) ) ;
#1856 = DIRECTION ( 'NONE',  ( 0.000000000000000000, 0.000000000000000000, 1.000000000000000000 ) ) ;
#1857 = EDGE_CURVE ( 'NONE', #1663, #3340, #1017, .T. ) ;
#1858 = ORIENTED_EDGE ( 'NONE', *, *, #3872, .T. ) ;
#1859 = AXIS2_PLACEMENT_3D ( 'NONE', #2086, #3279, #284 ) ;
#1860 = LINE ( 'NONE', #1194, #1176 ) ;
#1861 = CARTESIAN_POINT ( 'NONE',  ( 1.149999999999999911, 0.4500000000000000111, 0.3250000000000000111 ) ) ;
#1862 = FACE_OUTER_BOUND ( 'NONE', #1580, .T. ) ;
#1863 = VECTOR ( 'NONE', #637, 1000.000000000000000 ) ;
#1864 = ADVANCED_FACE ( 'NONE', ( #2259 ), #1657, .F. ) ;
#1865 = ADVANCED_FACE ( 'NONE', ( #107 ), #427, .F. ) ;
#1866 = ORIENTED_EDGE ( 'NONE', *, *, #2630, .F. ) ;
#1867 = DIRECTION ( 'NONE',  ( 0.000000000000000000, -1.000000000000000000, 0.000000000000000000 ) ) ;
#1868 = AXIS2_PLACEMENT_3D ( 'NONE', #2723, #1575, #1256 ) ;
#1869 = CYLINDRICAL_SURFACE ( 'NONE', #1876, 0.06250000000000005551 ) ;
#1870 = ORIENTED_EDGE ( 'NONE', *, *, #3612, .T. ) ;
#1871 = CLOSED_SHELL ( 'NONE', ( #1557, #2680, #3432, #3160, #120, #280, #684, #3841, #3270 ) ) ;
#1872 = EDGE_CURVE ( 'NONE', #1120, #1633, #740, .T. ) ;
#1873 = AXIS2_PLACEMENT_3D ( 'NONE', #2566, #750, #1013 ) ;
#1874 = ORIENTED_EDGE ( 'NONE', *, *, #1452, .T. ) ;
#1875 = DIRECTION ( 'NONE',  ( 0.000000000000000000, -1.000000000000000000, 0.000000000000000000 ) ) ;
#1876 = AXIS2_PLACEMENT_3D ( 'NONE', #1374, #2292, #2841 ) ;
#1877 = DIRECTION ( 'NONE',  ( -1.000000000000000000, 0.000000000000000000, -2.409338161078900167E-16 ) ) ;
#1878 = VERTEX_POINT ( 'NONE', #456 ) ;
#1879 = CARTESIAN_POINT ( 'NONE',  ( -0.4749999999999999778, 0.000000000000000000, -0.9000000000000000222 ) ) ;
#1880 = CARTESIAN_POINT ( 'NONE',  ( 0.4749999999999999778, 1.477740239554724111, 0.9000000000000000222 ) ) ;
#1881 = CARTESIAN_POINT ( 'NONE',  ( 0.4749999999999999778, 0.000000000000000000, 0.9000000000000000222 ) ) ;
#1882 = DIRECTION ( 'NONE',  ( -1.000000000000000000, 0.000000000000000000, 0.000000000000000000 ) ) ;
#1883 = CARTESIAN_POINT ( 'NONE',  ( -1.072685185185183965, 0.000000000000000000, 0.9000000000000000222 ) ) ;
#1884 = VERTEX_POINT ( 'NONE', #755 ) ;
#1885 = CARTESIAN_POINT ( 'NONE',  ( -1.250000000000000000, 0.4500000000000000111, -0.9375000000000000000 ) ) ;
#1886 = FACE_OUTER_BOUND ( 'NONE', #18, .T. ) ;
#1887 = PLANE ( 'NONE',  #3116 ) ;
#1888 = EDGE_LOOP ( 'NONE', ( #76, #2164, #2, #2668 ) ) ;
#1889 = DIRECTION ( 'NONE',  ( 0.7540815958863057444, 0.000000000000000000, -0.6567807448042017882 ) ) ;
#1890 = SURFACE_STYLE_FILL_AREA ( #909 ) ;
#1891 = EDGE_CURVE ( 'NONE', #2229, #2075, #2274, .T. ) ;
#1892 = CARTESIAN_POINT ( 'NONE',  ( 1.074999999999999956, 1.000000000000000000, -0.8000000000000000444 ) ) ;
#1893 = UNCERTAINTY_MEASURE_WITH_UNIT (LENGTH_MEASURE( 1.000000000000000082E-05 ), #818, 'distance_accuracy_value', 'NONE');
#1894 = ORIENTED_EDGE ( 'NONE', *, *, #1586, .F. ) ;
#1895 = EDGE_LOOP ( 'NONE', ( #421, #3330, #891, #1254 ) ) ;
#1896 = CARTESIAN_POINT ( 'NONE',  ( -0.4749999999999999778, 0.000000000000000000, 0.9000000000000000222 ) ) ;
#1897 = EDGE_CURVE ( 'NONE', #1146, #2350, #3397, .T. ) ;
#1898 = DIRECTION ( 'NONE',  ( 0.000000000000000000, 0.000000000000000000, -1.000000000000000000 ) ) ;
#1899 = ORIENTED_EDGE ( 'NONE', *, *, #3469, .F. ) ;
#1900 = CARTESIAN_POINT ( 'NONE',  ( 0.2000000000000000111, 0.4500000000000000111, -0.9375000000000000000 ) ) ;
#1901 = DIRECTION ( 'NONE',  ( 0.000000000000000000, 0.000000000000000000, 1.000000000000000000 ) ) ;
#1902 = LINE ( 'NONE', #2738, #3539 ) ;
#1903 = CYLINDRICAL_SURFACE ( 'NONE', #791, 0.1250000000000000000 ) ;
#1904 = ORIENTED_EDGE ( 'NONE', *, *, #1502, .F. ) ;
#1905 = DIRECTION ( 'NONE',  ( 0.000000000000000000, -1.000000000000000000, 0.000000000000000000 ) ) ;
#1906 = DIRECTION ( 'NONE',  ( -1.000000000000000000, 1.355252715606880049E-16, 0.000000000000000000 ) ) ;
#1907 = ORIENTED_EDGE ( 'NONE', *, *, #1045, .T. ) ;
#1908 = DIRECTION ( 'NONE',  ( 0.000000000000000000, -1.000000000000000000, 0.000000000000000000 ) ) ;
#1909 = CARTESIAN_POINT ( 'NONE',  ( 1.149999999999999911, 0.4500000000000000111, 0.3250000000000000111 ) ) ;
#1910 = VERTEX_POINT ( 'NONE', #1672 ) ;
#1911 = ORIENTED_EDGE ( 'NONE', *, *, #2837, .T. ) ;
#1912 = ADVANCED_FACE ( 'NONE', ( #1929 ), #3722, .F. ) ;
#1913 = CARTESIAN_POINT ( 'NONE',  ( 1.187500000000000000, 0.8249999999999999556, 1.000000000000000000 ) ) ;
#1914 = VERTEX_POINT ( 'NONE', #3128 ) ;
#1915 = ADVANCED_FACE ( 'NONE', ( #3145 ), #2826, .F. ) ;
#1916 = EDGE_CURVE ( 'NONE', #2391, #3165, #122, .T. ) ;
#1917 = CARTESIAN_POINT ( 'NONE',  ( 1.187500000000000000, 0.000000000000000000, 1.000000000000000000 ) ) ;
#1918 = AXIS2_PLACEMENT_3D ( 'NONE', #3083, #1839, #3332 ) ;
#1919 = CARTESIAN_POINT ( 'NONE',  ( -1.149999999999999911, 0.4500000000000000111, -0.3250000000000000111 ) ) ;
#1920 = VECTOR ( 'NONE', #3162, 1000.000000000000000 ) ;
#1921 = AXIS2_PLACEMENT_3D ( 'NONE', #2694, #3889, #34 ) ;
#1922 = EDGE_LOOP ( 'NONE', ( #2306, #1545, #3107, #2859 ) ) ;
#1923 = LINE ( 'NONE', #422, #3748 ) ;
#1924 = LINE ( 'NONE', #3436, #1091 ) ;
#1925 = VECTOR ( 'NONE', #115, 1000.000000000000000 ) ;
#1926 = CARTESIAN_POINT ( 'NONE',  ( 0.4749999999999999778, 0.4500000000000000111, -0.3250000000000000111 ) ) ;
#1927 = AXIS2_PLACEMENT_3D ( 'NONE', #3067, #2384, #2686 ) ;
#1928 = VERTEX_POINT ( 'NONE', #2569 ) ;
#1929 = FACE_OUTER_BOUND ( 'NONE', #2880, .T. ) ;
#1930 = CARTESIAN_POINT ( 'NONE',  ( 0.4749999999999999778, 0.4500000000000000111, 0.3250000000000000111 ) ) ;
#1931 = DIRECTION ( 'NONE',  ( 0.000000000000000000, 0.000000000000000000, -1.000000000000000000 ) ) ;
#1932 = AXIS2_PLACEMENT_3D ( 'NONE', #2105, #243, #2070 ) ;
#1933 = ORIENTED_EDGE ( 'NONE', *, *, #2354, .T. ) ;
#1934 = ORIENTED_EDGE ( 'NONE', *, *, #3684, .T. ) ;
#1935 = VECTOR ( 'NONE', #958, 1000.000000000000000 ) ;
#1936 = FACE_OUTER_BOUND ( 'NONE', #2153, .T. ) ;
#1937 = VECTOR ( 'NONE', #993, 1000.000000000000000 ) ;
#1938 = ORIENTED_EDGE ( 'NONE', *, *, #1991, .F. ) ;
#1939 = VECTOR ( 'NONE', #1801, 1000.000000000000000 ) ;
#1940 = CIRCLE ( 'NONE', #1182, 0.1250000000000000000 ) ;
#1941 = LINE ( 'NONE', #3716, #3234 ) ;
#1942 = EDGE_CURVE ( 'NONE', #3550, #742, #1615, .T. ) ;
#1943 = ORIENTED_EDGE ( 'NONE', *, *, #44, .F. ) ;
#1944 = EDGE_LOOP ( 'NONE', ( #619, #2386, #248, #3108 ) ) ;
#1945 = LINE ( 'NONE', #2488, #3374 ) ;
#1946 = FACE_OUTER_BOUND ( 'NONE', #1007, .T. ) ;
#1947 = ADVANCED_FACE ( 'NONE', ( #3763 ), #384, .F. ) ;
#1948 = ORIENTED_EDGE ( 'NONE', *, *, #1526, .T. ) ;
#1949 = CARTESIAN_POINT ( 'NONE',  ( -1.074999999999999956, 1.000000000000000000, 0.9000000000000000222 ) ) ;
#1950 = LINE ( 'NONE', #697, #3370 ) ;
#1951 = FACE_OUTER_BOUND ( 'NONE', #491, .T. ) ;
#1952 = ORIENTED_EDGE ( 'NONE', *, *, #1292, .F. ) ;
#1953 = ORIENTED_EDGE ( 'NONE', *, *, #147, .T. ) ;
#1954 =( LENGTH_UNIT ( ) NAMED_UNIT ( * ) SI_UNIT ( .MILLI., .METRE. ) );
#1955 = ORIENTED_EDGE ( 'NONE', *, *, #1704, .F. ) ;
#1956 = ORIENTED_EDGE ( 'NONE', *, *, #2630, .T. ) ;
#1957 = DIRECTION ( 'NONE',  ( 0.000000000000000000, 1.000000000000000000, 0.000000000000000000 ) ) ;
#1958 = ORIENTED_EDGE ( 'NONE', *, *, #2979, .T. ) ;
#1959 = ADVANCED_FACE ( 'NONE', ( #3105 ), #1319, .F. ) ;
#1960 = PLANE ( 'NONE',  #162 ) ;
#1961 = CARTESIAN_POINT ( 'NONE',  ( 1.187500000000000000, 0.4500000000000000111, -1.000000000000000000 ) ) ;
#1962 = ORIENTED_EDGE ( 'NONE', *, *, #1243, .T. ) ;
#1963 = ADVANCED_FACE ( 'NONE', ( #579 ), #1999, .F. ) ;
#1964 = CARTESIAN_POINT ( 'NONE',  ( -0.2625000000000000111, 0.9000000000000000222, -1.000000000000000000 ) ) ;
#1965 = EDGE_CURVE ( 'NONE', #1756, #2584, #3174, .T. ) ;
#1966 = CARTESIAN_POINT ( 'NONE',  ( -1.250000000000000000, 0.000000000000000000, -0.9375000000000000000 ) ) ;
#1967 = VERTEX_POINT ( 'NONE', #603 ) ;
#1968 = CARTESIAN_POINT ( 'NONE',  ( 0.2000000000000000111, 0.9000000000000000222, -0.9375000000000000000 ) ) ;
#1969 = CARTESIAN_POINT ( 'NONE',  ( -0.4749999999999999778, 1.477740239554724111, -0.3250000000000000111 ) ) ;
#1970 = ORIENTED_EDGE ( 'NONE', *, *, #1768, .F. ) ;
#1971 = ORIENTED_EDGE ( 'NONE', *, *, #2530, .F. ) ;
#1972 = DIRECTION ( 'NONE',  ( -1.000000000000000000, 1.355252715606880049E-16, 0.000000000000000000 ) ) ;
#1973 = CARTESIAN_POINT ( 'NONE',  ( -1.187500000000000000, -2.376562118716424976, 1.000000000000000000 ) ) ;
#1974 = DIRECTION ( 'NONE',  ( 0.000000000000000000, 1.000000000000000000, 0.000000000000000000 ) ) ;
#1975 = VERTEX_POINT ( 'NONE', #1517 ) ;
#1976 = PLANE ( 'NONE',  #355 ) ;
#1977 = CARTESIAN_POINT ( 'NONE',  ( 1.250000000000000000, 0.4500000000000000111, -1.000000000000000000 ) ) ;
#1978 = VECTOR ( 'NONE', #363, 1000.000000000000000 ) ;
#1979 = ADVANCED_FACE ( 'NONE', ( #1795 ), #807, .F. ) ;
#1980 = STYLED_ITEM ( 'NONE', ( #887 ), #592 ) ;
#1981 = ORIENTED_EDGE ( 'NONE', *, *, #1682, .F. ) ;
#1982 = DIRECTION ( 'NONE',  ( 0.000000000000000000, 1.000000000000000000, 0.000000000000000000 ) ) ;
#1983 = VECTOR ( 'NONE', #2611, 1000.000000000000000 ) ;
#1984 = DIRECTION ( 'NONE',  ( -1.000000000000000000, 0.000000000000000000, 0.000000000000000000 ) ) ;
#1985 = EDGE_CURVE ( 'NONE', #701, #3683, #90, .T. ) ;
#1986 = AXIS2_PLACEMENT_3D ( 'NONE', #3777, #3593, #1088 ) ;
#1987 = ORIENTED_EDGE ( 'NONE', *, *, #1171, .F. ) ;
#1988 = CARTESIAN_POINT ( 'NONE',  ( 1.187500000000000000, 0.4500000000000000111, 1.000000000000000000 ) ) ;
#1989 = AXIS2_PLACEMENT_3D ( 'NONE', #1599, #1217, #2409 ) ;
#1990 = DIRECTION ( 'NONE',  ( -1.000000000000000000, 0.000000000000000000, 0.000000000000000000 ) ) ;
#1991 = EDGE_CURVE ( 'NONE', #1074, #1443, #3281, .T. ) ;
#1992 = ORIENTED_EDGE ( 'NONE', *, *, #2441, .T. ) ;
#1993 = MECHANICAL_DESIGN_GEOMETRIC_PRESENTATION_REPRESENTATION (  '', ( #985 ), #849 ) ;
#1994 = DIRECTION ( 'NONE',  ( 0.000000000000000000, 0.000000000000000000, -1.000000000000000000 ) ) ;
#1995 = AXIS2_PLACEMENT_3D ( 'NONE', #2658, #2038, #1135 ) ;
#1996 = DIRECTION ( 'NONE',  ( -2.409338161078900167E-16, 0.000000000000000000, 1.000000000000000000 ) ) ;
#1997 = VECTOR ( 'NONE', #577, 999.9999999999998863 ) ;
#1998 = VERTEX_POINT ( 'NONE', #1814 ) ;
#1999 = PLANE ( 'NONE',  #469 ) ;
#2000 = DIRECTION ( 'NONE',  ( 0.000000000000000000, 0.000000000000000000, -1.000000000000000000 ) ) ;
#2001 = ORIENTED_EDGE ( 'NONE', *, *, #883, .T. ) ;
#2002 = LINE ( 'NONE', #2020, #206 ) ;
#2003 = LINE ( 'NONE', #2814, #2116 ) ;
#2004 = EDGE_CURVE ( 'NONE', #3169, #116, #975, .T. ) ;
#2005 = CARTESIAN_POINT ( 'NONE',  ( 1.149999999999999911, 0.000000000000000000, 0.3250000000000000111 ) ) ;
#2006 = ORIENTED_EDGE ( 'NONE', *, *, #3541, .F. ) ;
#2007 = ORIENTED_EDGE ( 'NONE', *, *, #576, .T. ) ;
#2008 = LINE ( 'NONE', #2563, #980 ) ;
#2009 = EDGE_CURVE ( 'NONE', #1391, #2387, #3172, .T. ) ;
#2010 = CARTESIAN_POINT ( 'NONE',  ( -1.074999999999999956, 1.000000000000000000, 0.9000000000000000222 ) ) ;
#2011 = LINE ( 'NONE', #1458, #462 ) ;
#2012 = DIRECTION ( 'NONE',  ( 0.000000000000000000, 0.000000000000000000, 1.000000000000000000 ) ) ;
#2013 = ORIENTED_EDGE ( 'NONE', *, *, #1748, .T. ) ;
#2014 = EDGE_LOOP ( 'NONE', ( #2131, #1788, #1504, #2781, #2080 ) ) ;
#2015 = DIRECTION ( 'NONE',  ( -0.7540815958863064106, 0.000000000000000000, 0.6567807448042013441 ) ) ;
#2016 = LINE ( 'NONE', #648, #916 ) ;
#2017 = FACE_OUTER_BOUND ( 'NONE', #3653, .T. ) ;
#2018 = FACE_OUTER_BOUND ( 'NONE', #775, .T. ) ;
#2019 = ORIENTED_EDGE ( 'NONE', *, *, #1916, .F. ) ;
#2020 = CARTESIAN_POINT ( 'NONE',  ( 1.149999999999999911, 0.4500000000000000111, -0.3250000000000000111 ) ) ;
#2021 = CARTESIAN_POINT ( 'NONE',  ( 1.250000000000000000, 0.4500000000000000111, 1.000000000000000000 ) ) ;
#2022 = LINE ( 'NONE', #2687, #2181 ) ;
#2023 = LINE ( 'NONE', #2976, #2806 ) ;
#2024 = ORIENTED_EDGE ( 'NONE', *, *, #883, .F. ) ;
#2025 = EDGE_CURVE ( 'NONE', #3796, #293, #288, .T. ) ;
#2026 = LINE ( 'NONE', #1455, #152 ) ;
#2027 = FACE_OUTER_BOUND ( 'NONE', #2580, .T. ) ;
#2028 = PRESENTATION_STYLE_ASSIGNMENT (( #2594 ) ) ;
#2029 = EDGE_CURVE ( 'NONE', #3695, #2635, #2693, .T. ) ;
#2030 = EDGE_CURVE ( 'NONE', #2990, #2277, #1710, .T. ) ;
#2031 = CARTESIAN_POINT ( 'NONE',  ( -0.2000000000000000111, 0.9000000000000000222, -0.9375000000000000000 ) ) ;
#2032 = DIRECTION ( 'NONE',  ( 0.000000000000000000, -1.000000000000000000, 0.000000000000000000 ) ) ;
#2033 = FACE_OUTER_BOUND ( 'NONE', #3346, .T. ) ;
#2034 = DIRECTION ( 'NONE',  ( 0.7540815958863057444, 0.000000000000000000, 0.6567807448042017882 ) ) ;
#2035 = ORIENTED_EDGE ( 'NONE', *, *, #2491, .T. ) ;
#2036 = EDGE_CURVE ( 'NONE', #614, #236, #2414, .T. ) ;
#2037 = ORIENTED_EDGE ( 'NONE', *, *, #2157, .T. ) ;
#2038 = DIRECTION ( 'NONE',  ( 0.000000000000000000, 0.000000000000000000, -1.000000000000000000 ) ) ;
#2039 = CARTESIAN_POINT ( 'NONE',  ( -1.250000000000000000, 0.000000000000000000, -0.9375000000000000000 ) ) ;
#2040 = AXIS2_PLACEMENT_3D ( 'NONE', #378, #2712, #1605 ) ;
#2041 = VECTOR ( 'NONE', #3806, 1000.000000000000000 ) ;
#2042 = VECTOR ( 'NONE', #912, 1000.000000000000000 ) ;
#2043 = ORIENTED_EDGE ( 'NONE', *, *, #3652, .T. ) ;
#2044 = CARTESIAN_POINT ( 'NONE',  ( -1.149999999999999911, 0.4500000000000000111, -0.3250000000000000111 ) ) ;
#2045 = CARTESIAN_POINT ( 'NONE',  ( 1.250000000000000000, 0.9000000000000000222, 1.000000000000000000 ) ) ;
#2046 =( NAMED_UNIT ( * ) SI_UNIT ( $, .STERADIAN. ) SOLID_ANGLE_UNIT ( ) );
#2047 = VECTOR ( 'NONE', #2015, 1000.000000000000114 ) ;
#2048 = ORIENTED_EDGE ( 'NONE', *, *, #1171, .T. ) ;
#2049 = EDGE_LOOP ( 'NONE', ( #1956, #3519, #1410, #2843 ) ) ;
#2050 = AXIS2_PLACEMENT_3D ( 'NONE', #1281, #2196, #32 ) ;
#2051 = DIRECTION ( 'NONE',  ( 0.000000000000000000, -1.000000000000000000, 0.000000000000000000 ) ) ;
#2052 = AXIS2_PLACEMENT_3D ( 'NONE', #797, #433, #1064 ) ;
#2053 = VECTOR ( 'NONE', #2641, 1000.000000000000000 ) ;
#2054 = DIRECTION ( 'NONE',  ( 0.000000000000000000, 0.000000000000000000, 1.000000000000000000 ) ) ;
#2055 = EDGE_CURVE ( 'NONE', #1967, #1659, #3543, .T. ) ;
#2056 = PLANE ( 'NONE',  #662 ) ;
#2057 = CARTESIAN_POINT ( 'NONE',  ( -1.072685185185183965, 0.000000000000000000, -0.9000000000000000222 ) ) ;
#2058 = ORIENTED_EDGE ( 'NONE', *, *, #412, .F. ) ;
#2059 = VECTOR ( 'NONE', #3482, 1000.000000000000000 ) ;
#2060 = EDGE_LOOP ( 'NONE', ( #1301, #3251, #1467, #1948 ) ) ;
#2061 =( GEOMETRIC_REPRESENTATION_CONTEXT ( 3 ) GLOBAL_UNCERTAINTY_ASSIGNED_CONTEXT ( ( #1893 ) ) GLOBAL_UNIT_ASSIGNED_CONTEXT ( ( #818, #1739, #2673 ) ) REPRESENTATION_CONTEXT ( 'NONE', 'WORKASPACE' ) );
#2062 = FACE_OUTER_BOUND ( 'NONE', #936, .T. ) ;
#2063 = ADVANCED_FACE ( 'NONE', ( #1114 ), #3887, .F. ) ;
#2064 = CYLINDRICAL_SURFACE ( 'NONE', #1196, 0.1250000000000000000 ) ;
#2065 = ORIENTED_EDGE ( 'NONE', *, *, #2695, .F. ) ;
#2066 = LINE ( 'NONE', #2664, #3670 ) ;
#2067 = DIRECTION ( 'NONE',  ( 0.000000000000000000, 0.000000000000000000, -1.000000000000000000 ) ) ;
#2068 = VERTEX_POINT ( 'NONE', #192 ) ;
#2069 = ORIENTED_EDGE ( 'NONE', *, *, #2669, .F. ) ;
#2070 = DIRECTION ( 'NONE',  ( 0.000000000000000000, 0.000000000000000000, 1.000000000000000000 ) ) ;
#2071 = CARTESIAN_POINT ( 'NONE',  ( 1.149999999999999911, 0.4500000000000000111, 0.8504032258064520011 ) ) ;
#2072 = DIRECTION ( 'NONE',  ( 1.000000000000000000, 0.000000000000000000, 0.000000000000000000 ) ) ;
#2073 = VERTEX_POINT ( 'NONE', #1202 ) ;
#2074 = EDGE_CURVE ( 'NONE', #3895, #999, #3869, .T. ) ;
#2075 = VERTEX_POINT ( 'NONE', #176 ) ;
#2076 = PLANE ( 'NONE',  #2304 ) ;
#2077 = DIRECTION ( 'NONE',  ( 0.000000000000000000, 0.000000000000000000, 1.000000000000000000 ) ) ;
#2078 = EDGE_CURVE ( 'NONE', #293, #3571, #3673, .T. ) ;
#2079 = EDGE_CURVE ( 'NONE', #1998, #2143, #2289, .T. ) ;
#2080 = ORIENTED_EDGE ( 'NONE', *, *, #3559, .F. ) ;
#2081 = DIRECTION ( 'NONE',  ( 0.000000000000000000, -1.000000000000000000, 0.000000000000000000 ) ) ;
#2082 = CARTESIAN_POINT ( 'NONE',  ( 1.250000000000000000, 0.4500000000000000111, 0.9375000000000000000 ) ) ;
#2083 =( LENGTH_UNIT ( ) NAMED_UNIT ( * ) SI_UNIT ( .MILLI., .METRE. ) );
#2084 = ORIENTED_EDGE ( 'NONE', *, *, #1318, .F. ) ;
#2085 = ORIENTED_EDGE ( 'NONE', *, *, #1721, .F. ) ;
#2086 = CARTESIAN_POINT ( 'NONE',  ( 1.250000000000000000, 0.8249999999999999556, 1.000000000000000000 ) ) ;
#2087 = CARTESIAN_POINT ( 'NONE',  ( -0.2000000000000000111, 0.2250000000000000056, 0.9375000000000000000 ) ) ;
#2088 = DIRECTION ( 'NONE',  ( 0.000000000000000000, 0.000000000000000000, 1.000000000000000000 ) ) ;
#2089 = DIRECTION ( 'NONE',  ( 0.000000000000000000, 0.000000000000000000, 1.000000000000000000 ) ) ;
#2090 = CARTESIAN_POINT ( 'NONE',  ( -1.187500000000000000, 1.477740239554724111, 1.000000000000000000 ) ) ;
#2091 = CARTESIAN_POINT ( 'NONE',  ( -0.4749999999999999778, 1.477740239554724111, 0.5250000000000000222 ) ) ;
#2092 = ORIENTED_EDGE ( 'NONE', *, *, #3471, .T. ) ;
#2093 = ORIENTED_EDGE ( 'NONE', *, *, #1206, .F. ) ;
#2094 = DIRECTION ( 'NONE',  ( 1.000000000000000000, 0.000000000000000000, 2.409338161078900167E-16 ) ) ;
#2095 = CARTESIAN_POINT ( 'NONE',  ( -0.2000000000000000111, 0.9000000000000000222, 1.000000000000000000 ) ) ;
#2096 = ADVANCED_FACE ( 'NONE', ( #3574 ), #875, .T. ) ;
#2097 = EDGE_LOOP ( 'NONE', ( #3669, #1133, #3148, #1933, #2182, #1953, #1126, #3196, #1184, #1646, #941, #872, #1938, #2864, #1058, #1981, #995, #1520, #3697, #1770, #2541, #2720, #3460, #983, #1494, #3420, #1987, #1671, #2546, #1664, #1127, #536, #278, #3293, #2169, #1276, #402 ) ) ;
#2098 = DIRECTION ( 'NONE',  ( 0.000000000000000000, -1.000000000000000000, 0.000000000000000000 ) ) ;
#2099 = DIRECTION ( 'NONE',  ( 0.000000000000000000, -1.000000000000000000, 0.000000000000000000 ) ) ;
#2100 = ADVANCED_FACE ( 'NONE', ( #1585 ), #924, .F. ) ;
#2101 = ORIENTED_EDGE ( 'NONE', *, *, #3246, .F. ) ;
#2102 = VECTOR ( 'NONE', #3171, 1000.000000000000000 ) ;
#2103 = AXIS2_PLACEMENT_3D ( 'NONE', #3594, #1501, #1815 ) ;
#2104 = EDGE_LOOP ( 'NONE', ( #988, #2258, #2820, #3860 ) ) ;
#2105 = CARTESIAN_POINT ( 'NONE',  ( 0.2000000000000000111, 0.9000000000000000222, 1.000000000000000000 ) ) ;
#2106 = AXIS2_PLACEMENT_3D ( 'NONE', #1023, #2830, #127 ) ;
#2107 = EDGE_CURVE ( 'NONE', #2829, #2809, #3341, .T. ) ;
#2108 = DIRECTION ( 'NONE',  ( 1.000000000000000000, 0.000000000000000000, 0.000000000000000000 ) ) ;
#2109 = VECTOR ( 'NONE', #632, 1000.000000000000000 ) ;
#2110 = PLANE ( 'NONE',  #87 ) ;
#2111 = CARTESIAN_POINT ( 'NONE',  ( 0.2000000000000000111, -2.376562118716424976, -1.000000000000000000 ) ) ;
#2112 = CARTESIAN_POINT ( 'NONE',  ( -1.149999999999999911, 0.4500000000000000111, 0.8504032258064510019 ) ) ;
#2113 = VECTOR ( 'NONE', #3166, 1000.000000000000000 ) ;
#2114 = CYLINDRICAL_SURFACE ( 'NONE', #1286, 0.06250000000000005551 ) ;
#2115 = ORIENTED_EDGE ( 'NONE', *, *, #2157, .F. ) ;
#2116 = VECTOR ( 'NONE', #1341, 1000.000000000000114 ) ;
#2117 = ORIENTED_EDGE ( 'NONE', *, *, #1292, .T. ) ;
#2118 = DIRECTION ( 'NONE',  ( -1.885568995626964780E-16, 0.000000000000000000, 1.000000000000000000 ) ) ;
#2119 = DIRECTION ( 'NONE',  ( 1.000000000000000000, -4.818676322157800333E-16, 0.000000000000000000 ) ) ;
#2120 = VECTOR ( 'NONE', #675, 1000.000000000000000 ) ;
#2121 = VECTOR ( 'NONE', #3020, 1000.000000000000000 ) ;
#2122 = ORIENTED_EDGE ( 'NONE', *, *, #1642, .T. ) ;
#2123 = CARTESIAN_POINT ( 'NONE',  ( 0.2000000000000000111, 0.2250000000000000056, -0.9375000000000000000 ) ) ;
#2124 = CARTESIAN_POINT ( 'NONE',  ( -0.6750000000000000444, 0.4500000000000000111, 0.3250000000000000111 ) ) ;
#2125 = FACE_OUTER_BOUND ( 'NONE', #3058, .T. ) ;
#2126 = ORIENTED_EDGE ( 'NONE', *, *, #816, .T. ) ;
#2127 = VERTEX_POINT ( 'NONE', #3325 ) ;
#2128 = EDGE_CURVE ( 'NONE', #2445, #319, #1603, .T. ) ;
#2129 = FACE_OUTER_BOUND ( 'NONE', #3361, .T. ) ;
#2130 = CARTESIAN_POINT ( 'NONE',  ( 1.149999999999999911, 0.4500000000000000111, 0.3250000000000000111 ) ) ;
#2131 = ORIENTED_EDGE ( 'NONE', *, *, #95, .F. ) ;
#2132 = EDGE_CURVE ( 'NONE', #1656, #2465, #2735, .T. ) ;
#2133 = PLANE ( 'NONE',  #3737 ) ;
#2134 = DIRECTION ( 'NONE',  ( 0.000000000000000000, 0.000000000000000000, 1.000000000000000000 ) ) ;
#2135 = DIRECTION ( 'NONE',  ( 0.000000000000000000, -1.000000000000000000, 0.000000000000000000 ) ) ;
#2136 = ORIENTED_EDGE ( 'NONE', *, *, #2276, .F. ) ;
#2137 = EDGE_LOOP ( 'NONE', ( #473, #1645, #225, #3878 ) ) ;
#2138 = FACE_OUTER_BOUND ( 'NONE', #3101, .T. ) ;
#2139 = PLANE ( 'NONE',  #3289 ) ;
#2140 = ORIENTED_EDGE ( 'NONE', *, *, #3097, .T. ) ;
#2141 = CARTESIAN_POINT ( 'NONE',  ( -0.2000000000000000111, 0.4500000000000000111, -1.000000000000000000 ) ) ;
#2142 = CARTESIAN_POINT ( 'NONE',  ( 0.2000000000000000111, -2.376562118716424976, -0.9375000000000000000 ) ) ;
#2143 = VERTEX_POINT ( 'NONE', #354 ) ;
#2144 = ORIENTED_EDGE ( 'NONE', *, *, #347, .T. ) ;
#2145 = LINE ( 'NONE', #2752, #2858 ) ;
#2146 = FACE_OUTER_BOUND ( 'NONE', #749, .T. ) ;
#2147 = EDGE_CURVE ( 'NONE', #527, #1884, #3363, .T. ) ;
#2148 = FACE_OUTER_BOUND ( 'NONE', #1944, .T. ) ;
#2149 = CARTESIAN_POINT ( 'NONE',  ( 1.187500000000000000, 0.4500000000000000111, -1.000000000000000000 ) ) ;
#2150 = EDGE_CURVE ( 'NONE', #2829, #319, #1309, .T. ) ;
#2151 = ADVANCED_FACE ( 'NONE', ( #2148 ), #2133, .T. ) ;
#2152 = PLANE ( 'NONE',  #2726 ) ;
#2153 = EDGE_LOOP ( 'NONE', ( #2101, #984, #2037, #615, #1899, #678 ) ) ;
#2154 = ORIENTED_EDGE ( 'NONE', *, *, #2036, .F. ) ;
#2155 = PLANE ( 'NONE',  #3493 ) ;
#2156 = CARTESIAN_POINT ( 'NONE',  ( 0.4749999999999999778, 0.000000000000000000, 0.3250000000000000111 ) ) ;
#2157 = EDGE_CURVE ( 'NONE', #1416, #1998, #3698, .T. ) ;
#2158 = DIRECTION ( 'NONE',  ( 3.771137991253930052E-16, 0.000000000000000000, -1.000000000000000000 ) ) ;
#2159 = ORIENTED_EDGE ( 'NONE', *, *, #1897, .T. ) ;
#2160 = DIRECTION ( 'NONE',  ( 0.000000000000000000, -1.000000000000000000, 0.000000000000000000 ) ) ;
#2161 = FACE_OUTER_BOUND ( 'NONE', #1709, .T. ) ;
#2162 = CARTESIAN_POINT ( 'NONE',  ( -1.250000000000000000, 1.477740239554724111, 1.000000000000000000 ) ) ;
#2163 = ORIENTED_EDGE ( 'NONE', *, *, #103, .T. ) ;
#2164 = ORIENTED_EDGE ( 'NONE', *, *, #3009, .F. ) ;
#2165 = LINE ( 'NONE', #616, #2803 ) ;
#2166 = VECTOR ( 'NONE', #1588, 1000.000000000000000 ) ;
#2167 = LINE ( 'NONE', #2436, #3868 ) ;
#2168 = VECTOR ( 'NONE', #265, 1000.000000000000000 ) ;
#2169 = ORIENTED_EDGE ( 'NONE', *, *, #1965, .F. ) ;
#2170 = CIRCLE ( 'NONE', #1727, 0.06250000000000005551 ) ;
#2171 = DIRECTION ( 'NONE',  ( 0.7071067811865480168, 0.000000000000000000, 0.7071067811865470176 ) ) ;
#2172 = FACE_OUTER_BOUND ( 'NONE', #3709, .T. ) ;
#2173 = VECTOR ( 'NONE', #2746, 1000.000000000000000 ) ;
#2174 = PLANE ( 'NONE',  #3844 ) ;
#2175 = CARTESIAN_POINT ( 'NONE',  ( 1.250000000000000000, 1.477740239554724111, 0.9375000000000000000 ) ) ;
#2176 = VERTEX_POINT ( 'NONE', #3027 ) ;
#2177 = EDGE_CURVE ( 'NONE', #1416, #51, #1359, .T. ) ;
#2178 = CIRCLE ( 'NONE', #1932, 0.06250000000000005551 ) ;
#2179 = DIRECTION ( 'NONE',  ( -1.000000000000000000, 0.000000000000000000, -1.885568995626964780E-16 ) ) ;
#2180 = DIRECTION ( 'NONE',  ( -1.355252715606880049E-16, -1.000000000000000000, 0.000000000000000000 ) ) ;
#2181 = VECTOR ( 'NONE', #3526, 1000.000000000000114 ) ;
#2182 = ORIENTED_EDGE ( 'NONE', *, *, #2937, .T. ) ;
#2183 = EDGE_CURVE ( 'NONE', #3402, #154, #1247, .T. ) ;
#2184 = CARTESIAN_POINT ( 'NONE',  ( 1.250000000000000000, 0.9000000000000000222, -1.000000000000000000 ) ) ;
#2185 = PLANE ( 'NONE',  #596 ) ;
#2186 = VECTOR ( 'NONE', #3019, 1000.000000000000114 ) ;
#2187 = CARTESIAN_POINT ( 'NONE',  ( 1.250000000000000000, -2.376562118716424976, 0.9375000000000000000 ) ) ;
#2188 = ORIENTED_EDGE ( 'NONE', *, *, #48, .T. ) ;
#2189 = CLOSED_SHELL ( 'NONE', ( #1210, #1947, #925, #500, #793, #1397 ) ) ;
#2190 = VECTOR ( 'NONE', #2283, 1000.000000000000114 ) ;
#2191 = EDGE_LOOP ( 'NONE', ( #706, #2766, #2382, #3595 ) ) ;
#2192 = CARTESIAN_POINT ( 'NONE',  ( -0.2000000000000000111, 0.8249999999999999556, 1.000000000000000000 ) ) ;
#2193 = COLOUR_RGB ( '',0.7921568627450980005, 0.8196078431372548767, 0.9333333333333333481 ) ;
#2194 = CARTESIAN_POINT ( 'NONE',  ( -0.4749999999999999778, 0.000000000000000000, -0.3250000000000000111 ) ) ;
#2195 = EDGE_LOOP ( 'NONE', ( #1817, #3694, #2939, #3727, #2811, #968, #2930, #2339, #1769, #659, #2280, #937, #3037, #700, #1459, #2122 ) ) ;
#2196 = DIRECTION ( 'NONE',  ( 0.000000000000000000, -1.000000000000000000, 0.000000000000000000 ) ) ;
#2197 = DIRECTION ( 'NONE',  ( 1.000000000000000000, 0.000000000000000000, 1.814002085645769733E-16 ) ) ;
#2198 = CARTESIAN_POINT ( 'NONE',  ( 0.4749999999999999778, 0.000000000000000000, -0.3250000000000000111 ) ) ;
#2199 = DIRECTION ( 'NONE',  ( 0.000000000000000000, 0.000000000000000000, 1.000000000000000000 ) ) ;
#2200 = ORIENTED_EDGE ( 'NONE', *, *, #3794, .F. ) ;
#2201 = FACE_OUTER_BOUND ( 'NONE', #2849, .T. ) ;
#2202 = LINE ( 'NONE', #676, #2904 ) ;
#2203 = ADVANCED_FACE ( 'NONE', ( #3389 ), #2503, .F. ) ;
#2204 = VERTEX_POINT ( 'NONE', #1879 ) ;
#2205 = DIRECTION ( 'NONE',  ( 0.000000000000000000, -1.000000000000000000, 0.000000000000000000 ) ) ;
#2206 = PLANE ( 'NONE',  #1239 ) ;
#2207 = CARTESIAN_POINT ( 'NONE',  ( -0.9000000000000000222, 0.9749999999999999778, 0.5999999999999999778 ) ) ;
#2208 = EDGE_CURVE ( 'NONE', #3683, #2577, #689, .T. ) ;
#2209 = ORIENTED_EDGE ( 'NONE', *, *, #2560, .T. ) ;
#2210 = EDGE_CURVE ( 'NONE', #426, #2455, #707, .T. ) ;
#2211 = ORIENTED_EDGE ( 'NONE', *, *, #3028, .T. ) ;
#2212 = CARTESIAN_POINT ( 'NONE',  ( -0.2625000000000000111, 0.8249999999999999556, 1.000000000000000000 ) ) ;
#2213 = CARTESIAN_POINT ( 'NONE',  ( -1.149999999999999911, 0.000000000000000000, -0.3250000000000000111 ) ) ;
#2214 = ORIENTED_EDGE ( 'NONE', *, *, #1157, .F. ) ;
#2215 = DIRECTION ( 'NONE',  ( 0.000000000000000000, 1.000000000000000000, 0.000000000000000000 ) ) ;
#2216 = CARTESIAN_POINT ( 'NONE',  ( 0.4749999999999999778, 0.000000000000000000, -0.9000000000000000222 ) ) ;
#2217 = CARTESIAN_POINT ( 'NONE',  ( -0.4749999999999999778, 0.000000000000000000, 0.5250000000000000222 ) ) ;
#2218 = VERTEX_POINT ( 'NONE', #640 ) ;
#2219 = FACE_OUTER_BOUND ( 'NONE', #901, .T. ) ;
#2220 = DIRECTION ( 'NONE',  ( 1.000000000000000000, -1.355252715606880049E-16, 0.000000000000000000 ) ) ;
#2221 = LINE ( 'NONE', #3414, #719 ) ;
#2222 = ORIENTED_EDGE ( 'NONE', *, *, #2317, .T. ) ;
#2223 = DIRECTION ( 'NONE',  ( 0.000000000000000000, 0.000000000000000000, -1.000000000000000000 ) ) ;
#2224 = CARTESIAN_POINT ( 'NONE',  ( -1.250000000000000000, 0.4500000000000000111, -1.000000000000000000 ) ) ;
#2225 = ORIENTED_EDGE ( 'NONE', *, *, #2564, .T. ) ;
#2226 = ORIENTED_EDGE ( 'NONE', *, *, #1748, .F. ) ;
#2227 = CARTESIAN_POINT ( 'NONE',  ( 1.149999999999999911, 0.4500000000000000111, 0.3250000000000000111 ) ) ;
#2228 = ADVANCED_FACE ( 'NONE', ( #114 ), #2520, .T. ) ;
#2229 = VERTEX_POINT ( 'NONE', #1900 ) ;
#2230 = CARTESIAN_POINT ( 'NONE',  ( -0.2000000000000000111, 0.000000000000000000, -1.000000000000000000 ) ) ;
#2231 = EDGE_CURVE ( 'NONE', #448, #2364, #1566, .T. ) ;
#2232 = VECTOR ( 'NONE', #1386, 1000.000000000000000 ) ;
#2233 = VECTOR ( 'NONE', #2736, 1000.000000000000000 ) ;
#2234 = ORIENTED_EDGE ( 'NONE', *, *, #970, .T. ) ;
#2235 = AXIS2_PLACEMENT_3D ( 'NONE', #3272, #3507, #2588 ) ;
#2236 = VERTEX_POINT ( 'NONE', #53 ) ;
#2237 = CARTESIAN_POINT ( 'NONE',  ( 1.250000000000000000, 1.477740239554724111, -0.9375000000000000000 ) ) ;
#2238 = CARTESIAN_POINT ( 'NONE',  ( 1.149999999999999911, 0.000000000000000000, -0.3250000000000000111 ) ) ;
#2239 = CIRCLE ( 'NONE', #22, 0.06250000000000005551 ) ;
#2240 = ORIENTED_EDGE ( 'NONE', *, *, #1704, .T. ) ;
#2241 = CARTESIAN_POINT ( 'NONE',  ( 0.2000000000000000111, 0.4500000000000000111, -0.9375000000000000000 ) ) ;
#2242 = DIRECTION ( 'NONE',  ( 0.000000000000000000, 0.000000000000000000, 1.000000000000000000 ) ) ;
#2243 = VECTOR ( 'NONE', #3237, 1000.000000000000114 ) ;
#2244 = ORIENTED_EDGE ( 'NONE', *, *, #2506, .T. ) ;
#2245 = ORIENTED_EDGE ( 'NONE', *, *, #3369, .T. ) ;
#2246 = AXIS2_PLACEMENT_3D ( 'NONE', #2340, #3798, #1750 ) ;
#2247 = LINE ( 'NONE', #143, #973 ) ;
#2248 = DIRECTION ( 'NONE',  ( 1.000000000000000000, 0.000000000000000000, 0.000000000000000000 ) ) ;
#2249 = VERTEX_POINT ( 'NONE', #989 ) ;
#2250 = VECTOR ( 'NONE', #655, 1000.000000000000000 ) ;
#2251 = ADVANCED_FACE ( 'NONE', ( #2874 ), #1344, .T. ) ;
#2252 = CARTESIAN_POINT ( 'NONE',  ( -0.9000000000000000222, 0.9749999999999999778, 0.7249999999999999778 ) ) ;
#2253 =( LENGTH_UNIT ( ) NAMED_UNIT ( * ) SI_UNIT ( .MILLI., .METRE. ) );
#2254 = EDGE_CURVE ( 'NONE', #2809, #2445, #1364, .T. ) ;
#2255 = VERTEX_POINT ( 'NONE', #2536 ) ;
#2256 = DIRECTION ( 'NONE',  ( 0.7540815958863057444, 0.000000000000000000, -0.6567807448042017882 ) ) ;
#2257 = LINE ( 'NONE', #3451, #2232 ) ;
#2258 = ORIENTED_EDGE ( 'NONE', *, *, #1452, .F. ) ;
#2259 = FACE_OUTER_BOUND ( 'NONE', #1384, .T. ) ;
#2260 = FACE_OUTER_BOUND ( 'NONE', #2527, .T. ) ;
#2261 = DIRECTION ( 'NONE',  ( 0.000000000000000000, -1.000000000000000000, 0.000000000000000000 ) ) ;
#2262 = VERTEX_POINT ( 'NONE', #3499 ) ;
#2263 = PRESENTATION_STYLE_ASSIGNMENT (( #3782 ) ) ;
#2264 = CARTESIAN_POINT ( 'NONE',  ( -1.250000000000000000, 0.8249999999999999556, -0.9375000000000000000 ) ) ;
#2265 = ORIENTED_EDGE ( 'NONE', *, *, #3872, .F. ) ;
#2266 = ORIENTED_EDGE ( 'NONE', *, *, #3329, .F. ) ;
#2267 = CARTESIAN_POINT ( 'NONE',  ( -0.2000000000000000111, 0.000000000000000000, -0.9375000000000000000 ) ) ;
#2268 = ADVANCED_FACE ( 'NONE', ( #3152 ), #763, .T. ) ;
#2269 = ORIENTED_EDGE ( 'NONE', *, *, #3329, .T. ) ;
#2270 = CARTESIAN_POINT ( 'NONE',  ( -1.187500000000000000, 1.477740239554724111, -1.000000000000000000 ) ) ;
#2271 = EDGE_CURVE ( 'NONE', #293, #1371, #2282, .T. ) ;
#2272 = LINE ( 'NONE', #3103, #201 ) ;
#2273 = ORIENTED_EDGE ( 'NONE', *, *, #2646, .T. ) ;
#2274 = LINE ( 'NONE', #2241, #2412 ) ;
#2275 = DIRECTION ( 'NONE',  ( 0.000000000000000000, 0.000000000000000000, -1.000000000000000000 ) ) ;
#2276 = EDGE_CURVE ( 'NONE', #2535, #1193, #2008, .T. ) ;
#2277 = VERTEX_POINT ( 'NONE', #3478 ) ;
#2278 = CARTESIAN_POINT ( 'NONE',  ( 0.2000000000000000111, 0.000000000000000000, 0.9375000000000000000 ) ) ;
#2279 = DIRECTION ( 'NONE',  ( 0.000000000000000000, 0.000000000000000000, 1.000000000000000000 ) ) ;
#2280 = ORIENTED_EDGE ( 'NONE', *, *, #1279, .T. ) ;
#2281 = ORIENTED_EDGE ( 'NONE', *, *, #2147, .T. ) ;
#2282 = LINE ( 'NONE', #1973, #2113 ) ;
#2283 = DIRECTION ( 'NONE',  ( -0.7540815958863057444, 0.000000000000000000, 0.6567807448042017882 ) ) ;
#2284 = CARTESIAN_POINT ( 'NONE',  ( 0.2000000000000000111, 0.2250000000000000056, 0.9375000000000000000 ) ) ;
#2285 = AXIS2_PLACEMENT_3D ( 'NONE', #1977, #1316, #3412 ) ;
#2286 = VECTOR ( 'NONE', #3617, 1000.000000000000114 ) ;
#2287 = EDGE_CURVE ( 'NONE', #1928, #2218, #3429, .T. ) ;
#2288 = ORIENTED_EDGE ( 'NONE', *, *, #389, .T. ) ;
#2289 = LINE ( 'NONE', #1188, #269 ) ;
#2290 = AXIS2_PLACEMENT_3D ( 'NONE', #3403, #2081, #3492 ) ;
#2291 = DIRECTION ( 'NONE',  ( 0.000000000000000000, -1.000000000000000000, 0.000000000000000000 ) ) ;
#2292 = DIRECTION ( 'NONE',  ( 0.000000000000000000, -1.000000000000000000, 0.000000000000000000 ) ) ;
#2293 = VECTOR ( 'NONE', #2314, 1000.000000000000000 ) ;
#2294 = EDGE_CURVE ( 'NONE', #1378, #850, #1941, .T. ) ;
#2295 = VERTEX_POINT ( 'NONE', #2267 ) ;
#2296 = CARTESIAN_POINT ( 'NONE',  ( -1.074999999999999956, 1.000000000000000000, -0.8000000000000000444 ) ) ;
#2297 = DIRECTION ( 'NONE',  ( 1.000000000000000000, 0.000000000000000000, 2.409338161078900167E-16 ) ) ;
#2298 = VECTOR ( 'NONE', #501, 1000.000000000000000 ) ;
#2299 = LINE ( 'NONE', #3752, #716 ) ;
#2300 = ORIENTED_EDGE ( 'NONE', *, *, #2887, .T. ) ;
#2301 = COLOUR_RGB ( '',0.7921568627450980005, 0.8196078431372548767, 0.9333333333333333481 ) ;
#2302 = CARTESIAN_POINT ( 'NONE',  ( -1.250000000000000000, 0.000000000000000000, 1.000000000000000000 ) ) ;
#2303 = AXIS2_PLACEMENT_3D ( 'NONE', #764, #1974, #3275 ) ;
#2304 = AXIS2_PLACEMENT_3D ( 'NONE', #1778, #3778, #825 ) ;
#2305 = DIRECTION ( 'NONE',  ( 0.000000000000000000, 1.000000000000000000, 0.000000000000000000 ) ) ;
#2306 = ORIENTED_EDGE ( 'NONE', *, *, #3246, .T. ) ;
#2307 = VERTEX_POINT ( 'NONE', #2832 ) ;
#2308 = CARTESIAN_POINT ( 'NONE',  ( -0.4749999999999999778, 1.477740239554724111, -0.3250000000000000111 ) ) ;
#2309 = CARTESIAN_POINT ( 'NONE',  ( 1.250000000000000000, 0.4500000000000000111, -0.9375000000000000000 ) ) ;
#2310 = LINE ( 'NONE', #1432, #3787 ) ;
#2311 = ADVANCED_FACE ( 'NONE', ( #2593 ), #1718, .T. ) ;
#2312 = UNCERTAINTY_MEASURE_WITH_UNIT (LENGTH_MEASURE( 1.000000000000000082E-05 ), #1954, 'distance_accuracy_value', 'NONE');
#2313 = ORIENTED_EDGE ( 'NONE', *, *, #2430, .F. ) ;
#2314 = DIRECTION ( 'NONE',  ( 0.000000000000000000, -1.000000000000000000, 0.000000000000000000 ) ) ;
#2315 = CARTESIAN_POINT ( 'NONE',  ( -0.4749999999999999778, 0.4500000000000000111, 0.5250000000000000222 ) ) ;
#2316 = ADVANCED_FACE ( 'NONE', ( #3735 ), #470, .T. ) ;
#2317 = EDGE_CURVE ( 'NONE', #1439, #1200, #588, .T. ) ;
#2318 = ORIENTED_EDGE ( 'NONE', *, *, #2937, .F. ) ;
#2319 = DIRECTION ( 'NONE',  ( 0.000000000000000000, 1.000000000000000000, 0.000000000000000000 ) ) ;
#2320 = EDGE_CURVE ( 'NONE', #346, #2591, #3300, .T. ) ;
#2321 = LINE ( 'NONE', #562, #1036 ) ;
#2322 = LINE ( 'NONE', #3516, #2343 ) ;
#2323 = ORIENTED_EDGE ( 'NONE', *, *, #188, .T. ) ;
#2324 = ORIENTED_EDGE ( 'NONE', *, *, #1576, .T. ) ;
#2325 = CARTESIAN_POINT ( 'NONE',  ( -1.250000000000000000, 0.4500000000000000111, 1.000000000000000000 ) ) ;
#2326 = CARTESIAN_POINT ( 'NONE',  ( -1.074999999999999956, 1.000000000000000000, 0.8000000000000000444 ) ) ;
#2327 = ORIENTED_EDGE ( 'NONE', *, *, #2516, .T. ) ;
#2328 = LINE ( 'NONE', #1151, #2540 ) ;
#2329 = DIRECTION ( 'NONE',  ( 0.000000000000000000, -1.000000000000000000, 0.000000000000000000 ) ) ;
#2330 = ORIENTED_EDGE ( 'NONE', *, *, #3452, .T. ) ;
#2331 = ORIENTED_EDGE ( 'NONE', *, *, #3600, .T. ) ;
#2332 = ADVANCED_FACE ( 'NONE', ( #1047 ), #1419, .F. ) ;
#2333 = LINE ( 'NONE', #3658, #1792 ) ;
#2334 = CARTESIAN_POINT ( 'NONE',  ( -1.074999999999999956, 1.000000000000000000, -0.9000000000000000222 ) ) ;
#2335 = DIRECTION ( 'NONE',  ( 0.000000000000000000, 0.000000000000000000, 1.000000000000000000 ) ) ;
#2336 = EDGE_CURVE ( 'NONE', #3410, #2750, #1082, .T. ) ;
#2337 = CYLINDRICAL_SURFACE ( 'NONE', #3788, 0.06250000000000005551 ) ;
#2338 = ORIENTED_EDGE ( 'NONE', *, *, #2183, .T. ) ;
#2339 = ORIENTED_EDGE ( 'NONE', *, *, #214, .T. ) ;
#2340 = CARTESIAN_POINT ( 'NONE',  ( -0.2000000000000000111, 0.9000000000000000222, -1.000000000000000000 ) ) ;
#2341 = CARTESIAN_POINT ( 'NONE',  ( 1.250000000000000000, -2.376562118716424976, -0.9375000000000000000 ) ) ;
#2342 = VECTOR ( 'NONE', #3467, 1000.000000000000000 ) ;
#2343 = VECTOR ( 'NONE', #2032, 1000.000000000000000 ) ;
#2344 = VECTOR ( 'NONE', #3119, 1000.000000000000000 ) ;
#2345 = CARTESIAN_POINT ( 'NONE',  ( 1.149999999999999911, 0.000000000000000000, -0.8504032258064510019 ) ) ;
#2346 = ORIENTED_EDGE ( 'NONE', *, *, #2955, .T. ) ;
#2347 = LINE ( 'NONE', #812, #3607 ) ;
#2348 = AXIS2_PLACEMENT_3D ( 'NONE', #2111, #3194, #3797 ) ;
#2349 = VERTEX_POINT ( 'NONE', #2252 ) ;
#2350 = VERTEX_POINT ( 'NONE', #435 ) ;
#2351 = VECTOR ( 'NONE', #2319, 1000.000000000000000 ) ;
#2352 = FACE_OUTER_BOUND ( 'NONE', #190, .T. ) ;
#2353 = FILL_AREA_STYLE ('',( #228 ) ) ;
#2354 = EDGE_CURVE ( 'NONE', #957, #2295, #2799, .T. ) ;
#2355 = VECTOR ( 'NONE', #3713, 1000.000000000000000 ) ;
#2356 = CIRCLE ( 'NONE', #1049, 0.06250000000000005551 ) ;
#2357 = FACE_OUTER_BOUND ( 'NONE', #3769, .T. ) ;
#2358 = DIRECTION ( 'NONE',  ( 0.000000000000000000, 0.000000000000000000, -1.000000000000000000 ) ) ;
#2359 = ADVANCED_FACE ( 'NONE', ( #730 ), #3137, .T. ) ;
#2360 = ADVANCED_FACE ( 'NONE', ( #2352 ), #3885, .T. ) ;
#2361 = DIRECTION ( 'NONE',  ( 0.000000000000000000, -1.000000000000000000, 0.000000000000000000 ) ) ;
#2362 = ORIENTED_EDGE ( 'NONE', *, *, #220, .T. ) ;
#2363 = AXIS2_PLACEMENT_3D ( 'NONE', #2855, #452, #3450 ) ;
#2364 = VERTEX_POINT ( 'NONE', #2617 ) ;
#2365 = VECTOR ( 'NONE', #322, 1000.000000000000114 ) ;
#2366 = PLANE ( 'NONE',  #353 ) ;
#2367 = EDGE_LOOP ( 'NONE', ( #268, #795, #45, #3357 ) ) ;
#2368 = FACE_OUTER_BOUND ( 'NONE', #2191, .T. ) ;
#2369 = ORIENTED_EDGE ( 'NONE', *, *, #2004, .F. ) ;
#2370 = ORIENTED_EDGE ( 'NONE', *, *, #972, .T. ) ;
#2371 = DIRECTION ( 'NONE',  ( 0.000000000000000000, -1.000000000000000000, 0.000000000000000000 ) ) ;
#2372 = CARTESIAN_POINT ( 'NONE',  ( 1.187500000000000000, 0.8249999999999999556, -1.000000000000000000 ) ) ;
#2373 = DIRECTION ( 'NONE',  ( 1.000000000000000000, 0.000000000000000000, 0.000000000000000000 ) ) ;
#2374 = EDGE_CURVE ( 'NONE', #3663, #3633, #873, .T. ) ;
#2375 = CARTESIAN_POINT ( 'NONE',  ( -1.187500000000000000, 0.9000000000000000222, 1.000000000000000000 ) ) ;
#2376 = DIRECTION ( 'NONE',  ( 0.000000000000000000, 1.000000000000000000, 0.000000000000000000 ) ) ;
#2377 = ORIENTED_EDGE ( 'NONE', *, *, #773, .T. ) ;
#2378 = EDGE_LOOP ( 'NONE', ( #3823, #815, #455, #976 ) ) ;
#2379 = EDGE_CURVE ( 'NONE', #3584, #383, #272, .T. ) ;
#2380 = CARTESIAN_POINT ( 'NONE',  ( 0.4749999999999999778, 0.4500000000000000111, -0.3250000000000000111 ) ) ;
#2381 = DIRECTION ( 'NONE',  ( 1.885568995626964780E-16, 0.000000000000000000, -1.000000000000000000 ) ) ;
#2382 = ORIENTED_EDGE ( 'NONE', *, *, #484, .F. ) ;
#2383 = ADVANCED_FACE ( 'NONE', ( #3824 ), #1160, .F. ) ;
#2384 = DIRECTION ( 'NONE',  ( 1.814002085645769733E-16, 0.000000000000000000, -1.000000000000000000 ) ) ;
#2385 = LINE ( 'NONE', #2645, #3614 ) ;
#2386 = ORIENTED_EDGE ( 'NONE', *, *, #1522, .T. ) ;
#2387 = VERTEX_POINT ( 'NONE', #1771 ) ;
#2388 = CARTESIAN_POINT ( 'NONE',  ( -1.149999999999999911, 0.4500000000000000111, 0.8504032258064510019 ) ) ;
#2389 = DIRECTION ( 'NONE',  ( 0.000000000000000000, -1.000000000000000000, 0.000000000000000000 ) ) ;
#2390 = CARTESIAN_POINT ( 'NONE',  ( 1.187500000000000000, 0.8249999999999999556, -1.000000000000000000 ) ) ;
#2391 = VERTEX_POINT ( 'NONE', #2692 ) ;
#2392 = ORIENTED_EDGE ( 'NONE', *, *, #2867, .T. ) ;
#2393 = CARTESIAN_POINT ( 'NONE',  ( -1.250000000000000000, 1.477740239554724111, -0.9375000000000000000 ) ) ;
#2394 = CARTESIAN_POINT ( 'NONE',  ( 1.175000000000000044, 1.000000000000000000, -0.8000000000000000444 ) ) ;
#2395 = CARTESIAN_POINT ( 'NONE',  ( -1.250000000000000000, 0.4500000000000000111, 1.000000000000000000 ) ) ;
#2396 = EDGE_CURVE ( 'NONE', #2600, #2922, #2672, .T. ) ;
#2397 = ORIENTED_EDGE ( 'NONE', *, *, #3578, .F. ) ;
#2398 = DIRECTION ( 'NONE',  ( 0.000000000000000000, -1.000000000000000000, 0.000000000000000000 ) ) ;
#2399 = AXIS2_PLACEMENT_3D ( 'NONE', #136, #189, #2072 ) ;
#2400 = FACE_OUTER_BOUND ( 'NONE', #1537, .T. ) ;
#2401 = CIRCLE ( 'NONE', #3728, 0.06250000000000005551 ) ;
#2402 = DIRECTION ( 'NONE',  ( 0.000000000000000000, -1.000000000000000000, 0.000000000000000000 ) ) ;
#2403 = EDGE_CURVE ( 'NONE', #845, #446, #2239, .T. ) ;
#2404 = ORIENTED_EDGE ( 'NONE', *, *, #3825, .F. ) ;
#2405 = VECTOR ( 'NONE', #3282, 1000.000000000000000 ) ;
#2406 = VECTOR ( 'NONE', #2942, 1000.000000000000000 ) ;
#2407 = ORIENTED_EDGE ( 'NONE', *, *, #2078, .F. ) ;
#2408 = CARTESIAN_POINT ( 'NONE',  ( -0.2000000000000000111, 0.9000000000000000222, -0.9375000000000000000 ) ) ;
#2409 = DIRECTION ( 'NONE',  ( 0.000000000000000000, 1.000000000000000000, 0.000000000000000000 ) ) ;
#2410 = AXIS2_PLACEMENT_3D ( 'NONE', #1949, #3439, #1908 ) ;
#2411 = CARTESIAN_POINT ( 'NONE',  ( -1.250000000000000000, 0.000000000000000000, 0.9375000000000000000 ) ) ;
#2412 = VECTOR ( 'NONE', #2839, 1000.000000000000000 ) ;
#2413 = LINE ( 'NONE', #305, #3481 ) ;
#2414 = LINE ( 'NONE', #3006, #340 ) ;
#2415 = DIRECTION ( 'NONE',  ( 0.000000000000000000, 1.000000000000000000, 0.000000000000000000 ) ) ;
#2416 = CIRCLE ( 'NONE', #656, 0.06250000000000005551 ) ;
#2417 = CARTESIAN_POINT ( 'NONE',  ( -0.6750000000000000444, 1.477740239554724111, 0.3250000000000000111 ) ) ;
#2418 = ORIENTED_EDGE ( 'NONE', *, *, #459, .F. ) ;
#2419 = VECTOR ( 'NONE', #1424, 1000.000000000000000 ) ;
#2420 = CIRCLE ( 'NONE', #3679, 0.06250000000000005551 ) ;
#2421 = ORIENTED_EDGE ( 'NONE', *, *, #3143, .F. ) ;
#2422 = LINE ( 'NONE', #3372, #2120 ) ;
#2423 = FACE_OUTER_BOUND ( 'NONE', #1747, .T. ) ;
#2424 = CLOSED_SHELL ( 'NONE', ( #2634, #998, #169, #3509, #2096, #75, #235, #1915, #2913, #1979, #3147, #3421, #2931, #3736, #1111, #3093, #2151, #3731 ) ) ;
#2425 = CIRCLE ( 'NONE', #98, 0.06250000000000005551 ) ;
#2426 = PRESENTATION_LAYER_ASSIGNMENT (  '', '', ( #481 ) ) ;
#2427 = ORIENTED_EDGE ( 'NONE', *, *, #2867, .F. ) ;
#2428 = FACE_OUTER_BOUND ( 'NONE', #683, .T. ) ;
#2429 = CARTESIAN_POINT ( 'NONE',  ( 1.250000000000000000, 0.8249999999999999556, 0.9375000000000000000 ) ) ;
#2430 = EDGE_CURVE ( 'NONE', #1200, #3402, #2026, .T. ) ;
#2431 = ORIENTED_EDGE ( 'NONE', *, *, #3471, .F. ) ;
#2432 = ORIENTED_EDGE ( 'NONE', *, *, #1526, .F. ) ;
#2433 = CARTESIAN_POINT ( 'NONE',  ( 0.2000000000000000111, 0.8249999999999999556, -0.9375000000000000000 ) ) ;
#2434 = EDGE_CURVE ( 'NONE', #506, #1700, #3842, .T. ) ;
#2435 = EDGE_CURVE ( 'NONE', #1355, #1928, #3810, .T. ) ;
#2436 = CARTESIAN_POINT ( 'NONE',  ( -9.147955830346430103E-17, 0.2250000000000000056, -0.9375000000000000000 ) ) ;
#2437 = ORIENTED_EDGE ( 'NONE', *, *, #3369, .F. ) ;
#2438 = DIRECTION ( 'NONE',  ( 0.000000000000000000, -1.000000000000000000, 0.000000000000000000 ) ) ;
#2439 = DIRECTION ( 'NONE',  ( 0.000000000000000000, -1.000000000000000000, 0.000000000000000000 ) ) ;
#2440 = CARTESIAN_POINT ( 'NONE',  ( 0.2625000000000000111, -2.376562118716424976, 1.000000000000000000 ) ) ;
#2441 = EDGE_CURVE ( 'NONE', #2262, #2909, #3531, .T. ) ;
#2442 = CARTESIAN_POINT ( 'NONE',  ( -0.2625000000000000111, 0.8249999999999999556, -1.000000000000000000 ) ) ;
#2443 = LINE ( 'NONE', #3638, #3113 ) ;
#2444 = CARTESIAN_POINT ( 'NONE',  ( 1.250000000000000000, 0.8249999999999999556, -0.9375000000000000000 ) ) ;
#2445 = VERTEX_POINT ( 'NONE', #3591 ) ;
#2446 = ORIENTED_EDGE ( 'NONE', *, *, #623, .T. ) ;
#2447 = CARTESIAN_POINT ( 'NONE',  ( 0.2000000000000000111, 0.9000000000000000222, -0.9375000000000000000 ) ) ;
#2448 = CARTESIAN_POINT ( 'NONE',  ( -0.2000000000000000111, 0.4500000000000000111, -0.9375000000000000000 ) ) ;
#2449 = DIRECTION ( 'NONE',  ( 0.000000000000000000, 0.000000000000000000, 1.000000000000000000 ) ) ;
#2450 = ORIENTED_EDGE ( 'NONE', *, *, #1428, .F. ) ;
#2451 = CARTESIAN_POINT ( 'NONE',  ( 1.187500000000000000, 0.000000000000000000, -1.000000000000000000 ) ) ;
#2452 = DIRECTION ( 'NONE',  ( 0.000000000000000000, 0.000000000000000000, -1.000000000000000000 ) ) ;
#2453 = DIRECTION ( 'NONE',  ( 0.000000000000000000, 0.000000000000000000, -1.000000000000000000 ) ) ;
#2454 = VERTEX_POINT ( 'NONE', #3241 ) ;
#2455 = VERTEX_POINT ( 'NONE', #1757 ) ;
#2456 = CARTESIAN_POINT ( 'NONE',  ( -0.4749999999999999778, 0.4500000000000000111, 0.5250000000000000222 ) ) ;
#2457 = DIRECTION ( 'NONE',  ( 0.000000000000000000, 0.000000000000000000, 1.000000000000000000 ) ) ;
#2458 = VERTEX_POINT ( 'NONE', #1811 ) ;
#2459 = EDGE_CURVE ( 'NONE', #1910, #3438, #2945, .T. ) ;
#2460 = DIRECTION ( 'NONE',  ( 0.000000000000000000, -1.000000000000000000, 0.000000000000000000 ) ) ;
#2461 = CARTESIAN_POINT ( 'NONE',  ( 1.149999999999999911, 0.4500000000000000111, -0.8504032258064510019 ) ) ;
#2462 = CARTESIAN_POINT ( 'NONE',  ( 1.250000000000000000, 0.9000000000000000222, 0.000000000000000000 ) ) ;
#2463 = CARTESIAN_POINT ( 'NONE',  ( -0.2000000000000000111, 0.9000000000000000222, 0.9375000000000000000 ) ) ;
#2464 = EDGE_CURVE ( 'NONE', #1845, #219, #2178, .T. ) ;
#2465 = VERTEX_POINT ( 'NONE', #3512 ) ;
#2466 = DIRECTION ( 'NONE',  ( -0.7540815958863064106, 0.000000000000000000, -0.6567807448042013441 ) ) ;
#2467 = CARTESIAN_POINT ( 'NONE',  ( -1.149999999999999911, 0.4500000000000000111, 0.8504032258064510019 ) ) ;
#2468 = ORIENTED_EDGE ( 'NONE', *, *, #3176, .F. ) ;
#2469 = FACE_OUTER_BOUND ( 'NONE', #1337, .T. ) ;
#2470 = FILL_AREA_STYLE_COLOUR ( '', #2674 ) ;
#2471 = CARTESIAN_POINT ( 'NONE',  ( -1.175000000000000044, 0.9000000000000000222, 0.8000000000000000444 ) ) ;
#2472 = VERTEX_POINT ( 'NONE', #559 ) ;
#2473 = ORIENTED_EDGE ( 'NONE', *, *, #1702, .F. ) ;
#2474 = CARTESIAN_POINT ( 'NONE',  ( 0.000000000000000000, 0.000000000000000000, 1.000000000000000000 ) ) ;
#2475 = CIRCLE ( 'NONE', #1918, 0.1250000000000000000 ) ;
#2476 = CARTESIAN_POINT ( 'NONE',  ( 1.072685185185183965, 0.4500000000000000111, 0.9000000000000000222 ) ) ;
#2477 = VECTOR ( 'NONE', #1079, 1000.000000000000000 ) ;
#2478 = ORIENTED_EDGE ( 'NONE', *, *, #3533, .F. ) ;
#2479 = VECTOR ( 'NONE', #1166, 1000.000000000000000 ) ;
#2480 = CARTESIAN_POINT ( 'NONE',  ( -0.4749999999999999778, 0.4500000000000000111, 0.5250000000000000222 ) ) ;
#2481 = DIRECTION ( 'NONE',  ( 0.000000000000000000, 0.000000000000000000, 1.000000000000000000 ) ) ;
#2482 = ADVANCED_FACE ( 'NONE', ( #892 ), #2958, .T. ) ;
#2483 = VECTOR ( 'NONE', #2702, 1000.000000000000000 ) ;
#2484 = LINE ( 'NONE', #3657, #2660 ) ;
#2485 = FILL_AREA_STYLE_COLOUR ( '', #3746 ) ;
#2486 = EDGE_LOOP ( 'NONE', ( #2163, #3127, #2705, #1147, #249, #3187, #3104 ) ) ;
#2487 = AXIS2_PLACEMENT_3D ( 'NONE', #4, #3023, #686 ) ;
#2488 = CARTESIAN_POINT ( 'NONE',  ( -1.149999999999999911, 1.477740239554724111, 0.8504032258064510019 ) ) ;
#2489 = EDGE_CURVE ( 'NONE', #2350, #2255, #3572, .T. ) ;
#2490 = DIRECTION ( 'NONE',  ( -1.000000000000000000, 0.000000000000000000, 0.000000000000000000 ) ) ;
#2491 = EDGE_CURVE ( 'NONE', #2391, #2600, #212, .T. ) ;
#2492 = DIRECTION ( 'NONE',  ( 0.000000000000000000, 1.000000000000000000, 0.000000000000000000 ) ) ;
#2493 = ORIENTED_EDGE ( 'NONE', *, *, #970, .F. ) ;
#2494 = CARTESIAN_POINT ( 'NONE',  ( 1.250000000000000000, -2.376562118716424976, -1.000000000000000000 ) ) ;
#2495 = CARTESIAN_POINT ( 'NONE',  ( -0.2625000000000000111, -2.376562118716424976, -1.000000000000000000 ) ) ;
#2496 = VECTOR ( 'NONE', #3723, 1000.000000000000000 ) ;
#2497 =( NAMED_UNIT ( * ) PLANE_ANGLE_UNIT ( ) SI_UNIT ( $, .RADIAN. ) );
#2498 = VERTEX_POINT ( 'NONE', #3002 ) ;
#2499 = VECTOR ( 'NONE', #1569, 1000.000000000000000 ) ;
#2500 = ORIENTED_EDGE ( 'NONE', *, *, #3064, .F. ) ;
#2501 = CARTESIAN_POINT ( 'NONE',  ( 1.175000000000000044, 0.9000000000000000222, 0.8000000000000000444 ) ) ;
#2502 = ORIENTED_EDGE ( 'NONE', *, *, #2210, .T. ) ;
#2503 = PLANE ( 'NONE',  #1168 ) ;
#2504 = PLANE ( 'NONE',  #466 ) ;
#2505 = CARTESIAN_POINT ( 'NONE',  ( 1.250000000000000000, -2.376562118716424976, 1.000000000000000000 ) ) ;
#2506 = EDGE_CURVE ( 'NONE', #309, #2972, #303, .T. ) ;
#2507 = ORIENTED_EDGE ( 'NONE', *, *, #2009, .F. ) ;
#2508 = CARTESIAN_POINT ( 'NONE',  ( -0.4749999999999999778, 1.477740239554724111, -0.9000000000000000222 ) ) ;
#2509 = CARTESIAN_POINT ( 'NONE',  ( 0.000000000000000000, 0.000000000000000000, 1.000000000000000000 ) ) ;
#2510 = EDGE_CURVE ( 'NONE', #1170, #1070, #2416, .T. ) ;
#2511 = ORIENTED_EDGE ( 'NONE', *, *, #529, .T. ) ;
#2512 = CARTESIAN_POINT ( 'NONE',  ( 1.250000000000000000, 0.9000000000000000222, -1.000000000000000000 ) ) ;
#2513 = DIRECTION ( 'NONE',  ( 0.000000000000000000, 0.000000000000000000, -1.000000000000000000 ) ) ;
#2514 = ORIENTED_EDGE ( 'NONE', *, *, #503, .T. ) ;
#2515 = LINE ( 'NONE', #3090, #1415 ) ;
#2516 = EDGE_CURVE ( 'NONE', #3675, #845, #2145, .T. ) ;
#2517 = EDGE_LOOP ( 'NONE', ( #2226, #2816, #257, #3149 ) ) ;
#2518 = DIRECTION ( 'NONE',  ( 0.000000000000000000, 0.000000000000000000, -1.000000000000000000 ) ) ;
#2519 = ORIENTED_EDGE ( 'NONE', *, *, #2955, .F. ) ;
#2520 = PLANE ( 'NONE',  #1042 ) ;
#2521 = DIRECTION ( 'NONE',  ( 0.000000000000000000, 0.000000000000000000, 1.000000000000000000 ) ) ;
#2522 = CARTESIAN_POINT ( 'NONE',  ( -0.2000000000000000111, 0.2250000000000000056, 0.9375000000000000000 ) ) ;
#2523 = ORIENTED_EDGE ( 'NONE', *, *, #3533, .T. ) ;
#2524 = CARTESIAN_POINT ( 'NONE',  ( -0.4749999999999999778, 0.000000000000000000, 0.9000000000000000222 ) ) ;
#2525 = DIRECTION ( 'NONE',  ( 0.000000000000000000, 0.000000000000000000, -1.000000000000000000 ) ) ;
#2526 = FACE_OUTER_BOUND ( 'NONE', #3744, .T. ) ;
#2527 = EDGE_LOOP ( 'NONE', ( #3511, #3802, #2792, #2117, #2392, #902, #3351 ) ) ;
#2528 = DIRECTION ( 'NONE',  ( 4.818676322157800333E-16, 1.000000000000000000, 0.000000000000000000 ) ) ;
#2529 = CARTESIAN_POINT ( 'NONE',  ( -1.250000000000000000, 0.9000000000000000222, 1.000000000000000000 ) ) ;
#2530 = EDGE_CURVE ( 'NONE', #3644, #3022, #1227, .T. ) ;
#2531 = EDGE_LOOP ( 'NONE', ( #1513, #1835, #1761, #191 ) ) ;
#2532 = VERTEX_POINT ( 'NONE', #2787 ) ;
#2533 = LINE ( 'NONE', #3730, #1422 ) ;
#2534 = ADVANCED_FACE ( 'NONE', ( #1303 ), #3672, .F. ) ;
#2535 = VERTEX_POINT ( 'NONE', #3110 ) ;
#2536 = CARTESIAN_POINT ( 'NONE',  ( 0.2000000000000000111, 0.4500000000000000111, 0.9375000000000000000 ) ) ;
#2537 = VECTOR ( 'NONE', #14, 1000.000000000000000 ) ;
#2538 = VECTOR ( 'NONE', #1098, 1000.000000000000000 ) ;
#2539 = DIRECTION ( 'NONE',  ( 0.000000000000000000, -1.000000000000000000, 0.000000000000000000 ) ) ;
#2540 = VECTOR ( 'NONE', #3198, 1000.000000000000000 ) ;
#2541 = ORIENTED_EDGE ( 'NONE', *, *, #820, .F. ) ;
#2542 = FACE_OUTER_BOUND ( 'NONE', #2915, .T. ) ;
#2543 = FACE_OUTER_BOUND ( 'NONE', #1888, .T. ) ;
#2544 = AXIS2_PLACEMENT_3D ( 'NONE', #2512, #138, #1035 ) ;
#2545 = VECTOR ( 'NONE', #2460, 1000.000000000000000 ) ;
#2546 = ORIENTED_EDGE ( 'NONE', *, *, #2842, .F. ) ;
#2547 = DIRECTION ( 'NONE',  ( 3.771137991253930052E-16, 0.000000000000000000, -1.000000000000000000 ) ) ;
#2548 = CARTESIAN_POINT ( 'NONE',  ( -0.2000000000000000111, 0.9000000000000000222, 1.000000000000000000 ) ) ;
#2549 = AXIS2_PLACEMENT_3D ( 'NONE', #2045, #2612, #1714 ) ;
#2550 = FILL_AREA_STYLE_COLOUR ( '', #738 ) ;
#2551 = ORIENTED_EDGE ( 'NONE', *, *, #1087, .T. ) ;
#2552 = ADVANCED_FACE ( 'NONE', ( #3611 ), #321, .F. ) ;
#2553 = VECTOR ( 'NONE', #2716, 1000.000000000000000 ) ;
#2554 = DIRECTION ( 'NONE',  ( 0.000000000000000000, 0.000000000000000000, 1.000000000000000000 ) ) ;
#2555 = CARTESIAN_POINT ( 'NONE',  ( 1.175000000000000044, 1.000000000000000000, 0.8000000000000000444 ) ) ;
#2556 = DIRECTION ( 'NONE',  ( 0.000000000000000000, 0.000000000000000000, 1.000000000000000000 ) ) ;
#2557 = CLOSED_SHELL ( 'NONE', ( #1358, #653, #682, #677, #622, #837, #416, #1073, #3141, #3156, #1749, #331, #2311, #1740, #1264, #2332, #2552, #3513, #1790, #215, #1143, #425, #1809, #2203, #2100, #3070, #3121, #1959, #2903, #1446, #2605, #889, #3256, #1963, #339, #3072, #942, #1406, #2772, #3343, #3183, #2651, #2316, #1069, #2534, #186, #1004, #2383, #1865, #1083, #3115, #373, #1791 ) ) ;
#2558 = VERTEX_POINT ( 'NONE', #2212 ) ;
#2559 = AXIS2_PLACEMENT_3D ( 'NONE', #311, #13, #1837 ) ;
#2560 = EDGE_CURVE ( 'NONE', #3438, #742, #3338, .T. ) ;
#2561 = ADVANCED_FACE ( 'NONE', ( #2129 ), #89, .T. ) ;
#2562 = CIRCLE ( 'NONE', #921, 0.06250000000000005551 ) ;
#2563 = CARTESIAN_POINT ( 'NONE',  ( -1.187500000000000000, -2.376562118716424976, -1.000000000000000000 ) ) ;
#2564 = EDGE_CURVE ( 'NONE', #3134, #3410, #390, .T. ) ;
#2565 = ORIENTED_EDGE ( 'NONE', *, *, #2906, .T. ) ;
#2566 = CARTESIAN_POINT ( 'NONE',  ( -0.2000000000000000111, -2.376562118716424976, -1.000000000000000000 ) ) ;
#2567 = CARTESIAN_POINT ( 'NONE',  ( -0.4749999999999999778, 0.000000000000000000, -0.9000000000000000222 ) ) ;
#2568 = EDGE_LOOP ( 'NONE', ( #348, #2214, #1544, #3278 ) ) ;
#2569 = CARTESIAN_POINT ( 'NONE',  ( 0.4749999999999999778, 0.4500000000000000111, -0.9000000000000000222 ) ) ;
#2570 = FACE_OUTER_BOUND ( 'NONE', #1022, .T. ) ;
#2571 = DIRECTION ( 'NONE',  ( 0.000000000000000000, -1.000000000000000000, 0.000000000000000000 ) ) ;
#2572 =( LENGTH_UNIT ( ) NAMED_UNIT ( * ) SI_UNIT ( .MILLI., .METRE. ) );
#2573 = ORIENTED_EDGE ( 'NONE', *, *, #125, .T. ) ;
#2574 = DIRECTION ( 'NONE',  ( 0.000000000000000000, -1.000000000000000000, 0.000000000000000000 ) ) ;
#2575 = CARTESIAN_POINT ( 'NONE',  ( 0.2000000000000000111, 0.000000000000000000, 1.000000000000000000 ) ) ;
#2576 = PLANE ( 'NONE',  #205 ) ;
#2577 = VERTEX_POINT ( 'NONE', #2433 ) ;
#2578 = CARTESIAN_POINT ( 'NONE',  ( 1.250000000000000000, 0.4500000000000000111, -0.9375000000000000000 ) ) ;
#2579 = EDGE_CURVE ( 'NONE', #9, #2454, #1846, .T. ) ;
#2580 = EDGE_LOOP ( 'NONE', ( #3085, #1785, #1627, #759 ) ) ;
#2581 = DIRECTION ( 'NONE',  ( 0.000000000000000000, -1.000000000000000000, 0.000000000000000000 ) ) ;
#2582 = CARTESIAN_POINT ( 'NONE',  ( -1.149999999999999911, 0.4500000000000000111, 0.3250000000000000111 ) ) ;
#2583 = EDGE_CURVE ( 'NONE', #3540, #625, #2165, .T. ) ;
#2584 = VERTEX_POINT ( 'NONE', #26 ) ;
#2585 = CARTESIAN_POINT ( 'NONE',  ( 0.2000000000000000111, 0.8249999999999999556, 1.000000000000000000 ) ) ;
#2586 = LINE ( 'NONE', #2840, #33 ) ;
#2587 = ORIENTED_EDGE ( 'NONE', *, *, #1675, .T. ) ;
#2588 = DIRECTION ( 'NONE',  ( 0.000000000000000000, 0.000000000000000000, 1.000000000000000000 ) ) ;
#2589 = CARTESIAN_POINT ( 'NONE',  ( -1.250000000000000000, 0.9000000000000000222, 0.9375000000000000000 ) ) ;
#2590 = DIRECTION ( 'NONE',  ( 0.000000000000000000, 0.000000000000000000, 1.000000000000000000 ) ) ;
#2591 = VERTEX_POINT ( 'NONE', #2501 ) ;
#2592 = ORIENTED_EDGE ( 'NONE', *, *, #1642, .F. ) ;
#2593 = FACE_OUTER_BOUND ( 'NONE', #1110, .T. ) ;
#2594 = SURFACE_STYLE_USAGE ( .BOTH. , #819 ) ;
#2595 = ADVANCED_FACE ( 'NONE', ( #3696 ), #1241, .T. ) ;
#2596 = DIRECTION ( 'NONE',  ( 1.000000000000000000, 0.000000000000000000, 0.000000000000000000 ) ) ;
#2597 = CARTESIAN_POINT ( 'NONE',  ( 0.2000000000000000111, 0.2250000000000000056, -1.000000000000000000 ) ) ;
#2598 = PLANE ( 'NONE',  #1553 ) ;
#2599 = VECTOR ( 'NONE', #694, 1000.000000000000000 ) ;
#2600 = VERTEX_POINT ( 'NONE', #1913 ) ;
#2601 = CIRCLE ( 'NONE', #1287, 0.06250000000000005551 ) ;
#2602 = ORIENTED_EDGE ( 'NONE', *, *, #3276, .F. ) ;
#2603 = EDGE_CURVE ( 'NONE', #2739, #850, #1006, .T. ) ;
#2604 = DIRECTION ( 'NONE',  ( -0.7540815958863064106, 0.000000000000000000, 0.6567807448042012330 ) ) ;
#2605 = ADVANCED_FACE ( 'NONE', ( #1260 ), #3404, .F. ) ;
#2606 = VECTOR ( 'NONE', #2596, 1000.000000000000000 ) ;
#2607 = FACE_OUTER_BOUND ( 'NONE', #1922, .T. ) ;
#2608 = DIRECTION ( 'NONE',  ( -0.7540815958863064106, 0.000000000000000000, -0.6567807448042013441 ) ) ;
#2609 = AXIS2_PLACEMENT_3D ( 'NONE', #1640, #3158, #2223 ) ;
#2610 = ORIENTED_EDGE ( 'NONE', *, *, #3816, .F. ) ;
#2611 = DIRECTION ( 'NONE',  ( 1.000000000000000000, 0.000000000000000000, 0.000000000000000000 ) ) ;
#2612 = DIRECTION ( 'NONE',  ( 0.000000000000000000, -1.000000000000000000, 0.000000000000000000 ) ) ;
#2613 = VECTOR ( 'NONE', #3654, 1000.000000000000000 ) ;
#2614 = CARTESIAN_POINT ( 'NONE',  ( -1.187500000000000000, 0.8249999999999999556, 1.000000000000000000 ) ) ;
#2615 = VERTEX_POINT ( 'NONE', #703 ) ;
#2616 = VECTOR ( 'NONE', #3445, 1000.000000000000000 ) ;
#2617 = CARTESIAN_POINT ( 'NONE',  ( 1.149999999999999911, 0.000000000000000000, -0.3250000000000000111 ) ) ;
#2618 = VECTOR ( 'NONE', #3345, 1000.000000000000000 ) ;
#2619 = AXIS2_PLACEMENT_3D ( 'NONE', #2495, #2452, #2099 ) ;
#2620 = AXIS2_PLACEMENT_3D ( 'NONE', #64, #935, #3335 ) ;
#2621 = DIRECTION ( 'NONE',  ( 1.000000000000000000, -1.355252715606880049E-16, 0.000000000000000000 ) ) ;
#2622 = CARTESIAN_POINT ( 'NONE',  ( -1.250000000000000000, 0.4500000000000000111, -0.9375000000000000000 ) ) ;
#2623 = CARTESIAN_POINT ( 'NONE',  ( 1.187500000000000000, 0.000000000000000000, 1.000000000000000000 ) ) ;
#2624 = CARTESIAN_POINT ( 'NONE',  ( -1.187500000000000000, 0.000000000000000000, -1.000000000000000000 ) ) ;
#2625 = EDGE_LOOP ( 'NONE', ( #2953, #1113, #149, #3530, #2573, #3850 ) ) ;
#2626 = ORIENTED_EDGE ( 'NONE', *, *, #393, .F. ) ;
#2627 = DIRECTION ( 'NONE',  ( 1.000000000000000000, 0.000000000000000000, 0.000000000000000000 ) ) ;
#2628 = FACE_OUTER_BOUND ( 'NONE', #2195, .T. ) ;
#2629 = CARTESIAN_POINT ( 'NONE',  ( -0.4749999999999999778, 0.4500000000000000111, 0.9000000000000000222 ) ) ;
#2630 = EDGE_CURVE ( 'NONE', #392, #1288, #3074, .T. ) ;
#2631 = ORIENTED_EDGE ( 'NONE', *, *, #488, .F. ) ;
#2632 = CARTESIAN_POINT ( 'NONE',  ( 1.149999999999999911, 0.4500000000000000111, -0.8504032258064510019 ) ) ;
#2633 = CARTESIAN_POINT ( 'NONE',  ( -0.6750000000000000444, 0.4500000000000000111, 0.3250000000000000111 ) ) ;
#2634 = ADVANCED_FACE ( 'NONE', ( #2769 ), #986, .F. ) ;
#2635 = VERTEX_POINT ( 'NONE', #2227 ) ;
#2636 = CARTESIAN_POINT ( 'NONE',  ( 0.4749999999999999778, 0.4500000000000000111, -0.9000000000000000222 ) ) ;
#2637 = CARTESIAN_POINT ( 'NONE',  ( 0.000000000000000000, 0.000000000000000000, 0.9375000000000000000 ) ) ;
#2638 = CARTESIAN_POINT ( 'NONE',  ( 1.187500000000000000, 0.000000000000000000, -1.000000000000000000 ) ) ;
#2639 = EDGE_LOOP ( 'NONE', ( #805, #1894 ) ) ;
#2640 = ORIENTED_EDGE ( 'NONE', *, *, #1763, .F. ) ;
#2641 = DIRECTION ( 'NONE',  ( 0.000000000000000000, 0.000000000000000000, -1.000000000000000000 ) ) ;
#2642 = CARTESIAN_POINT ( 'NONE',  ( -0.2000000000000000111, 0.8249999999999999556, 1.000000000000000000 ) ) ;
#2643 = ORIENTED_EDGE ( 'NONE', *, *, #1838, .T. ) ;
#2644 = FACE_OUTER_BOUND ( 'NONE', #2517, .T. ) ;
#2645 = CARTESIAN_POINT ( 'NONE',  ( -0.2000000000000000111, 0.4500000000000000111, -0.9375000000000000000 ) ) ;
#2646 = EDGE_CURVE ( 'NONE', #3571, #309, #3751, .T. ) ;
#2647 = ORIENTED_EDGE ( 'NONE', *, *, #3794, .T. ) ;
#2648 = ORIENTED_EDGE ( 'NONE', *, *, #1682, .T. ) ;
#2649 = DIRECTION ( 'NONE',  ( 0.000000000000000000, 0.000000000000000000, -1.000000000000000000 ) ) ;
#2650 = EDGE_CURVE ( 'NONE', #1288, #2229, #1393, .T. ) ;
#2651 = ADVANCED_FACE ( 'NONE', ( #1936 ), #3458, .F. ) ;
#2652 = CARTESIAN_POINT ( 'NONE',  ( -1.250000000000000000, 0.9000000000000000222, -0.9375000000000000000 ) ) ;
#2653 = CARTESIAN_POINT ( 'NONE',  ( 1.149999999999999911, 0.000000000000000000, -0.3250000000000000111 ) ) ;
#2654 = DIRECTION ( 'NONE',  ( 0.000000000000000000, 0.000000000000000000, 1.000000000000000000 ) ) ;
#2655 = DIRECTION ( 'NONE',  ( -1.000000000000000000, 0.000000000000000000, -1.814002085645769733E-16 ) ) ;
#2656 = ORIENTED_EDGE ( 'NONE', *, *, #920, .F. ) ;
#2657 = VERTEX_POINT ( 'NONE', #2589 ) ;
#2658 = CARTESIAN_POINT ( 'NONE',  ( 0.2000000000000000111, -2.376562118716424976, -0.9375000000000000000 ) ) ;
#2659 = DIRECTION ( 'NONE',  ( 0.000000000000000000, -1.000000000000000000, 0.000000000000000000 ) ) ;
#2660 = VECTOR ( 'NONE', #3680, 1000.000000000000000 ) ;
#2661 = VECTOR ( 'NONE', #3200, 1000.000000000000000 ) ;
#2662 = CIRCLE ( 'NONE', #1161, 0.1250000000000000000 ) ;
#2663 = ORIENTED_EDGE ( 'NONE', *, *, #1586, .T. ) ;
#2664 = CARTESIAN_POINT ( 'NONE',  ( 1.072685185185185963, 0.4500000000000000111, -0.9000000000000000222 ) ) ;
#2665 = FACE_OUTER_BOUND ( 'NONE', #2944, .T. ) ;
#2666 = APPLICATION_PROTOCOL_DEFINITION ( 'draft international standard', 'automotive_design', 1998, #3637 ) ;
#2667 = VECTOR ( 'NONE', #1000, 1000.000000000000000 ) ;
#2668 = ORIENTED_EDGE ( 'NONE', *, *, #1125, .T. ) ;
#2669 = EDGE_CURVE ( 'NONE', #506, #1584, #1698, .T. ) ;
#2670 = ORIENTED_EDGE ( 'NONE', *, *, #3630, .F. ) ;
#2671 = AXIS2_PLACEMENT_3D ( 'NONE', #3047, #918, #2707 ) ;
#2672 = LINE ( 'NONE', #227, #3676 ) ;
#2673 =( NAMED_UNIT ( * ) SI_UNIT ( $, .STERADIAN. ) SOLID_ANGLE_UNIT ( ) );
#2674 = COLOUR_RGB ( '',0.2509803921568627416, 0.2509803921568627416, 0.2509803921568627416 ) ;
#2675 = EDGE_CURVE ( 'NONE', #3883, #614, #112, .T. ) ;
#2676 = DIRECTION ( 'NONE',  ( 0.000000000000000000, 0.000000000000000000, -1.000000000000000000 ) ) ;
#2677 = CIRCLE ( 'NONE', #3551, 0.06250000000000005551 ) ;
#2678 = FACE_OUTER_BOUND ( 'NONE', #1280, .T. ) ;
#2679 = ORIENTED_EDGE ( 'NONE', *, *, #2890, .T. ) ;
#2680 = ADVANCED_FACE ( 'NONE', ( #1678 ), #2866, .F. ) ;
#2681 = ORIENTED_EDGE ( 'NONE', *, *, #1383, .F. ) ;
#2682 = STYLED_ITEM ( 'NONE', ( #2926 ), #290 ) ;
#2683 = CARTESIAN_POINT ( 'NONE',  ( 0.000000000000000000, 0.000000000000000000, -1.000000000000000000 ) ) ;
#2684 = LINE ( 'NONE', #3581, #3665 ) ;
#2685 = ORIENTED_EDGE ( 'NONE', *, *, #3710, .T. ) ;
#2686 = DIRECTION ( 'NONE',  ( 0.000000000000000000, -1.000000000000000000, 0.000000000000000000 ) ) ;
#2687 = CARTESIAN_POINT ( 'NONE',  ( 1.250000000000000000, 0.000000000000000000, -0.9375000000000000000 ) ) ;
#2688 = LINE ( 'NONE', #300, #2970 ) ;
#2689 = PRESENTATION_STYLE_ASSIGNMENT (( #1154 ) ) ;
#2690 = ORIENTED_EDGE ( 'NONE', *, *, #255, .T. ) ;
#2691 = ORIENTED_EDGE ( 'NONE', *, *, #54, .T. ) ;
#2692 = CARTESIAN_POINT ( 'NONE',  ( 1.250000000000000000, 0.8249999999999999556, 0.9375000000000000000 ) ) ;
#2693 = LINE ( 'NONE', #492, #1354 ) ;
#2694 = CARTESIAN_POINT ( 'NONE',  ( -1.250000000000000000, -2.376562118716424976, -1.000000000000000000 ) ) ;
#2695 = EDGE_CURVE ( 'NONE', #1878, #1074, #1078, .T. ) ;
#2696 = VERTEX_POINT ( 'NONE', #2278 ) ;
#2697 = ORIENTED_EDGE ( 'NONE', *, *, #286, .F. ) ;
#2698 = CARTESIAN_POINT ( 'NONE',  ( -1.175000000000000044, 1.000000000000000000, 0.8000000000000000444 ) ) ;
#2699 = EDGE_CURVE ( 'NONE', #1712, #1016, #2003, .T. ) ;
#2700 = CARTESIAN_POINT ( 'NONE',  ( -0.4749999999999999778, 0.4500000000000000111, -0.9000000000000000222 ) ) ;
#2701 = ORIENTED_EDGE ( 'NONE', *, *, #568, .T. ) ;
#2702 = DIRECTION ( 'NONE',  ( 1.000000000000000000, 0.000000000000000000, 0.000000000000000000 ) ) ;
#2703 = PRESENTATION_STYLE_ASSIGNMENT (( #63 ) ) ;
#2704 = LINE ( 'NONE', #368, #3443 ) ;
#2705 = ORIENTED_EDGE ( 'NONE', *, *, #3176, .T. ) ;
#2706 = EDGE_LOOP ( 'NONE', ( #3542, #1453, #3011, #2154 ) ) ;
#2707 = DIRECTION ( 'NONE',  ( 0.000000000000000000, 0.000000000000000000, 1.000000000000000000 ) ) ;
#2708 = PLANE ( 'NONE',  #2810 ) ;
#2709 = DIRECTION ( 'NONE',  ( 0.000000000000000000, 0.000000000000000000, 1.000000000000000000 ) ) ;
#2710 = MANIFOLD_SOLID_BREP ( 'NONE', #733 ) ;
#2711 = LINE ( 'NONE', #7, #2168 ) ;
#2712 = DIRECTION ( 'NONE',  ( 0.000000000000000000, 0.000000000000000000, -1.000000000000000000 ) ) ;
#2713 = ORIENTED_EDGE ( 'NONE', *, *, #1702, .T. ) ;
#2714 = EDGE_CURVE ( 'NONE', #2532, #2249, #2533, .T. ) ;
#2715 = ORIENTED_EDGE ( 'NONE', *, *, #2276, .T. ) ;
#2716 = DIRECTION ( 'NONE',  ( 1.000000000000000000, 0.000000000000000000, 0.000000000000000000 ) ) ;
#2717 = DIRECTION ( 'NONE',  ( 0.000000000000000000, -1.000000000000000000, 0.000000000000000000 ) ) ;
#2718 = EDGE_CURVE ( 'NONE', #2739, #1808, #1041, .T. ) ;
#2719 = EDGE_CURVE ( 'NONE', #2696, #1914, #2420, .T. ) ;
#2720 = ORIENTED_EDGE ( 'NONE', *, *, #2719, .F. ) ;
#2721 = PLANE ( 'NONE',  #1418 ) ;
#2722 = VECTOR ( 'NONE', #3010, 1000.000000000000114 ) ;
#2723 = CARTESIAN_POINT ( 'NONE',  ( 1.187500000000000000, -2.376562118716424976, -1.000000000000000000 ) ) ;
#2724 = VECTOR ( 'NONE', #2358, 1000.000000000000000 ) ;
#2725 = ORIENTED_EDGE ( 'NONE', *, *, #1502, .T. ) ;
#2726 = AXIS2_PLACEMENT_3D ( 'NONE', #1267, #1326, #2521 ) ;
#2727 = EDGE_CURVE ( 'NONE', #3474, #2591, #1357, .T. ) ;
#2728 = ORIENTED_EDGE ( 'NONE', *, *, #286, .T. ) ;
#2729 = DIRECTION ( 'NONE',  ( -3.771137991253930052E-16, 0.000000000000000000, 1.000000000000000000 ) ) ;
#2730 = AXIS2_PLACEMENT_3D ( 'NONE', #2184, #2098, #3879 ) ;
#2731 = CARTESIAN_POINT ( 'NONE',  ( -0.4749999999999999778, 0.000000000000000000, -0.3250000000000000111 ) ) ;
#2732 = VERTEX_POINT ( 'NONE', #1988 ) ;
#2733 = VECTOR ( 'NONE', #415, 1000.000000000000000 ) ;
#2734 = CARTESIAN_POINT ( 'NONE',  ( -1.187500000000000000, 0.9000000000000000222, -1.000000000000000000 ) ) ;
#2735 = LINE ( 'NONE', #94, #729 ) ;
#2736 = DIRECTION ( 'NONE',  ( 0.000000000000000000, 1.000000000000000000, 0.000000000000000000 ) ) ;
#2737 = STYLED_ITEM ( 'NONE', ( #2263 ), #2710 ) ;
#2738 = CARTESIAN_POINT ( 'NONE',  ( 1.175000000000000044, 1.000000000000000000, -0.8000000000000000444 ) ) ;
#2739 = VERTEX_POINT ( 'NONE', #3181 ) ;
#2740 = CIRCLE ( 'NONE', #3682, 0.06250000000000005551 ) ;
#2741 = ORIENTED_EDGE ( 'NONE', *, *, #2132, .T. ) ;
#2742 = LINE ( 'NONE', #77, #479 ) ;
#2743 = CARTESIAN_POINT ( 'NONE',  ( 0.4749999999999999778, 0.4500000000000000111, 0.3250000000000000111 ) ) ;
#2744 = VECTOR ( 'NONE', #1030, 1000.000000000000000 ) ;
#2745 = ORIENTED_EDGE ( 'NONE', *, *, #1365, .T. ) ;
#2746 = DIRECTION ( 'NONE',  ( 0.000000000000000000, 0.000000000000000000, 1.000000000000000000 ) ) ;
#2747 = EDGE_CURVE ( 'NONE', #1288, #2350, #2385, .T. ) ;
#2748 = DIRECTION ( 'NONE',  ( -1.000000000000000000, 0.000000000000000000, -1.814002085645769733E-16 ) ) ;
#2749 = CARTESIAN_POINT ( 'NONE',  ( -1.149999999999999911, 0.000000000000000000, 0.3250000000000000111 ) ) ;
#2750 = VERTEX_POINT ( 'NONE', #1450 ) ;
#2751 = EDGE_LOOP ( 'NONE', ( #2115, #1830, #1652, #3179, #1639 ) ) ;
#2752 = CARTESIAN_POINT ( 'NONE',  ( 1.250000000000000000, 0.4500000000000000111, -0.9375000000000000000 ) ) ;
#2753 = EDGE_CURVE ( 'NONE', #109, #3856, #813, .T. ) ;
#2754 = DIRECTION ( 'NONE',  ( 0.000000000000000000, 1.000000000000000000, 0.000000000000000000 ) ) ;
#2755 = ORIENTED_EDGE ( 'NONE', *, *, #454, .F. ) ;
#2756 = DIRECTION ( 'NONE',  ( 0.000000000000000000, -1.000000000000000000, 0.000000000000000000 ) ) ;
#2757 = CYLINDRICAL_SURFACE ( 'NONE', #517, 0.06250000000000005551 ) ;
#2758 = CARTESIAN_POINT ( 'NONE',  ( 0.2000000000000000111, 0.4500000000000000111, 0.9375000000000000000 ) ) ;
#2759 = LINE ( 'NONE', #131, #285 ) ;
#2760 = ORIENTED_EDGE ( 'NONE', *, *, #171, .F. ) ;
#2761 = FACE_OUTER_BOUND ( 'NONE', #36, .T. ) ;
#2762 = DIRECTION ( 'NONE',  ( -1.355252715606880049E-16, -1.000000000000000000, 0.000000000000000000 ) ) ;
#2763 = ORIENTED_EDGE ( 'NONE', *, *, #1338, .F. ) ;
#2764 = CARTESIAN_POINT ( 'NONE',  ( -1.072685185185183965, 0.4500000000000000111, -0.9000000000000000222 ) ) ;
#2765 = DIRECTION ( 'NONE',  ( -0.7540815958863068547, 0.000000000000000000, -0.6567807448042007890 ) ) ;
#2766 = ORIENTED_EDGE ( 'NONE', *, *, #2074, .T. ) ;
#2767 = ORIENTED_EDGE ( 'NONE', *, *, #3038, .T. ) ;
#2768 = EDGE_CURVE ( 'NONE', #1745, #3089, #829, .T. ) ;
#2769 = FACE_OUTER_BOUND ( 'NONE', #1481, .T. ) ;
#2770 = CARTESIAN_POINT ( 'NONE',  ( -1.250000000000000000, 0.4500000000000000111, 0.9375000000000000000 ) ) ;
#2771 = ORIENTED_EDGE ( 'NONE', *, *, #3600, .F. ) ;
#2772 = ADVANCED_FACE ( 'NONE', ( #2665 ), #2974, .F. ) ;
#2773 = EDGE_CURVE ( 'NONE', #3418, #1525, #1755, .T. ) ;
#2774 = CARTESIAN_POINT ( 'NONE',  ( 1.149999999999999911, 1.477740239554724111, -0.3250000000000000111 ) ) ;
#2775 = CARTESIAN_POINT ( 'NONE',  ( -0.4749999999999999778, 0.000000000000000000, 0.9000000000000000222 ) ) ;
#2776 = FACE_OUTER_BOUND ( 'NONE', #1251, .T. ) ;
#2777 = CYLINDRICAL_SURFACE ( 'NONE', #3801, 0.06250000000000005551 ) ;
#2778 = VERTEX_POINT ( 'NONE', #2082 ) ;
#2779 = PLANE ( 'NONE',  #1179 ) ;
#2780 = LINE ( 'NONE', #3315, #1218 ) ;
#2781 = ORIENTED_EDGE ( 'NONE', *, *, #728, .F. ) ;
#2782 = DIRECTION ( 'NONE',  ( 0.000000000000000000, 0.000000000000000000, 1.000000000000000000 ) ) ;
#2783 = DIRECTION ( 'NONE',  ( 0.000000000000000000, 0.000000000000000000, 1.000000000000000000 ) ) ;
#2784 = CARTESIAN_POINT ( 'NONE',  ( 0.000000000000000000, 0.9000000000000000222, 1.000000000000000000 ) ) ;
#2785 = EDGE_LOOP ( 'NONE', ( #1661, #1827, #1735, #2691 ) ) ;
#2786 = ORIENTED_EDGE ( 'NONE', *, *, #1522, .F. ) ;
#2787 = CARTESIAN_POINT ( 'NONE',  ( 0.4749999999999999778, 0.000000000000000000, 0.3250000000000000111 ) ) ;
#2788 = VECTOR ( 'NONE', #715, 1000.000000000000000 ) ;
#2789 = DIRECTION ( 'NONE',  ( 0.000000000000000000, -1.000000000000000000, 0.000000000000000000 ) ) ;
#2790 = EDGE_CURVE ( 'NONE', #1067, #2778, #254, .T. ) ;
#2791 = VECTOR ( 'NONE', #1190, 1000.000000000000000 ) ;
#2792 = ORIENTED_EDGE ( 'NONE', *, *, #3350, .T. ) ;
#2793 = VECTOR ( 'NONE', #1094, 1000.000000000000000 ) ;
#2794 = CARTESIAN_POINT ( 'NONE',  ( 0.4749999999999999778, 0.4500000000000000111, 0.9000000000000000222 ) ) ;
#2795 = EDGE_CURVE ( 'NONE', #3895, #745, #1767, .T. ) ;
#2796 = DIRECTION ( 'NONE',  ( 0.000000000000000000, -1.000000000000000000, 0.000000000000000000 ) ) ;
#2797 = LINE ( 'NONE', #2463, #1687 ) ;
#2798 = ORIENTED_EDGE ( 'NONE', *, *, #255, .F. ) ;
#2799 = CIRCLE ( 'NONE', #344, 0.06250000000000005551 ) ;
#2800 = CARTESIAN_POINT ( 'NONE',  ( -1.250000000000000000, 0.000000000000000000, -1.000000000000000000 ) ) ;
#2801 = CARTESIAN_POINT ( 'NONE',  ( -0.2000000000000000111, 0.2250000000000000056, -0.9375000000000000000 ) ) ;
#2802 = EDGE_CURVE ( 'NONE', #2922, #3165, #1741, .T. ) ;
#2803 = VECTOR ( 'NONE', #1828, 999.9999999999998863 ) ;
#2804 = ORIENTED_EDGE ( 'NONE', *, *, #125, .F. ) ;
#2805 = CARTESIAN_POINT ( 'NONE',  ( -1.250000000000000000, 0.4500000000000000111, 0.9375000000000000000 ) ) ;
#2806 = VECTOR ( 'NONE', #888, 1000.000000000000000 ) ;
#2807 = CARTESIAN_POINT ( 'NONE',  ( -0.4749999999999999778, 0.4500000000000000111, 0.9000000000000000222 ) ) ;
#2808 = VECTOR ( 'NONE', #1658, 1000.000000000000000 ) ;
#2809 = VERTEX_POINT ( 'NONE', #2633 ) ;
#2810 = AXIS2_PLACEMENT_3D ( 'NONE', #2960, #2108, #3514 ) ;
#2811 = ORIENTED_EDGE ( 'NONE', *, *, #3143, .T. ) ;
#2812 = MANIFOLD_SOLID_BREP ( 'NONE', #3061 ) ;
#2813 = DIRECTION ( 'NONE',  ( 0.7540815958863057444, 0.000000000000000000, 0.6567807448042017882 ) ) ;
#2814 = CARTESIAN_POINT ( 'NONE',  ( -1.187500000000000000, 0.000000000000000000, -1.000000000000000000 ) ) ;
#2815 = DIRECTION ( 'NONE',  ( 1.000000000000000000, 0.000000000000000000, 0.000000000000000000 ) ) ;
#2816 = ORIENTED_EDGE ( 'NONE', *, *, #1942, .T. ) ;
#2817 = CARTESIAN_POINT ( 'NONE',  ( -1.175000000000000044, 1.000000000000000000, -0.8000000000000000444 ) ) ;
#2818 = CARTESIAN_POINT ( 'NONE',  ( 1.149999999999999911, 1.477740239554724111, 0.8504032258064520011 ) ) ;
#2819 = DIRECTION ( 'NONE',  ( 0.000000000000000000, -1.000000000000000000, 0.000000000000000000 ) ) ;
#2820 = ORIENTED_EDGE ( 'NONE', *, *, #2650, .F. ) ;
#2821 = EDGE_CURVE ( 'NONE', #1584, #724, #526, .T. ) ;
#2822 = DIRECTION ( 'NONE',  ( 0.000000000000000000, -1.000000000000000000, 0.000000000000000000 ) ) ;
#2823 = FACE_OUTER_BOUND ( 'NONE', #515, .T. ) ;
#2824 = ORIENTED_EDGE ( 'NONE', *, *, #1046, .F. ) ;
#2825 = EDGE_CURVE ( 'NONE', #1070, #2176, #2022, .T. ) ;
#2826 = CYLINDRICAL_SURFACE ( 'NONE', #903, 0.06250000000000005551 ) ;
#2827 = CARTESIAN_POINT ( 'NONE',  ( -1.074999999999999956, 0.9000000000000000222, -0.9000000000000000222 ) ) ;
#2828 = ORIENTED_EDGE ( 'NONE', *, *, #529, .F. ) ;
#2829 = VERTEX_POINT ( 'NONE', #2315 ) ;
#2830 = DIRECTION ( 'NONE',  ( -0.6567807448042017882, 0.000000000000000000, -0.7540815958863059665 ) ) ;
#2831 = ORIENTED_EDGE ( 'NONE', *, *, #3376, .F. ) ;
#2832 = CARTESIAN_POINT ( 'NONE',  ( -1.187500000000000000, 0.000000000000000000, -1.000000000000000000 ) ) ;
#2833 = LINE ( 'NONE', #1312, #419 ) ;
#2834 = ORIENTED_EDGE ( 'NONE', *, *, #101, .T. ) ;
#2835 = DIRECTION ( 'NONE',  ( 0.000000000000000000, 0.000000000000000000, -1.000000000000000000 ) ) ;
#2836 = CARTESIAN_POINT ( 'NONE',  ( -0.6750000000000000444, 0.4500000000000000111, 0.3250000000000000111 ) ) ;
#2837 = EDGE_CURVE ( 'NONE', #742, #3584, #3258, .T. ) ;
#2838 = EDGE_LOOP ( 'NONE', ( #735, #46, #2690, #3812, #1722, #949, #2209, #1911 ) ) ;
#2839 = DIRECTION ( 'NONE',  ( 0.000000000000000000, -1.000000000000000000, 0.000000000000000000 ) ) ;
#2840 = CARTESIAN_POINT ( 'NONE',  ( 0.2000000000000000111, 0.9000000000000000222, 0.9375000000000000000 ) ) ;
#2841 = DIRECTION ( 'NONE',  ( 0.000000000000000000, 0.000000000000000000, -1.000000000000000000 ) ) ;
#2842 = EDGE_CURVE ( 'NONE', #658, #109, #1180, .T. ) ;
#2843 = ORIENTED_EDGE ( 'NONE', *, *, #863, .T. ) ;
#2844 = EDGE_CURVE ( 'NONE', #2558, #2454, #539, .T. ) ;
#2845 = EDGE_LOOP ( 'NONE', ( #1225, #2001, #3486, #2519 ) ) ;
#2846 = DIRECTION ( 'NONE',  ( 0.000000000000000000, -1.000000000000000000, 0.000000000000000000 ) ) ;
#2847 = DIRECTION ( 'NONE',  ( 0.000000000000000000, 1.000000000000000000, 0.000000000000000000 ) ) ;
#2848 = EDGE_CURVE ( 'NONE', #2577, #1361, #3508, .T. ) ;
#2849 = EDGE_LOOP ( 'NONE', ( #3608, #2140, #499, #323 ) ) ;
#2850 = CARTESIAN_POINT ( 'NONE',  ( -0.9000000000000000222, 0.9749999999999999778, 0.5999999999999999778 ) ) ;
#2851 = AXIS2_PLACEMENT_3D ( 'NONE', #2801, #3703, #2220 ) ;
#2852 = CARTESIAN_POINT ( 'NONE',  ( 1.250000000000000000, 1.477740239554724111, 0.9375000000000000000 ) ) ;
#2853 = VECTOR ( 'NONE', #3055, 1000.000000000000000 ) ;
#2854 = ORIENTED_EDGE ( 'NONE', *, *, #1753, .T. ) ;
#2855 = CARTESIAN_POINT ( 'NONE',  ( 1.074999999999999956, 0.9000000000000000222, -0.8000000000000000444 ) ) ;
#2856 = DIRECTION ( 'NONE',  ( 1.000000000000000000, 0.000000000000000000, 0.000000000000000000 ) ) ;
#2857 = VECTOR ( 'NONE', #2389, 1000.000000000000000 ) ;
#2858 = VECTOR ( 'NONE', #1277, 999.9999999999998863 ) ;
#2859 = ORIENTED_EDGE ( 'NONE', *, *, #708, .F. ) ;
#2860 = CARTESIAN_POINT ( 'NONE',  ( -1.187500000000000000, 0.4500000000000000111, 1.000000000000000000 ) ) ;
#2861 = DIRECTION ( 'NONE',  ( 0.000000000000000000, -1.000000000000000000, 0.000000000000000000 ) ) ;
#2862 = VECTOR ( 'NONE', #447, 1000.000000000000000 ) ;
#2863 = PRESENTATION_STYLE_ASSIGNMENT (( #758 ) ) ;
#2864 = ORIENTED_EDGE ( 'NONE', *, *, #312, .F. ) ;
#2865 = AXIS2_PLACEMENT_3D ( 'NONE', #1930, #3130, #771 ) ;
#2866 = PLANE ( 'NONE',  #2052 ) ;
#2867 = EDGE_CURVE ( 'NONE', #507, #3518, #954, .T. ) ;
#2868 = MANIFOLD_SOLID_BREP ( 'NONE', #2557 ) ;
#2869 = CARTESIAN_POINT ( 'NONE',  ( -0.4749999999999999778, 0.4500000000000000111, -0.3250000000000000111 ) ) ;
#2870 = VERTEX_POINT ( 'NONE', #633 ) ;
#2871 = AXIS2_PLACEMENT_3D ( 'NONE', #996, #3394, #3124 ) ;
#2872 = EDGE_LOOP ( 'NONE', ( #128, #1840, #168, #2767, #2323, #3721, #1958, #2245 ) ) ;
#2873 = VECTOR ( 'NONE', #1898, 1000.000000000000000 ) ;
#2874 = FACE_OUTER_BOUND ( 'NONE', #557, .T. ) ;
#2875 = EDGE_CURVE ( 'NONE', #2498, #956, #1274, .T. ) ;
#2876 = FILL_AREA_STYLE ('',( #2485 ) ) ;
#2877 = EDGE_LOOP ( 'NONE', ( #2602, #3524, #3071, #626 ) ) ;
#2878 = FACE_OUTER_BOUND ( 'NONE', #431, .T. ) ;
#2879 = DIRECTION ( 'NONE',  ( 1.000000000000000000, 0.000000000000000000, 0.000000000000000000 ) ) ;
#2880 = EDGE_LOOP ( 'NONE', ( #310, #267, #3862, #2007 ) ) ;
#2881 = DIRECTION ( 'NONE',  ( 0.000000000000000000, -1.000000000000000000, 0.000000000000000000 ) ) ;
#2882 = CARTESIAN_POINT ( 'NONE',  ( 0.4749999999999999778, 1.477740239554724111, 0.3250000000000000111 ) ) ;
#2883 =( LENGTH_UNIT ( ) NAMED_UNIT ( * ) SI_UNIT ( .MILLI., .METRE. ) );
#2884 = ORIENTED_EDGE ( 'NONE', *, *, #1342, .T. ) ;
#2885 = CARTESIAN_POINT ( 'NONE',  ( -1.250000000000000000, 0.8249999999999999556, -1.000000000000000000 ) ) ;
#2886 = ORIENTED_EDGE ( 'NONE', *, *, #3496, .F. ) ;
#2887 = EDGE_CURVE ( 'NONE', #614, #3796, #2677, .T. ) ;
#2888 = ORIENTED_EDGE ( 'NONE', *, *, #2727, .F. ) ;
#2889 = DIRECTION ( 'NONE',  ( 0.000000000000000000, 0.000000000000000000, -1.000000000000000000 ) ) ;
#2890 = EDGE_CURVE ( 'NONE', #195, #3316, #3041, .T. ) ;
#2891 = EDGE_CURVE ( 'NONE', #1633, #3663, #3692, .T. ) ;
#2892 = LINE ( 'NONE', #2031, #2479 ) ;
#2893 = LINE ( 'NONE', #187, #3480 ) ;
#2894 = ORIENTED_EDGE ( 'NONE', *, *, #800, .T. ) ;
#2895 = DIRECTION ( 'NONE',  ( 0.000000000000000000, -1.000000000000000000, 0.000000000000000000 ) ) ;
#2896 = DIRECTION ( 'NONE',  ( 0.000000000000000000, 0.000000000000000000, 1.000000000000000000 ) ) ;
#2897 = ORIENTED_EDGE ( 'NONE', *, *, #3088, .F. ) ;
#2898 = PLANE ( 'NONE',  #3048 ) ;
#2899 = DIRECTION ( 'NONE',  ( -1.000000000000000000, 0.000000000000000000, 0.000000000000000000 ) ) ;
#2900 = PLANE ( 'NONE',  #535 ) ;
#2901 = ORIENTED_EDGE ( 'NONE', *, *, #2374, .T. ) ;
#2902 = DIRECTION ( 'NONE',  ( 0.000000000000000000, 0.000000000000000000, -1.000000000000000000 ) ) ;
#2903 = ADVANCED_FACE ( 'NONE', ( #612 ), #2185, .F. ) ;
#2904 = VECTOR ( 'NONE', #2490, 1000.000000000000000 ) ;
#2905 = FACE_OUTER_BOUND ( 'NONE', #2378, .T. ) ;
#2906 = EDGE_CURVE ( 'NONE', #1910, #2829, #1824, .T. ) ;
#2907 = CARTESIAN_POINT ( 'NONE',  ( -0.2000000000000000111, 0.8249999999999999556, 0.9375000000000000000 ) ) ;
#2908 = VECTOR ( 'NONE', #534, 1000.000000000000000 ) ;
#2909 = VERTEX_POINT ( 'NONE', #1510 ) ;
#2910 = ORIENTED_EDGE ( 'NONE', *, *, #366, .T. ) ;
#2911 = AXIS2_PLACEMENT_3D ( 'NONE', #3294, #1867, #1823 ) ;
#2912 = CARTESIAN_POINT ( 'NONE',  ( -1.250000000000000000, -2.376562118716424976, 1.000000000000000000 ) ) ;
#2913 = ADVANCED_FACE ( 'NONE', ( #2400 ), #1528, .T. ) ;
#2914 = DIRECTION ( 'NONE',  ( -1.000000000000000000, 0.000000000000000000, 0.000000000000000000 ) ) ;
#2915 = EDGE_LOOP ( 'NONE', ( #3385, #3461, #3328, #2701, #2043, #3446, #2502 ) ) ;
#2916 = CARTESIAN_POINT ( 'NONE',  ( -1.175000000000000044, 0.9000000000000000222, 0.8000000000000000444 ) ) ;
#2917 = CARTESIAN_POINT ( 'NONE',  ( -1.072685185185183965, 1.477740239554724111, -0.9000000000000000222 ) ) ;
#2918 = VECTOR ( 'NONE', #71, 1000.000000000000000 ) ;
#2919 = PLANE ( 'NONE',  #1242 ) ;
#2920 = ORIENTED_EDGE ( 'NONE', *, *, #629, .T. ) ;
#2921 = VECTOR ( 'NONE', #3586, 1000.000000000000114 ) ;
#2922 = VERTEX_POINT ( 'NONE', #1297 ) ;
#2923 = DIRECTION ( 'NONE',  ( 1.000000000000000000, -1.355252715606880049E-16, 0.000000000000000000 ) ) ;
#2924 = VECTOR ( 'NONE', #379, 1000.000000000000000 ) ;
#2925 = VECTOR ( 'NONE', #1711, 1000.000000000000000 ) ;
#2926 = PRESENTATION_STYLE_ASSIGNMENT (( #1772 ) ) ;
#2927 = MECHANICAL_DESIGN_GEOMETRIC_PRESENTATION_REPRESENTATION (  '', ( #794 ), #1310 ) ;
#2928 = LINE ( 'NONE', #229, #84 ) ;
#2929 = CARTESIAN_POINT ( 'NONE',  ( 1.074999999999999956, 1.000000000000000000, 0.9000000000000000222 ) ) ;
#2930 = ORIENTED_EDGE ( 'NONE', *, *, #146, .T. ) ;
#2931 = ADVANCED_FACE ( 'NONE', ( #2161 ), #1234, .T. ) ;
#2932 = VECTOR ( 'NONE', #2608, 1000.000000000000114 ) ;
#2933 = ORIENTED_EDGE ( 'NONE', *, *, #1211, .F. ) ;
#2934 = DIRECTION ( 'NONE',  ( 0.000000000000000000, 0.000000000000000000, 1.000000000000000000 ) ) ;
#2935 = CARTESIAN_POINT ( 'NONE',  ( -1.149999999999999911, 0.4500000000000000111, -0.8504032258064510019 ) ) ;
#2936 = UNCERTAINTY_MEASURE_WITH_UNIT (LENGTH_MEASURE( 1.000000000000000082E-05 ), #2253, 'distance_accuracy_value', 'NONE');
#2937 = EDGE_CURVE ( 'NONE', #2295, #256, #3646, .T. ) ;
#2938 = EDGE_CURVE ( 'NONE', #1388, #3633, #3898, .T. ) ;
#2939 = ORIENTED_EDGE ( 'NONE', *, *, #2009, .T. ) ;
#2940 = CARTESIAN_POINT ( 'NONE',  ( -0.4749999999999999778, 1.477740239554724111, 0.9000000000000000222 ) ) ;
#2941 = CARTESIAN_POINT ( 'NONE',  ( -0.4749999999999999778, 0.000000000000000000, 0.5250000000000000222 ) ) ;
#2942 = DIRECTION ( 'NONE',  ( -1.000000000000000000, 0.000000000000000000, -2.409338161078900167E-16 ) ) ;
#2943 = ORIENTED_EDGE ( 'NONE', *, *, #618, .T. ) ;
#2944 = EDGE_LOOP ( 'NONE', ( #3406, #1689, #525, #1508 ) ) ;
#2945 = LINE ( 'NONE', #2981, #3123 ) ;
#2946 = CARTESIAN_POINT ( 'NONE',  ( 1.074999999999999956, 1.000000000000000000, 0.8000000000000000444 ) ) ;
#2947 = CARTESIAN_POINT ( 'NONE',  ( -1.250000000000000000, 0.8249999999999999556, 1.000000000000000000 ) ) ;
#2948 = EDGE_LOOP ( 'NONE', ( #2592, #1777, #3830, #1080, #861 ) ) ;
#2949 = ORIENTED_EDGE ( 'NONE', *, *, #3252, .T. ) ;
#2950 = DIRECTION ( 'NONE',  ( 0.000000000000000000, -1.000000000000000000, 0.000000000000000000 ) ) ;
#2951 = PLANE ( 'NONE',  #1417 ) ;
#2952 = EDGE_CURVE ( 'NONE', #583, #1177, #1214, .T. ) ;
#2953 = ORIENTED_EDGE ( 'NONE', *, *, #207, .F. ) ;
#2954 = DIRECTION ( 'NONE',  ( 1.000000000000000000, 0.000000000000000000, 0.000000000000000000 ) ) ;
#2955 = EDGE_CURVE ( 'NONE', #845, #1070, #1950, .T. ) ;
#2956 = VERTEX_POINT ( 'NONE', #741 ) ;
#2957 = ORIENTED_EDGE ( 'NONE', *, *, #2603, .F. ) ;
#2958 = PLANE ( 'NONE',  #523 ) ;
#2959 = EDGE_CURVE ( 'NONE', #241, #2445, #3146, .T. ) ;
#2960 = CARTESIAN_POINT ( 'NONE',  ( -0.4749999999999999778, 0.4500000000000000111, -0.3250000000000000111 ) ) ;
#2961 = CARTESIAN_POINT ( 'NONE',  ( -1.250000000000000000, 0.4500000000000000111, 1.000000000000000000 ) ) ;
#2962 = LINE ( 'NONE', #2149, #2286 ) ;
#2963 = CARTESIAN_POINT ( 'NONE',  ( 0.2000000000000000111, 0.4500000000000000111, -0.9375000000000000000 ) ) ;
#2964 = ORIENTED_EDGE ( 'NONE', *, *, #2210, .F. ) ;
#2965 = EDGE_LOOP ( 'NONE', ( #1063, #1237, #3021, #1173 ) ) ;
#2966 = CARTESIAN_POINT ( 'NONE',  ( -1.187500000000000000, 0.4500000000000000111, -1.000000000000000000 ) ) ;
#2967 = LINE ( 'NONE', #3853, #2932 ) ;
#2968 = VECTOR ( 'NONE', #8, 1000.000000000000000 ) ;
#2969 = VECTOR ( 'NONE', #2054, 1000.000000000000000 ) ;
#2970 = VECTOR ( 'NONE', #2748, 1000.000000000000000 ) ;
#2971 = DIRECTION ( 'NONE',  ( 2.282530889443165050E-16, 0.000000000000000000, -1.000000000000000000 ) ) ;
#2972 = VERTEX_POINT ( 'NONE', #405 ) ;
#2973 = LINE ( 'NONE', #3236, #204 ) ;
#2974 = CYLINDRICAL_SURFACE ( 'NONE', #1684, 0.06250000000000005551 ) ;
#2975 = AXIS2_PLACEMENT_3D ( 'NONE', #2585, #6, #2089 ) ;
#2976 = CARTESIAN_POINT ( 'NONE',  ( 1.149999999999999911, 0.4500000000000000111, 0.8504032258064520011 ) ) ;
#2977 = ORIENTED_EDGE ( 'NONE', *, *, #2025, .T. ) ;
#2978 = EDGE_LOOP ( 'NONE', ( #3320, #3784, #2631, #510 ) ) ;
#2979 = EDGE_CURVE ( 'NONE', #1700, #3157, #478, .T. ) ;
#2980 = VECTOR ( 'NONE', #2051, 1000.000000000000000 ) ;
#2981 = CARTESIAN_POINT ( 'NONE',  ( -0.4749999999999999778, 1.477740239554724111, 0.9000000000000000222 ) ) ;
#2982 =( NAMED_UNIT ( * ) SI_UNIT ( $, .STERADIAN. ) SOLID_ANGLE_UNIT ( ) );
#2983 = VECTOR ( 'NONE', #777, 1000.000000000000000 ) ;
#2984 = EDGE_CURVE ( 'NONE', #2277, #2532, #3764, .T. ) ;
#2985 = DIRECTION ( 'NONE',  ( 1.000000000000000000, 0.000000000000000000, 0.000000000000000000 ) ) ;
#2986 = CARTESIAN_POINT ( 'NONE',  ( 1.250000000000000000, 0.000000000000000000, -0.9375000000000000000 ) ) ;
#2987 = AXIS2_PLACEMENT_3D ( 'NONE', #2548, #2861, #1674 ) ;
#2988 = CARTESIAN_POINT ( 'NONE',  ( -1.149999999999999911, 0.000000000000000000, 0.8504032258064510019 ) ) ;
#2989 = ORIENTED_EDGE ( 'NONE', *, *, #140, .T. ) ;
#2990 = VERTEX_POINT ( 'NONE', #1909 ) ;
#2991 = CIRCLE ( 'NONE', #2620, 0.06250000000000005551 ) ;
#2992 = DIRECTION ( 'NONE',  ( 0.000000000000000000, -1.000000000000000000, 0.000000000000000000 ) ) ;
#2993 = CARTESIAN_POINT ( 'NONE',  ( -0.2000000000000000111, 0.4500000000000000111, -1.000000000000000000 ) ) ;
#2994 = DIRECTION ( 'NONE',  ( 1.000000000000000000, 0.000000000000000000, 0.000000000000000000 ) ) ;
#2995 = VERTEX_POINT ( 'NONE', #1966 ) ;
#2996 = CARTESIAN_POINT ( 'NONE',  ( -1.250000000000000000, 0.4500000000000000111, -0.9375000000000000000 ) ) ;
#2997 = DIRECTION ( 'NONE',  ( 0.7540815958863064106, 0.000000000000000000, -0.6567807448042013441 ) ) ;
#2998 = DIRECTION ( 'NONE',  ( 0.000000000000000000, 0.000000000000000000, 1.000000000000000000 ) ) ;
#2999 = CARTESIAN_POINT ( 'NONE',  ( 0.2625000000000000111, 0.8249999999999999556, -1.000000000000000000 ) ) ;
#3000 = VERTEX_POINT ( 'NONE', #1060 ) ;
#3001 = ORIENTED_EDGE ( 'NONE', *, *, #2396, .T. ) ;
#3002 = CARTESIAN_POINT ( 'NONE',  ( 0.2000000000000000111, 0.4500000000000000111, 0.9375000000000000000 ) ) ;
#3003 = DIRECTION ( 'NONE',  ( -0.000000000000000000, 1.000000000000000000, 0.000000000000000000 ) ) ;
#3004 = ADVANCED_FACE ( 'NONE', ( #1616 ), #2206, .F. ) ;
#3005 = DIRECTION ( 'NONE',  ( 0.000000000000000000, -1.000000000000000000, 0.000000000000000000 ) ) ;
#3006 = CARTESIAN_POINT ( 'NONE',  ( -0.2000000000000000111, -2.376562118716424976, 0.9375000000000000000 ) ) ;
#3007 = DIRECTION ( 'NONE',  ( 0.000000000000000000, -1.000000000000000000, 0.000000000000000000 ) ) ;
#3008 = EDGE_CURVE ( 'NONE', #3089, #3540, #2425, .T. ) ;
#3009 = EDGE_CURVE ( 'NONE', #2615, #3856, #161, .T. ) ;
#3010 = DIRECTION ( 'NONE',  ( -0.7540815958863057444, 0.000000000000000000, 0.6567807448042017882 ) ) ;
#3011 = ORIENTED_EDGE ( 'NONE', *, *, #3758, .F. ) ;
#3012 = ORIENTED_EDGE ( 'NONE', *, *, #2004, .T. ) ;
#3013 = LINE ( 'NONE', #930, #3062 ) ;
#3014 = DIRECTION ( 'NONE',  ( 0.000000000000000000, 1.000000000000000000, 0.000000000000000000 ) ) ;
#3015 = EDGE_CURVE ( 'NONE', #3266, #1967, #3159, .T. ) ;
#3016 = CARTESIAN_POINT ( 'NONE',  ( 0.4749999999999999778, 0.000000000000000000, 0.3250000000000000111 ) ) ;
#3017 = VERTEX_POINT ( 'NONE', #1076 ) ;
#3018 = DIRECTION ( 'NONE',  ( 0.000000000000000000, -1.000000000000000000, 0.000000000000000000 ) ) ;
#3019 = DIRECTION ( 'NONE',  ( 0.7540815958863064106, 0.000000000000000000, -0.6567807448042013441 ) ) ;
#3020 = DIRECTION ( 'NONE',  ( -1.000000000000000000, 0.000000000000000000, 0.000000000000000000 ) ) ;
#3021 = ORIENTED_EDGE ( 'NONE', *, *, #438, .F. ) ;
#3022 = VERTEX_POINT ( 'NONE', #1390 ) ;
#3023 = DIRECTION ( 'NONE',  ( 0.000000000000000000, -1.000000000000000000, 0.000000000000000000 ) ) ;
#3024 = CARTESIAN_POINT ( 'NONE',  ( -0.4749999999999999778, 0.4500000000000000111, -0.3250000000000000111 ) ) ;
#3025 = ORIENTED_EDGE ( 'NONE', *, *, #1206, .T. ) ;
#3026 = DIRECTION ( 'NONE',  ( 0.000000000000000000, 1.000000000000000000, 0.000000000000000000 ) ) ;
#3027 = CARTESIAN_POINT ( 'NONE',  ( 1.149999999999999911, 0.000000000000000000, -0.8504032258064510019 ) ) ;
#3028 = EDGE_CURVE ( 'NONE', #1822, #1633, #2356, .T. ) ;
#3029 = CARTESIAN_POINT ( 'NONE',  ( 0.2000000000000000111, 0.9000000000000000222, -0.9375000000000000000 ) ) ;
#3030 = FACE_OUTER_BOUND ( 'NONE', #3073, .T. ) ;
#3031 = ORIENTED_EDGE ( 'NONE', *, *, #3612, .F. ) ;
#3032 = ORIENTED_EDGE ( 'NONE', *, *, #2287, .T. ) ;
#3033 = EDGE_CURVE ( 'NONE', #956, #2696, #2586, .T. ) ;
#3034 = LINE ( 'NONE', #334, #3243 ) ;
#3035 = CARTESIAN_POINT ( 'NONE',  ( -0.2000000000000000111, 0.4500000000000000111, -1.000000000000000000 ) ) ;
#3036 = DIRECTION ( 'NONE',  ( -1.000000000000000000, 0.000000000000000000, 0.000000000000000000 ) ) ;
#3037 = ORIENTED_EDGE ( 'NONE', *, *, #2055, .T. ) ;
#3038 = EDGE_CURVE ( 'NONE', #200, #1683, #734, .T. ) ;
#3039 = DIRECTION ( 'NONE',  ( 0.6567807448042012330, 0.000000000000000000, -0.7540815958863064106 ) ) ;
#3040 = AXIS2_PLACEMENT_3D ( 'NONE', #56, #946, #359 ) ;
#3041 = LINE ( 'NONE', #20, #1427 ) ;
#3042 = PRESENTATION_LAYER_ASSIGNMENT (  '', '', ( #1980 ) ) ;
#3043 = DIRECTION ( 'NONE',  ( -0.000000000000000000, 1.000000000000000000, 0.000000000000000000 ) ) ;
#3044 = ORIENTED_EDGE ( 'NONE', *, *, #3559, .T. ) ;
#3045 = AXIS2_PLACEMENT_3D ( 'NONE', #702, #3109, #1647 ) ;
#3046 = ORIENTED_EDGE ( 'NONE', *, *, #338, .T. ) ;
#3047 = CARTESIAN_POINT ( 'NONE',  ( 1.250000000000000000, 0.8249999999999999556, -1.000000000000000000 ) ) ;
#3048 = AXIS2_PLACEMENT_3D ( 'NONE', #537, #511, #1121 ) ;
#3049 = CARTESIAN_POINT ( 'NONE',  ( 1.187500000000000000, 0.4500000000000000111, -1.000000000000000000 ) ) ;
#3050 = VERTEX_POINT ( 'NONE', #3175 ) ;
#3051 = VECTOR ( 'NONE', #2171, 1000.000000000000000 ) ;
#3052 = DIRECTION ( 'NONE',  ( 1.000000000000000000, 0.000000000000000000, 0.000000000000000000 ) ) ;
#3053 = PLANE ( 'NONE',  #3601 ) ;
#3054 = VECTOR ( 'NONE', #3880, 1000.000000000000114 ) ;
#3055 = DIRECTION ( 'NONE',  ( -1.000000000000000000, 0.000000000000000000, 0.000000000000000000 ) ) ;
#3056 = DIRECTION ( 'NONE',  ( 0.000000000000000000, -1.000000000000000000, 0.000000000000000000 ) ) ;
#3057 = VECTOR ( 'NONE', #978, 1000.000000000000000 ) ;
#3058 = EDGE_LOOP ( 'NONE', ( #1723, #1026, #3689, #2019 ) ) ;
#3059 = LINE ( 'NONE', #2447, #3308 ) ;
#3060 = LINE ( 'NONE', #3395, #3534 ) ;
#3061 = CLOSED_SHELL ( 'NONE', ( #2063, #3662, #3426, #2595, #3656, #3384, #2251, #502, #2561 ) ) ;
#3062 = VECTOR ( 'NONE', #1208, 1000.000000000000000 ) ;
#3063 = LINE ( 'NONE', #1926, #3223 ) ;
#3064 = EDGE_CURVE ( 'NONE', #1975, #3017, #457, .T. ) ;
#3065 = VECTOR ( 'NONE', #638, 1000.000000000000000 ) ;
#3066 = VERTEX_POINT ( 'NONE', #720 ) ;
#3067 = CARTESIAN_POINT ( 'NONE',  ( 0.4749999999999999778, 0.4500000000000000111, -0.9000000000000000222 ) ) ;
#3068 = CARTESIAN_POINT ( 'NONE',  ( -1.175000000000000044, 1.000000000000000000, 0.8000000000000000444 ) ) ;
#3069 = FILL_AREA_STYLE_COLOUR ( '', #2193 ) ;
#3070 = ADVANCED_FACE ( 'NONE', ( #1335 ), #1641, .F. ) ;
#3071 = ORIENTED_EDGE ( 'NONE', *, *, #3821, .F. ) ;
#3072 = ADVANCED_FACE ( 'NONE', ( #428 ), #139, .F. ) ;
#3073 = EDGE_LOOP ( 'NONE', ( #3711, #1970, #2500, #3255 ) ) ;
#3074 = LINE ( 'NONE', #372, #785 ) ;
#3075 = PLANE ( 'NONE',  #3556 ) ;
#3076 = ORIENTED_EDGE ( 'NONE', *, *, #1697, .T. ) ;
#3077 = DIRECTION ( 'NONE',  ( -0.7540815958863057444, 0.000000000000000000, -0.6567807448042017882 ) ) ;
#3078 = DIRECTION ( 'NONE',  ( -1.814002085645769733E-16, 0.000000000000000000, 1.000000000000000000 ) ) ;
#3079 = PLANE ( 'NONE',  #2040 ) ;
#3080 = CARTESIAN_POINT ( 'NONE',  ( -0.2000000000000000111, 0.4500000000000000111, 0.9375000000000000000 ) ) ;
#3081 = ORIENTED_EDGE ( 'NONE', *, *, #3652, .F. ) ;
#3082 = PLANE ( 'NONE',  #1112 ) ;
#3083 = CARTESIAN_POINT ( 'NONE',  ( -0.9000000000000000222, 1.000000000000000000, 0.5999999999999999778 ) ) ;
#3084 = DIRECTION ( 'NONE',  ( 1.000000000000000000, -4.818676322157800333E-16, 0.000000000000000000 ) ) ;
#3085 = ORIENTED_EDGE ( 'NONE', *, *, #598, .T. ) ;
#3086 = LINE ( 'NONE', #1964, #1165 ) ;
#3087 =( LENGTH_UNIT ( ) NAMED_UNIT ( * ) SI_UNIT ( .MILLI., .METRE. ) );
#3088 = EDGE_CURVE ( 'NONE', #2657, #1371, #2740, .T. ) ;
#3089 = VERTEX_POINT ( 'NONE', #3440 ) ;
#3090 = CARTESIAN_POINT ( 'NONE',  ( 0.4749999999999999778, 1.477740239554724111, -0.3250000000000000111 ) ) ;
#3091 = ORIENTED_EDGE ( 'NONE', *, *, #3348, .F. ) ;
#3092 = CARTESIAN_POINT ( 'NONE',  ( -6.098637220230959976E-17, 0.4500000000000000111, -0.9375000000000000000 ) ) ;
#3093 = ADVANCED_FACE ( 'NONE', ( #2570 ), #3747, .F. ) ;
#3094 = LINE ( 'NONE', #1829, #3065 ) ;
#3095 = ORIENTED_EDGE ( 'NONE', *, *, #647, .T. ) ;
#3096 = DIRECTION ( 'NONE',  ( 1.000000000000000000, 0.000000000000000000, 1.814002085645769733E-16 ) ) ;
#3097 = EDGE_CURVE ( 'NONE', #2990, #2249, #848, .T. ) ;
#3098 = LINE ( 'NONE', #1065, #1609 ) ;
#3099 = DIRECTION ( 'NONE',  ( 0.000000000000000000, -1.000000000000000000, 0.000000000000000000 ) ) ;
#3100 = DIRECTION ( 'NONE',  ( 0.000000000000000000, 1.000000000000000000, 0.000000000000000000 ) ) ;
#3101 = EDGE_LOOP ( 'NONE', ( #1666, #3355, #1367, #2338 ) ) ;
#3102 = PLANE ( 'NONE',  #3865 ) ;
#3103 = CARTESIAN_POINT ( 'NONE',  ( -0.2000000000000000111, 0.2250000000000000056, -0.9375000000000000000 ) ) ;
#3104 = ORIENTED_EDGE ( 'NONE', *, *, #1456, .T. ) ;
#3105 = FACE_OUTER_BOUND ( 'NONE', #1215, .T. ) ;
#3106 = DIRECTION ( 'NONE',  ( -1.000000000000000000, 0.000000000000000000, 0.000000000000000000 ) ) ;
#3107 = ORIENTED_EDGE ( 'NONE', *, *, #2294, .F. ) ;
#3108 = ORIENTED_EDGE ( 'NONE', *, *, #2271, .F. ) ;
#3109 = DIRECTION ( 'NONE',  ( 0.000000000000000000, 0.000000000000000000, -1.000000000000000000 ) ) ;
#3110 = CARTESIAN_POINT ( 'NONE',  ( -1.187500000000000000, 0.8249999999999999556, -1.000000000000000000 ) ) ;
#3111 = AXIS2_PLACEMENT_3D ( 'NONE', #3142, #1014, #2856 ) ;
#3112 = DIRECTION ( 'NONE',  ( 0.000000000000000000, 0.000000000000000000, -1.000000000000000000 ) ) ;
#3113 = VECTOR ( 'NONE', #945, 1000.000000000000000 ) ;
#3114 = ORIENTED_EDGE ( 'NONE', *, *, #1379, .T. ) ;
#3115 = ADVANCED_FACE ( 'NONE', ( #2607 ), #1724, .T. ) ;
#3116 = AXIS2_PLACEMENT_3D ( 'NONE', #1015, #3084, #3688 ) ;
#3117 = CARTESIAN_POINT ( 'NONE',  ( -0.4749999999999999778, 0.000000000000000000, -0.9000000000000000222 ) ) ;
#3118 = VECTOR ( 'NONE', #3585, 1000.000000000000000 ) ;
#3119 = DIRECTION ( 'NONE',  ( 1.000000000000000000, 0.000000000000000000, 1.814002085645769733E-16 ) ) ;
#3120 = LINE ( 'NONE', #1268, #3495 ) ;
#3121 = ADVANCED_FACE ( 'NONE', ( #2062 ), #566, .T. ) ;
#3122 = VERTEX_POINT ( 'NONE', #864 ) ;
#3123 = VECTOR ( 'NONE', #1128, 1000.000000000000000 ) ;
#3124 = DIRECTION ( 'NONE',  ( 0.000000000000000000, 0.000000000000000000, 1.000000000000000000 ) ) ;
#3125 = DIRECTION ( 'NONE',  ( 1.000000000000000000, 0.000000000000000000, 0.000000000000000000 ) ) ;
#3126 = VECTOR ( 'NONE', #47, 1000.000000000000000 ) ;
#3127 = ORIENTED_EDGE ( 'NONE', *, *, #2029, .T. ) ;
#3128 = CARTESIAN_POINT ( 'NONE',  ( 0.2625000000000000111, 0.000000000000000000, 1.000000000000000000 ) ) ;
#3129 = CLOSED_SHELL ( 'NONE', ( #963, #2268, #2360, #1191, #1164, #3690, #2228, #1631, #2482, #260 ) ) ;
#3130 = DIRECTION ( 'NONE',  ( -1.000000000000000000, 0.000000000000000000, -1.885568995626964780E-16 ) ) ;
#3131 = AXIS2_PLACEMENT_3D ( 'NONE', #2912, #3520, #2934 ) ;
#3132 = CARTESIAN_POINT ( 'NONE',  ( -1.175000000000000044, 1.000000000000000000, 0.8000000000000000444 ) ) ;
#3133 = VECTOR ( 'NONE', #5, 1000.000000000000000 ) ;
#3134 = VERTEX_POINT ( 'NONE', #3254 ) ;
#3135 = CARTESIAN_POINT ( 'NONE',  ( 0.2000000000000000111, 0.9000000000000000222, -1.000000000000000000 ) ) ;
#3136 = ORIENTED_EDGE ( 'NONE', *, *, #1087, .F. ) ;
#3137 = PLANE ( 'NONE',  #906 ) ;
#3138 = EDGE_CURVE ( 'NONE', #2454, #542, #1686, .T. ) ;
#3139 = ORIENTED_EDGE ( 'NONE', *, *, #1660, .F. ) ;
#3140 = CARTESIAN_POINT ( 'NONE',  ( -1.175000000000000044, 1.000000000000000000, -0.8000000000000000444 ) ) ;
#3141 = ADVANCED_FACE ( 'NONE', ( #493 ), #2076, .F. ) ;
#3142 = CARTESIAN_POINT ( 'NONE',  ( -1.250000000000000000, 0.4500000000000000111, -1.000000000000000000 ) ) ;
#3143 = EDGE_CURVE ( 'NONE', #3201, #583, #3180, .T. ) ;
#3144 = ORIENTED_EDGE ( 'NONE', *, *, #3578, .T. ) ;
#3145 = FACE_OUTER_BOUND ( 'NONE', #371, .T. ) ;
#3146 = LINE ( 'NONE', #756, #158 ) ;
#3147 = ADVANCED_FACE ( 'NONE', ( #1405 ), #809, .T. ) ;
#3148 = ORIENTED_EDGE ( 'NONE', *, *, #3222, .T. ) ;
#3149 = ORIENTED_EDGE ( 'NONE', *, *, #2459, .F. ) ;
#3150 = ORIENTED_EDGE ( 'NONE', *, *, #1163, .T. ) ;
#3151 = VERTEX_POINT ( 'NONE', #1431 ) ;
#3152 = FACE_OUTER_BOUND ( 'NONE', #2838, .T. ) ;
#3153 = ORIENTED_EDGE ( 'NONE', *, *, #842, .T. ) ;
#3154 = DIRECTION ( 'NONE',  ( 0.7540815958863057444, 0.000000000000000000, 0.6567807448042017882 ) ) ;
#3155 = LINE ( 'NONE', #135, #578 ) ;
#3156 = ADVANCED_FACE ( 'NONE', ( #3232 ), #2366, .F. ) ;
#3157 = VERTEX_POINT ( 'NONE', #1174 ) ;
#3158 = DIRECTION ( 'NONE',  ( 0.000000000000000000, -1.000000000000000000, 0.000000000000000000 ) ) ;
#3159 = LINE ( 'NONE', #108, #1746 ) ;
#3160 = ADVANCED_FACE ( 'NONE', ( #193 ), #528, .T. ) ;
#3161 = ORIENTED_EDGE ( 'NONE', *, *, #2675, .T. ) ;
#3162 = DIRECTION ( 'NONE',  ( 0.000000000000000000, -1.000000000000000000, 0.000000000000000000 ) ) ;
#3163 = CARTESIAN_POINT ( 'NONE',  ( 1.250000000000000000, 0.4500000000000000111, -0.9375000000000000000 ) ) ;
#3164 = FACE_OUTER_BOUND ( 'NONE', #184, .T. ) ;
#3165 = VERTEX_POINT ( 'NONE', #3563 ) ;
#3166 = DIRECTION ( 'NONE',  ( 0.000000000000000000, 1.000000000000000000, 0.000000000000000000 ) ) ;
#3167 = VECTOR ( 'NONE', #3125, 1000.000000000000000 ) ;
#3168 = VECTOR ( 'NONE', #1705, 1000.000000000000000 ) ;
#3169 = VERTEX_POINT ( 'NONE', #1148 ) ;
#3170 = DIRECTION ( 'NONE',  ( 1.000000000000000000, 0.000000000000000000, 0.000000000000000000 ) ) ;
#3171 = DIRECTION ( 'NONE',  ( 0.000000000000000000, -1.000000000000000000, 0.000000000000000000 ) ) ;
#3172 = CIRCLE ( 'NONE', #2975, 0.06250000000000005551 ) ;
#3173 = ORIENTED_EDGE ( 'NONE', *, *, #292, .F. ) ;
#3174 = LINE ( 'NONE', #1389, #585 ) ;
#3175 = CARTESIAN_POINT ( 'NONE',  ( 0.4749999999999999778, 0.4500000000000000111, 0.9000000000000000222 ) ) ;
#3176 = EDGE_CURVE ( 'NONE', #2635, #1067, #270, .T. ) ;
#3177 = AXIS2_PLACEMENT_3D ( 'NONE', #3135, #483, #410 ) ;
#3178 = SURFACE_SIDE_STYLE ('',( #3473 ) ) ;
#3179 = ORIENTED_EDGE ( 'NONE', *, *, #1259, .T. ) ;
#3180 = CIRCLE ( 'NONE', #3239, 0.06250000000000005551 ) ;
#3181 = CARTESIAN_POINT ( 'NONE',  ( 0.2000000000000000111, 0.4500000000000000111, -0.9375000000000000000 ) ) ;
#3182 = CARTESIAN_POINT ( 'NONE',  ( 1.149999999999999911, 0.4500000000000000111, -0.3250000000000000111 ) ) ;
#3183 = ADVANCED_FACE ( 'NONE', ( #1090 ), #233, .F. ) ;
#3184 = EDGE_CURVE ( 'NONE', #2591, #674, #1444, .T. ) ;
#3185 = PRESENTATION_LAYER_ASSIGNMENT (  '', '', ( #1308 ) ) ;
#3186 = EDGE_LOOP ( 'NONE', ( #3031, #2377, #2964, #665 ) ) ;
#3187 = ORIENTED_EDGE ( 'NONE', *, *, #757, .T. ) ;
#3188 = MECHANICAL_DESIGN_GEOMETRIC_PRESENTATION_REPRESENTATION (  '', ( #481 ), #287 ) ;
#3189 = DIRECTION ( 'NONE',  ( 0.7071067811865480168, 0.000000000000000000, 0.7071067811865470176 ) ) ;
#3190 = SURFACE_STYLE_FILL_AREA ( #2876 ) ;
#3191 = CARTESIAN_POINT ( 'NONE',  ( 1.187500000000000000, 0.9000000000000000222, 1.000000000000000000 ) ) ;
#3192 = CARTESIAN_POINT ( 'NONE',  ( 1.250000000000000000, 0.4500000000000000111, 0.9375000000000000000 ) ) ;
#3193 = ORIENTED_EDGE ( 'NONE', *, *, #2699, .T. ) ;
#3194 = DIRECTION ( 'NONE',  ( 0.000000000000000000, 1.000000000000000000, 0.000000000000000000 ) ) ;
#3195 = DIRECTION ( 'NONE',  ( 0.6567807448042017882, 0.000000000000000000, -0.7540815958863059665 ) ) ;
#3196 = ORIENTED_EDGE ( 'NONE', *, *, #3490, .F. ) ;
#3197 = EDGE_CURVE ( 'NONE', #1878, #1696, #3832, .T. ) ;
#3198 = DIRECTION ( 'NONE',  ( 0.000000000000000000, 1.000000000000000000, 0.000000000000000000 ) ) ;
#3199 = DIRECTION ( 'NONE',  ( -0.7540815958863057444, 0.000000000000000000, -0.6567807448042017882 ) ) ;
#3200 = DIRECTION ( 'NONE',  ( -1.000000000000000000, 0.000000000000000000, 0.000000000000000000 ) ) ;
#3201 = VERTEX_POINT ( 'NONE', #3504 ) ;
#3202 = EDGE_CURVE ( 'NONE', #2127, #2204, #2016, .T. ) ;
#3203 = DIRECTION ( 'NONE',  ( 0.000000000000000000, 1.000000000000000000, 0.000000000000000000 ) ) ;
#3204 = ADVANCED_FACE ( 'NONE', ( #2761 ), #3082, .T. ) ;
#3205 = FACE_OUTER_BOUND ( 'NONE', #409, .T. ) ;
#3206 = CARTESIAN_POINT ( 'NONE',  ( 0.2000000000000000111, 0.8249999999999999556, -1.000000000000000000 ) ) ;
#3207 = CARTESIAN_POINT ( 'NONE',  ( 0.4749999999999999778, 0.000000000000000000, -0.9000000000000000222 ) ) ;
#3208 = ORIENTED_EDGE ( 'NONE', *, *, #454, .T. ) ;
#3209 = LINE ( 'NONE', #2629, #3848 ) ;
#3210 = ORIENTED_EDGE ( 'NONE', *, *, #2510, .T. ) ;
#3211 = DIRECTION ( 'NONE',  ( 0.6567807448042017882, 0.000000000000000000, 0.7540815958863059665 ) ) ;
#3212 = CARTESIAN_POINT ( 'NONE',  ( 1.149999999999999911, 1.477740239554724111, 0.3250000000000000111 ) ) ;
#3213 = PLANE ( 'NONE',  #3596 ) ;
#3214 = ORIENTED_EDGE ( 'NONE', *, *, #1040, .F. ) ;
#3215 = LINE ( 'NONE', #1766, #835 ) ;
#3216 = DIRECTION ( 'NONE',  ( 0.000000000000000000, 0.000000000000000000, -1.000000000000000000 ) ) ;
#3217 = SURFACE_SIDE_STYLE ('',( #1413 ) ) ;
#3218 = ORIENTED_EDGE ( 'NONE', *, *, #2875, .T. ) ;
#3219 = ORIENTED_EDGE ( 'NONE', *, *, #1503, .T. ) ;
#3220 = DIRECTION ( 'NONE',  ( 0.000000000000000000, 1.000000000000000000, 0.000000000000000000 ) ) ;
#3221 = CARTESIAN_POINT ( 'NONE',  ( 1.074999999999999956, 0.9000000000000000222, 0.9000000000000000222 ) ) ;
#3222 = EDGE_CURVE ( 'NONE', #1712, #957, #881, .T. ) ;
#3223 = VECTOR ( 'NONE', #2158, 1000.000000000000000 ) ;
#3224 = AXIS2_PLACEMENT_3D ( 'NONE', #2946, #1720, #3791 ) ;
#3225 = CARTESIAN_POINT ( 'NONE',  ( 1.072685185185185963, 0.4500000000000000111, -0.9000000000000000222 ) ) ;
#3226 = DIRECTION ( 'NONE',  ( 1.000000000000000000, 0.000000000000000000, 2.409338161078900167E-16 ) ) ;
#3227 = EDGE_CURVE ( 'NONE', #126, #2870, #1860, .T. ) ;
#3228 = LINE ( 'NONE', #2929, #1534 ) ;
#3229 = ORIENTED_EDGE ( 'NONE', *, *, #2825, .T. ) ;
#3230 = VERTEX_POINT ( 'NONE', #294 ) ;
#3231 = VECTOR ( 'NONE', #2160, 1000.000000000000000 ) ;
#3232 = FACE_OUTER_BOUND ( 'NONE', #302, .T. ) ;
#3233 = DIRECTION ( 'NONE',  ( 0.000000000000000000, -1.000000000000000000, 0.000000000000000000 ) ) ;
#3234 = VECTOR ( 'NONE', #1068, 1000.000000000000000 ) ;
#3235 = ORIENTED_EDGE ( 'NONE', *, *, #2848, .T. ) ;
#3236 = CARTESIAN_POINT ( 'NONE',  ( 1.072685185185185963, 1.477740239554724111, -0.9000000000000000222 ) ) ;
#3237 = DIRECTION ( 'NONE',  ( 0.7540815958863064106, 0.000000000000000000, 0.6567807448042013441 ) ) ;
#3238 = STYLED_ITEM ( 'NONE', ( #1139 ), #2812 ) ;
#3239 = AXIS2_PLACEMENT_3D ( 'NONE', #216, #3268, #1461 ) ;
#3240 = ORIENTED_EDGE ( 'NONE', *, *, #1813, .F. ) ;
#3241 = CARTESIAN_POINT ( 'NONE',  ( -0.2625000000000000111, 0.000000000000000000, 1.000000000000000000 ) ) ;
#3242 = VECTOR ( 'NONE', #398, 1000.000000000000000 ) ;
#3243 = VECTOR ( 'NONE', #1547, 1000.000000000000000 ) ;
#3244 = DIRECTION ( 'NONE',  ( 1.000000000000000000, 0.000000000000000000, 0.000000000000000000 ) ) ;
#3245 = PRESENTATION_LAYER_ASSIGNMENT (  '', '', ( #794 ) ) ;
#3246 = EDGE_CURVE ( 'NONE', #51, #2739, #3059, .T. ) ;
#3247 = DIRECTION ( 'NONE',  ( 1.355252715606880049E-16, 1.000000000000000000, 0.000000000000000000 ) ) ;
#3248 = DIRECTION ( 'NONE',  ( 0.000000000000000000, 1.000000000000000000, 0.000000000000000000 ) ) ;
#3249 = DIRECTION ( 'NONE',  ( 0.000000000000000000, -1.000000000000000000, 0.000000000000000000 ) ) ;
#3250 = ORIENTED_EDGE ( 'NONE', *, *, #467, .F. ) ;
#3251 = ORIENTED_EDGE ( 'NONE', *, *, #2434, .F. ) ;
#3252 = EDGE_CURVE ( 'NONE', #3017, #3285, #3660, .T. ) ;
#3253 = EDGE_CURVE ( 'NONE', #1438, #3813, #608, .T. ) ;
#3254 = CARTESIAN_POINT ( 'NONE',  ( -1.149999999999999911, 0.4500000000000000111, 0.3250000000000000111 ) ) ;
#3255 = ORIENTED_EDGE ( 'NONE', *, *, #1582, .T. ) ;
#3256 = ADVANCED_FACE ( 'NONE', ( #38 ), #2155, .F. ) ;
#3257 = CARTESIAN_POINT ( 'NONE',  ( 0.4749999999999999778, 0.4500000000000000111, -0.9000000000000000222 ) ) ;
#3258 = LINE ( 'NONE', #3858, #3054 ) ;
#3259 = EDGE_LOOP ( 'NONE', ( #2648, #2760, #2468, #2894 ) ) ;
#3260 = EDGE_LOOP ( 'NONE', ( #3701, #2834, #3793, #3890 ) ) ;
#3261 = DIRECTION ( 'NONE',  ( 0.000000000000000000, 0.000000000000000000, -1.000000000000000000 ) ) ;
#3262 = LINE ( 'NONE', #2652, #3133 ) ;
#3263 = LINE ( 'NONE', #1189, #779 ) ;
#3264 = CARTESIAN_POINT ( 'NONE',  ( 0.4749999999999999778, 0.4500000000000000111, 0.3250000000000000111 ) ) ;
#3265 = CARTESIAN_POINT ( 'NONE',  ( -1.250000000000000000, 0.000000000000000000, 0.9375000000000000000 ) ) ;
#3266 = VERTEX_POINT ( 'NONE', #1523 ) ;
#3267 = ORIENTED_EDGE ( 'NONE', *, *, #2719, .T. ) ;
#3268 = DIRECTION ( 'NONE',  ( 0.000000000000000000, -1.000000000000000000, 0.000000000000000000 ) ) ;
#3269 = DIRECTION ( 'NONE',  ( -0.000000000000000000, 1.000000000000000000, 0.000000000000000000 ) ) ;
#3270 = ADVANCED_FACE ( 'NONE', ( #1571 ), #950, .T. ) ;
#3271 = ORIENTED_EDGE ( 'NONE', *, *, #1336, .F. ) ;
#3272 = CARTESIAN_POINT ( 'NONE',  ( -0.9000000000000000222, 1.000000000000000000, 0.5999999999999999778 ) ) ;
#3273 = SURFACE_STYLE_USAGE ( .BOTH. , #3217 ) ;
#3274 = FILL_AREA_STYLE ('',( #1466 ) ) ;
#3275 = DIRECTION ( 'NONE',  ( 0.000000000000000000, 0.000000000000000000, 1.000000000000000000 ) ) ;
#3276 = EDGE_CURVE ( 'NONE', #126, #3895, #2422, .T. ) ;
#3277 = ORIENTED_EDGE ( 'NONE', *, *, #1498, .F. ) ;
#3278 = ORIENTED_EDGE ( 'NONE', *, *, #2727, .T. ) ;
#3279 = DIRECTION ( 'NONE',  ( 0.000000000000000000, 1.000000000000000000, 0.000000000000000000 ) ) ;
#3280 = DIRECTION ( 'NONE',  ( -1.000000000000000000, 0.000000000000000000, 0.000000000000000000 ) ) ;
#3281 = LINE ( 'NONE', #2986, #2047 ) ;
#3282 = DIRECTION ( 'NONE',  ( 0.000000000000000000, -1.000000000000000000, 0.000000000000000000 ) ) ;
#3283 = DIRECTION ( 'NONE',  ( 0.7071067811865470176, 0.000000000000000000, -0.7071067811865480168 ) ) ;
#3284 = DIRECTION ( 'NONE',  ( 0.7540815958863064106, 0.000000000000000000, -0.6567807448042013441 ) ) ;
#3285 = VERTEX_POINT ( 'NONE', #1885 ) ;
#3286 = ORIENTED_EDGE ( 'NONE', *, *, #1872, .T. ) ;
#3287 = DIRECTION ( 'NONE',  ( 0.000000000000000000, 0.000000000000000000, 1.000000000000000000 ) ) ;
#3288 = DIRECTION ( 'NONE',  ( 1.000000000000000000, 0.000000000000000000, 0.000000000000000000 ) ) ;
#3289 = AXIS2_PLACEMENT_3D ( 'NONE', #2448, #2762, #3643 ) ;
#3290 = VECTOR ( 'NONE', #1990, 1000.000000000000000 ) ;
#3291 = PLANE ( 'NONE',  #141 ) ;
#3292 = VECTOR ( 'NONE', #2813, 1000.000000000000114 ) ;
#3293 = ORIENTED_EDGE ( 'NONE', *, *, #1400, .F. ) ;
#3294 = CARTESIAN_POINT ( 'NONE',  ( 1.074999999999999956, 1.000000000000000000, -0.8000000000000000444 ) ) ;
#3295 = DIRECTION ( 'NONE',  ( 1.000000000000000000, 0.000000000000000000, 0.000000000000000000 ) ) ;
#3296 = ADVANCED_FACE ( 'NONE', ( #2138 ), #3876, .T. ) ;
#3297 = AXIS2_PLACEMENT_3D ( 'NONE', #477, #1982, #2709 ) ;
#3298 = ORIENTED_EDGE ( 'NONE', *, *, #2583, .F. ) ;
#3299 = VERTEX_POINT ( 'NONE', #2380 ) ;
#3300 = CIRCLE ( 'NONE', #3430, 0.1000000000000000472 ) ;
#3301 = DIRECTION ( 'NONE',  ( -0.6567807448042012330, 0.000000000000000000, -0.7540815958863064106 ) ) ;
#3302 = EDGE_CURVE ( 'NONE', #361, #880, #3580, .T. ) ;
#3303 = DIRECTION ( 'NONE',  ( 0.000000000000000000, 1.000000000000000000, 0.000000000000000000 ) ) ;
#3304 = VECTOR ( 'NONE', #1623, 1000.000000000000000 ) ;
#3305 = COLOUR_RGB ( '',1.000000000000000000, 0.8117647058823529438, 0.5019607843137254832 ) ;
#3306 = DIRECTION ( 'NONE',  ( 0.000000000000000000, -1.000000000000000000, 0.000000000000000000 ) ) ;
#3307 = DIRECTION ( 'NONE',  ( 0.000000000000000000, -1.000000000000000000, 0.000000000000000000 ) ) ;
#3308 = VECTOR ( 'NONE', #3642, 1000.000000000000000 ) ;
#3309 = DIRECTION ( 'NONE',  ( 0.000000000000000000, -1.000000000000000000, 0.000000000000000000 ) ) ;
#3310 = AXIS2_PLACEMENT_3D ( 'NONE', #261, #3003, #1187 ) ;
#3311 = DIRECTION ( 'NONE',  ( 0.000000000000000000, 0.000000000000000000, -1.000000000000000000 ) ) ;
#3312 = EDGE_LOOP ( 'NONE', ( #2656, #2092, #2798, #549 ) ) ;
#3313 = ORIENTED_EDGE ( 'NONE', *, *, #2320, .T. ) ;
#3314 = PLANE ( 'NONE',  #2559 ) ;
#3315 = CARTESIAN_POINT ( 'NONE',  ( 1.187500000000000000, 0.4500000000000000111, 1.000000000000000000 ) ) ;
#3316 = VERTEX_POINT ( 'NONE', #3623 ) ;
#3317 = CARTESIAN_POINT ( 'NONE',  ( 0.4749999999999999778, 0.4500000000000000111, -0.3250000000000000111 ) ) ;
#3318 = DIRECTION ( 'NONE',  ( 0.000000000000000000, 0.000000000000000000, -1.000000000000000000 ) ) ;
#3319 = ORIENTED_EDGE ( 'NONE', *, *, #2646, .F. ) ;
#3320 = ORIENTED_EDGE ( 'NONE', *, *, #1498, .T. ) ;
#3321 = CARTESIAN_POINT ( 'NONE',  ( -0.6750000000000000444, 0.4500000000000000111, 0.3250000000000000111 ) ) ;
#3322 = CARTESIAN_POINT ( 'NONE',  ( -1.072685185185183965, 0.000000000000000000, -0.9000000000000000222 ) ) ;
#3323 = EDGE_LOOP ( 'NONE', ( #2265, #2244, #3378, #2136 ) ) ;
#3324 = EDGE_CURVE ( 'NONE', #3540, #2995, #3893, .T. ) ;
#3325 = CARTESIAN_POINT ( 'NONE',  ( -0.4749999999999999778, 0.4500000000000000111, -0.9000000000000000222 ) ) ;
#3326 = LINE ( 'NONE', #3029, #896 ) ;
#3327 = CARTESIAN_POINT ( 'NONE',  ( 0.4749999999999999778, 0.4500000000000000111, -0.9000000000000000222 ) ) ;
#3328 = ORIENTED_EDGE ( 'NONE', *, *, #393, .T. ) ;
#3329 = EDGE_CURVE ( 'NONE', #3663, #3134, #3013, .T. ) ;
#3330 = ORIENTED_EDGE ( 'NONE', *, *, #146, .F. ) ;
#3331 = CARTESIAN_POINT ( 'NONE',  ( -1.187500000000000000, 1.477740239554724111, -1.000000000000000000 ) ) ;
#3332 = DIRECTION ( 'NONE',  ( 0.000000000000000000, 0.000000000000000000, 1.000000000000000000 ) ) ;
#3333 = ORIENTED_EDGE ( 'NONE', *, *, #3634, .F. ) ;
#3334 = CARTESIAN_POINT ( 'NONE',  ( -0.4749999999999999778, 0.4500000000000000111, -0.9000000000000000222 ) ) ;
#3335 = DIRECTION ( 'NONE',  ( 0.000000000000000000, 0.000000000000000000, 1.000000000000000000 ) ) ;
#3336 = EDGE_LOOP ( 'NONE', ( #1597, #1132, #1346, #3629, #2126, #1137 ) ) ;
#3337 = ORIENTED_EDGE ( 'NONE', *, *, #2938, .T. ) ;
#3338 = LINE ( 'NONE', #1896, #784 ) ;
#3339 = LINE ( 'NONE', #2213, #1430 ) ;
#3340 = VERTEX_POINT ( 'NONE', #3598 ) ;
#3341 = LINE ( 'NONE', #2480, #3362 ) ;
#3342 = DIRECTION ( 'NONE',  ( 0.000000000000000000, 0.000000000000000000, 1.000000000000000000 ) ) ;
#3343 = ADVANCED_FACE ( 'NONE', ( #904 ), #3314, .T. ) ;
#3344 = DIRECTION ( 'NONE',  ( 2.409338161078900167E-16, 0.000000000000000000, -1.000000000000000000 ) ) ;
#3345 = DIRECTION ( 'NONE',  ( 0.000000000000000000, 1.000000000000000000, 0.000000000000000000 ) ) ;
#3346 = EDGE_LOOP ( 'NONE', ( #2551, #2397, #3603, #1874 ) ) ;
#3347 = DIRECTION ( 'NONE',  ( 1.000000000000000000, 0.000000000000000000, 0.000000000000000000 ) ) ;
#3348 = EDGE_CURVE ( 'NONE', #448, #3675, #3034, .T. ) ;
#3349 = DIRECTION ( 'NONE',  ( -0.6567807448042017882, 0.000000000000000000, 0.7540815958863059665 ) ) ;
#3350 = EDGE_CURVE ( 'NONE', #380, #2732, #2742, .T. ) ;
#3351 = ORIENTED_EDGE ( 'NONE', *, *, #2030, .T. ) ;
#3352 = CYLINDRICAL_SURFACE ( 'NONE', #2911, 0.1000000000000000472 ) ;
#3353 = AXIS2_PLACEMENT_3D ( 'NONE', #882, #1407, #1117 ) ;
#3354 = DIRECTION ( 'NONE',  ( 0.000000000000000000, -1.000000000000000000, 0.000000000000000000 ) ) ;
#3355 = ORIENTED_EDGE ( 'NONE', *, *, #1451, .F. ) ;
#3356 = AXIS2_PLACEMENT_3D ( 'NONE', #3790, #3846, #1774 ) ;
#3357 = ORIENTED_EDGE ( 'NONE', *, *, #44, .T. ) ;
#3358 = DIRECTION ( 'NONE',  ( -1.000000000000000000, 0.000000000000000000, 0.000000000000000000 ) ) ;
#3359 = VECTOR ( 'NONE', #237, 1000.000000000000000 ) ;
#3360 = LINE ( 'NONE', #351, #671 ) ;
#3361 = EDGE_LOOP ( 'NONE', ( #2755, #3032, #2404, #1904 ) ) ;
#3362 = VECTOR ( 'NONE', #1265, 1000.000000000000000 ) ;
#3363 = LINE ( 'NONE', #1917, #1797 ) ;
#3364 = CARTESIAN_POINT ( 'NONE',  ( -0.2000000000000000111, 0.2250000000000000056, -0.9375000000000000000 ) ) ;
#3365 = VECTOR ( 'NONE', #1555, 1000.000000000000000 ) ;
#3366 = PLANE ( 'NONE',  #3726 ) ;
#3367 = DIRECTION ( 'NONE',  ( 0.6567807448042012330, 0.000000000000000000, -0.7540815958863064106 ) ) ;
#3368 = AXIS2_PLACEMENT_3D ( 'NONE', #840, #3249, #1186 ) ;
#3369 = EDGE_CURVE ( 'NONE', #3157, #674, #1560, .T. ) ;
#3370 = VECTOR ( 'NONE', #3707, 1000.000000000000000 ) ;
#3371 = VERTEX_POINT ( 'NONE', #1591 ) ;
#3372 = CARTESIAN_POINT ( 'NONE',  ( -0.4749999999999999778, 0.4500000000000000111, -0.3250000000000000111 ) ) ;
#3373 = LINE ( 'NONE', #1861, #1032 ) ;
#3374 = VECTOR ( 'NONE', #1905, 1000.000000000000000 ) ;
#3375 = DIRECTION ( 'NONE',  ( 0.000000000000000000, -1.000000000000000000, 0.000000000000000000 ) ) ;
#3376 = EDGE_CURVE ( 'NONE', #3089, #2307, #1347, .T. ) ;
#3377 = VECTOR ( 'NONE', #1877, 1000.000000000000000 ) ;
#3378 = ORIENTED_EDGE ( 'NONE', *, *, #389, .F. ) ;
#3379 = PLANE ( 'NONE',  #782 ) ;
#3380 = DIRECTION ( 'NONE',  ( 0.000000000000000000, 1.000000000000000000, 0.000000000000000000 ) ) ;
#3381 = VECTOR ( 'NONE', #3833, 1000.000000000000000 ) ;
#3382 = DIRECTION ( 'NONE',  ( 0.000000000000000000, 0.000000000000000000, -1.000000000000000000 ) ) ;
#3383 = ORIENTED_EDGE ( 'NONE', *, *, #438, .T. ) ;
#3384 = ADVANCED_FACE ( 'NONE', ( #3760 ), #3102, .T. ) ;
#3385 = ORIENTED_EDGE ( 'NONE', *, *, #484, .T. ) ;
#3386 = DIRECTION ( 'NONE',  ( -0.000000000000000000, 1.000000000000000000, 0.000000000000000000 ) ) ;
#3387 = CARTESIAN_POINT ( 'NONE',  ( 0.4749999999999999778, 0.000000000000000000, -0.3250000000000000111 ) ) ;
#3388 = ORIENTED_EDGE ( 'NONE', *, *, #698, .F. ) ;
#3389 = FACE_OUTER_BOUND ( 'NONE', #2531, .T. ) ;
#3390 = CARTESIAN_POINT ( 'NONE',  ( 0.2000000000000000111, 0.8249999999999999556, 0.9375000000000000000 ) ) ;
#3391 = CARTESIAN_POINT ( 'NONE',  ( -1.149999999999999911, 0.000000000000000000, 0.3250000000000000111 ) ) ;
#3392 = DIRECTION ( 'NONE',  ( 0.000000000000000000, 1.000000000000000000, 0.000000000000000000 ) ) ;
#3393 = ORIENTED_EDGE ( 'NONE', *, *, #3867, .T. ) ;
#3394 = DIRECTION ( 'NONE',  ( 0.000000000000000000, 1.000000000000000000, 0.000000000000000000 ) ) ;
#3395 = CARTESIAN_POINT ( 'NONE',  ( -1.072685185185183965, 0.4500000000000000111, 0.9000000000000000222 ) ) ;
#3396 = ORIENTED_EDGE ( 'NONE', *, *, #3097, .F. ) ;
#3397 = LINE ( 'NONE', #3706, #3851 ) ;
#3398 = DIRECTION ( 'NONE',  ( 0.000000000000000000, 0.000000000000000000, 1.000000000000000000 ) ) ;
#3399 = ADVANCED_FACE ( 'NONE', ( #3466 ), #1368, .T. ) ;
#3400 = DIRECTION ( 'NONE',  ( 0.000000000000000000, 1.000000000000000000, 0.000000000000000000 ) ) ;
#3401 = ORIENTED_EDGE ( 'NONE', *, *, #868, .F. ) ;
#3402 = VERTEX_POINT ( 'NONE', #3140 ) ;
#3403 = CARTESIAN_POINT ( 'NONE',  ( -1.250000000000000000, 0.4500000000000000111, 1.000000000000000000 ) ) ;
#3404 = PLANE ( 'NONE',  #1106 ) ;
#3405 = EDGE_CURVE ( 'NONE', #1258, #3883, #669, .T. ) ;
#3406 = ORIENTED_EDGE ( 'NONE', *, *, #1783, .F. ) ;
#3407 = CARTESIAN_POINT ( 'NONE',  ( 0.2000000000000000111, 0.8249999999999999556, -0.9375000000000000000 ) ) ;
#3408 = LINE ( 'NONE', #2758, #330 ) ;
#3409 = CARTESIAN_POINT ( 'NONE',  ( -1.187500000000000000, 0.4500000000000000111, 1.000000000000000000 ) ) ;
#3410 = VERTEX_POINT ( 'NONE', #766 ) ;
#3411 = DIRECTION ( 'NONE',  ( 0.000000000000000000, -1.000000000000000000, 0.000000000000000000 ) ) ;
#3412 = DIRECTION ( 'NONE',  ( 0.000000000000000000, 0.000000000000000000, -1.000000000000000000 ) ) ;
#3413 = LINE ( 'NONE', #1293, #2788 ) ;
#3414 = CARTESIAN_POINT ( 'NONE',  ( -1.250000000000000000, 0.000000000000000000, -0.9375000000000000000 ) ) ;
#3415 = ORIENTED_EDGE ( 'NONE', *, *, #2506, .F. ) ;
#3416 = CARTESIAN_POINT ( 'NONE',  ( 1.250000000000000000, 0.9000000000000000222, -0.9375000000000000000 ) ) ;
#3417 = DIRECTION ( 'NONE',  ( 0.000000000000000000, 0.000000000000000000, -1.000000000000000000 ) ) ;
#3418 = VERTEX_POINT ( 'NONE', #1667 ) ;
#3419 = CIRCLE ( 'NONE', #460, 0.06250000000000005551 ) ;
#3420 = ORIENTED_EDGE ( 'NONE', *, *, #3484, .F. ) ;
#3421 = ADVANCED_FACE ( 'NONE', ( #2219 ), #3741, .F. ) ;
#3422 = FACE_OUTER_BOUND ( 'NONE', #1376, .T. ) ;
#3423 = AXIS2_PLACEMENT_3D ( 'NONE', #3627, #2571, #1931 ) ;
#3424 = AXIS2_PLACEMENT_3D ( 'NONE', #224, #3881, #3837 ) ;
#3425 = ORIENTED_EDGE ( 'NONE', *, *, #3634, .T. ) ;
#3426 = ADVANCED_FACE ( 'NONE', ( #134 ), #1960, .T. ) ;
#3427 = ADVANCED_FACE ( 'NONE', ( #2542 ), #1976, .F. ) ;
#3428 = VECTOR ( 'NONE', #2547, 1000.000000000000000 ) ;
#3429 = LINE ( 'NONE', #3755, #1679 ) ;
#3430 = AXIS2_PLACEMENT_3D ( 'NONE', #129, #3786, #1381 ) ;
#3431 = CARTESIAN_POINT ( 'NONE',  ( -0.9000000000000000222, 0.9749999999999999778, 0.5999999999999999778 ) ) ;
#3432 = ADVANCED_FACE ( 'NONE', ( #2201 ), #2779, .T. ) ;
#3433 = ORIENTED_EDGE ( 'NONE', *, *, #3896, .T. ) ;
#3434 = AXIS2_PLACEMENT_3D ( 'NONE', #1533, #67, #2729 ) ;
#3435 = CARTESIAN_POINT ( 'NONE',  ( 1.175000000000000044, 1.000000000000000000, 0.8000000000000000444 ) ) ;
#3436 = CARTESIAN_POINT ( 'NONE',  ( -0.2000000000000000111, 0.9000000000000000222, -0.9375000000000000000 ) ) ;
#3437 = VECTOR ( 'NONE', #3199, 1000.000000000000114 ) ;
#3438 = VERTEX_POINT ( 'NONE', #2524 ) ;
#3439 = DIRECTION ( 'NONE',  ( 0.000000000000000000, 0.000000000000000000, -1.000000000000000000 ) ) ;
#3440 = CARTESIAN_POINT ( 'NONE',  ( -1.187500000000000000, 0.4500000000000000111, -1.000000000000000000 ) ) ;
#3441 = VECTOR ( 'NONE', #177, 1000.000000000000000 ) ;
#3442 = ORIENTED_EDGE ( 'NONE', *, *, #1602, .F. ) ;
#3443 = VECTOR ( 'NONE', #2402, 1000.000000000000000 ) ;
#3444 = ORIENTED_EDGE ( 'NONE', *, *, #618, .F. ) ;
#3445 = DIRECTION ( 'NONE',  ( 1.000000000000000000, -1.355252715606880049E-16, 0.000000000000000000 ) ) ;
#3446 = ORIENTED_EDGE ( 'NONE', *, *, #1046, .T. ) ;
#3447 = CARTESIAN_POINT ( 'NONE',  ( -0.4749999999999999778, 0.4500000000000000111, 0.5250000000000000222 ) ) ;
#3448 = EDGE_CURVE ( 'NONE', #717, #301, #1945, .T. ) ;
#3449 = ORIENTED_EDGE ( 'NONE', *, *, #843, .T. ) ;
#3450 = DIRECTION ( 'NONE',  ( 0.000000000000000000, 0.000000000000000000, -1.000000000000000000 ) ) ;
#3451 = CARTESIAN_POINT ( 'NONE',  ( 0.4749999999999999778, 0.4500000000000000111, -0.3250000000000000111 ) ) ;
#3452 = EDGE_CURVE ( 'NONE', #2909, #1448, #100, .T. ) ;
#3453 = ORIENTED_EDGE ( 'NONE', *, *, #2403, .T. ) ;
#3454 = CYLINDRICAL_SURFACE ( 'NONE', #3483, 0.06250000000000005551 ) ;
#3455 = DIRECTION ( 'NONE',  ( 0.000000000000000000, 0.000000000000000000, -1.000000000000000000 ) ) ;
#3456 = SURFACE_STYLE_FILL_AREA ( #1061 ) ;
#3457 = ORIENTED_EDGE ( 'NONE', *, *, #3465, .T. ) ;
#3458 = CYLINDRICAL_SURFACE ( 'NONE', #3177, 0.06250000000000005551 ) ;
#3459 = CARTESIAN_POINT ( 'NONE',  ( -0.2625000000000000111, 0.8249999999999999556, 1.000000000000000000 ) ) ;
#3460 = ORIENTED_EDGE ( 'NONE', *, *, #347, .F. ) ;
#3461 = ORIENTED_EDGE ( 'NONE', *, *, #3821, .T. ) ;
#3462 = DIRECTION ( 'NONE',  ( 0.000000000000000000, -1.000000000000000000, 0.000000000000000000 ) ) ;
#3463 =( NAMED_UNIT ( * ) SI_UNIT ( $, .STERADIAN. ) SOLID_ANGLE_UNIT ( ) );
#3464 = EDGE_LOOP ( 'NONE', ( #610, #1077, #387, #2431 ) ) ;
#3465 = EDGE_CURVE ( 'NONE', #116, #3550, #1923, .T. ) ;
#3466 = FACE_OUTER_BOUND ( 'NONE', #3186, .T. ) ;
#3467 = DIRECTION ( 'NONE',  ( -1.000000000000000000, 0.000000000000000000, -2.282530889443165050E-16 ) ) ;
#3468 = ORIENTED_EDGE ( 'NONE', *, *, #103, .F. ) ;
#3469 = EDGE_CURVE ( 'NONE', #1808, #256, #3718, .T. ) ;
#3470 = CARTESIAN_POINT ( 'NONE',  ( 1.250000000000000000, -2.376562118716424976, 0.9375000000000000000 ) ) ;
#3471 = EDGE_CURVE ( 'NONE', #3230, #241, #118, .T. ) ;
#3472 = DIRECTION ( 'NONE',  ( 0.000000000000000000, -1.000000000000000000, 0.000000000000000000 ) ) ;
#3473 = SURFACE_STYLE_FILL_AREA ( #772 ) ;
#3474 = VERTEX_POINT ( 'NONE', #3435 ) ;
#3475 =( NAMED_UNIT ( * ) PLANE_ANGLE_UNIT ( ) SI_UNIT ( $, .RADIAN. ) );
#3476 = LINE ( 'NONE', #1282, #406 ) ;
#3477 = EDGE_LOOP ( 'NONE', ( #1736, #1317, #3240, #28 ) ) ;
#3478 = CARTESIAN_POINT ( 'NONE',  ( 0.4749999999999999778, 0.4500000000000000111, 0.3250000000000000111 ) ) ;
#3479 = VECTOR ( 'NONE', #767, 1000.000000000000000 ) ;
#3480 = VECTOR ( 'NONE', #1399, 1000.000000000000000 ) ;
#3481 = VECTOR ( 'NONE', #3306, 1000.000000000000000 ) ;
#3482 = DIRECTION ( 'NONE',  ( 0.000000000000000000, 0.000000000000000000, 1.000000000000000000 ) ) ;
#3483 = AXIS2_PLACEMENT_3D ( 'NONE', #1075, #3745, #443 ) ;
#3484 = EDGE_CURVE ( 'NONE', #12, #9, #736, .T. ) ;
#3485 = AXIS2_PLACEMENT_3D ( 'NONE', #2794, #1831, #3096 ) ;
#3486 = ORIENTED_EDGE ( 'NONE', *, *, #2825, .F. ) ;
#3487 = CARTESIAN_POINT ( 'NONE',  ( 0.4749999999999999778, 0.4500000000000000111, 0.3250000000000000111 ) ) ;
#3488 = CARTESIAN_POINT ( 'NONE',  ( 1.149999999999999911, 0.4500000000000000111, 0.3250000000000000111 ) ) ;
#3489 = COLOUR_RGB ( '',1.000000000000000000, 0.8117647058823529438, 0.5019607843137254832 ) ;
#3490 = EDGE_CURVE ( 'NONE', #2956, #2143, #821, .T. ) ;
#3491 = EDGE_LOOP ( 'NONE', ( #2330, #827, #1844, #1992 ) ) ;
#3492 = DIRECTION ( 'NONE',  ( 0.000000000000000000, 0.000000000000000000, -1.000000000000000000 ) ) ;
#3493 = AXIS2_PLACEMENT_3D ( 'NONE', #1228, #3287, #3347 ) ;
#3494 = PLANE ( 'NONE',  #3845 ) ;
#3495 = VECTOR ( 'NONE', #1345, 1000.000000000000000 ) ;
#3496 = EDGE_CURVE ( 'NONE', #1808, #956, #1108, .T. ) ;
#3497 = ORIENTED_EDGE ( 'NONE', *, *, #1318, .T. ) ;
#3498 = MECHANICAL_DESIGN_GEOMETRIC_PRESENTATION_REPRESENTATION (  '', ( #2682 ), #2061 ) ;
#3499 = CARTESIAN_POINT ( 'NONE',  ( 1.072685185185183965, 0.4500000000000000111, 0.9000000000000000222 ) ) ;
#3500 = CARTESIAN_POINT ( 'NONE',  ( 1.250000000000000000, 0.9000000000000000222, 0.9375000000000000000 ) ) ;
#3501 = ORIENTED_EDGE ( 'NONE', *, *, #1602, .T. ) ;
#3502 = ORIENTED_EDGE ( 'NONE', *, *, #568, .F. ) ;
#3503 = DIRECTION ( 'NONE',  ( 0.000000000000000000, 0.000000000000000000, -1.000000000000000000 ) ) ;
#3504 = CARTESIAN_POINT ( 'NONE',  ( 1.187500000000000000, 0.8249999999999999556, 1.000000000000000000 ) ) ;
#3505 = DIRECTION ( 'NONE',  ( -1.000000000000000000, 0.000000000000000000, 0.000000000000000000 ) ) ;
#3506 = ORIENTED_EDGE ( 'NONE', *, *, #165, .T. ) ;
#3507 = DIRECTION ( 'NONE',  ( 0.000000000000000000, 1.000000000000000000, 0.000000000000000000 ) ) ;
#3508 = LINE ( 'NONE', #2142, #3365 ) ;
#3509 = ADVANCED_FACE ( 'NONE', ( #2905 ), #2337, .F. ) ;
#3510 = PRODUCT_CONTEXT ( 'NONE', #1362, 'mechanical' ) ;
#3511 = ORIENTED_EDGE ( 'NONE', *, *, #732, .T. ) ;
#3512 = CARTESIAN_POINT ( 'NONE',  ( 1.250000000000000000, 0.000000000000000000, 0.9375000000000000000 ) ) ;
#3513 = ADVANCED_FACE ( 'NONE', ( #1167 ), #1144, .F. ) ;
#3514 = DIRECTION ( 'NONE',  ( 0.000000000000000000, 1.000000000000000000, 0.000000000000000000 ) ) ;
#3515 = CARTESIAN_POINT ( 'NONE',  ( 0.2000000000000000111, 0.8249999999999999556, 0.9375000000000000000 ) ) ;
#3516 = CARTESIAN_POINT ( 'NONE',  ( 1.072685185185183965, 1.477740239554724111, 0.9000000000000000222 ) ) ;
#3517 = FACE_OUTER_BOUND ( 'NONE', #252, .T. ) ;
#3518 = VERTEX_POINT ( 'NONE', #2071 ) ;
#3519 = ORIENTED_EDGE ( 'NONE', *, *, #2650, .T. ) ;
#3520 = DIRECTION ( 'NONE',  ( 0.000000000000000000, 1.000000000000000000, 0.000000000000000000 ) ) ;
#3521 = DIRECTION ( 'NONE',  ( 0.000000000000000000, -1.000000000000000000, 0.000000000000000000 ) ) ;
#3522 = UNCERTAINTY_MEASURE_WITH_UNIT (LENGTH_MEASURE( 1.000000000000000082E-05 ), #2083, 'distance_accuracy_value', 'NONE');
#3523 = CARTESIAN_POINT ( 'NONE',  ( -0.2625000000000000111, -2.376562118716424976, 1.000000000000000000 ) ) ;
#3524 = ORIENTED_EDGE ( 'NONE', *, *, #3227, .T. ) ;
#3525 = DIRECTION ( 'NONE',  ( 0.000000000000000000, -1.000000000000000000, 0.000000000000000000 ) ) ;
#3526 = DIRECTION ( 'NONE',  ( -0.7540815958863064106, 0.000000000000000000, 0.6567807448042013441 ) ) ;
#3527 = FILL_AREA_STYLE_COLOUR ( '', #3305 ) ;
#3528 = ORIENTED_EDGE ( 'NONE', *, *, #768, .F. ) ;
#3529 = EDGE_CURVE ( 'NONE', #2349, #2236, #1706, .T. ) ;
#3530 = ORIENTED_EDGE ( 'NONE', *, *, #48, .F. ) ;
#3531 = LINE ( 'NONE', #599, #2980 ) ;
#3532 = ADVANCED_FACE ( 'NONE', ( #2878 ), #3558, .T. ) ;
#3533 = EDGE_CURVE ( 'NONE', #3649, #117, #1742, .T. ) ;
#3534 = VECTOR ( 'NONE', #1290, 1000.000000000000000 ) ;
#3535 = CIRCLE ( 'NONE', #11, 0.06250000000000005551 ) ;
#3536 = PLANE ( 'NONE',  #1220 ) ;
#3537 = DIRECTION ( 'NONE',  ( 1.000000000000000000, 0.000000000000000000, 2.409338161078900167E-16 ) ) ;
#3538 = CARTESIAN_POINT ( 'NONE',  ( 0.2625000000000000111, 0.9000000000000000222, 1.000000000000000000 ) ) ;
#3539 = VECTOR ( 'NONE', #1834, 1000.000000000000000 ) ;
#3540 = VERTEX_POINT ( 'NONE', #2622 ) ;
#3541 = EDGE_CURVE ( 'NONE', #2073, #1016, #839, .T. ) ;
#3542 = ORIENTED_EDGE ( 'NONE', *, *, #2675, .F. ) ;
#3543 = CIRCLE ( 'NONE', #1854, 0.06250000000000005551 ) ;
#3544 = DIRECTION ( 'NONE',  ( 0.000000000000000000, 0.000000000000000000, -1.000000000000000000 ) ) ;
#3545 = CARTESIAN_POINT ( 'NONE',  ( -0.9000000000000000222, 0.9749999999999999778, 0.5999999999999999778 ) ) ;
#3546 = AXIS2_PLACEMENT_3D ( 'NONE', #575, #3301, #834 ) ;
#3547 = ORIENTED_EDGE ( 'NONE', *, *, #3197, .T. ) ;
#3548 = DIRECTION ( 'NONE',  ( 0.000000000000000000, -1.000000000000000000, 0.000000000000000000 ) ) ;
#3549 = VECTOR ( 'NONE', #3805, 1000.000000000000000 ) ;
#3550 = VERTEX_POINT ( 'NONE', #474 ) ;
#3551 = AXIS2_PLACEMENT_3D ( 'NONE', #1842, #3380, #2783 ) ;
#3552 = ORIENTED_EDGE ( 'NONE', *, *, #1985, .T. ) ;
#3553 = DIRECTION ( 'NONE',  ( 0.000000000000000000, 0.000000000000000000, -1.000000000000000000 ) ) ;
#3554 =( GEOMETRIC_REPRESENTATION_CONTEXT ( 3 ) GLOBAL_UNCERTAINTY_ASSIGNED_CONTEXT ( ( #2936 ) ) GLOBAL_UNIT_ASSIGNED_CONTEXT ( ( #2253, #1421, #3463 ) ) REPRESENTATION_CONTEXT ( 'NONE', 'WORKASPACE' ) );
#3555 = VECTOR ( 'NONE', #1653, 1000.000000000000000 ) ;
#3556 = AXIS2_PLACEMENT_3D ( 'NONE', #3024, #1625, #663 ) ;
#3557 = CARTESIAN_POINT ( 'NONE',  ( -1.250000000000000000, 0.000000000000000000, 0.9375000000000000000 ) ) ;
#3558 = CYLINDRICAL_SURFACE ( 'NONE', #3224, 0.1000000000000000472 ) ;
#3559 = EDGE_CURVE ( 'NONE', #3201, #1836, #246, .T. ) ;
#3560 = DIRECTION ( 'NONE',  ( 0.000000000000000000, 0.000000000000000000, 1.000000000000000000 ) ) ;
#3561 = ORIENTED_EDGE ( 'NONE', *, *, #816, .F. ) ;
#3562 = ORIENTED_EDGE ( 'NONE', *, *, #1451, .T. ) ;
#3563 = CARTESIAN_POINT ( 'NONE',  ( 1.250000000000000000, 0.9000000000000000222, 0.9375000000000000000 ) ) ;
#3564 = EDGE_CURVE ( 'NONE', #2249, #1656, #3773, .T. ) ;
#3565 = DIRECTION ( 'NONE',  ( 0.000000000000000000, 0.000000000000000000, 1.000000000000000000 ) ) ;
#3566 = ORIENTED_EDGE ( 'NONE', *, *, #3758, .T. ) ;
#3567 = CARTESIAN_POINT ( 'NONE',  ( 0.4749999999999999778, 0.000000000000000000, -0.3250000000000000111 ) ) ;
#3568 =( LENGTH_UNIT ( ) NAMED_UNIT ( * ) SI_UNIT ( .MILLI., .METRE. ) );
#3569 = VERTEX_POINT ( 'NONE', #3225 ) ;
#3570 = LINE ( 'NONE', #1708, #899 ) ;
#3571 = VERTEX_POINT ( 'NONE', #490 ) ;
#3572 = LINE ( 'NONE', #518, #472 ) ;
#3573 = CARTESIAN_POINT ( 'NONE',  ( 1.074999999999999956, 1.000000000000000000, 0.8000000000000000444 ) ) ;
#3574 = FACE_OUTER_BOUND ( 'NONE', #407, .T. ) ;
#3575 = DIRECTION ( 'NONE',  ( 0.000000000000000000, 0.000000000000000000, -1.000000000000000000 ) ) ;
#3576 = LINE ( 'NONE', #878, #516 ) ;
#3577 = ORIENTED_EDGE ( 'NONE', *, *, #3469, .T. ) ;
#3578 = EDGE_CURVE ( 'NONE', #2075, #823, #2011, .T. ) ;
#3579 = ORIENTED_EDGE ( 'NONE', *, *, #3448, .T. ) ;
#3580 = LINE ( 'NONE', #586, #1939 ) ;
#3581 = CARTESIAN_POINT ( 'NONE',  ( -0.4749999999999999778, 0.4500000000000000111, -0.3250000000000000111 ) ) ;
#3582 = EDGE_CURVE ( 'NONE', #3165, #3622, #3847, .T. ) ;
#3583 = EDGE_CURVE ( 'NONE', #2577, #195, #3535, .T. ) ;
#3584 = VERTEX_POINT ( 'NONE', #1131 ) ;
#3585 = DIRECTION ( 'NONE',  ( 0.000000000000000000, 1.000000000000000000, 0.000000000000000000 ) ) ;
#3586 = DIRECTION ( 'NONE',  ( 0.7540815958863064106, 0.000000000000000000, 0.6567807448042013441 ) ) ;
#3587 = APPLICATION_PROTOCOL_DEFINITION ( 'draft international standard', 'automotive_design', 1998, #1362 ) ;
#3588 = DIRECTION ( 'NONE',  ( 0.000000000000000000, 0.000000000000000000, 1.000000000000000000 ) ) ;
#3589 = ORIENTED_EDGE ( 'NONE', *, *, #2906, .F. ) ;
#3590 = ORIENTED_EDGE ( 'NONE', *, *, #3324, .T. ) ;
#3591 = CARTESIAN_POINT ( 'NONE',  ( -0.6750000000000000444, 0.000000000000000000, 0.3250000000000000111 ) ) ;
#3592 = CARTESIAN_POINT ( 'NONE',  ( -1.187500000000000000, 0.8249999999999999556, 1.000000000000000000 ) ) ;
#3593 = DIRECTION ( 'NONE',  ( 0.000000000000000000, 1.000000000000000000, 0.000000000000000000 ) ) ;
#3594 = CARTESIAN_POINT ( 'NONE',  ( -0.2000000000000000111, -2.376562118716424976, 1.000000000000000000 ) ) ;
#3595 = ORIENTED_EDGE ( 'NONE', *, *, #773, .F. ) ;
#3596 = AXIS2_PLACEMENT_3D ( 'NONE', #1725, #2914, #3815 ) ;
#3597 = ORIENTED_EDGE ( 'NONE', *, *, #3754, .F. ) ;
#3598 = CARTESIAN_POINT ( 'NONE',  ( 0.4749999999999999778, 0.000000000000000000, -0.9000000000000000222 ) ) ;
#3599 = DIRECTION ( 'NONE',  ( -1.000000000000000000, 0.000000000000000000, 0.000000000000000000 ) ) ;
#3600 = EDGE_CURVE ( 'NONE', #195, #3644, #1084, .T. ) ;
#3601 = AXIS2_PLACEMENT_3D ( 'NONE', #2091, #3283, #3309 ) ;
#3602 = CIRCLE ( 'NONE', #2235, 0.1250000000000000000 ) ;
#3603 = ORIENTED_EDGE ( 'NONE', *, *, #1891, .F. ) ;
#3604 = CARTESIAN_POINT ( 'NONE',  ( -1.250000000000000000, 0.9000000000000000222, -0.9375000000000000000 ) ) ;
#3605 = SURFACE_SIDE_STYLE ('',( #1890 ) ) ;
#3606 = EDGE_CURVE ( 'NONE', #380, #1884, #2322, .T. ) ;
#3607 = VECTOR ( 'NONE', #1730, 1000.000000000000000 ) ;
#3608 = ORIENTED_EDGE ( 'NONE', *, *, #2030, .F. ) ;
#3609 = ORIENTED_EDGE ( 'NONE', *, *, #2952, .F. ) ;
#3610 = VECTOR ( 'NONE', #1789, 1000.000000000000000 ) ;
#3611 = FACE_OUTER_BOUND ( 'NONE', #413, .T. ) ;
#3612 = EDGE_CURVE ( 'NONE', #745, #1745, #2893, .T. ) ;
#3613 = FACE_OUTER_BOUND ( 'NONE', #3259, .T. ) ;
#3614 = VECTOR ( 'NONE', #1465, 1000.000000000000000 ) ;
#3615 = DIRECTION ( 'NONE',  ( 0.000000000000000000, 0.000000000000000000, 1.000000000000000000 ) ) ;
#3616 = AXIS2_PLACEMENT_3D ( 'NONE', #2325, #1762, #3544 ) ;
#3617 = DIRECTION ( 'NONE',  ( -0.7540815958863057444, 0.000000000000000000, 0.6567807448042017882 ) ) ;
#3618 = LINE ( 'NONE', #471, #1473 ) ;
#3619 = AXIS2_PLACEMENT_3D ( 'NONE', #681, #3043, #634 ) ;
#3620 = FACE_OUTER_BOUND ( 'NONE', #3766, .T. ) ;
#3621 = EDGE_LOOP ( 'NONE', ( #3808, #1728, #1505, #3891 ) ) ;
#3622 = VERTEX_POINT ( 'NONE', #521 ) ;
#3623 = CARTESIAN_POINT ( 'NONE',  ( 0.2625000000000000111, 0.9000000000000000222, -1.000000000000000000 ) ) ;
#3624 = CARTESIAN_POINT ( 'NONE',  ( -0.6750000000000000444, 0.000000000000000000, 0.3250000000000000111 ) ) ;
#3625 = ORIENTED_EDGE ( 'NONE', *, *, #2768, .T. ) ;
#3626 = PLANE ( 'NONE',  #1223 ) ;
#3627 = CARTESIAN_POINT ( 'NONE',  ( 1.074999999999999956, 0.9000000000000000222, -0.8000000000000000444 ) ) ;
#3628 = ORIENTED_EDGE ( 'NONE', *, *, #1331, .F. ) ;
#3629 = ORIENTED_EDGE ( 'NONE', *, *, #1383, .T. ) ;
#3630 = EDGE_CURVE ( 'NONE', #1258, #219, #2928, .T. ) ;
#3631 = CARTESIAN_POINT ( 'NONE',  ( 1.250000000000000000, 0.000000000000000000, -1.000000000000000000 ) ) ;
#3632 = LINE ( 'NONE', #940, #2873 ) ;
#3633 = VERTEX_POINT ( 'NONE', #2988 ) ;
#3634 = EDGE_CURVE ( 'NONE', #625, #126, #897, .T. ) ;
#3635 = FACE_OUTER_BOUND ( 'NONE', #2060, .T. ) ;
#3636 = DIRECTION ( 'NONE',  ( 1.000000000000000000, 0.000000000000000000, 0.000000000000000000 ) ) ;
#3637 = APPLICATION_CONTEXT ( 'automotive_design' ) ;
#3638 = CARTESIAN_POINT ( 'NONE',  ( -0.2000000000000000111, 0.9000000000000000222, 0.9375000000000000000 ) ) ;
#3639 = FACE_OUTER_BOUND ( 'NONE', #399, .T. ) ;
#3640 = ORIENTED_EDGE ( 'NONE', *, *, #220, .F. ) ;
#3641 = ORIENTED_EDGE ( 'NONE', *, *, #3714, .T. ) ;
#3642 = DIRECTION ( 'NONE',  ( 0.000000000000000000, -1.000000000000000000, 0.000000000000000000 ) ) ;
#3643 = DIRECTION ( 'NONE',  ( -1.000000000000000000, 1.355252715606880049E-16, 0.000000000000000000 ) ) ;
#3644 = VERTEX_POINT ( 'NONE', #2390 ) ;
#3645 = FACE_OUTER_BOUND ( 'NONE', #2367, .T. ) ;
#3646 = LINE ( 'NONE', #298, #533 ) ;
#3647 = FACE_OUTER_BOUND ( 'NONE', #1470, .T. ) ;
#3648 = VERTEX_POINT ( 'NONE', #1775 ) ;
#3649 = VERTEX_POINT ( 'NONE', #356 ) ;
#3650 = DIRECTION ( 'NONE',  ( 0.7071067811865470176, 0.000000000000000000, -0.7071067811865480168 ) ) ;
#3651 = CARTESIAN_POINT ( 'NONE',  ( -1.187500000000000000, 0.9000000000000000222, 1.000000000000000000 ) ) ;
#3652 = EDGE_CURVE ( 'NONE', #2995, #2307, #1158, .T. ) ;
#3653 = EDGE_LOOP ( 'NONE', ( #495, #486, #1232, #565 ) ) ;
#3654 = DIRECTION ( 'NONE',  ( 0.000000000000000000, -1.000000000000000000, 0.000000000000000000 ) ) ;
#3655 = CARTESIAN_POINT ( 'NONE',  ( -0.9000000000000000222, 0.9749999999999999778, 0.4749999999999999778 ) ) ;
#3656 = ADVANCED_FACE ( 'NONE', ( #1567 ), #2757, .F. ) ;
#3657 = CARTESIAN_POINT ( 'NONE',  ( -0.4749999999999999778, 0.4500000000000000111, 0.5250000000000000222 ) ) ;
#3658 = CARTESIAN_POINT ( 'NONE',  ( -0.2000000000000000111, 0.2250000000000000056, 0.9375000000000000000 ) ) ;
#3659 = ORIENTED_EDGE ( 'NONE', *, *, #458, .F. ) ;
#3660 = LINE ( 'NONE', #627, #3861 ) ;
#3661 = LINE ( 'NONE', #382, #1786 ) ;
#3662 = ADVANCED_FACE ( 'NONE', ( #2678 ), #55, .T. ) ;
#3663 = VERTEX_POINT ( 'NONE', #2112 ) ;
#3664 = FACE_OUTER_BOUND ( 'NONE', #1765, .T. ) ;
#3665 = VECTOR ( 'NONE', #2659, 1000.000000000000000 ) ;
#3666 = CARTESIAN_POINT ( 'NONE',  ( -1.250000000000000000, 0.4500000000000000111, 0.9375000000000000000 ) ) ;
#3667 = AXIS2_PLACEMENT_3D ( 'NONE', #498, #182, #1604 ) ;
#3668 = CARTESIAN_POINT ( 'NONE',  ( -0.2000000000000000111, 0.9000000000000000222, 0.9375000000000000000 ) ) ;
#3669 = ORIENTED_EDGE ( 'NONE', *, *, #842, .F. ) ;
#3670 = VECTOR ( 'NONE', #3525, 1000.000000000000000 ) ;
#3671 = ORIENTED_EDGE ( 'NONE', *, *, #1433, .T. ) ;
#3672 = CYLINDRICAL_SURFACE ( 'NONE', #2487, 0.06250000000000005551 ) ;
#3673 = CIRCLE ( 'NONE', #1986, 0.06250000000000005551 ) ;
#3674 = LINE ( 'NONE', #2194, #532 ) ;
#3675 = VERTEX_POINT ( 'NONE', #2461 ) ;
#3676 = VECTOR ( 'NONE', #817, 1000.000000000000000 ) ;
#3677 = DIRECTION ( 'NONE',  ( 0.000000000000000000, 1.000000000000000000, 0.000000000000000000 ) ) ;
#3678 = LINE ( 'NONE', #990, #776 ) ;
#3679 = AXIS2_PLACEMENT_3D ( 'NONE', #2575, #2846, #144 ) ;
#3680 = DIRECTION ( 'NONE',  ( 0.000000000000000000, -1.000000000000000000, 0.000000000000000000 ) ) ;
#3681 = CARTESIAN_POINT ( 'NONE',  ( -0.2000000000000000111, -2.376562118716424976, -0.9375000000000000000 ) ) ;
#3682 = AXIS2_PLACEMENT_3D ( 'NONE', #2529, #1001, #2242 ) ;
#3683 = VERTEX_POINT ( 'NONE', #877 ) ;
#3684 = EDGE_CURVE ( 'NONE', #1391, #2498, #621, .T. ) ;
#3685 = CARTESIAN_POINT ( 'NONE',  ( 0.4749999999999999778, 1.477740239554724111, 0.3250000000000000111 ) ) ;
#3686 = DIRECTION ( 'NONE',  ( 0.000000000000000000, -1.000000000000000000, 0.000000000000000000 ) ) ;
#3687 = MECHANICAL_DESIGN_GEOMETRIC_PRESENTATION_REPRESENTATION (  '', ( #1308 ), #3554 ) ;
#3688 = DIRECTION ( 'NONE',  ( -4.818676322157800333E-16, -1.000000000000000000, 0.000000000000000000 ) ) ;
#3689 = ORIENTED_EDGE ( 'NONE', *, *, #3582, .F. ) ;
#3690 = ADVANCED_FACE ( 'NONE', ( #307 ), #3053, .T. ) ;
#3691 = DIRECTION ( 'NONE',  ( 0.000000000000000000, 0.000000000000000000, 1.000000000000000000 ) ) ;
#3692 = LINE ( 'NONE', #3666, #2186 ) ;
#3693 = DIRECTION ( 'NONE',  ( 0.000000000000000000, 0.000000000000000000, -1.000000000000000000 ) ) ;
#3694 = ORIENTED_EDGE ( 'NONE', *, *, #488, .T. ) ;
#3695 = VERTEX_POINT ( 'NONE', #3264 ) ;
#3696 = FACE_OUTER_BOUND ( 'NONE', #3477, .T. ) ;
#3697 = ORIENTED_EDGE ( 'NONE', *, *, #3452, .F. ) ;
#3698 = LINE ( 'NONE', #620, #2545 ) ;
#3699 = CARTESIAN_POINT ( 'NONE',  ( 0.4749999999999999778, 0.4500000000000000111, 0.3250000000000000111 ) ) ;
#3700 = LINE ( 'NONE', #3681, #2618 ) ;
#3701 = ORIENTED_EDGE ( 'NONE', *, *, #2208, .F. ) ;
#3702 = DIRECTION ( 'NONE',  ( -1.000000000000000000, 0.000000000000000000, -1.814002085645769733E-16 ) ) ;
#3703 = DIRECTION ( 'NONE',  ( 1.355252715606880049E-16, 1.000000000000000000, 0.000000000000000000 ) ) ;
#3704 = EDGE_CURVE ( 'NONE', #200, #346, #289, .T. ) ;
#3705 = ORIENTED_EDGE ( 'NONE', *, *, #553, .F. ) ;
#3706 = CARTESIAN_POINT ( 'NONE',  ( -0.2000000000000000111, 0.4500000000000000111, 0.9375000000000000000 ) ) ;
#3707 = DIRECTION ( 'NONE',  ( 0.000000000000000000, -1.000000000000000000, 0.000000000000000000 ) ) ;
#3708 = EDGE_CURVE ( 'NONE', #1150, #3648, #1266, .T. ) ;
#3709 = EDGE_LOOP ( 'NONE', ( #1495, #65, #175, #1043 ) ) ;
#3710 = EDGE_CURVE ( 'NONE', #446, #1355, #2962, .T. ) ;
#3711 = ORIENTED_EDGE ( 'NONE', *, *, #1965, .T. ) ;
#3712 = PLANE ( 'NONE',  #2106 ) ;
#3713 = DIRECTION ( 'NONE',  ( -1.000000000000000000, 0.000000000000000000, 0.000000000000000000 ) ) ;
#3714 = EDGE_CURVE ( 'NONE', #1590, #3340, #2711, .T. ) ;
#3715 = ORIENTED_EDGE ( 'NONE', *, *, #1637, .T. ) ;
#3716 = CARTESIAN_POINT ( 'NONE',  ( -0.2000000000000000111, 0.9000000000000000222, -0.9375000000000000000 ) ) ;
#3717 = ORIENTED_EDGE ( 'NONE', *, *, #3348, .T. ) ;
#3718 = LINE ( 'NONE', #1634, #1688 ) ;
#3719 = CARTESIAN_POINT ( 'NONE',  ( 1.187500000000000000, 0.9000000000000000222, -1.000000000000000000 ) ) ;
#3720 = PLANE ( 'NONE',  #1851 ) ;
#3721 = ORIENTED_EDGE ( 'NONE', *, *, #1236, .T. ) ;
#3722 = PLANE ( 'NONE',  #2410 ) ;
#3723 = DIRECTION ( 'NONE',  ( 1.000000000000000000, 0.000000000000000000, 0.000000000000000000 ) ) ;
#3724 =( NAMED_UNIT ( * ) SI_UNIT ( $, .STERADIAN. ) SOLID_ANGLE_UNIT ( ) );
#3725 = ORIENTED_EDGE ( 'NONE', *, *, #308, .F. ) ;
#3726 = AXIS2_PLACEMENT_3D ( 'NONE', #1919, #1882, #96 ) ;
#3727 = ORIENTED_EDGE ( 'NONE', *, *, #95, .T. ) ;
#3728 = AXIS2_PLACEMENT_3D ( 'NONE', #926, #1204, #2134 ) ;
#3729 = DIRECTION ( 'NONE',  ( 0.000000000000000000, -1.000000000000000000, 0.000000000000000000 ) ) ;
#3730 = CARTESIAN_POINT ( 'NONE',  ( 0.4749999999999999778, 0.000000000000000000, 0.3250000000000000111 ) ) ;
#3731 = ADVANCED_FACE ( 'NONE', ( #581 ), #1796, .F. ) ;
#3732 = AXIS2_PLACEMENT_3D ( 'NONE', #2296, #1138, #796 ) ;
#3733 = EDGE_LOOP ( 'NONE', ( #92, #364, #947, #3759 ) ) ;
#3734 = VECTOR ( 'NONE', #1889, 1000.000000000000114 ) ;
#3735 = FACE_OUTER_BOUND ( 'NONE', #2751, .T. ) ;
#3736 = ADVANCED_FACE ( 'NONE', ( #962 ), #1222, .F. ) ;
#3737 = AXIS2_PLACEMENT_3D ( 'NONE', #668, #326, #1630 ) ;
#3738 = DIRECTION ( 'NONE',  ( 0.000000000000000000, 0.000000000000000000, 1.000000000000000000 ) ) ;
#3739 = ORIENTED_EDGE ( 'NONE', *, *, #1140, .T. ) ;
#3740 = VECTOR ( 'NONE', #1096, 1000.000000000000000 ) ;
#3741 = CYLINDRICAL_SURFACE ( 'NONE', #1873, 0.06250000000000005551 ) ;
#3742 = LINE ( 'NONE', #1072, #1608 ) ;
#3743 = AXIS2_PLACEMENT_3D ( 'NONE', #508, #250, #2896 ) ;
#3744 = EDGE_LOOP ( 'NONE', ( #1573, #1262, #547, #2713, #3659, #3250 ) ) ;
#3745 = DIRECTION ( 'NONE',  ( 0.000000000000000000, -1.000000000000000000, 0.000000000000000000 ) ) ;
#3746 = COLOUR_RGB ( '',1.000000000000000000, 0.8117647058823529438, 0.5019607843137254832 ) ;
#3747 = CYLINDRICAL_SURFACE ( 'NONE', #3131, 0.06250000000000005551 ) ;
#3748 = VECTOR ( 'NONE', #2256, 1000.000000000000114 ) ;
#3749 = VECTOR ( 'NONE', #2453, 1000.000000000000000 ) ;
#3750 = EDGE_LOOP ( 'NONE', ( #2514, #482, #230, #3641 ) ) ;
#3751 = LINE ( 'NONE', #1024, #3304 ) ;
#3752 = CARTESIAN_POINT ( 'NONE',  ( 1.250000000000000000, 0.8249999999999999556, 0.9375000000000000000 ) ) ;
#3753 = ORIENTED_EDGE ( 'NONE', *, *, #1052, .T. ) ;
#3754 = EDGE_CURVE ( 'NONE', #2778, #1836, #2401, .T. ) ;
#3755 = CARTESIAN_POINT ( 'NONE',  ( 0.4749999999999999778, 1.477740239554724111, -0.9000000000000000222 ) ) ;
#3756 = DIRECTION ( 'NONE',  ( 0.000000000000000000, 0.000000000000000000, 1.000000000000000000 ) ) ;
#3757 = EDGE_CURVE ( 'NONE', #1361, #1531, #3326, .T. ) ;
#3758 = EDGE_CURVE ( 'NONE', #236, #1845, #2443, .T. ) ;
#3759 = ORIENTED_EDGE ( 'NONE', *, *, #704, .T. ) ;
#3760 = FACE_OUTER_BOUND ( 'NONE', #2845, .T. ) ;
#3761 = CARTESIAN_POINT ( 'NONE',  ( 1.250000000000000000, 0.4500000000000000111, -0.9375000000000000000 ) ) ;
#3762 = ORIENTED_EDGE ( 'NONE', *, *, #1897, .F. ) ;
#3763 = FACE_OUTER_BOUND ( 'NONE', #2049, .T. ) ;
#3764 = LINE ( 'NONE', #2882, #2808 ) ;
#3765 = UNCERTAINTY_MEASURE_WITH_UNIT (LENGTH_MEASURE( 1.000000000000000082E-05 ), #2883, 'distance_accuracy_value', 'NONE');
#3766 = EDGE_LOOP ( 'NONE', ( #3561, #1619, #3577, #2318 ) ) ;
#3767 = DIRECTION ( 'NONE',  ( 0.000000000000000000, -1.000000000000000000, 0.000000000000000000 ) ) ;
#3768 = CARTESIAN_POINT ( 'NONE',  ( -0.4749999999999999778, 0.000000000000000000, -0.3250000000000000111 ) ) ;
#3769 = EDGE_LOOP ( 'NONE', ( #2523, #769, #2886, #960 ) ) ;
#3770 = DIRECTION ( 'NONE',  ( 0.6567807448042012330, 0.000000000000000000, 0.7540815958863064106 ) ) ;
#3771 = ADVANCED_FACE ( 'NONE', ( #3164 ), #3494, .T. ) ;
#3772 = EDGE_LOOP ( 'NONE', ( #2450, #1205, #2643, #1054, #2933 ) ) ;
#3773 = LINE ( 'NONE', #173, #2969 ) ;
#3774 = EDGE_CURVE ( 'NONE', #437, #1756, #1699, .T. ) ;
#3775 = CARTESIAN_POINT ( 'NONE',  ( -0.4749999999999999778, 0.4500000000000000111, 0.5250000000000000222 ) ) ;
#3776 = EDGE_LOOP ( 'NONE', ( #142, #929, #3444, #2786 ) ) ;
#3777 = CARTESIAN_POINT ( 'NONE',  ( -1.250000000000000000, 0.8249999999999999556, 1.000000000000000000 ) ) ;
#3778 = DIRECTION ( 'NONE',  ( -0.6567807448042012330, 0.000000000000000000, 0.7540815958863064106 ) ) ;
#3779 = ADVANCED_FACE ( 'NONE', ( #199 ), #485, .T. ) ;
#3780 = VERTEX_POINT ( 'NONE', #2614 ) ;
#3781 = FACE_OUTER_BOUND ( 'NONE', #1565, .T. ) ;
#3782 = SURFACE_STYLE_USAGE ( .BOTH. , #1648 ) ;
#3783 = CARTESIAN_POINT ( 'NONE',  ( -0.4749999999999999778, 0.000000000000000000, -0.3250000000000000111 ) ) ;
#3784 = ORIENTED_EDGE ( 'NONE', *, *, #3684, .F. ) ;
#3785 = ORIENTED_EDGE ( 'NONE', *, *, #3465, .F. ) ;
#3786 = DIRECTION ( 'NONE',  ( 0.000000000000000000, 1.000000000000000000, 0.000000000000000000 ) ) ;
#3787 = VECTOR ( 'NONE', #2381, 1000.000000000000000 ) ;
#3788 = AXIS2_PLACEMENT_3D ( 'NONE', #1442, #3248, #3828 ) ;
#3789 = VECTOR ( 'NONE', #2438, 1000.000000000000000 ) ;
#3790 = CARTESIAN_POINT ( 'NONE',  ( 1.250000000000000000, 0.000000000000000000, 1.000000000000000000 ) ) ;
#3791 = DIRECTION ( 'NONE',  ( 0.000000000000000000, 0.000000000000000000, -1.000000000000000000 ) ) ;
#3792 = AXIS2_PLACEMENT_3D ( 'NONE', #3317, #19, #1841 ) ;
#3793 = ORIENTED_EDGE ( 'NONE', *, *, #3757, .F. ) ;
#3794 = EDGE_CURVE ( 'NONE', #1696, #1429, #1394, .T. ) ;
#3795 = VECTOR ( 'NONE', #1009, 1000.000000000000000 ) ;
#3796 = VERTEX_POINT ( 'NONE', #3459 ) ;
#3797 = DIRECTION ( 'NONE',  ( 0.000000000000000000, 0.000000000000000000, 1.000000000000000000 ) ) ;
#3798 = DIRECTION ( 'NONE',  ( 0.000000000000000000, -1.000000000000000000, 0.000000000000000000 ) ) ;
#3799 = AXIS2_PLACEMENT_3D ( 'NONE', #2192, #3386, #2248 ) ;
#3800 = EDGE_CURVE ( 'NONE', #3022, #2391, #2299, .T. ) ;
#3801 = AXIS2_PLACEMENT_3D ( 'NONE', #2505, #74, #3738 ) ;
#3802 = ORIENTED_EDGE ( 'NONE', *, *, #3873, .T. ) ;
#3803 = CARTESIAN_POINT ( 'NONE',  ( 0.4749999999999999778, 0.4500000000000000111, -0.3250000000000000111 ) ) ;
#3804 = VECTOR ( 'NONE', #792, 1000.000000000000114 ) ;
#3805 = DIRECTION ( 'NONE',  ( 0.000000000000000000, -1.000000000000000000, 0.000000000000000000 ) ) ;
#3806 = DIRECTION ( 'NONE',  ( 0.000000000000000000, -1.000000000000000000, 0.000000000000000000 ) ) ;
#3807 = AXIS2_PLACEMENT_3D ( 'NONE', #2162, #3354, #657 ) ;
#3808 = ORIENTED_EDGE ( 'NONE', *, *, #2435, .F. ) ;
#3809 = ORIENTED_EDGE ( 'NONE', *, *, #394, .T. ) ;
#3810 = LINE ( 'NONE', #2636, #3610 ) ;
#3811 = DIRECTION ( 'NONE',  ( 0.000000000000000000, 0.000000000000000000, 1.000000000000000000 ) ) ;
#3812 = ORIENTED_EDGE ( 'NONE', *, *, #2959, .T. ) ;
#3813 = VERTEX_POINT ( 'NONE', #2005 ) ;
#3814 = DIRECTION ( 'NONE',  ( 0.000000000000000000, 1.000000000000000000, 0.000000000000000000 ) ) ;
#3815 = DIRECTION ( 'NONE',  ( 0.000000000000000000, 0.000000000000000000, 1.000000000000000000 ) ) ;
#3816 = EDGE_CURVE ( 'NONE', #392, #1146, #1715, .T. ) ;
#3817 = LINE ( 'NONE', #3523, #2908 ) ;
#3818 = EDGE_LOOP ( 'NONE', ( #847, #855, #833, #1216 ) ) ;
#3819 = LINE ( 'NONE', #1449, #3118 ) ;
#3820 = SHAPE_DEFINITION_REPRESENTATION ( #1097, #592 ) ;
#3821 = EDGE_CURVE ( 'NONE', #999, #2870, #760, .T. ) ;
#3822 = EDGE_CURVE ( 'NONE', #446, #1170, #1360, .T. ) ;
#3823 = ORIENTED_EDGE ( 'NONE', *, *, #3405, .F. ) ;
#3824 = FACE_OUTER_BOUND ( 'NONE', #711, .T. ) ;
#3825 = EDGE_CURVE ( 'NONE', #569, #2218, #3098, .T. ) ;
#3826 =( NAMED_UNIT ( * ) PLANE_ANGLE_UNIT ( ) SI_UNIT ( $, .RADIAN. ) );
#3827 = DIRECTION ( 'NONE',  ( 0.000000000000000000, -1.000000000000000000, 0.000000000000000000 ) ) ;
#3828 = DIRECTION ( 'NONE',  ( 0.000000000000000000, 0.000000000000000000, 1.000000000000000000 ) ) ;
#3829 = DIRECTION ( 'NONE',  ( -2.409338161078900167E-16, 0.000000000000000000, 1.000000000000000000 ) ) ;
#3830 = ORIENTED_EDGE ( 'NONE', *, *, #1763, .T. ) ;
#3831 = EDGE_LOOP ( 'NONE', ( #3785, #110, #1295, #761 ) ) ;
#3832 = LINE ( 'NONE', #2309, #3804 ) ;
#3833 = DIRECTION ( 'NONE',  ( 0.000000000000000000, -1.000000000000000000, 0.000000000000000000 ) ) ;
#3834 = ORIENTED_EDGE ( 'NONE', *, *, #919, .T. ) ;
#3835 = CARTESIAN_POINT ( 'NONE',  ( 1.074999999999999956, 1.000000000000000000, -0.9000000000000000222 ) ) ;
#3836 = CARTESIAN_POINT ( 'NONE',  ( -0.4749999999999999778, 0.4500000000000000111, -0.3250000000000000111 ) ) ;
#3837 = DIRECTION ( 'NONE',  ( 1.000000000000000000, 0.000000000000000000, 0.000000000000000000 ) ) ;
#3838 = DIRECTION ( 'NONE',  ( 0.000000000000000000, 0.000000000000000000, -1.000000000000000000 ) ) ;
#3839 = ORIENTED_EDGE ( 'NONE', *, *, #2459, .T. ) ;
#3840 = ORIENTED_EDGE ( 'NONE', *, *, #2271, .T. ) ;
#3841 = ADVANCED_FACE ( 'NONE', ( #2172 ), #670, .T. ) ;
#3842 = LINE ( 'NONE', #2334, #1104 ) ;
#3843 = EDGE_CURVE ( 'NONE', #2732, #527, #3476, .T. ) ;
#3844 = AXIS2_PLACEMENT_3D ( 'NONE', #2462, #73, #328 ) ;
#3845 = AXIS2_PLACEMENT_3D ( 'NONE', #798, #2899, #377 ) ;
#3846 = DIRECTION ( 'NONE',  ( 0.000000000000000000, 1.000000000000000000, 0.000000000000000000 ) ) ;
#3847 = LINE ( 'NONE', #3500, #2724 ) ;
#3848 = VECTOR ( 'NONE', #3854, 1000.000000000000000 ) ;
#3849 = EDGE_LOOP ( 'NONE', ( #291, #1197, #1328, #1005 ) ) ;
#3850 = ORIENTED_EDGE ( 'NONE', *, *, #70, .F. ) ;
#3851 = VECTOR ( 'NONE', #2528, 1000.000000000000000 ) ;
#3852 = CARTESIAN_POINT ( 'NONE',  ( 0.000000000000000000, 0.9000000000000000222, -0.9375000000000000000 ) ) ;
#3853 = CARTESIAN_POINT ( 'NONE',  ( -1.250000000000000000, 0.000000000000000000, -0.9375000000000000000 ) ) ;
#3854 = DIRECTION ( 'NONE',  ( -1.000000000000000000, 0.000000000000000000, 0.000000000000000000 ) ) ;
#3855 = AXIS2_PLACEMENT_3D ( 'NONE', #1665, #3462, #1650 ) ;
#3856 = VERTEX_POINT ( 'NONE', #2775 ) ;
#3857 = CARTESIAN_POINT ( 'NONE',  ( -1.250000000000000000, 0.8249999999999999556, -0.9375000000000000000 ) ) ;
#3858 = CARTESIAN_POINT ( 'NONE',  ( -1.187500000000000000, 0.000000000000000000, 1.000000000000000000 ) ) ;
#3859 = VECTOR ( 'NONE', #2765, 999.9999999999998863 ) ;
#3860 = ORIENTED_EDGE ( 'NONE', *, *, #2747, .T. ) ;
#3861 = VECTOR ( 'NONE', #2466, 1000.000000000000114 ) ;
#3862 = ORIENTED_EDGE ( 'NONE', *, *, #1379, .F. ) ;
#3863 = CARTESIAN_POINT ( 'NONE',  ( -1.250000000000000000, 0.000000000000000000, 1.000000000000000000 ) ) ;
#3864 =( GEOMETRIC_REPRESENTATION_CONTEXT ( 3 ) GLOBAL_UNCERTAINTY_ASSIGNED_CONTEXT ( ( #1447 ) ) GLOBAL_UNIT_ASSIGNED_CONTEXT ( ( #853, #2497, #345 ) ) REPRESENTATION_CONTEXT ( 'NONE', 'WORKASPACE' ) );
#3865 = AXIS2_PLACEMENT_3D ( 'NONE', #2237, #1611, #3411 ) ;
#3866 = PLANE ( 'NONE',  #3310 ) ;
#3867 = EDGE_CURVE ( 'NONE', #3169, #383, #1587, .T. ) ;
#3868 = VECTOR ( 'NONE', #1535, 1000.000000000000000 ) ;
#3869 = LINE ( 'NONE', #2308, #2857 ) ;
#3870 = CARTESIAN_POINT ( 'NONE',  ( 1.250000000000000000, 0.000000000000000000, -1.000000000000000000 ) ) ;
#3871 = LINE ( 'NONE', #3207, #2419 ) ;
#3872 = EDGE_CURVE ( 'NONE', #309, #2535, #2601, .T. ) ;
#3873 = EDGE_CURVE ( 'NONE', #3050, #380, #3678, .T. ) ;
#3874 = ORIENTED_EDGE ( 'NONE', *, *, #1025, .F. ) ;
#3875 = ORIENTED_EDGE ( 'NONE', *, *, #1697, .F. ) ;
#3876 = PLANE ( 'NONE',  #420 ) ;
#3877 = LINE ( 'NONE', #271, #1624 ) ;
#3878 = ORIENTED_EDGE ( 'NONE', *, *, #572, .F. ) ;
#3879 = DIRECTION ( 'NONE',  ( 0.000000000000000000, 0.000000000000000000, 1.000000000000000000 ) ) ;
#3880 = DIRECTION ( 'NONE',  ( -0.7540815958863057444, 0.000000000000000000, 0.6567807448042017882 ) ) ;
#3881 = DIRECTION ( 'NONE',  ( 0.000000000000000000, 0.000000000000000000, 1.000000000000000000 ) ) ;
#3882 = SURFACE_STYLE_FILL_AREA ( #239 ) ;
#3883 = VERTEX_POINT ( 'NONE', #3390 ) ;
#3884 = ORIENTED_EDGE ( 'NONE', *, *, #2435, .T. ) ;
#3885 = PLANE ( 'NONE',  #3546 ) ;
#3886 = CARTESIAN_POINT ( 'NONE',  ( -1.250000000000000000, 0.4500000000000000111, 0.9375000000000000000 ) ) ;
#3887 = PLANE ( 'NONE',  #150 ) ;
#3888 = EDGE_CURVE ( 'NONE', #1659, #1120, #690, .T. ) ;
#3889 = DIRECTION ( 'NONE',  ( 0.000000000000000000, 1.000000000000000000, 0.000000000000000000 ) ) ;
#3890 = ORIENTED_EDGE ( 'NONE', *, *, #2848, .F. ) ;
#3891 = ORIENTED_EDGE ( 'NONE', *, *, #2287, .F. ) ;
#3892 = ADVANCED_FACE ( 'NONE', ( #145 ), #2576, .T. ) ;
#3893 = LINE ( 'NONE', #2393, #222 ) ;
#3894 = DIRECTION ( 'NONE',  ( -1.000000000000000000, 1.355252715606880049E-16, 0.000000000000000000 ) ) ;
#3895 = VERTEX_POINT ( 'NONE', #2869 ) ;
#3896 = EDGE_CURVE ( 'NONE', #1429, #3299, #167, .T. ) ;
#3897 = CARTESIAN_POINT ( 'NONE',  ( -1.149999999999999911, 0.000000000000000000, -0.3250000000000000111 ) ) ;
#3898 = LINE ( 'NONE', #591, #1803 ) ;
#3899 = FACE_OUTER_BOUND ( 'NONE', #2872, .T. ) ;
ENDSEC;
END-ISO-10303-21;
