ISO-10303-21;
HEADER;
FILE_DESCRIPTION (( 'STEP AP214' ),
    '1' );
FILE_NAME ('FDMS86181.STEP',
    '2024-05-12T07:33:05',
    ( '' ),
    ( '' ),
    'SwSTEP 2.0',
    'SolidWorks 2023',
    '' );
FILE_SCHEMA (( 'AUTOMOTIVE_DESIGN' ));
ENDSEC;

DATA;
#1 = UNCERTAINTY_MEASURE_WITH_UNIT (LENGTH_MEASURE( 1.000000000000000082E-05 ), #2076, 'distance_accuracy_value', 'NONE');
#2 = PRODUCT ( 'Open CASCADE STEP translator 6.8 2_5', 'Open CASCADE STEP translator 6.8 2_5', '', ( #3179 ) ) ;
#3 = CARTESIAN_POINT ( 'NONE',  ( 2.235839733637399185, -2.904250885283538253, 0.9538672635285390111 ) ) ;
#4 = SURFACE_STYLE_FILL_AREA ( #1688 ) ;
#5 = DIRECTION ( 'NONE',  ( 0.1579905011069459853, 0.000000000000000000, -0.9874406319166616486 ) ) ;
#6 = EDGE_LOOP ( 'NONE', ( #658, #4179, #4131, #2087 ) ) ;
#7 = EDGE_LOOP ( 'NONE', ( #3646, #1794, #614, #3718 ) ) ;
#8 = SURFACE_SIDE_STYLE ('',( #2352 ) ) ;
#9 = CIRCLE ( 'NONE', #562, 0.09999999999999982514 ) ;
#10 =( NAMED_UNIT ( * ) PLANE_ANGLE_UNIT ( ) SI_UNIT ( $, .RADIAN. ) );
#11 = PRESENTATION_STYLE_ASSIGNMENT (( #2960 ) ) ;
#12 = FILL_AREA_STYLE ('',( #2385 ) ) ;
#13 = VECTOR ( 'NONE', #1666, 1000.000000000000000 ) ;
#14 = CARTESIAN_POINT ( 'NONE',  ( -2.227673706548999988, -2.777673706548999810, 0.8800000000000000044 ) ) ;
#15 = CARTESIAN_POINT ( 'NONE',  ( -2.209999999999999964, 2.560000000000000053, 0.2500000000000000000 ) ) ;
#16 = EDGE_CURVE ( 'NONE', #2004, #1853, #3528, .T. ) ;
#17 = PRODUCT_DEFINITION ( 'UNKNOWN', '', #4223, #2333 ) ;
#18 =( NAMED_UNIT ( * ) PLANE_ANGLE_UNIT ( ) SI_UNIT ( $, .RADIAN. ) );
#19 = FILL_AREA_STYLE ('',( #4028 ) ) ;
#20 = CARTESIAN_POINT ( 'NONE',  ( -2.227673706548999544, 2.777673706548999810, 1.000000000000000000 ) ) ;
#21 = ORIENTED_EDGE ( 'NONE', *, *, #3907, .T. ) ;
#22 = VERTEX_POINT ( 'NONE', #1221 ) ;
#23 = EDGE_CURVE ( 'NONE', #2023, #2824, #2571, .T. ) ;
#24 = AXIS2_PLACEMENT_3D ( 'NONE', #2143, #3768, #1418 ) ;
#25 = ORIENTED_EDGE ( 'NONE', *, *, #3622, .T. ) ;
#26 = PLANE ( 'NONE',  #781 ) ;
#27 = CYLINDRICAL_SURFACE ( 'NONE', #3076, 0.1200000000000001343 ) ;
#28 =( GEOMETRIC_REPRESENTATION_CONTEXT ( 3 ) GLOBAL_UNCERTAINTY_ASSIGNED_CONTEXT ( ( #4056 ) ) GLOBAL_UNIT_ASSIGNED_CONTEXT ( ( #1574, #4260, #574 ) ) REPRESENTATION_CONTEXT ( 'NONE', 'WORKASPACE' ) );
#29 = DIRECTION ( 'NONE',  ( 0.000000000000000000, 0.000000000000000000, 1.000000000000000000 ) ) ;
#30 = VECTOR ( 'NONE', #4305, 1000.000000000000000 ) ;
#31 = CARTESIAN_POINT ( 'NONE',  ( -2.444863560060714924, 3.000000000000000000, 0.05000000000000000971 ) ) ;
#32 = LINE ( 'NONE', #2763, #770 ) ;
#33 = ORIENTED_EDGE ( 'NONE', *, *, #3135, .F. ) ;
#34 = COLOUR_RGB ( '',1.000000000000000000, 1.000000000000000000, 1.000000000000000000 ) ;
#35 = FILL_AREA_STYLE_COLOUR ( '', #1656 ) ;
#36 = CARTESIAN_POINT ( 'NONE',  ( 1.700000000000000178, 3.037499999999999645, 0.000000000000000000 ) ) ;
#37 = CARTESIAN_POINT ( 'NONE',  ( 0.8400000000000000799, -2.402500000000000302, 0.000000000000000000 ) ) ;
#38 = DIRECTION ( 'NONE',  ( 1.000000000000000000, 0.000000000000000000, -0.000000000000000000 ) ) ;
#39 = DIRECTION ( 'NONE',  ( 1.000000000000000000, 0.000000000000000000, -0.000000000000000000 ) ) ;
#40 = CARTESIAN_POINT ( 'NONE',  ( 2.227673706548999988, -2.777673706548999810, 0.8800000000000010036 ) ) ;
#41 = UNCERTAINTY_MEASURE_WITH_UNIT (LENGTH_MEASURE( 1.000000000000000082E-05 ), #646, 'distance_accuracy_value', 'NONE');
#42 = DIRECTION ( 'NONE',  ( -1.224646799146999945E-16, -1.000000000000000000, 0.000000000000000000 ) ) ;
#43 = EDGE_CURVE ( 'NONE', #241, #4122, #1549, .T. ) ;
#44 = CARTESIAN_POINT ( 'NONE',  ( -2.319662917083469722, -2.839426582600955040, 0.9396115358278459562 ) ) ;
#45 = DIRECTION ( 'NONE',  ( 0.9874406319167277069, 0.000000000000000000, 0.1579905011065324549 ) ) ;
#46 = VERTEX_POINT ( 'NONE', #2528 ) ;
#47 = ORIENTED_EDGE ( 'NONE', *, *, #143, .F. ) ;
#48 = ORIENTED_EDGE ( 'NONE', *, *, #2563, .T. ) ;
#49 = PRESENTATION_LAYER_ASSIGNMENT (  '', '', ( #1934 ) ) ;
#50 = ORIENTED_EDGE ( 'NONE', *, *, #1449, .T. ) ;
#51 = DIRECTION ( 'NONE',  ( -0.9874406319167277069, 0.000000000000000000, 0.1579905011065324549 ) ) ;
#52 = DIRECTION ( 'NONE',  ( 2.259689972760629896E-50, 1.000000000000000000, 7.992805392577500665E-34 ) ) ;
#53 = AXIS2_PLACEMENT_3D ( 'NONE', #1798, #2524, #1172 ) ;
#54 = EDGE_CURVE ( 'NONE', #2730, #1037, #2911, .T. ) ;
#55 = DIRECTION ( 'NONE',  ( -1.000000000000000000, 2.259689972760629896E-50, 1.806126219983446961E-83 ) ) ;
#56 = LINE ( 'NONE', #3478, #3377 ) ;
#57 = CARTESIAN_POINT ( 'NONE',  ( 0.8400000000000000799, -3.037499999999999645, 0.000000000000000000 ) ) ;
#58 = ORIENTED_EDGE ( 'NONE', *, *, #3799, .F. ) ;
#59 = AXIS2_PLACEMENT_3D ( 'NONE', #2186, #2107, #1128 ) ;
#60 = DIRECTION ( 'NONE',  ( -1.000000000000000000, 0.000000000000000000, -0.000000000000000000 ) ) ;
#61 = CARTESIAN_POINT ( 'NONE',  ( 2.331507124169854173, 3.000000000000072831, 0.2500000000009455214 ) ) ;
#62 = CARTESIAN_POINT ( 'NONE',  ( 1.700000000000000178, -3.037499999999999645, 0.000000000000000000 ) ) ;
#63 = VERTEX_POINT ( 'NONE', #3858 ) ;
#64 = CARTESIAN_POINT ( 'NONE',  ( -2.209999999999999964, 2.560000000000000053, 0.000000000000000000 ) ) ;
#65 = PRESENTATION_LAYER_ASSIGNMENT (  '', '', ( #136 ) ) ;
#66 =( BOUNDED_CURVE ( )  B_SPLINE_CURVE ( 3, ( #31, #759, #2740, #1116 ),
 .UNSPECIFIED., .F., .F. ) 
 B_SPLINE_CURVE_WITH_KNOTS ( ( 4, 4 ),
 ( 3.111321267968120363, 3.171864039211468089 ),
 .UNSPECIFIED. ) 
 CURVE ( )  GEOMETRIC_REPRESENTATION_ITEM ( )  RATIONAL_B_SPLINE_CURVE ( ( 1.000000000000000000, 0.9996945710620732672, 0.9996945710620732672, 1.000000000000000000 ) ) 
 REPRESENTATION_ITEM ( '' )  );
#67 = LINE ( 'NONE', #2039, #2809 ) ;
#68 = PRESENTATION_LAYER_ASSIGNMENT (  '', '', ( #4071 ) ) ;
#69 = SURFACE_STYLE_USAGE ( .BOTH. , #3084 ) ;
#70 = LINE ( 'NONE', #3030, #1184 ) ;
#71 = ORIENTED_EDGE ( 'NONE', *, *, #1672, .T. ) ;
#72 = EDGE_CURVE ( 'NONE', #1431, #3480, #497, .T. ) ;
#73 = VERTEX_POINT ( 'NONE', #1593 ) ;
#74 = VERTEX_POINT ( 'NONE', #3243 ) ;
#75 = PRODUCT_DEFINITION_FORMATION_WITH_SPECIFIED_SOURCE ( 'ANY', '', #886, .NOT_KNOWN. ) ;
#76 = CARTESIAN_POINT ( 'NONE',  ( 2.227673706548999988, 2.777673706548999810, 0.8800000000000000044 ) ) ;
#77 = COLOUR_RGB ( '',1.000000000000000000, 1.000000000000000000, 1.000000000000000000 ) ;
#78 = DIRECTION ( 'NONE',  ( 0.000000000000000000, 0.000000000000000000, 1.000000000000000000 ) ) ;
#79 = EDGE_CURVE ( 'NONE', #967, #704, #2513, .T. ) ;
#80 = SURFACE_STYLE_USAGE ( .BOTH. , #3096 ) ;
#81 = CARTESIAN_POINT ( 'NONE',  ( -2.109999999999999876, 2.000000000000000000, 0.2500000000000000000 ) ) ;
#82 = DIRECTION ( 'NONE',  ( -3.410125194079000194E-16, -1.000000000000000000, 0.000000000000000000 ) ) ;
#83 = ORIENTED_EDGE ( 'NONE', *, *, #3863, .T. ) ;
#84 = SURFACE_STYLE_FILL_AREA ( #4040 ) ;
#85 = EDGE_CURVE ( 'NONE', #2364, #4310, #228, .T. ) ;
#86 = CYLINDRICAL_SURFACE ( 'NONE', #24, 0.09999999999999982514 ) ;
#87 = LINE ( 'NONE', #848, #4152 ) ;
#88 = CARTESIAN_POINT ( 'NONE',  ( 2.446628592588153239, -2.998341262333483304, 0.05000000000000001665 ) ) ;
#89 = ORIENTED_EDGE ( 'NONE', *, *, #23, .F. ) ;
#90 = PRESENTATION_STYLE_ASSIGNMENT (( #1127 ) ) ;
#91 = CARTESIAN_POINT ( 'NONE',  ( 1.699999999999999956, -2.402500000000000302, 0.000000000000000000 ) ) ;
#92 =( NAMED_UNIT ( * ) SI_UNIT ( $, .STERADIAN. ) SOLID_ANGLE_UNIT ( ) );
#93 = ORIENTED_EDGE ( 'NONE', *, *, #4299, .T. ) ;
#94 = VECTOR ( 'NONE', #1658, 1000.000000000000000 ) ;
#95 = ORIENTED_EDGE ( 'NONE', *, *, #3561, .T. ) ;
#96 = ORIENTED_EDGE ( 'NONE', *, *, #3305, .F. ) ;
#97 = PRESENTATION_STYLE_ASSIGNMENT (( #708 ) ) ;
#98 = DIRECTION ( 'NONE',  ( -1.000000000000000000, 1.224646799146999945E-16, 0.000000000000000000 ) ) ;
#99 = SHAPE_DEFINITION_REPRESENTATION ( #1664, #1138 ) ;
#100 = DIRECTION ( 'NONE',  ( 5.595603589010000068E-16, 1.000000000000000000, 0.000000000000000000 ) ) ;
#101 = DIRECTION ( 'NONE',  ( -0.000000000000000000, -0.000000000000000000, -1.000000000000000000 ) ) ;
#102 = FILL_AREA_STYLE ('',( #761 ) ) ;
#103 = ORIENTED_EDGE ( 'NONE', *, *, #1887, .T. ) ;
#104 = EDGE_CURVE ( 'NONE', #3779, #2339, #530, .T. ) ;
#105 = PLANE ( 'NONE',  #240 ) ;
#106 = STYLED_ITEM ( 'NONE', ( #1311 ), #724 ) ;
#107 = DIRECTION ( 'NONE',  ( 0.1560548629280390232, 0.1560548629280390232, -0.9753428933011312196 ) ) ;
#108 = PRESENTATION_STYLE_ASSIGNMENT (( #2126 ) ) ;
#109 = ORIENTED_EDGE ( 'NONE', *, *, #1562, .F. ) ;
#110 = DIRECTION ( 'NONE',  ( 1.000000000000000000, 0.000000000000000000, 0.000000000000000000 ) ) ;
#111 = AXIS2_PLACEMENT_3D ( 'NONE', #1622, #2957, #4063 ) ;
#112 = DIRECTION ( 'NONE',  ( 0.000000000000000000, 1.000000000000000000, 0.000000000000000000 ) ) ;
#113 = EDGE_CURVE ( 'NONE', #370, #817, #551, .T. ) ;
#114 = DIRECTION ( 'NONE',  ( 0.000000000000000000, 1.000000000000000000, 5.421010862427527692E-15 ) ) ;
#115 = VECTOR ( 'NONE', #1049, 1000.000000000000000 ) ;
#116 = PRESENTATION_STYLE_ASSIGNMENT (( #3820 ) ) ;
#117 = ORIENTED_EDGE ( 'NONE', *, *, #85, .F. ) ;
#118 = ORIENTED_EDGE ( 'NONE', *, *, #1080, .T. ) ;
#119 = ORIENTED_EDGE ( 'NONE', *, *, #730, .F. ) ;
#120 = DIRECTION ( 'NONE',  ( -0.000000000000000000, -0.000000000000000000, -1.000000000000000000 ) ) ;
#121 = DIRECTION ( 'NONE',  ( 0.000000000000000000, 0.000000000000000000, 1.000000000000000000 ) ) ;
#122 = LINE ( 'NONE', #1816, #398 ) ;
#123 = APPLICATION_PROTOCOL_DEFINITION ( 'draft international standard', 'automotive_design', 1998, #230 ) ;
#124 = CARTESIAN_POINT ( 'NONE',  ( -1.700000000000000178, 3.037499999999999645, 0.2500000000000000000 ) ) ;
#125 = DIRECTION ( 'NONE',  ( 0.1560548629280390509, -0.1560548629280390509, 0.9753428933011313307 ) ) ;
#126 = LINE ( 'NONE', #1777, #901 ) ;
#127 = EDGE_CURVE ( 'NONE', #2305, #3480, #1908, .T. ) ;
#128 = LINE ( 'NONE', #2164, #2321 ) ;
#129 = CIRCLE ( 'NONE', #2632, 0.1200000000000000094 ) ;
#130 = ORIENTED_EDGE ( 'NONE', *, *, #878, .F. ) ;
#131 =( NAMED_UNIT ( * ) SI_UNIT ( $, .STERADIAN. ) SOLID_ANGLE_UNIT ( ) );
#132 = COLOUR_RGB ( '',1.000000000000000000, 1.000000000000000000, 1.000000000000000000 ) ;
#133 = SURFACE_STYLE_FILL_AREA ( #213 ) ;
#134 = DIRECTION ( 'NONE',  ( 0.000000000000000000, 0.000000000000000000, 1.000000000000000000 ) ) ;
#135 = AXIS2_PLACEMENT_3D ( 'NONE', #3953, #2262, #1946 ) ;
#136 = STYLED_ITEM ( 'NONE', ( #546 ), #3201 ) ;
#137 = COLOUR_RGB ( '',1.000000000000000000, 1.000000000000000000, 1.000000000000000000 ) ;
#138 = ORIENTED_EDGE ( 'NONE', *, *, #2965, .T. ) ;
#139 = ORIENTED_EDGE ( 'NONE', *, *, #2563, .F. ) ;
#140 = ORIENTED_EDGE ( 'NONE', *, *, #602, .T. ) ;
#141 = DIRECTION ( 'NONE',  ( 2.259689972760629896E-50, 1.000000000000000000, 7.992805392577500665E-34 ) ) ;
#142 = VECTOR ( 'NONE', #2789, 1000.000000000000000 ) ;
#143 = EDGE_CURVE ( 'NONE', #463, #3717, #884, .T. ) ;
#144 = SURFACE_STYLE_FILL_AREA ( #2176 ) ;
#145 = VECTOR ( 'NONE', #926, 1000.000000000000000 ) ;
#146 = EDGE_CURVE ( 'NONE', #619, #3840, #3606, .T. ) ;
#147 = DIRECTION ( 'NONE',  ( 0.000000000000000000, 0.000000000000000000, 1.000000000000000000 ) ) ;
#148 = DIRECTION ( 'NONE',  ( -0.000000000000000000, -0.000000000000000000, -1.000000000000000000 ) ) ;
#149 = STYLED_ITEM ( 'NONE', ( #278 ), #499 ) ;
#150 = DIRECTION ( 'NONE',  ( 1.000000000000000000, -1.224646799147319927E-16, -3.795867174530299861E-29 ) ) ;
#151 = EDGE_LOOP ( 'NONE', ( #3936, #2457, #2132, #3815 ) ) ;
#152 = DIRECTION ( 'NONE',  ( -0.000000000000000000, 1.000000000000000000, 0.000000000000000000 ) ) ;
#153 = DIRECTION ( 'NONE',  ( 1.000000000000000000, 0.000000000000000000, -0.000000000000000000 ) ) ;
#154 = UNCERTAINTY_MEASURE_WITH_UNIT (LENGTH_MEASURE( 1.000000000000000082E-05 ), #336, 'distance_accuracy_value', 'NONE');
#155 =( REPRESENTATION_RELATIONSHIP ('NONE','NONE', #3409, #3347 ) REPRESENTATION_RELATIONSHIP_WITH_TRANSFORMATION ( #3784 )SHAPE_REPRESENTATION_RELATIONSHIP( ) );
#156 = ORIENTED_EDGE ( 'NONE', *, *, #3947, .F. ) ;
#157 = ORIENTED_EDGE ( 'NONE', *, *, #54, .T. ) ;
#158 = ORIENTED_EDGE ( 'NONE', *, *, #4337, .T. ) ;
#159 = DIRECTION ( 'NONE',  ( 1.000000000000000000, -1.224646799147319927E-16, 3.795867174530299861E-29 ) ) ;
#160 = VECTOR ( 'NONE', #1446, 1000.000000000000000 ) ;
#161 = DIRECTION ( 'NONE',  ( 1.000000000000000000, -1.224646799146999945E-16, 0.000000000000000000 ) ) ;
#162 = LINE ( 'NONE', #820, #4201 ) ;
#163 = SHAPE_DEFINITION_REPRESENTATION ( #532, #2894 ) ;
#164 = DIRECTION ( 'NONE',  ( -0.1560548629280390232, 0.1560548629280390232, -0.9753428933011312196 ) ) ;
#165 = COLOUR_RGB ( '',1.000000000000000000, 1.000000000000000000, 1.000000000000000000 ) ;
#166 = FILL_AREA_STYLE_COLOUR ( '', #2542 ) ;
#167 = CARTESIAN_POINT ( 'NONE',  ( 2.115866802211999964, 0.1000000000000000056, 0.000000000000000000 ) ) ;
#168 = SURFACE_STYLE_FILL_AREA ( #3184 ) ;
#169 = CYLINDRICAL_SURFACE ( 'NONE', #2622, 0.09999999999999982514 ) ;
#170 = SURFACE_SIDE_STYLE ('',( #3186 ) ) ;
#171 = LINE ( 'NONE', #1514, #2411 ) ;
#172 = LINE ( 'NONE', #1425, #406 ) ;
#173 = PRESENTATION_LAYER_ASSIGNMENT (  '', '', ( #2265 ) ) ;
#174 = ORIENTED_EDGE ( 'NONE', *, *, #2861, .T. ) ;
#175 = EDGE_CURVE ( 'NONE', #1441, #260, #185, .T. ) ;
#176 = CARTESIAN_POINT ( 'NONE',  ( 2.444863560060784646, 3.000000000000000000, 0.05000000000000007910 ) ) ;
#177 = CARTESIAN_POINT ( 'NONE',  ( 2.289426582600968985, 2.839426582600940385, 0.9622992381412123208 ) ) ;
#178 = CONTEXT_DEPENDENT_SHAPE_REPRESENTATION ( #587, #1909 ) ;
#179 = DIRECTION ( 'NONE',  ( 0.3088554313789038108, -0.8574259888417339326, 0.4116175362718720865 ) ) ;
#180 = EDGE_CURVE ( 'NONE', #1532, #3701, #2868, .T. ) ;
#181 =( NAMED_UNIT ( * ) PLANE_ANGLE_UNIT ( ) SI_UNIT ( $, .RADIAN. ) );
#182 = CARTESIAN_POINT ( 'NONE',  ( -0.6350000000000000089, 2.720000000000000195, 0.000000000000000000 ) ) ;
#183 = VECTOR ( 'NONE', #580, 1000.000000000000000 ) ;
#184 = SURFACE_STYLE_USAGE ( .BOTH. , #227 ) ;
#185 = LINE ( 'NONE', #2515, #1084 ) ;
#186 = CARTESIAN_POINT ( 'NONE',  ( 2.333753600224863778, -2.827890096630575112, 0.9050074054013848013 ) ) ;
#187 = PRODUCT_DEFINITION_SHAPE ( 'NONE', 'NONE',  #2343 ) ;
#188 = FACE_OUTER_BOUND ( 'NONE', #672, .T. ) ;
#189 = VERTEX_POINT ( 'NONE', #3588 ) ;
#190 =( GEOMETRIC_REPRESENTATION_CONTEXT ( 3 ) GLOBAL_UNCERTAINTY_ASSIGNED_CONTEXT ( ( #1950 ) ) GLOBAL_UNIT_ASSIGNED_CONTEXT ( ( #1018, #3038, #3012 ) ) REPRESENTATION_CONTEXT ( 'NONE', 'WORKASPACE' ) );
#191 = LINE ( 'NONE', #2873, #2545 ) ;
#192 = FACE_OUTER_BOUND ( 'NONE', #1384, .T. ) ;
#193 = ORIENTED_EDGE ( 'NONE', *, *, #1686, .T. ) ;
#194 = SURFACE_STYLE_USAGE ( .BOTH. , #524 ) ;
#195 = STYLED_ITEM ( 'NONE', ( #572 ), #3654 ) ;
#196 = VECTOR ( 'NONE', #723, 1000.000000000000000 ) ;
#197 =( NAMED_UNIT ( * ) SI_UNIT ( $, .STERADIAN. ) SOLID_ANGLE_UNIT ( ) );
#198 = COLOUR_RGB ( '',1.000000000000000000, 1.000000000000000000, 1.000000000000000000 ) ;
#199 = CIRCLE ( 'NONE', #972, 0.1199999999999998845 ) ;
#200 =( BOUNDED_CURVE ( )  B_SPLINE_CURVE ( 3, ( #1535, #2843, #1856, #176 ),
 .UNSPECIFIED., .F., .T. ) 
 B_SPLINE_CURVE_WITH_KNOTS ( ( 4, 4 ),
 ( 3.111321267968521820, 3.171864039211056863 ),
 .UNSPECIFIED. ) 
 CURVE ( )  GEOMETRIC_REPRESENTATION_ITEM ( )  RATIONAL_B_SPLINE_CURVE ( ( 1.000000000000000000, 0.9996945710620815939, 0.9996945710620815939, 1.000000000000000000 ) ) 
 REPRESENTATION_ITEM ( '' )  );
#201 = ITEM_DEFINED_TRANSFORMATION ( 'NONE', 'NONE', #1765,  #4078 ) ;
#202 = AXIS2_PLACEMENT_3D ( 'NONE', #2124, #1783, #2144 ) ;
#203 = LINE ( 'NONE', #3542, #1751 ) ;
#204 = EDGE_CURVE ( 'NONE', #1679, #2438, #831, .T. ) ;
#205 =( LENGTH_UNIT ( ) NAMED_UNIT ( * ) SI_UNIT ( .MILLI., .METRE. ) );
#206 = PRODUCT_DEFINITION ( 'UNKNOWN', '', #1966, #1655 ) ;
#207 = CIRCLE ( 'NONE', #1195, 0.09999999999999982514 ) ;
#208 = CARTESIAN_POINT ( 'NONE',  ( -0.6350000000000000089, -1.020000000000000018, 0.2500000000000000000 ) ) ;
#209 = CARTESIAN_POINT ( 'NONE',  ( -2.399984331843390439, 2.652767683903195728, 0.9515487359447434290 ) ) ;
#210 = VECTOR ( 'NONE', #1271, 1000.000000000000000 ) ;
#211 = ORIENTED_EDGE ( 'NONE', *, *, #3172, .F. ) ;
#212 = ADVANCED_FACE ( 'NONE', ( #1846 ), #2886, .T. ) ;
#213 = FILL_AREA_STYLE ('',( #3591 ) ) ;
#214 = CARTESIAN_POINT ( 'NONE',  ( -0.8400000000000000799, -2.402500000000000302, 0.000000000000000000 ) ) ;
#215 = CLOSED_SHELL ( 'NONE', ( #1606, #4009, #1161, #2854, #805, #3499 ) ) ;
#216 = CARTESIAN_POINT ( 'NONE',  ( -0.6124999999999999334, -2.777673706548999810, 0.8800000000000000044 ) ) ;
#217 = CARTESIAN_POINT ( 'NONE',  ( 1.699999999999999512, 3.037499999999999645, 0.2500000000000000000 ) ) ;
#218 = SURFACE_STYLE_USAGE ( .BOTH. , #1560 ) ;
#219 = ORIENTED_EDGE ( 'NONE', *, *, #1810, .F. ) ;
#220 =( GEOMETRIC_REPRESENTATION_CONTEXT ( 3 ) GLOBAL_UNCERTAINTY_ASSIGNED_CONTEXT ( ( #1899 ) ) GLOBAL_UNIT_ASSIGNED_CONTEXT ( ( #2954, #1986, #4316 ) ) REPRESENTATION_CONTEXT ( 'NONE', 'WORKASPACE' ) );
#221 = FILL_AREA_STYLE ('',( #3583 ) ) ;
#222 =( BOUNDED_CURVE ( )  B_SPLINE_CURVE ( 3, ( #1331, #4018, #1398, #717 ),
 .UNSPECIFIED., .F., .F. ) 
 B_SPLINE_CURVE_WITH_KNOTS ( ( 4, 4 ),
 ( 0.02496359116342257087, 0.7676085733584609994 ),
 .UNSPECIFIED. ) 
 CURVE ( )  GEOMETRIC_REPRESENTATION_ITEM ( )  RATIONAL_B_SPLINE_CURVE ( ( 1.000000000000000000, 0.9545655314959047288, 0.9545655314959047288, 1.000000000000000000 ) ) 
 REPRESENTATION_ITEM ( '' )  );
#223 = ORIENTED_EDGE ( 'NONE', *, *, #907, .T. ) ;
#224 = EDGE_CURVE ( 'NONE', #287, #3018, #3991, .T. ) ;
#225 = FILL_AREA_STYLE_COLOUR ( '', #1429 ) ;
#226 = UNCERTAINTY_MEASURE_WITH_UNIT (LENGTH_MEASURE( 1.000000000000000082E-05 ), #1936, 'distance_accuracy_value', 'NONE');
#227 = SURFACE_SIDE_STYLE ('',( #3242 ) ) ;
#228 = LINE ( 'NONE', #4257, #3090 ) ;
#229 = DIRECTION ( 'NONE',  ( 1.000000000000000000, 0.000000000000000000, 0.000000000000000000 ) ) ;
#230 = APPLICATION_CONTEXT ( 'automotive_design' ) ;
#231 = ORIENTED_EDGE ( 'NONE', *, *, #3833, .F. ) ;
#232 = SURFACE_SIDE_STYLE ('',( #1304 ) ) ;
#233 = ADVANCED_FACE ( 'NONE', ( #591 ), #3282, .T. ) ;
#234 = AXIS2_PLACEMENT_3D ( 'NONE', #3123, #107, #1444 ) ;
#235 = EDGE_CURVE ( 'NONE', #2948, #409, #3332, .T. ) ;
#236 = DIRECTION ( 'NONE',  ( 0.000000000000000000, 1.000000000000000000, 0.000000000000000000 ) ) ;
#237 = MECHANICAL_DESIGN_GEOMETRIC_PRESENTATION_REPRESENTATION (  '', ( #2656 ), #1652 ) ;
#238 = CARTESIAN_POINT ( 'NONE',  ( -1.699999999999999956, -2.402500000000000302, 6.870052381153763145E-154 ) ) ;
#239 = CARTESIAN_POINT ( 'NONE',  ( 2.289426582600969429, -2.839426582600939941, 0.9622992381412133200 ) ) ;
#240 = AXIS2_PLACEMENT_3D ( 'NONE', #4101, #141, #3112 ) ;
#241 = VERTEX_POINT ( 'NONE', #1299 ) ;
#242 = CARTESIAN_POINT ( 'NONE',  ( -2.310000000000000053, -0.2500000000000000000, 0.2500000000000000000 ) ) ;
#243 = SURFACE_STYLE_USAGE ( .BOTH. , #3604 ) ;
#244 = DIRECTION ( 'NONE',  ( 1.000000000000000000, -1.224646799146999945E-16, 0.000000000000000000 ) ) ;
#245 = CARTESIAN_POINT ( 'NONE',  ( 2.449999999999999734, -2.994863560060714747, 0.04999999999999998196 ) ) ;
#246 = DIRECTION ( 'NONE',  ( 1.000000000000000000, 0.000000000000000000, 0.000000000000000000 ) ) ;
#247 = LINE ( 'NONE', #4241, #765 ) ;
#248 = ADVANCED_FACE ( 'NONE', ( #3350 ), #3968, .F. ) ;
#249 = ORIENTED_EDGE ( 'NONE', *, *, #846, .F. ) ;
#250 = CARTESIAN_POINT ( 'NONE',  ( -0.4299999999999999933, -2.402500000000000302, 0.000000000000000000 ) ) ;
#251 =( NAMED_UNIT ( * ) PLANE_ANGLE_UNIT ( ) SI_UNIT ( $, .RADIAN. ) );
#252 = VECTOR ( 'NONE', #3253, 1000.000000000000000 ) ;
#253 = CARTESIAN_POINT ( 'NONE',  ( -2.227673706549100352, -2.777673706549100618, 0.8800000000002492495 ) ) ;
#254 = PRODUCT_DEFINITION_SHAPE ( 'NONE', 'NONE',  #3744 ) ;
#255 = CARTESIAN_POINT ( 'NONE',  ( -2.331507124169996281, -3.000000000000026201, 0.2500000000009375278 ) ) ;
#256 = EDGE_CURVE ( 'NONE', #3085, #3190, #1696, .T. ) ;
#257 = PRESENTATION_LAYER_ASSIGNMENT (  '', '', ( #4333 ) ) ;
#258 = FILL_AREA_STYLE ('',( #920 ) ) ;
#259 = VECTOR ( 'NONE', #1701, 1000.000000000000000 ) ;
#260 = VERTEX_POINT ( 'NONE', #81 ) ;
#261 =( GEOMETRIC_REPRESENTATION_CONTEXT ( 3 ) GLOBAL_UNCERTAINTY_ASSIGNED_CONTEXT ( ( #1900 ) ) GLOBAL_UNIT_ASSIGNED_CONTEXT ( ( #1939, #3672, #1968 ) ) REPRESENTATION_CONTEXT ( 'NONE', 'WORKASPACE' ) );
#262 = EDGE_CURVE ( 'NONE', #369, #463, #2707, .T. ) ;
#263 = EDGE_CURVE ( 'NONE', #729, #3371, #3454, .T. ) ;
#264 = ADVANCED_BREP_SHAPE_REPRESENTATION ( '', ( #3522, #4078 ), #2521 ) ;
#265 = CARTESIAN_POINT ( 'NONE',  ( 2.296312402602446401, -2.904250885283567118, 0.9084918589017739743 ) ) ;
#266 = SURFACE_STYLE_USAGE ( .BOTH. , #2028 ) ;
#267 = CARTESIAN_POINT ( 'NONE',  ( 2.189584844488364990, 2.815479233284730931, 0.9873311731751781561 ) ) ;
#268 = EDGE_LOOP ( 'NONE', ( #3537, #2419, #3581, #3191, #3311, #2526, #2216 ) ) ;
#269 = AXIS2_PLACEMENT_3D ( 'NONE', #2899, #2650, #2388 ) ;
#270 = CIRCLE ( 'NONE', #4217, 0.09999999999999982514 ) ;
#271 = ORIENTED_EDGE ( 'NONE', *, *, #3848, .F. ) ;
#272 = PRESENTATION_STYLE_ASSIGNMENT (( #1973 ) ) ;
#273 = DIRECTION ( 'NONE',  ( -1.224646799146999945E-16, -1.000000000000000000, 0.000000000000000000 ) ) ;
#274 =( GEOMETRIC_REPRESENTATION_CONTEXT ( 3 ) GLOBAL_UNCERTAINTY_ASSIGNED_CONTEXT ( ( #2549 ) ) GLOBAL_UNIT_ASSIGNED_CONTEXT ( ( #2347, #3715, #4273 ) ) REPRESENTATION_CONTEXT ( 'NONE', 'WORKASPACE' ) );
#275 = UNCERTAINTY_MEASURE_WITH_UNIT (LENGTH_MEASURE( 1.000000000000000082E-05 ), #2882, 'distance_accuracy_value', 'NONE');
#276 =( LENGTH_UNIT ( ) NAMED_UNIT ( * ) SI_UNIT ( .MILLI., .METRE. ) );
#277 = CARTESIAN_POINT ( 'NONE',  ( 2.209999999999999964, 2.560000000000000053, 0.2500000000000000000 ) ) ;
#278 = PRESENTATION_STYLE_ASSIGNMENT (( #3296 ) ) ;
#279 = DIRECTION ( 'NONE',  ( 1.000000000000000000, -0.000000000000000000, 0.000000000000000000 ) ) ;
#280 = ORIENTED_EDGE ( 'NONE', *, *, #1905, .T. ) ;
#281 = EDGE_CURVE ( 'NONE', #1223, #308, #3425, .T. ) ;
#282 = FILL_AREA_STYLE_COLOUR ( '', #1737 ) ;
#283 =( LENGTH_UNIT ( ) NAMED_UNIT ( * ) SI_UNIT ( .MILLI., .METRE. ) );
#284 = CARTESIAN_POINT ( 'NONE',  ( -2.338244197728680529, -2.830860696598514359, 0.9078258572007915639 ) ) ;
#285 = CARTESIAN_POINT ( 'NONE',  ( 2.341373622081205141, 2.815479233284803762, 0.8734371228719213232 ) ) ;
#286 = VECTOR ( 'NONE', #1673, 1000.000000000000000 ) ;
#287 = VERTEX_POINT ( 'NONE', #2788 ) ;
#288 = VERTEX_POINT ( 'NONE', #2451 ) ;
#289 = LINE ( 'NONE', #1692, #1525 ) ;
#290 = CARTESIAN_POINT ( 'NONE',  ( -0.8400000000000000799, 3.037499999999999645, 0.2500000000000000000 ) ) ;
#291 = CARTESIAN_POINT ( 'NONE',  ( -2.331507124169997169, 3.000000000000026201, 0.2500000000008321677 ) ) ;
#292 = LINE ( 'NONE', #2309, #2875 ) ;
#293 = DIRECTION ( 'NONE',  ( 1.000000000000000000, -0.000000000000000000, 0.000000000000000000 ) ) ;
#294 = AXIS2_PLACEMENT_3D ( 'NONE', #3163, #1805, #472 ) ;
#295 = FACE_OUTER_BOUND ( 'NONE', #2626, .T. ) ;
#296 = FACE_OUTER_BOUND ( 'NONE', #1563, .T. ) ;
#297 =( NAMED_UNIT ( * ) SI_UNIT ( $, .STERADIAN. ) SOLID_ANGLE_UNIT ( ) );
#298 = CARTESIAN_POINT ( 'NONE',  ( 2.189584844488483562, -2.815479233284783778, 0.9873311731752013598 ) ) ;
#299 = CARTESIAN_POINT ( 'NONE',  ( 2.282762912319083792, 2.978190782666048975, 0.7953255097981830612 ) ) ;
#300 = EDGE_CURVE ( 'NONE', #331, #3085, #2762, .T. ) ;
#301 = COLOUR_RGB ( '',1.000000000000000000, 1.000000000000000000, 1.000000000000000000 ) ;
#302 = VERTEX_POINT ( 'NONE', #429 ) ;
#303 = CARTESIAN_POINT ( 'NONE',  ( -2.259190248118446931, 2.839426582600926174, 0.9849869404545937845 ) ) ;
#304 = STYLED_ITEM ( 'NONE', ( #3481 ), #1237 ) ;
#305 = DIRECTION ( 'NONE',  ( 1.000000000000000000, 0.000000000000000000, 0.000000000000000000 ) ) ;
#306 = CARTESIAN_POINT ( 'NONE',  ( 2.289426582600971205, -2.839426582600940829, 0.9622992381412124319 ) ) ;
#307 = DIRECTION ( 'NONE',  ( 1.224646799146999945E-16, 1.000000000000000000, -0.000000000000000000 ) ) ;
#308 = VERTEX_POINT ( 'NONE', #1776 ) ;
#309 = ORIENTED_EDGE ( 'NONE', *, *, #2669, .T. ) ;
#310 = CARTESIAN_POINT ( 'NONE',  ( 0.4300000000000001044, 2.560000000000000053, 0.000000000000000000 ) ) ;
#311 = CARTESIAN_POINT ( 'NONE',  ( 2.209999999999999964, 2.099913933060999938, 0.2500000000000000000 ) ) ;
#312 =( NAMED_UNIT ( * ) SI_UNIT ( $, .STERADIAN. ) SOLID_ANGLE_UNIT ( ) );
#313 = UNCERTAINTY_MEASURE_WITH_UNIT (LENGTH_MEASURE( 1.000000000000000082E-05 ), #3695, 'distance_accuracy_value', 'NONE');
#314 = EDGE_CURVE ( 'NONE', #331, #2260, #2523, .T. ) ;
#315 = CARTESIAN_POINT ( 'NONE',  ( -2.109999999999999876, 3.037499999999999645, 0.000000000000000000 ) ) ;
#316 = AXIS2_PLACEMENT_3D ( 'NONE', #1912, #2803, #980 ) ;
#317 =( NAMED_UNIT ( * ) SI_UNIT ( $, .STERADIAN. ) SOLID_ANGLE_UNIT ( ) );
#318 = SURFACE_STYLE_USAGE ( .BOTH. , #1743 ) ;
#319 = LINE ( 'NONE', #3343, #259 ) ;
#320 = ORIENTED_EDGE ( 'NONE', *, *, #1178, .T. ) ;
#321 =( GEOMETRIC_REPRESENTATION_CONTEXT ( 3 ) GLOBAL_UNCERTAINTY_ASSIGNED_CONTEXT ( ( #1287 ) ) GLOBAL_UNIT_ASSIGNED_CONTEXT ( ( #3986, #1635, #1683 ) ) REPRESENTATION_CONTEXT ( 'NONE', 'WORKASPACE' ) );
#322 = ORIENTED_EDGE ( 'NONE', *, *, #3895, .T. ) ;
#323 = CARTESIAN_POINT ( 'NONE',  ( -2.282540762599466255, 2.774602279918059189, 1.016106617380862831 ) ) ;
#324 = AXIS2_PLACEMENT_3D ( 'NONE', #2001, #3778, #1829 ) ;
#325 = AXIS2_PLACEMENT_3D ( 'NONE', #1266, #1207, #2242 ) ;
#326 = COLOUR_RGB ( '',1.000000000000000000, 1.000000000000000000, 1.000000000000000000 ) ;
#327 = CIRCLE ( 'NONE', #3795, 0.09999999999999982514 ) ;
#328 = CARTESIAN_POINT ( 'NONE',  ( 2.449999999999999289, -2.951877752806119748, 0.1801601991000532921 ) ) ;
#329 = CARTESIAN_POINT ( 'NONE',  ( 0.8400000000000000799, 3.037499999999999645, 0.000000000000000000 ) ) ;
#330 = CARTESIAN_POINT ( 'NONE',  ( 2.399984331843175944, 2.652767683903885398, 0.9515487359449363858 ) ) ;
#331 = VERTEX_POINT ( 'NONE', #1439 ) ;
#332 = EDGE_CURVE ( 'NONE', #2749, #4343, #2232, .T. ) ;
#333 = ORIENTED_EDGE ( 'NONE', *, *, #2252, .F. ) ;
#334 = DIRECTION ( 'NONE',  ( 1.000000000000000000, 0.000000000000000000, -0.000000000000000000 ) ) ;
#335 = CARTESIAN_POINT ( 'NONE',  ( 0.8400000000000000799, -2.402500000000000302, -2.600040476821657071E-81 ) ) ;
#336 =( LENGTH_UNIT ( ) NAMED_UNIT ( * ) SI_UNIT ( .MILLI., .METRE. ) );
#337 = FACE_OUTER_BOUND ( 'NONE', #502, .T. ) ;
#338 = STYLED_ITEM ( 'NONE', ( #4066 ), #4116 ) ;
#339 = EDGE_CURVE ( 'NONE', #4017, #1118, #1095, .T. ) ;
#340 = UNCERTAINTY_MEASURE_WITH_UNIT (LENGTH_MEASURE( 1.000000000000000082E-05 ), #1791, 'distance_accuracy_value', 'NONE');
#341 = FACE_OUTER_BOUND ( 'NONE', #1107, .T. ) ;
#342 = VECTOR ( 'NONE', #3894, 1000.000000000000000 ) ;
#343 = FILL_AREA_STYLE_COLOUR ( '', #1131 ) ;
#344 = CARTESIAN_POINT ( 'NONE',  ( -2.209999999999999964, 2.560000000000000053, 0.2500000000000000000 ) ) ;
#345 = VERTEX_POINT ( 'NONE', #2401 ) ;
#346 = VERTEX_POINT ( 'NONE', #2814 ) ;
#347 = AXIS2_PLACEMENT_3D ( 'NONE', #377, #1463, #470 ) ;
#348 = EDGE_LOOP ( 'NONE', ( #1189, #3896, #3620, #1668 ) ) ;
#349 = CARTESIAN_POINT ( 'NONE',  ( -2.109999999999999876, 1.899999999999999911, 0.000000000000000000 ) ) ;
#350 = DIRECTION ( 'NONE',  ( -0.3088554313789039774, 0.8574259888417340436, -0.4116175362718719755 ) ) ;
#351 = UNCERTAINTY_MEASURE_WITH_UNIT (LENGTH_MEASURE( 1.000000000000000082E-05 ), #4206, 'distance_accuracy_value', 'NONE');
#352 = SURFACE_STYLE_USAGE ( .BOTH. , #3404 ) ;
#353 = CARTESIAN_POINT ( 'NONE',  ( 2.319662917083471054, 2.839426582600955928, 0.9396115358278468443 ) ) ;
#354 = VERTEX_POINT ( 'NONE', #3119 ) ;
#355 = ORIENTED_EDGE ( 'NONE', *, *, #3947, .T. ) ;
#356 = EDGE_CURVE ( 'NONE', #3418, #3396, #66, .T. ) ;
#357 = PLANE ( 'NONE',  #2547 ) ;
#358 = LINE ( 'NONE', #1712, #1052 ) ;
#359 =( NAMED_UNIT ( * ) SI_UNIT ( $, .STERADIAN. ) SOLID_ANGLE_UNIT ( ) );
#360 = SURFACE_STYLE_FILL_AREA ( #12 ) ;
#361 = CARTESIAN_POINT ( 'NONE',  ( 2.500000000000000000, -0.6500000000000000222, 0.000000000000000000 ) ) ;
#362 = CARTESIAN_POINT ( 'NONE',  ( 2.015866802211999875, 0.1000000000000000194, 0.000000000000000000 ) ) ;
#363 = PRESENTATION_STYLE_ASSIGNMENT (( #2041 ) ) ;
#364 =( NAMED_UNIT ( * ) PLANE_ANGLE_UNIT ( ) SI_UNIT ( $, .RADIAN. ) );
#365 = CARTESIAN_POINT ( 'NONE',  ( 2.209999999999999964, 2.720000000000000195, 0.2500000000000000000 ) ) ;
#366 = EDGE_CURVE ( 'NONE', #1015, #2749, #786, .T. ) ;
#367 = ORIENTED_EDGE ( 'NONE', *, *, #2842, .T. ) ;
#368 =( REPRESENTATION_RELATIONSHIP ('NONE','NONE', #3409, #3817 ) REPRESENTATION_RELATIONSHIP_WITH_TRANSFORMATION ( #3618 )SHAPE_REPRESENTATION_RELATIONSHIP( ) );
#369 = VERTEX_POINT ( 'NONE', #1070 ) ;
#370 = VERTEX_POINT ( 'NONE', #713 ) ;
#371 = DIRECTION ( 'NONE',  ( 0.000000000000000000, 0.000000000000000000, 1.000000000000000000 ) ) ;
#372 = EDGE_CURVE ( 'NONE', #2337, #3644, #2142, .T. ) ;
#373 = ORIENTED_EDGE ( 'NONE', *, *, #794, .T. ) ;
#374 = CARTESIAN_POINT ( 'NONE',  ( -0.6350000000000000089, -2.720000000000000195, 0.2500000000000000000 ) ) ;
#375 = CARTESIAN_POINT ( 'NONE',  ( -2.500000000000000000, -0.3500000000000000333, 0.2500000000000000000 ) ) ;
#376 = SURFACE_STYLE_FILL_AREA ( #683 ) ;
#377 = CARTESIAN_POINT ( 'NONE',  ( 2.109999999999999876, -0.09991393306071999492, 0.000000000000000000 ) ) ;
#378 = VERTEX_POINT ( 'NONE', #4128 ) ;
#379 = FILL_AREA_STYLE ('',( #3788 ) ) ;
#380 = DIRECTION ( 'NONE',  ( 1.000000000000000000, -1.224646799146999945E-16, 0.000000000000000000 ) ) ;
#381 = DIRECTION ( 'NONE',  ( 0.000000000000000000, -0.000000000000000000, -1.000000000000000000 ) ) ;
#382 = FILL_AREA_STYLE ('',( #4136 ) ) ;
#383 = ORIENTED_EDGE ( 'NONE', *, *, #3980, .T. ) ;
#384 = EDGE_CURVE ( 'NONE', #633, #2174, #2379, .T. ) ;
#385 = LINE ( 'NONE', #361, #807 ) ;
#386 = CARTESIAN_POINT ( 'NONE',  ( -0.6350000000000000089, 3.037499999999999645, 0.2500000000000000000 ) ) ;
#387 = FILL_AREA_STYLE_COLOUR ( '', #1326 ) ;
#388 =( NAMED_UNIT ( * ) SI_UNIT ( $, .STERADIAN. ) SOLID_ANGLE_UNIT ( ) );
#389 = ORIENTED_EDGE ( 'NONE', *, *, #2531, .T. ) ;
#390 = VERTEX_POINT ( 'NONE', #3741 ) ;
#391 = EDGE_CURVE ( 'NONE', #952, #3418, #1414, .T. ) ;
#392 = VERTEX_POINT ( 'NONE', #1729 ) ;
#393 =( NAMED_UNIT ( * ) PLANE_ANGLE_UNIT ( ) SI_UNIT ( $, .RADIAN. ) );
#394 = DIRECTION ( 'NONE',  ( -1.000000000000000000, 1.224646799147319927E-16, -3.795867174530299861E-29 ) ) ;
#395 = DIRECTION ( 'NONE',  ( 0.000000000000000000, -7.992805392577500665E-34, 1.000000000000000000 ) ) ;
#396 = EDGE_CURVE ( 'NONE', #1385, #46, #3809, .T. ) ;
#397 = PRODUCT_CONTEXT ( 'NONE', #3239, 'mechanical' ) ;
#398 = VECTOR ( 'NONE', #840, 1000.000000000000000 ) ;
#399 = PLANE ( 'NONE',  #2446 ) ;
#400 = DIRECTION ( 'NONE',  ( 0.000000000000000000, 0.000000000000000000, 1.000000000000000000 ) ) ;
#401 = EDGE_CURVE ( 'NONE', #2756, #2174, #56, .T. ) ;
#402 = CARTESIAN_POINT ( 'NONE',  ( 2.227673706548999988, -2.777673706549000254, 0.8800000000000000044 ) ) ;
#403 = ORIENTED_EDGE ( 'NONE', *, *, #2629, .F. ) ;
#404 = VECTOR ( 'NONE', #2057, 1000.000000000000000 ) ;
#405 = VECTOR ( 'NONE', #2673, 1000.000000000000000 ) ;
#406 = VECTOR ( 'NONE', #2169, 1000.000000000000000 ) ;
#407 = DIRECTION ( 'NONE',  ( -1.224646799146999945E-16, -1.000000000000000000, 0.000000000000000000 ) ) ;
#408 = LINE ( 'NONE', #2495, #1075 ) ;
#409 = VERTEX_POINT ( 'NONE', #449 ) ;
#410 = FILL_AREA_STYLE_COLOUR ( '', #3775 ) ;
#411 = VECTOR ( 'NONE', #3521, 1000.000000000000000 ) ;
#412 = CARTESIAN_POINT ( 'NONE',  ( 2.500000000000000000, -0.6500000000000000222, 0.000000000000000000 ) ) ;
#413 =( LENGTH_UNIT ( ) NAMED_UNIT ( * ) SI_UNIT ( .MILLI., .METRE. ) );
#414 = PRESENTATION_LAYER_ASSIGNMENT (  '', '', ( #1684 ) ) ;
#415 = SURFACE_SIDE_STYLE ('',( #3439 ) ) ;
#416 = ORIENTED_EDGE ( 'NONE', *, *, #3004, .T. ) ;
#417 =( GEOMETRIC_REPRESENTATION_CONTEXT ( 3 ) GLOBAL_UNCERTAINTY_ASSIGNED_CONTEXT ( ( #2194 ) ) GLOBAL_UNIT_ASSIGNED_CONTEXT ( ( #4303, #2355, #359 ) ) REPRESENTATION_CONTEXT ( 'NONE', 'WORKASPACE' ) );
#418 = ORIENTED_EDGE ( 'NONE', *, *, #1524, .T. ) ;
#419 = AXIS2_PLACEMENT_3D ( 'NONE', #182, #566, #3221 ) ;
#420 = ORIENTED_EDGE ( 'NONE', *, *, #2861, .F. ) ;
#421 =( LENGTH_UNIT ( ) NAMED_UNIT ( * ) SI_UNIT ( .MILLI., .METRE. ) );
#422 = PRESENTATION_LAYER_ASSIGNMENT (  '', '', ( #1481 ) ) ;
#423 = EDGE_CURVE ( 'NONE', #2392, #2779, #906, .T. ) ;
#424 = DIRECTION ( 'NONE',  ( 1.000000000000000000, 0.000000000000000000, -1.807003620809175766E-15 ) ) ;
#425 = CARTESIAN_POINT ( 'NONE',  ( -2.449999999999999734, 2.994863560060714747, 0.04999999999999998196 ) ) ;
#426 = VECTOR ( 'NONE', #101, 1000.000000000000000 ) ;
#427 = APPLICATION_PROTOCOL_DEFINITION ( 'draft international standard', 'automotive_design', 1998, #2926 ) ;
#428 = DIRECTION ( 'NONE',  ( 5.595603589010000068E-16, 1.000000000000000000, 0.000000000000000000 ) ) ;
#429 = CARTESIAN_POINT ( 'NONE',  ( -2.450000000000000178, -2.994863560060783580, 0.05000000000000005135 ) ) ;
#430 = DIRECTION ( 'NONE',  ( -0.9874406319166617596, 1.209266009224589818E-16, 0.1579905011069460130 ) ) ;
#431 = ADVANCED_FACE ( 'NONE', ( #3140 ), #2269, .T. ) ;
#432 = EDGE_LOOP ( 'NONE', ( #1108, #1432, #588, #389 ) ) ;
#433 = CARTESIAN_POINT ( 'NONE',  ( -2.109999999999999876, 2.560000000000000053, 0.2500000000000000000 ) ) ;
#434 = DIRECTION ( 'NONE',  ( 1.000000000000000000, -1.224646799146999945E-16, 0.000000000000000000 ) ) ;
#435 = LINE ( 'NONE', #2430, #4275 ) ;
#436 = ORIENTED_EDGE ( 'NONE', *, *, #623, .F. ) ;
#437 = DIRECTION ( 'NONE',  ( 0.3088554313789039774, 0.8574259888417340436, 0.4116175362718719755 ) ) ;
#438 = CARTESIAN_POINT ( 'NONE',  ( -1.700000000000000178, 2.720000000000000195, 0.2500000000000000000 ) ) ;
#439 = COLOUR_RGB ( '',1.000000000000000000, 1.000000000000000000, 1.000000000000000000 ) ;
#440 = ORIENTED_EDGE ( 'NONE', *, *, #4267, .T. ) ;
#441 = CIRCLE ( 'NONE', #506, 0.09999999999999982514 ) ;
#442 = ORIENTED_EDGE ( 'NONE', *, *, #4282, .T. ) ;
#443 = ORIENTED_EDGE ( 'NONE', *, *, #3534, .T. ) ;
#444 = FILL_AREA_STYLE_COLOUR ( '', #34 ) ;
#445 = FILL_AREA_STYLE ('',( #4102 ) ) ;
#446 = EDGE_CURVE ( 'NONE', #3717, #3779, #2944, .T. ) ;
#447 = CIRCLE ( 'NONE', #1916, 0.1200000000000000094 ) ;
#448 = CARTESIAN_POINT ( 'NONE',  ( 0.000000000000000000, 0.000000000000000000, 0.000000000000000000 ) ) ;
#449 = CARTESIAN_POINT ( 'NONE',  ( -1.700000000000000178, 2.560000000000000053, -3.070414573971861113E-84 ) ) ;
#450 =( GEOMETRIC_REPRESENTATION_CONTEXT ( 3 ) GLOBAL_UNCERTAINTY_ASSIGNED_CONTEXT ( ( #1368 ) ) GLOBAL_UNIT_ASSIGNED_CONTEXT ( ( #1830, #1809, #4181 ) ) REPRESENTATION_CONTEXT ( 'NONE', 'WORKASPACE' ) );
#451 = LINE ( 'NONE', #736, #3874 ) ;
#452 = ORIENTED_EDGE ( 'NONE', *, *, #2696, .F. ) ;
#453 = AXIS2_PLACEMENT_3D ( 'NONE', #216, #159, #3574 ) ;
#454 =( NAMED_UNIT ( * ) PLANE_ANGLE_UNIT ( ) SI_UNIT ( $, .RADIAN. ) );
#455 = SURFACE_SIDE_STYLE ('',( #3526 ) ) ;
#456 = PRESENTATION_STYLE_ASSIGNMENT (( #1123 ) ) ;
#457 = ORIENTED_EDGE ( 'NONE', *, *, #1960, .T. ) ;
#458 = SURFACE_STYLE_USAGE ( .BOTH. , #4163 ) ;
#459 = AXIS2_PLACEMENT_3D ( 'NONE', #2765, #764, #1351 ) ;
#460 = LINE ( 'NONE', #1476, #538 ) ;
#461 = AXIS2_PLACEMENT_3D ( 'NONE', #3185, #769, #1104 ) ;
#462 = EDGE_CURVE ( 'NONE', #855, #932, #939, .T. ) ;
#463 = VERTEX_POINT ( 'NONE', #3633 ) ;
#464 = EDGE_CURVE ( 'NONE', #1064, #1170, #1956, .T. ) ;
#465 = ORIENTED_EDGE ( 'NONE', *, *, #1626, .T. ) ;
#466 = ORIENTED_EDGE ( 'NONE', *, *, #1858, .T. ) ;
#467 = SURFACE_SIDE_STYLE ('',( #1796 ) ) ;
#468 = PRESENTATION_STYLE_ASSIGNMENT (( #2881 ) ) ;
#469 = CARTESIAN_POINT ( 'NONE',  ( 0.4300000000000001044, 3.037499999999999645, 0.000000000000000000 ) ) ;
#470 = DIRECTION ( 'NONE',  ( -1.000000000000000000, 1.761828530288947861E-15, 0.000000000000000000 ) ) ;
#471 = FACE_OUTER_BOUND ( 'NONE', #3010, .T. ) ;
#472 = DIRECTION ( 'NONE',  ( -1.000000000000000000, 0.000000000000000000, 0.000000000000000000 ) ) ;
#473 = LINE ( 'NONE', #495, #1833 ) ;
#474 = CARTESIAN_POINT ( 'NONE',  ( -0.8400000000000000799, 2.560000000000000053, -8.247976404591076100E-84 ) ) ;
#475 = ORIENTED_EDGE ( 'NONE', *, *, #1960, .F. ) ;
#476 = SURFACE_STYLE_USAGE ( .BOTH. , #3772 ) ;
#477 = DIRECTION ( 'NONE',  ( -1.000000000000000000, 0.000000000000000000, 0.000000000000000000 ) ) ;
#478 = AXIS2_PLACEMENT_3D ( 'NONE', #3634, #1061, #477 ) ;
#479 = PLANE ( 'NONE',  #3258 ) ;
#480 = SURFACE_STYLE_FILL_AREA ( #3171 ) ;
#481 = AXIS2_PLACEMENT_3D ( 'NONE', #2525, #2884, #527 ) ;
#482 = AXIS2_PLACEMENT_3D ( 'NONE', #697, #4046, #3054 ) ;
#483 = ORIENTED_EDGE ( 'NONE', *, *, #3172, .T. ) ;
#484 = ADVANCED_BREP_SHAPE_REPRESENTATION ( '', ( #3490, #4078 ), #2584 ) ;
#485 = ORIENTED_EDGE ( 'NONE', *, *, #3594, .F. ) ;
#486 = EDGE_LOOP ( 'NONE', ( #2061, #4039, #3259, #649 ) ) ;
#487 =( NAMED_UNIT ( * ) PLANE_ANGLE_UNIT ( ) SI_UNIT ( $, .RADIAN. ) );
#488 = AXIS2_PLACEMENT_3D ( 'NONE', #2074, #430, #2472 ) ;
#489 = DIRECTION ( 'NONE',  ( -1.224646799146999945E-16, -1.000000000000000000, 0.000000000000000000 ) ) ;
#490 = CARTESIAN_POINT ( 'NONE',  ( 2.338244197728809315, 2.830860696598454851, 0.9078258572005738491 ) ) ;
#491 = AXIS2_PLACEMENT_3D ( 'NONE', #3164, #150, #811 ) ;
#492 = FACE_OUTER_BOUND ( 'NONE', #2498, .T. ) ;
#493 = SURFACE_STYLE_USAGE ( .BOTH. , #2492 ) ;
#494 = VECTOR ( 'NONE', #675, 1000.000000000000000 ) ;
#495 = CARTESIAN_POINT ( 'NONE',  ( -0.8400000000000000799, -2.720000000000000195, 0.2500000000000000000 ) ) ;
#496 = CARTESIAN_POINT ( 'NONE',  ( 2.209999999999999964, 2.560000000000000053, 0.000000000000000000 ) ) ;
#497 = LINE ( 'NONE', #2847, #1955 ) ;
#498 = DIRECTION ( 'NONE',  ( -0.1560548629284537470, -0.1560548629277745958, 0.9753428933011072388 ) ) ;
#499 = ADVANCED_FACE ( 'NONE', ( #2922 ), #559, .T. ) ;
#500 = DIRECTION ( 'NONE',  ( 0.000000000000000000, 0.000000000000000000, 1.000000000000000000 ) ) ;
#501 = DIRECTION ( 'NONE',  ( -0.000000000000000000, -0.000000000000000000, -1.000000000000000000 ) ) ;
#502 = EDGE_LOOP ( 'NONE', ( #2296, #3757, #3394, #1803 ) ) ;
#503 = ORIENTED_EDGE ( 'NONE', *, *, #146, .F. ) ;
#504 = ORIENTED_EDGE ( 'NONE', *, *, #4104, .T. ) ;
#505 = SURFACE_STYLE_USAGE ( .BOTH. , #3867 ) ;
#506 = AXIS2_PLACEMENT_3D ( 'NONE', #2145, #2101, #3048 ) ;
#507 = CIRCLE ( 'NONE', #2536, 0.1200000000000001343 ) ;
#508 = CARTESIAN_POINT ( 'NONE',  ( 0.4299999999999999933, 3.037499999999999645, 0.000000000000000000 ) ) ;
#509 =( BOUNDED_SURFACE ( )  B_SPLINE_SURFACE ( 3, 3, ( 
 ( #3056, #4027, #645, #1082 ),
 ( #3028, #4331, #1012, #44 ),
 ( #1699, #2313, #3416, #2724 ),
 ( #4072, #1059, #3686, #2335 ) ),
 .UNSPECIFIED., .F., .F., .F. ) 
 B_SPLINE_SURFACE_WITH_KNOTS ( ( 4, 4 ),
 ( 4, 4 ),
 ( 0.000000000000000000, 1.000000000000000000 ),
 ( 0.000000000000000000, 1.000000000000000000 ),
 .UNSPECIFIED. ) 
 GEOMETRIC_REPRESENTATION_ITEM ( )  RATIONAL_B_SPLINE_SURFACE ( (
 ( 1.000000000000000000, 0.3333333333333341475, 0.3333333333333341475, 1.000000000000000000),
 ( 0.9318883965758975041, 0.3106294655252999082, 0.3106294655252999082, 0.9318883965758975041),
 ( 0.9318883965758975041, 0.3106294655252999082, 0.3106294655252999082, 0.9318883965758975041),
 ( 1.000000000000000000, 0.3333333333333341475, 0.3333333333333341475, 1.000000000000000000) ) ) 
 REPRESENTATION_ITEM ( '' )  SURFACE ( )  );
#510 = CARTESIAN_POINT ( 'NONE',  ( -2.227673706549068378, 2.777673706549068200, 0.8800000000002391465 ) ) ;
#511 = CIRCLE ( 'NONE', #1500, 0.1200000000000000094 ) ;
#512 = APPLICATION_CONTEXT ( 'automotive_design' ) ;
#513 = FILL_AREA_STYLE ('',( #1545 ) ) ;
#514 = DIRECTION ( 'NONE',  ( -0.1560548629280390232, -0.1560548629280390232, -0.9753428933011312196 ) ) ;
#515 = PRESENTATION_LAYER_ASSIGNMENT (  '', '', ( #2136 ) ) ;
#516 = LINE ( 'NONE', #3202, #1604 ) ;
#517 = CARTESIAN_POINT ( 'NONE',  ( 0.4299999999999999933, 2.402500000000000302, 0.000000000000000000 ) ) ;
#518 = FILL_AREA_STYLE ('',( #2573 ) ) ;
#519 = ORIENTED_EDGE ( 'NONE', *, *, #4118, .F. ) ;
#520 = FACE_OUTER_BOUND ( 'NONE', #3668, .T. ) ;
#521 = CARTESIAN_POINT ( 'NONE',  ( -1.699999999999999956, -2.720000000000000195, 0.2500000000000000000 ) ) ;
#522 = EDGE_CURVE ( 'NONE', #1385, #3886, #3981, .T. ) ;
#523 = ORIENTED_EDGE ( 'NONE', *, *, #1506, .T. ) ;
#524 = SURFACE_SIDE_STYLE ('',( #2154 ) ) ;
#525 = VECTOR ( 'NONE', #2717, 1000.000000000000000 ) ;
#526 = EDGE_CURVE ( 'NONE', #3101, #4254, #3851, .T. ) ;
#527 = DIRECTION ( 'NONE',  ( 0.000000000000000000, -7.992805392577500665E-34, 1.000000000000000000 ) ) ;
#528 = ADVANCED_FACE ( 'NONE', ( #1584 ), #1558, .T. ) ;
#529 =( BOUNDED_SURFACE ( )  B_SPLINE_SURFACE ( 3, 3, ( 
 ( #1559, #1233, #239, #1957 ),
 ( #899, #3237, #2651, #4266 ),
 ( #4008, #3615, #1256, #3273 ),
 ( #2270, #2586, #583, #298 ) ),
 .UNSPECIFIED., .F., .F., .T. ) 
 B_SPLINE_SURFACE_WITH_KNOTS ( ( 4, 4 ),
 ( 4, 4 ),
 ( 0.000000000000000000, 1.000000000000000000 ),
 ( 0.000000000000000000, 1.000000000000000000 ),
 .UNSPECIFIED. ) 
 GEOMETRIC_REPRESENTATION_ITEM ( )  RATIONAL_B_SPLINE_SURFACE ( (
 ( 1.000000000000000000, 0.3333333333333372561, 0.3333333333333372561, 1.000000000000000000),
 ( 0.9318883965760590415, 0.3106294655253566961, 0.3106294655253566961, 0.9318883965760590415),
 ( 0.9318883965760590415, 0.3106294655253566961, 0.3106294655253566961, 0.9318883965760590415),
 ( 1.000000000000000000, 0.3333333333333372561, 0.3333333333333372561, 1.000000000000000000) ) ) 
 REPRESENTATION_ITEM ( '' )  SURFACE ( )  );
#530 = LINE ( 'NONE', #3264, #3649 ) ;
#531 = CARTESIAN_POINT ( 'NONE',  ( -2.267792562957247515, 2.707835022027599514, 1.053000716318813090 ) ) ;
#532 = PRODUCT_DEFINITION_SHAPE ( 'NONE', 'NONE',  #2996 ) ;
#533 = CARTESIAN_POINT ( 'NONE',  ( -2.450000000000000622, -2.951877752806093991, 0.1801601991003975722 ) ) ;
#534 = EDGE_LOOP ( 'NONE', ( #4146, #1258, #3442, #2663 ) ) ;
#535 = FACE_OUTER_BOUND ( 'NONE', #1063, .T. ) ;
#536 = EDGE_LOOP ( 'NONE', ( #1317, #1768, #1792, #3344 ) ) ;
#537 = FACE_OUTER_BOUND ( 'NONE', #879, .T. ) ;
#538 = VECTOR ( 'NONE', #1811, 1000.000000000000000 ) ;
#539 = COLOUR_RGB ( '',1.000000000000000000, 1.000000000000000000, 1.000000000000000000 ) ;
#540 = COLOUR_RGB ( '',1.000000000000000000, 1.000000000000000000, 1.000000000000000000 ) ;
#541 = SURFACE_STYLE_FILL_AREA ( #3255 ) ;
#542 = CARTESIAN_POINT ( 'NONE',  ( 2.112933401105994591, 1.999956966530429314, 0.2500000000000000000 ) ) ;
#543 =( GEOMETRIC_REPRESENTATION_CONTEXT ( 3 ) GLOBAL_UNCERTAINTY_ASSIGNED_CONTEXT ( ( #983 ) ) GLOBAL_UNIT_ASSIGNED_CONTEXT ( ( #892, #1226, #2599 ) ) REPRESENTATION_CONTEXT ( 'NONE', 'WORKASPACE' ) );
#544 = ORIENTED_EDGE ( 'NONE', *, *, #3225, .F. ) ;
#545 =( GEOMETRIC_REPRESENTATION_CONTEXT ( 3 ) GLOBAL_UNCERTAINTY_ASSIGNED_CONTEXT ( ( #2644 ) ) GLOBAL_UNIT_ASSIGNED_CONTEXT ( ( #205, #2930, #1937 ) ) REPRESENTATION_CONTEXT ( 'NONE', 'WORKASPACE' ) );
#546 = PRESENTATION_STYLE_ASSIGNMENT (( #1873 ) ) ;
#547 = MECHANICAL_DESIGN_GEOMETRIC_PRESENTATION_REPRESENTATION (  '', ( #777 ), #3094 ) ;
#548 = DIRECTION ( 'NONE',  ( 0.000000000000000000, 0.000000000000000000, 1.000000000000000000 ) ) ;
#549 = AXIS2_PLACEMENT_3D ( 'NONE', #349, #4124, #2423 ) ;
#550 = PLANE ( 'NONE',  #1420 ) ;
#551 = LINE ( 'NONE', #2932, #1754 ) ;
#552 = ADVANCED_FACE ( 'NONE', ( #4095 ), #2985, .T. ) ;
#553 = DIRECTION ( 'NONE',  ( 0.000000000000000000, 1.000000000000000000, 0.000000000000000000 ) ) ;
#554 = PRESENTATION_LAYER_ASSIGNMENT (  '', '', ( #3666 ) ) ;
#555 = ORIENTED_EDGE ( 'NONE', *, *, #2965, .F. ) ;
#556 = PLANE ( 'NONE',  #2772 ) ;
#557 =( NAMED_UNIT ( * ) SI_UNIT ( $, .STERADIAN. ) SOLID_ANGLE_UNIT ( ) );
#558 = PLANE ( 'NONE',  #755 ) ;
#559 = CYLINDRICAL_SURFACE ( 'NONE', #2109, 0.09999999999999982514 ) ;
#560 =( LENGTH_UNIT ( ) NAMED_UNIT ( * ) SI_UNIT ( .MILLI., .METRE. ) );
#561 = PRESENTATION_STYLE_ASSIGNMENT (( #3298 ) ) ;
#562 = AXIS2_PLACEMENT_3D ( 'NONE', #2625, #1585, #3256 ) ;
#563 = ORIENTED_EDGE ( 'NONE', *, *, #3895, .F. ) ;
#564 = ADVANCED_FACE ( 'NONE', ( #700 ), #509, .T. ) ;
#565 = CARTESIAN_POINT ( 'NONE',  ( -2.282762912319214355, 2.978190782665766534, 0.7953255097988055633 ) ) ;
#566 = DIRECTION ( 'NONE',  ( 0.000000000000000000, 0.000000000000000000, -1.000000000000000000 ) ) ;
#567 = UNCERTAINTY_MEASURE_WITH_UNIT (LENGTH_MEASURE( 1.000000000000000082E-05 ), #4314, 'distance_accuracy_value', 'NONE');
#568 = FACE_OUTER_BOUND ( 'NONE', #1496, .T. ) ;
#569 = DIRECTION ( 'NONE',  ( 0.000000000000000000, 0.000000000000000000, 1.000000000000000000 ) ) ;
#570 = DIRECTION ( 'NONE',  ( 0.000000000000000000, 0.000000000000000000, 1.000000000000000000 ) ) ;
#571 = MANIFOLD_SOLID_BREP ( 'Imported1', #1544 ) ;
#572 = PRESENTATION_STYLE_ASSIGNMENT (( #3859 ) ) ;
#573 = ORIENTED_EDGE ( 'NONE', *, *, #4246, .T. ) ;
#574 =( NAMED_UNIT ( * ) SI_UNIT ( $, .STERADIAN. ) SOLID_ANGLE_UNIT ( ) );
#575 = LINE ( 'NONE', #3269, #2722 ) ;
#576 = FILL_AREA_STYLE ('',( #2243 ) ) ;
#577 = UNCERTAINTY_MEASURE_WITH_UNIT (LENGTH_MEASURE( 1.000000000000000082E-05 ), #1069, 'distance_accuracy_value', 'NONE');
#578 = MANIFOLD_SOLID_BREP ( 'Wrap1', #1531 ) ;
#579 = FILL_AREA_STYLE ('',( #2288 ) ) ;
#580 = DIRECTION ( 'NONE',  ( -1.000000000000000000, 1.194078392304068460E-16, -1.910525427689896658E-17 ) ) ;
#581 = AXIS2_PLACEMENT_3D ( 'NONE', #696, #1789, #3390 ) ;
#582 = ADVANCED_FACE ( 'NONE', ( #1333 ), #3752, .T. ) ;
#583 = CARTESIAN_POINT ( 'NONE',  ( 2.248195554250405070, -2.652767683904005747, 1.065442786248147700 ) ) ;
#584 = ADVANCED_FACE ( 'NONE', ( #3722 ), #2716, .F. ) ;
#585 = AXIS2_PLACEMENT_3D ( 'NONE', #250, #4320, #1247 ) ;
#586 = VERTEX_POINT ( 'NONE', #621 ) ;
#587 =( REPRESENTATION_RELATIONSHIP ('NONE','NONE', #3409, #2894 ) REPRESENTATION_RELATIONSHIP_WITH_TRANSFORMATION ( #2506 )SHAPE_REPRESENTATION_RELATIONSHIP( ) );
#588 = ORIENTED_EDGE ( 'NONE', *, *, #756, .T. ) ;
#589 = CARTESIAN_POINT ( 'NONE',  ( -2.331507124169997169, 3.000000000000026201, 0.2500000000008321677 ) ) ;
#590 = CARTESIAN_POINT ( 'NONE',  ( -2.289426582600969429, -2.839426582600940385, 0.9622992381412120988 ) ) ;
#591 = FACE_OUTER_BOUND ( 'NONE', #2478, .T. ) ;
#592 = ORIENTED_EDGE ( 'NONE', *, *, #2380, .F. ) ;
#593 = ORIENTED_EDGE ( 'NONE', *, *, #446, .F. ) ;
#594 = CARTESIAN_POINT ( 'NONE',  ( 2.109999999999999876, -2.402500000000000302, 0.000000000000000000 ) ) ;
#595 = CARTESIAN_POINT ( 'NONE',  ( 2.015866802212000319, 0.1000000000000000194, 0.2500000000000000000 ) ) ;
#596 =( NAMED_UNIT ( * ) SI_UNIT ( $, .STERADIAN. ) SOLID_ANGLE_UNIT ( ) );
#597 = COLOUR_RGB ( '',1.000000000000000000, 1.000000000000000000, 1.000000000000000000 ) ;
#598 = MECHANICAL_DESIGN_GEOMETRIC_PRESENTATION_REPRESENTATION (  '', ( #963 ), #1748 ) ;
#599 = SURFACE_STYLE_USAGE ( .BOTH. , #3161 ) ;
#600 = FACE_OUTER_BOUND ( 'NONE', #4075, .T. ) ;
#601 =( NAMED_UNIT ( * ) SI_UNIT ( $, .STERADIAN. ) SOLID_ANGLE_UNIT ( ) );
#602 = EDGE_CURVE ( 'NONE', #1587, #288, #2736, .T. ) ;
#603 = PRESENTATION_LAYER_ASSIGNMENT (  '', '', ( #3638 ) ) ;
#604 = STYLED_ITEM ( 'NONE', ( #561 ), #3522 ) ;
#605 = UNCERTAINTY_MEASURE_WITH_UNIT (LENGTH_MEASURE( 1.000000000000000082E-05 ), #2917, 'distance_accuracy_value', 'NONE');
#606 = ORIENTED_EDGE ( 'NONE', *, *, #462, .F. ) ;
#607 = DIRECTION ( 'NONE',  ( -0.000000000000000000, -0.000000000000000000, -1.000000000000000000 ) ) ;
#608 = STYLED_ITEM ( 'NONE', ( #2072 ), #3147 ) ;
#609 = AXIS2_PLACEMENT_3D ( 'NONE', #866, #4239, #3203 ) ;
#610 = COLOUR_RGB ( '',1.000000000000000000, 1.000000000000000000, 1.000000000000000000 ) ;
#611 = CARTESIAN_POINT ( 'NONE',  ( -2.235839733637362770, -2.904250885283585326, 0.9538672635285321277 ) ) ;
#612 = DIRECTION ( 'NONE',  ( -1.000000000000000000, 3.410125194079000194E-16, 0.000000000000000000 ) ) ;
#613 = CARTESIAN_POINT ( 'NONE',  ( 2.289426582600969873, 2.839426582600941718, 0.9622992381412130980 ) ) ;
#614 = ORIENTED_EDGE ( 'NONE', *, *, #2294, .F. ) ;
#615 = ORIENTED_EDGE ( 'NONE', *, *, #1412, .F. ) ;
#616 = FILL_AREA_STYLE ('',( #914 ) ) ;
#617 = DIRECTION ( 'NONE',  ( 1.224646799147319927E-16, 1.000000000000000000, -3.795867174530299861E-29 ) ) ;
#618 = DIRECTION ( 'NONE',  ( -1.224646799146999945E-16, -1.000000000000000000, 0.000000000000000000 ) ) ;
#619 = VERTEX_POINT ( 'NONE', #589 ) ;
#620 = LINE ( 'NONE', #595, #286 ) ;
#621 = CARTESIAN_POINT ( 'NONE',  ( 2.015866802211999875, 0.09999999999999996392, 0.2500000000000000000 ) ) ;
#622 =( LENGTH_UNIT ( ) NAMED_UNIT ( * ) SI_UNIT ( .MILLI., .METRE. ) );
#623 = EDGE_CURVE ( 'NONE', #2324, #1365, #292, .T. ) ;
#624 = UNCERTAINTY_MEASURE_WITH_UNIT (LENGTH_MEASURE( 1.000000000000000082E-05 ), #2888, 'distance_accuracy_value', 'NONE');
#625 = CARTESIAN_POINT ( 'NONE',  ( -2.109999999999999876, 2.560000000000000053, -6.020420733278172538E-85 ) ) ;
#626 = LINE ( 'NONE', #1952, #1457 ) ;
#627 = PRODUCT_DEFINITION_SHAPE ( 'NONE', 'NONE',  #2032 ) ;
#628 = VERTEX_POINT ( 'NONE', #2641 ) ;
#629 = SURFACE_STYLE_FILL_AREA ( #2565 ) ;
#630 = LINE ( 'NONE', #1985, #3002 ) ;
#631 = LINE ( 'NONE', #4341, #1820 ) ;
#632 =( GEOMETRIC_REPRESENTATION_CONTEXT ( 3 ) GLOBAL_UNCERTAINTY_ASSIGNED_CONTEXT ( ( #1008 ) ) GLOBAL_UNIT_ASSIGNED_CONTEXT ( ( #4150, #3845, #197 ) ) REPRESENTATION_CONTEXT ( 'NONE', 'WORKASPACE' ) );
#633 = VERTEX_POINT ( 'NONE', #1994 ) ;
#634 = EDGE_CURVE ( 'NONE', #1834, #1264, #3514, .T. ) ;
#635 = ORIENTED_EDGE ( 'NONE', *, *, #1098, .F. ) ;
#636 = FILL_AREA_STYLE_COLOUR ( '', #1919 ) ;
#637 =( BOUNDED_CURVE ( )  B_SPLINE_CURVE ( 3, ( #4317, #2303, #3674, #3699 ),
 .UNSPECIFIED., .F., .F. ) 
 B_SPLINE_CURVE_WITH_KNOTS ( ( 4, 4 ),
 ( 6.252913921558314492, 6.313456692800849979 ),
 .UNSPECIFIED. ) 
 CURVE ( )  GEOMETRIC_REPRESENTATION_ITEM ( )  RATIONAL_B_SPLINE_CURVE ( ( 1.000000000000000000, 0.9996945710620815939, 0.9996945710620815939, 1.000000000000000000 ) ) 
 REPRESENTATION_ITEM ( '' )  );
#638 = SURFACE_STYLE_USAGE ( .BOTH. , #3677 ) ;
#639 = CARTESIAN_POINT ( 'NONE',  ( 2.015866802211999875, -1.020000000000000018, 0.000000000000000000 ) ) ;
#640 = CARTESIAN_POINT ( 'NONE',  ( 1.905000000000000027, -2.402500000000000302, 0.2500000000000000000 ) ) ;
#641 = DIRECTION ( 'NONE',  ( 3.146309990714999803E-16, -1.000000000000000000, 0.000000000000000000 ) ) ;
#642 = PLANE ( 'NONE',  #875 ) ;
#643 = PRESENTATION_STYLE_ASSIGNMENT (( #2670 ) ) ;
#644 = COLOUR_RGB ( '',1.000000000000000000, 1.000000000000000000, 1.000000000000000000 ) ;
#645 = CARTESIAN_POINT ( 'NONE',  ( -2.289426582600968541, -2.839426582600941718, 0.9622992381412122098 ) ) ;
#646 =( LENGTH_UNIT ( ) NAMED_UNIT ( * ) SI_UNIT ( .MILLI., .METRE. ) );
#647 = CARTESIAN_POINT ( 'NONE',  ( -2.227673706548999988, 2.777673706548999810, 0.8800000000000000044 ) ) ;
#648 = ORIENTED_EDGE ( 'NONE', *, *, #522, .F. ) ;
#649 = ORIENTED_EDGE ( 'NONE', *, *, #1942, .F. ) ;
#650 = ADVANCED_FACE ( 'NONE', ( #874 ), #2223, .T. ) ;
#651 = DIRECTION ( 'NONE',  ( 5.595603589010000068E-16, 1.000000000000000000, 0.000000000000000000 ) ) ;
#652 = CARTESIAN_POINT ( 'NONE',  ( -2.333753600224883762, -2.827890096630583994, 0.9050074054013892422 ) ) ;
#653 = AXIS2_PLACEMENT_3D ( 'NONE', #2356, #1334, #3723 ) ;
#654 = ADVANCED_FACE ( 'NONE', ( #537 ), #2204, .T. ) ;
#655 = CARTESIAN_POINT ( 'NONE',  ( 2.289426582600968985, -2.839426582600940829, 0.9622992381412120988 ) ) ;
#656 = DIRECTION ( 'NONE',  ( 1.000000000000000000, 0.000000000000000000, -0.000000000000000000 ) ) ;
#657 = DIRECTION ( 'NONE',  ( 0.9874406319166617596, -1.209266009224589818E-16, 0.1579905011069460130 ) ) ;
#658 = ORIENTED_EDGE ( 'NONE', *, *, #1412, .T. ) ;
#659 = ORIENTED_EDGE ( 'NONE', *, *, #4200, .F. ) ;
#660 = SURFACE_STYLE_USAGE ( .BOTH. , #4089 ) ;
#661 = PRESENTATION_STYLE_ASSIGNMENT (( #638 ) ) ;
#662 = SURFACE_SIDE_STYLE ('',( #3999 ) ) ;
#663 = FILL_AREA_STYLE ('',( #1338 ) ) ;
#664 = DIRECTION ( 'NONE',  ( 1.224646799146999945E-16, 1.000000000000000000, 0.000000000000000000 ) ) ;
#665 = PRODUCT_DEFINITION_SHAPE ( 'NONE', 'NONE',  #17 ) ;
#666 = UNCERTAINTY_MEASURE_WITH_UNIT (LENGTH_MEASURE( 1.000000000000000082E-05 ), #2904, 'distance_accuracy_value', 'NONE');
#667 = CARTESIAN_POINT ( 'NONE',  ( -2.109999999999999876, 0.000000000000000000, 0.2500000000000000000 ) ) ;
#668 = SURFACE_SIDE_STYLE ('',( #1312 ) ) ;
#669 = CARTESIAN_POINT ( 'NONE',  ( -1.977673706549000432, -2.277673706548999810, 1.000000000000000000 ) ) ;
#670 =( LENGTH_UNIT ( ) NAMED_UNIT ( * ) SI_UNIT ( .MILLI., .METRE. ) );
#671 = ORIENTED_EDGE ( 'NONE', *, *, #854, .F. ) ;
#672 = EDGE_LOOP ( 'NONE', ( #3590, #3238, #93, #2804 ) ) ;
#673 = AXIS2_PLACEMENT_3D ( 'NONE', #242, #1588, #2591 ) ;
#674 = ORIENTED_EDGE ( 'NONE', *, *, #3978, .F. ) ;
#675 = DIRECTION ( 'NONE',  ( 0.000000000000000000, 0.000000000000000000, 1.000000000000000000 ) ) ;
#676 = PLANE ( 'NONE',  #1113 ) ;
#677 = EDGE_CURVE ( 'NONE', #3145, #3371, #819, .T. ) ;
#678 = AXIS2_PLACEMENT_3D ( 'NONE', #647, #3006, #2363 ) ;
#679 = VECTOR ( 'NONE', #334, 1000.000000000000000 ) ;
#680 = CARTESIAN_POINT ( 'NONE',  ( 0.000000000000000000, 0.000000000000000000, 0.000000000000000000 ) ) ;
#681 = COLOUR_RGB ( '',1.000000000000000000, 1.000000000000000000, 1.000000000000000000 ) ;
#682 = MECHANICAL_DESIGN_GEOMETRIC_PRESENTATION_REPRESENTATION (  '', ( #897 ), #2732 ) ;
#683 = FILL_AREA_STYLE ('',( #2739 ) ) ;
#684 = FACE_OUTER_BOUND ( 'NONE', #3780, .T. ) ;
#685 = ORIENTED_EDGE ( 'NONE', *, *, #4249, .T. ) ;
#686 = ORIENTED_EDGE ( 'NONE', *, *, #3853, .T. ) ;
#687 =( GEOMETRIC_REPRESENTATION_CONTEXT ( 3 ) GLOBAL_UNCERTAINTY_ASSIGNED_CONTEXT ( ( #2329 ) ) GLOBAL_UNIT_ASSIGNED_CONTEXT ( ( #2161, #4175, #1647 ) ) REPRESENTATION_CONTEXT ( 'NONE', 'WORKASPACE' ) );
#688 = LINE ( 'NONE', #4112, #2071 ) ;
#689 = FILL_AREA_STYLE_COLOUR ( '', #833 ) ;
#690 = ADVANCED_FACE ( 'NONE', ( #4187 ), #1499, .F. ) ;
#691 = LINE ( 'NONE', #640, #2187 ) ;
#692 = DIRECTION ( 'NONE',  ( 0.5146073004330696810, -0.5146073004328419742, 0.6858269845100956053 ) ) ;
#693 = COLOUR_RGB ( '',1.000000000000000000, 1.000000000000000000, 1.000000000000000000 ) ;
#694 = CIRCLE ( 'NONE', #2737, 0.09999999999999982514 ) ;
#695 = UNCERTAINTY_MEASURE_WITH_UNIT (LENGTH_MEASURE( 1.000000000000000082E-05 ), #560, 'distance_accuracy_value', 'NONE');
#696 = CARTESIAN_POINT ( 'NONE',  ( -2.109999999999999876, 0.1000000000000000056, 0.2500000000000000000 ) ) ;
#697 = CARTESIAN_POINT ( 'NONE',  ( 2.115866802211999964, 0.1000000000000000056, 0.2500000000000000000 ) ) ;
#698 = AXIS2_PLACEMENT_3D ( 'NONE', #1115, #78, #3830 ) ;
#699 = PRESENTATION_LAYER_ASSIGNMENT (  '', '', ( #3456 ) ) ;
#700 = FACE_OUTER_BOUND ( 'NONE', #3791, .T. ) ;
#701 = LINE ( 'NONE', #3366, #4236 ) ;
#702 = CARTESIAN_POINT ( 'NONE',  ( 2.209999999999999964, 2.560000000000000053, 0.2500000000000000000 ) ) ;
#703 = ORIENTED_EDGE ( 'NONE', *, *, #1260, .T. ) ;
#704 = VERTEX_POINT ( 'NONE', #3538 ) ;
#705 = PRESENTATION_LAYER_ASSIGNMENT (  '', '', ( #149 ) ) ;
#706 = EDGE_LOOP ( 'NONE', ( #4184, #3865, #3457, #3428 ) ) ;
#707 = ORIENTED_EDGE ( 'NONE', *, *, #730, .T. ) ;
#708 = SURFACE_STYLE_USAGE ( .BOTH. , #2679 ) ;
#709 = FACE_OUTER_BOUND ( 'NONE', #536, .T. ) ;
#710 = UNCERTAINTY_MEASURE_WITH_UNIT (LENGTH_MEASURE( 1.000000000000000082E-05 ), #3745, 'distance_accuracy_value', 'NONE');
#711 = ADVANCED_FACE ( 'NONE', ( #2558 ), #2502, .F. ) ;
#712 = CARTESIAN_POINT ( 'NONE',  ( 2.227673706548999988, 2.777673706548999810, 1.000000000000000000 ) ) ;
#713 = CARTESIAN_POINT ( 'NONE',  ( 2.109999999999999876, -3.037499999999999645, 0.2500000000000000000 ) ) ;
#714 = EDGE_LOOP ( 'NONE', ( #4185, #3383, #2742, #2200 ) ) ;
#715 = FACE_OUTER_BOUND ( 'NONE', #2390, .T. ) ;
#716 = PRESENTATION_STYLE_ASSIGNMENT (( #2689 ) ) ;
#717 = CARTESIAN_POINT ( 'NONE',  ( 2.450000000000000178, 2.994863560060783580, 0.05000000000000005135 ) ) ;
#718 =( GEOMETRIC_REPRESENTATION_CONTEXT ( 3 ) GLOBAL_UNCERTAINTY_ASSIGNED_CONTEXT ( ( #41 ) ) GLOBAL_UNIT_ASSIGNED_CONTEXT ( ( #646, #1767, #92 ) ) REPRESENTATION_CONTEXT ( 'NONE', 'WORKASPACE' ) );
#719 = FILL_AREA_STYLE ('',( #1807 ) ) ;
#720 = ORIENTED_EDGE ( 'NONE', *, *, #224, .F. ) ;
#721 = EDGE_CURVE ( 'NONE', #3841, #3166, #2919, .T. ) ;
#722 = DIRECTION ( 'NONE',  ( 1.000000000000000000, -1.224646799146999945E-16, 0.000000000000000000 ) ) ;
#723 = DIRECTION ( 'NONE',  ( -0.000000000000000000, -0.000000000000000000, -1.000000000000000000 ) ) ;
#724 = ADVANCED_FACE ( 'NONE', ( #4263 ), #3320, .F. ) ;
#725 = FILL_AREA_STYLE ('',( #2042 ) ) ;
#726 = ORIENTED_EDGE ( 'NONE', *, *, #1508, .T. ) ;
#727 = STYLED_ITEM ( 'NONE', ( #2907 ), #2597 ) ;
#728 = ORIENTED_EDGE ( 'NONE', *, *, #1512, .T. ) ;
#729 = VERTEX_POINT ( 'NONE', #1697 ) ;
#730 = EDGE_CURVE ( 'NONE', #354, #4276, #2246, .T. ) ;
#731 =( LENGTH_UNIT ( ) NAMED_UNIT ( * ) SI_UNIT ( .MILLI., .METRE. ) );
#732 = DIRECTION ( 'NONE',  ( 0.9874406319167277069, 0.000000000000000000, 0.1579905011065324549 ) ) ;
#733 = SHAPE_DEFINITION_REPRESENTATION ( #187, #3817 ) ;
#734 = COLOUR_RGB ( '',1.000000000000000000, 1.000000000000000000, 1.000000000000000000 ) ;
#735 = DIRECTION ( 'NONE',  ( 0.000000000000000000, -0.000000000000000000, -1.000000000000000000 ) ) ;
#736 = CARTESIAN_POINT ( 'NONE',  ( 2.500000000000000000, -0.6500000000000000222, 0.000000000000000000 ) ) ;
#737 = ORIENTED_EDGE ( 'NONE', *, *, #1698, .T. ) ;
#738 = VECTOR ( 'NONE', #1763, 1000.000000000000000 ) ;
#739 = DIRECTION ( 'NONE',  ( 0.000000000000000000, 0.000000000000000000, -1.000000000000000000 ) ) ;
#740 = CARTESIAN_POINT ( 'NONE',  ( -2.109999999999999876, 3.037499999999999645, 0.2500000000000000000 ) ) ;
#741 = FILL_AREA_STYLE_COLOUR ( '', #842 ) ;
#742 =( LENGTH_UNIT ( ) NAMED_UNIT ( * ) SI_UNIT ( .MILLI., .METRE. ) );
#743 = EDGE_LOOP ( 'NONE', ( #465, #4099, #3781, #2018 ) ) ;
#744 =( NAMED_UNIT ( * ) PLANE_ANGLE_UNIT ( ) SI_UNIT ( $, .RADIAN. ) );
#745 =( REPRESENTATION_RELATIONSHIP ('NONE','NONE', #3409, #1138 ) REPRESENTATION_RELATIONSHIP_WITH_TRANSFORMATION ( #201 )SHAPE_REPRESENTATION_RELATIONSHIP( ) );
#746 = DIRECTION ( 'NONE',  ( 0.000000000000000000, -0.000000000000000000, -1.000000000000000000 ) ) ;
#747 = PLANE ( 'NONE',  #1605 ) ;
#748 = PRESENTATION_STYLE_ASSIGNMENT (( #3776 ) ) ;
#749 = DIRECTION ( 'NONE',  ( -1.000000000000000000, 1.224646799146999945E-16, 0.000000000000000000 ) ) ;
#750 = DIRECTION ( 'NONE',  ( -1.224646799146999945E-16, -1.000000000000000000, 0.000000000000000000 ) ) ;
#751 = ORIENTED_EDGE ( 'NONE', *, *, #175, .T. ) ;
#752 = ORIENTED_EDGE ( 'NONE', *, *, #3035, .F. ) ;
#753 = VERTEX_POINT ( 'NONE', #625 ) ;
#754 = PRESENTATION_STYLE_ASSIGNMENT (( #3801 ) ) ;
#755 = AXIS2_PLACEMENT_3D ( 'NONE', #3294, #1230, #2559 ) ;
#756 = EDGE_CURVE ( 'NONE', #991, #633, #1251, .T. ) ;
#757 =( NAMED_UNIT ( * ) SI_UNIT ( $, .STERADIAN. ) SOLID_ANGLE_UNIT ( ) );
#758 = DIRECTION ( 'NONE',  ( 1.000000000000000000, -5.595603589010000068E-16, 0.000000000000000000 ) ) ;
#759 = CARTESIAN_POINT ( 'NONE',  ( -2.446628592588153239, 2.998341262333482860, 0.05000000000000001665 ) ) ;
#760 = MECHANICAL_DESIGN_GEOMETRIC_PRESENTATION_REPRESENTATION (  '', ( #3354 ), #1677 ) ;
#761 = FILL_AREA_STYLE_COLOUR ( '', #2580 ) ;
#762 = ORIENTED_EDGE ( 'NONE', *, *, #3436, .T. ) ;
#763 = CIRCLE ( 'NONE', #1279, 0.1199999999999998845 ) ;
#764 = DIRECTION ( 'NONE',  ( 0.000000000000000000, 0.000000000000000000, 1.000000000000000000 ) ) ;
#765 = VECTOR ( 'NONE', #3608, 1000.000000000000000 ) ;
#766 = FILL_AREA_STYLE ('',( #166 ) ) ;
#767 = CARTESIAN_POINT ( 'NONE',  ( -2.209999999999999964, -0.9200000000000000400, 0.000000000000000000 ) ) ;
#768 = EDGE_LOOP ( 'NONE', ( #2274, #2464, #2934, #3570 ) ) ;
#769 = DIRECTION ( 'NONE',  ( -1.224646799146999945E-16, -1.000000000000000000, 0.000000000000000000 ) ) ;
#770 = VECTOR ( 'NONE', #82, 1000.000000000000000 ) ;
#771 = FILL_AREA_STYLE ('',( #1380 ) ) ;
#772 = CARTESIAN_POINT ( 'NONE',  ( -2.109999999999999876, 2.100000000000000089, 0.2500000000000000000 ) ) ;
#773 = ADVANCED_FACE ( 'NONE', ( #295 ), #2581, .T. ) ;
#774 = MECHANICAL_DESIGN_GEOMETRIC_PRESENTATION_REPRESENTATION (  '', ( #2098 ), #3162 ) ;
#775 = SURFACE_STYLE_FILL_AREA ( #3796 ) ;
#776 = ORIENTED_EDGE ( 'NONE', *, *, #2842, .F. ) ;
#777 = STYLED_ITEM ( 'NONE', ( #363 ), #552 ) ;
#778 = ORIENTED_EDGE ( 'NONE', *, *, #3725, .T. ) ;
#779 = VERTEX_POINT ( 'NONE', #1269 ) ;
#780 = SURFACE_STYLE_FILL_AREA ( #1065 ) ;
#781 = AXIS2_PLACEMENT_3D ( 'NONE', #1192, #121, #839 ) ;
#782 = LINE ( 'NONE', #1706, #2877 ) ;
#783 = SURFACE_STYLE_USAGE ( .BOTH. , #1112 ) ;
#784 = VECTOR ( 'NONE', #3614, 1000.000000000000000 ) ;
#785 = APPLICATION_PROTOCOL_DEFINITION ( 'draft international standard', 'automotive_design', 1998, #2802 ) ;
#786 = LINE ( 'NONE', #3041, #1197 ) ;
#787 = LINE ( 'NONE', #4061, #142 ) ;
#788 = ORIENTED_EDGE ( 'NONE', *, *, #1927, .T. ) ;
#789 =( LENGTH_UNIT ( ) NAMED_UNIT ( * ) SI_UNIT ( .MILLI., .METRE. ) );
#790 = FACE_OUTER_BOUND ( 'NONE', #2384, .T. ) ;
#791 = DIRECTION ( 'NONE',  ( 0.000000000000000000, -7.992805392577500665E-34, 1.000000000000000000 ) ) ;
#792 = ORIENTED_EDGE ( 'NONE', *, *, #677, .F. ) ;
#793 =( NAMED_UNIT ( * ) SI_UNIT ( $, .STERADIAN. ) SOLID_ANGLE_UNIT ( ) );
#794 = EDGE_CURVE ( 'NONE', #1633, #1037, #984, .T. ) ;
#795 = CARTESIAN_POINT ( 'NONE',  ( 2.444863560060784646, 3.000000000000000000, 0.05000000000000007910 ) ) ;
#796 = DIRECTION ( 'NONE',  ( -0.000000000000000000, -1.000000000000000000, -0.000000000000000000 ) ) ;
#797 = AXIS2_PLACEMENT_3D ( 'NONE', #998, #2320, #656 ) ;
#798 = ORIENTED_EDGE ( 'NONE', *, *, #526, .F. ) ;
#799 = COLOUR_RGB ( '',1.000000000000000000, 1.000000000000000000, 1.000000000000000000 ) ;
#800 = ORIENTED_EDGE ( 'NONE', *, *, #1080, .F. ) ;
#801 = EDGE_LOOP ( 'NONE', ( #703, #58, #1303, #158 ) ) ;
#802 =( NAMED_UNIT ( * ) SI_UNIT ( $, .STERADIAN. ) SOLID_ANGLE_UNIT ( ) );
#803 = PLANE ( 'NONE',  #1785 ) ;
#804 = SURFACE_STYLE_FILL_AREA ( #1872 ) ;
#805 = ADVANCED_FACE ( 'NONE', ( #1653 ), #938, .T. ) ;
#806 = CARTESIAN_POINT ( 'NONE',  ( -2.109999999999999876, -3.037499999999999645, 0.000000000000000000 ) ) ;
#807 = VECTOR ( 'NONE', #1450, 1000.000000000000000 ) ;
#808 =( NAMED_UNIT ( * ) PLANE_ANGLE_UNIT ( ) SI_UNIT ( $, .RADIAN. ) );
#809 = AXIS2_PLACEMENT_3D ( 'NONE', #2080, #3026, #722 ) ;
#810 = EDGE_CURVE ( 'NONE', #3059, #1587, #2776, .T. ) ;
#811 = DIRECTION ( 'NONE',  ( 0.000000000000000000, -1.000000000000000000, 0.000000000000000000 ) ) ;
#812 = VERTEX_POINT ( 'NONE', #3774 ) ;
#813 = STYLED_ITEM ( 'NONE', ( #1417 ), #1210 ) ;
#814 = CARTESIAN_POINT ( 'NONE',  ( -1.905000000000000027, -2.402500000000000302, 0.2500000000000000000 ) ) ;
#815 = DIRECTION ( 'NONE',  ( 0.000000000000000000, -1.000000000000000000, 0.000000000000000000 ) ) ;
#816 = EDGE_LOOP ( 'NONE', ( #720, #2995, #4168, #1209 ) ) ;
#817 = VERTEX_POINT ( 'NONE', #2129 ) ;
#818 = ORIENTED_EDGE ( 'NONE', *, *, #1295, .T. ) ;
#819 = LINE ( 'NONE', #3252, #1799 ) ;
#820 = CARTESIAN_POINT ( 'NONE',  ( -2.500000000000000000, -0.6500000000000000222, 0.2500000000000000000 ) ) ;
#821 =( BOUNDED_SURFACE ( )  B_SPLINE_SURFACE ( 3, 3, ( 
 ( #2029, #1667, #3351, #613 ),
 ( #1263, #3333, #3381, #353 ),
 ( #2973, #4036, #2594, #4294 ),
 ( #267, #3309, #330, #285 ) ),
 .UNSPECIFIED., .F., .F., .T. ) 
 B_SPLINE_SURFACE_WITH_KNOTS ( ( 4, 4 ),
 ( 4, 4 ),
 ( 0.000000000000000000, 1.000000000000000000 ),
 ( 0.000000000000000000, 1.000000000000000000 ),
 .UNSPECIFIED. ) 
 GEOMETRIC_REPRESENTATION_ITEM ( )  RATIONAL_B_SPLINE_SURFACE ( (
 ( 1.000000000000000000, 0.3333333333333332038, 0.3333333333333332038, 1.000000000000000000),
 ( 0.9318883965758966159, 0.3106294655252987424, 0.3106294655252987424, 0.9318883965758966159),
 ( 0.9318883965758966159, 0.3106294655252987424, 0.3106294655252987424, 0.9318883965758966159),
 ( 1.000000000000000000, 0.3333333333333332038, 0.3333333333333332038, 1.000000000000000000) ) ) 
 REPRESENTATION_ITEM ( '' )  SURFACE ( )  );
#822 = PRESENTATION_LAYER_ASSIGNMENT (  '', '', ( #1174 ) ) ;
#823 = PRODUCT_CONTEXT ( 'NONE', #2926, 'mechanical' ) ;
#824 = EDGE_CURVE ( 'NONE', #704, #3468, #1924, .T. ) ;
#825 = SURFACE_SIDE_STYLE ('',( #4215 ) ) ;
#826 = PRESENTATION_STYLE_ASSIGNMENT (( #599 ) ) ;
#827 = STYLED_ITEM ( 'NONE', ( #3040 ), #3170 ) ;
#828 =( NAMED_UNIT ( * ) SI_UNIT ( $, .STERADIAN. ) SOLID_ANGLE_UNIT ( ) );
#829 = CIRCLE ( 'NONE', #673, 0.09999999999999982514 ) ;
#830 = DIRECTION ( 'NONE',  ( 1.836676017325179954E-48, 1.000000000000000000, 1.499759782660990007E-32 ) ) ;
#831 = LINE ( 'NONE', #208, #1149 ) ;
#832 =( NAMED_UNIT ( * ) PLANE_ANGLE_UNIT ( ) SI_UNIT ( $, .RADIAN. ) );
#833 = COLOUR_RGB ( '',1.000000000000000000, 1.000000000000000000, 1.000000000000000000 ) ;
#834 = CARTESIAN_POINT ( 'NONE',  ( -1.699999999999999956, -3.037499999999999645, 0.000000000000000000 ) ) ;
#835 = STYLED_ITEM ( 'NONE', ( #2593 ), #3051 ) ;
#836 = ORIENTED_EDGE ( 'NONE', *, *, #2183, .T. ) ;
#837 = ORIENTED_EDGE ( 'NONE', *, *, #4231, .T. ) ;
#838 = VERTEX_POINT ( 'NONE', #1079 ) ;
#839 = DIRECTION ( 'NONE',  ( 1.000000000000000000, 0.000000000000000000, -0.000000000000000000 ) ) ;
#840 = DIRECTION ( 'NONE',  ( -1.224646799146999945E-16, -1.000000000000000000, 0.000000000000000000 ) ) ;
#841 = VECTOR ( 'NONE', #3555, 1000.000000000000000 ) ;
#842 = COLOUR_RGB ( '',1.000000000000000000, 1.000000000000000000, 1.000000000000000000 ) ;
#843 =( GEOMETRIC_REPRESENTATION_CONTEXT ( 3 ) GLOBAL_UNCERTAINTY_ASSIGNED_CONTEXT ( ( #4024 ) ) GLOBAL_UNIT_ASSIGNED_CONTEXT ( ( #283, #2970, #2631 ) ) REPRESENTATION_CONTEXT ( 'NONE', 'WORKASPACE' ) );
#844 = VECTOR ( 'NONE', #4156, 1000.000000000000000 ) ;
#845 = PRESENTATION_STYLE_ASSIGNMENT (( #3875 ) ) ;
#846 = EDGE_CURVE ( 'NONE', #22, #2402, #3052, .T. ) ;
#847 = PRESENTATION_STYLE_ASSIGNMENT (( #2254 ) ) ;
#848 = CARTESIAN_POINT ( 'NONE',  ( -2.010000000000000675, 0.1000000000000000472, 0.2500000000000000000 ) ) ;
#849 = FILL_AREA_STYLE_COLOUR ( '', #995 ) ;
#850 = FACE_OUTER_BOUND ( 'NONE', #3137, .T. ) ;
#851 = VERTEX_POINT ( 'NONE', #1358 ) ;
#852 = CARTESIAN_POINT ( 'NONE',  ( 0.8400000000000000799, -2.402500000000000302, 6.870052381153763145E-154 ) ) ;
#853 = DIRECTION ( 'NONE',  ( -0.000000000000000000, 1.000000000000000000, 0.000000000000000000 ) ) ;
#854 = EDGE_CURVE ( 'NONE', #1130, #74, #4140, .T. ) ;
#855 = VERTEX_POINT ( 'NONE', #2412 ) ;
#856 = CARTESIAN_POINT ( 'NONE',  ( 0.6350000000000000089, -2.720000000000000195, 0.000000000000000000 ) ) ;
#857 = EDGE_CURVE ( 'NONE', #1852, #3173, #2434, .T. ) ;
#858 = FILL_AREA_STYLE ('',( #4209 ) ) ;
#859 = LINE ( 'NONE', #4234, #411 ) ;
#860 = AXIS2_PLACEMENT_3D ( 'NONE', #1520, #548, #3565 ) ;
#861 = ORIENTED_EDGE ( 'NONE', *, *, #3610, .T. ) ;
#862 =( NAMED_UNIT ( * ) PLANE_ANGLE_UNIT ( ) SI_UNIT ( $, .RADIAN. ) );
#863 = LINE ( 'NONE', #1918, #3009 ) ;
#864 = VECTOR ( 'NONE', #890, 1000.000000000000000 ) ;
#865 = SURFACE_STYLE_USAGE ( .BOTH. , #1509 ) ;
#866 = CARTESIAN_POINT ( 'NONE',  ( -2.227673706548999988, -2.777673706548999810, 0.8800000000000000044 ) ) ;
#867 = CARTESIAN_POINT ( 'NONE',  ( -2.289426582600968985, 2.839426582600940829, 0.9622992381412123208 ) ) ;
#868 = CARTESIAN_POINT ( 'NONE',  ( -2.450000000000026823, -2.881507124169998324, 0.2500000000009352519 ) ) ;
#869 = ORIENTED_EDGE ( 'NONE', *, *, #366, .T. ) ;
#870 = AXIS2_PLACEMENT_3D ( 'NONE', #1837, #3176, #3901 ) ;
#871 = PRESENTATION_STYLE_ASSIGNMENT (( #2221 ) ) ;
#872 = MECHANICAL_DESIGN_GEOMETRIC_PRESENTATION_REPRESENTATION (  '', ( #304 ), #3139 ) ;
#873 = ORIENTED_EDGE ( 'NONE', *, *, #54, .F. ) ;
#874 = FACE_OUTER_BOUND ( 'NONE', #2318, .T. ) ;
#875 = AXIS2_PLACEMENT_3D ( 'NONE', #3340, #1378, #3078 ) ;
#876 = SURFACE_STYLE_USAGE ( .BOTH. , #1582 ) ;
#877 = DIRECTION ( 'NONE',  ( 0.9874406319167277069, 0.000000000000000000, -0.1579905011065324549 ) ) ;
#878 = EDGE_CURVE ( 'NONE', #1923, #3136, #3793, .T. ) ;
#879 = EDGE_LOOP ( 'NONE', ( #836, #1327, #1301, #4050, #1893, #913 ) ) ;
#880 = CARTESIAN_POINT ( 'NONE',  ( 2.015866802211999875, 2.720000000000000195, 0.2500000000000000000 ) ) ;
#881 = VERTEX_POINT ( 'NONE', #412 ) ;
#882 = DIRECTION ( 'NONE',  ( 0.000000000000000000, 0.000000000000000000, 1.000000000000000000 ) ) ;
#883 = COLOUR_RGB ( '',1.000000000000000000, 1.000000000000000000, 1.000000000000000000 ) ;
#884 = LINE ( 'NONE', #4196, #1561 ) ;
#885 = CARTESIAN_POINT ( 'NONE',  ( 1.699999999999999956, -3.037499999999999645, 0.000000000000000000 ) ) ;
#886 = PRODUCT ( 'Open CASCADE STEP translator 6.8 2', 'Open CASCADE STEP translator 6.8 2', '', ( #397 ) ) ;
#887 = DIRECTION ( 'NONE',  ( 1.000000000000000000, -1.224646799146999945E-16, 0.000000000000000000 ) ) ;
#888 = ORIENTED_EDGE ( 'NONE', *, *, #1887, .F. ) ;
#889 = MECHANICAL_DESIGN_GEOMETRIC_PRESENTATION_REPRESENTATION (  '', ( #3861 ), #2852 ) ;
#890 = DIRECTION ( 'NONE',  ( 3.146309990714999803E-16, -1.000000000000000000, 0.000000000000000000 ) ) ;
#891 = SURFACE_SIDE_STYLE ('',( #2201 ) ) ;
#892 =( LENGTH_UNIT ( ) NAMED_UNIT ( * ) SI_UNIT ( .MILLI., .METRE. ) );
#893 = VECTOR ( 'NONE', #498, 1000.000000000000000 ) ;
#894 = ADVANCED_FACE ( 'NONE', ( #2720 ), #3724, .F. ) ;
#895 =( NAMED_UNIT ( * ) SI_UNIT ( $, .STERADIAN. ) SOLID_ANGLE_UNIT ( ) );
#896 = AXIS2_PLACEMENT_3D ( 'NONE', #1139, #3889, #1177 ) ;
#897 = STYLED_ITEM ( 'NONE', ( #2332 ), #2088 ) ;
#898 =( LENGTH_UNIT ( ) NAMED_UNIT ( * ) SI_UNIT ( .MILLI., .METRE. ) );
#899 = CARTESIAN_POINT ( 'NONE',  ( 2.319662917083431974, -2.839426582600954152, 0.9396115358278744889 ) ) ;
#900 = FILL_AREA_STYLE ('',( #1958 ) ) ;
#901 = VECTOR ( 'NONE', #3810, 1000.000000000000000 ) ;
#902 = ORIENTED_EDGE ( 'NONE', *, *, #1055, .F. ) ;
#903 = PRESENTATION_LAYER_ASSIGNMENT (  '', '', ( #2098 ) ) ;
#904 = CARTESIAN_POINT ( 'NONE',  ( -2.338244197728655216, 2.830860696598524129, 0.9078258572008350846 ) ) ;
#905 = FILL_AREA_STYLE ('',( #225 ) ) ;
#906 = LINE ( 'NONE', #2951, #2876 ) ;
#907 = EDGE_CURVE ( 'NONE', #63, #2465, #385, .T. ) ;
#908 = COLOUR_RGB ( '',1.000000000000000000, 1.000000000000000000, 1.000000000000000000 ) ;
#909 = DIRECTION ( 'NONE',  ( -1.000000000000000000, 1.224646799146999945E-16, -0.000000000000000000 ) ) ;
#910 = CARTESIAN_POINT ( 'NONE',  ( -2.248195554250087991, 2.652767683903124674, 1.065442786248347984 ) ) ;
#911 =( LENGTH_UNIT ( ) NAMED_UNIT ( * ) SI_UNIT ( .MILLI., .METRE. ) );
#912 = VECTOR ( 'NONE', #2053, 1000.000000000000000 ) ;
#913 = ORIENTED_EDGE ( 'NONE', *, *, #2676, .F. ) ;
#914 = FILL_AREA_STYLE_COLOUR ( '', #3129 ) ;
#915 = CARTESIAN_POINT ( 'NONE',  ( 2.109999999999999876, 2.099913933060999938, 0.2500000000000000000 ) ) ;
#916 = ADVANCED_FACE ( 'NONE', ( #4069 ), #3750, .T. ) ;
#917 = DIRECTION ( 'NONE',  ( 0.000000000000000000, -1.499759782660990007E-32, 1.000000000000000000 ) ) ;
#918 = CARTESIAN_POINT ( 'NONE',  ( 2.331507124169997169, -3.000000000000026201, 0.2500000000008303358 ) ) ;
#919 = CARTESIAN_POINT ( 'NONE',  ( 2.109999999999999876, -0.09991393306071999492, 0.2500000000000000000 ) ) ;
#920 = FILL_AREA_STYLE_COLOUR ( '', #3395 ) ;
#921 = PRESENTATION_STYLE_ASSIGNMENT (( #1980 ) ) ;
#922 =( GEOMETRIC_REPRESENTATION_CONTEXT ( 3 ) GLOBAL_UNCERTAINTY_ASSIGNED_CONTEXT ( ( #1716 ) ) GLOBAL_UNIT_ASSIGNED_CONTEXT ( ( #4189, #2543, #4332 ) ) REPRESENTATION_CONTEXT ( 'NONE', 'WORKASPACE' ) );
#923 = ORIENTED_EDGE ( 'NONE', *, *, #4262, .F. ) ;
#924 =( LENGTH_UNIT ( ) NAMED_UNIT ( * ) SI_UNIT ( .MILLI., .METRE. ) );
#925 = ORIENTED_EDGE ( 'NONE', *, *, #3594, .T. ) ;
#926 = DIRECTION ( 'NONE',  ( -1.000000000000000000, -1.704927877041489922E-46, -5.242156953451036307E-77 ) ) ;
#927 = PRODUCT_DEFINITION ( 'UNKNOWN', '', #3881, #3685 ) ;
#928 = UNCERTAINTY_MEASURE_WITH_UNIT (LENGTH_MEASURE( 1.000000000000000082E-05 ), #4306, 'distance_accuracy_value', 'NONE');
#929 = CARTESIAN_POINT ( 'NONE',  ( 2.115866802211999964, 0.1000000000000000056, 0.2500000000000000000 ) ) ;
#930 = CARTESIAN_POINT ( 'NONE',  ( -0.6350000000000000089, -3.037499999999999645, 0.2500000000000000000 ) ) ;
#931 = FILL_AREA_STYLE_COLOUR ( '', #2374 ) ;
#932 = VERTEX_POINT ( 'NONE', #1738 ) ;
#933 = VERTEX_POINT ( 'NONE', #2459 ) ;
#934 = PRESENTATION_STYLE_ASSIGNMENT (( #3650 ) ) ;
#935 = FILL_AREA_STYLE ('',( #3289 ) ) ;
#936 = FILL_AREA_STYLE ('',( #3314 ) ) ;
#937 = UNCERTAINTY_MEASURE_WITH_UNIT (LENGTH_MEASURE( 1.000000000000000082E-05 ), #2250, 'distance_accuracy_value', 'NONE');
#938 = PLANE ( 'NONE',  #809 ) ;
#939 = LINE ( 'NONE', #2291, #210 ) ;
#940 = LINE ( 'NONE', #2986, #94 ) ;
#941 =( NAMED_UNIT ( * ) SI_UNIT ( $, .STERADIAN. ) SOLID_ANGLE_UNIT ( ) );
#942 = VECTOR ( 'NONE', #3286, 1000.000000000000000 ) ;
#943 = ORIENTED_EDGE ( 'NONE', *, *, #423, .T. ) ;
#944 = SURFACE_SIDE_STYLE ('',( #629 ) ) ;
#945 = ORIENTED_EDGE ( 'NONE', *, *, #4299, .F. ) ;
#946 = EDGE_CURVE ( 'NONE', #2438, #2231, #2106, .T. ) ;
#947 = PRODUCT ( 'FDMS86181', 'FDMS86181', '', ( #2811 ) ) ;
#948 = PRESENTATION_STYLE_ASSIGNMENT (( #2300 ) ) ;
#949 = CARTESIAN_POINT ( 'NONE',  ( 2.130974134726302704, -2.978190782665695924, 0.9092195601021171303 ) ) ;
#950 = PRESENTATION_STYLE_ASSIGNMENT (( #266 ) ) ;
#951 = EDGE_LOOP ( 'NONE', ( #83, #2988, #1215, #3730, #3942, #2418 ) ) ;
#952 = VERTEX_POINT ( 'NONE', #795 ) ;
#953 = CARTESIAN_POINT ( 'NONE',  ( 2.206143175940722845, 2.874636051771014333, 1.033524676433740686 ) ) ;
#954 =( BOUNDED_CURVE ( )  B_SPLINE_CURVE ( 3, ( #3105, #88, #1220, #3878 ),
 .UNSPECIFIED., .F., .T. ) 
 B_SPLINE_CURVE_WITH_KNOTS ( ( 4, 4 ),
 ( 3.111321267968115478, 3.171864039211468089 ),
 .UNSPECIFIED. ) 
 CURVE ( )  GEOMETRIC_REPRESENTATION_ITEM ( )  RATIONAL_B_SPLINE_CURVE ( ( 1.000000000000000000, 0.9996945710620732672, 0.9996945710620732672, 1.000000000000000000 ) ) 
 REPRESENTATION_ITEM ( '' )  );
#955 = CARTESIAN_POINT ( 'NONE',  ( 1.905000000000000027, -3.037499999999999645, 0.2500000000000000000 ) ) ;
#956 = MECHANICAL_DESIGN_GEOMETRIC_PRESENTATION_REPRESENTATION (  '', ( #1589 ), #2534 ) ;
#957 = DIRECTION ( 'NONE',  ( -0.9874406319167277069, 0.000000000000000000, 0.1579905011065324549 ) ) ;
#958 = DIRECTION ( 'NONE',  ( -1.000000000000000000, -0.000000000000000000, 0.000000000000000000 ) ) ;
#959 = FILL_AREA_STYLE ('',( #3000 ) ) ;
#960 = MECHANICAL_DESIGN_GEOMETRIC_PRESENTATION_REPRESENTATION (  '', ( #3713 ), #3278 ) ;
#961 = CARTESIAN_POINT ( 'NONE',  ( -2.109999999999999876, -2.402500000000000302, 0.000000000000000000 ) ) ;
#962 = DIRECTION ( 'NONE',  ( 1.000000000000000000, -4.270727872040000210E-17, 0.000000000000000000 ) ) ;
#963 = STYLED_ITEM ( 'NONE', ( #1313 ), #3490 ) ;
#964 = CARTESIAN_POINT ( 'NONE',  ( -2.109999999999999876, -0.1000000000000000056, 0.2500000000000000000 ) ) ;
#965 = CARTESIAN_POINT ( 'NONE',  ( 0.8400000000000000799, 3.037499999999999645, 0.000000000000000000 ) ) ;
#966 = STYLED_ITEM ( 'NONE', ( #921 ), #3499 ) ;
#967 = VERTEX_POINT ( 'NONE', #1475 ) ;
#968 = PLANE ( 'NONE',  #2503 ) ;
#969 = VECTOR ( 'NONE', #1300, 1000.000000000000000 ) ;
#970 = VECTOR ( 'NONE', #3224, 1000.000000000000000 ) ;
#971 = CARTESIAN_POINT ( 'NONE',  ( 2.115866802211999964, -0.7500000000000000000, 0.2500000000000000000 ) ) ;
#972 = AXIS2_PLACEMENT_3D ( 'NONE', #402, #3786, #3426 ) ;
#973 = CARTESIAN_POINT ( 'NONE',  ( 2.289426582600968985, 2.839426582600940385, 0.9622992381412115437 ) ) ;
#974 = CARTESIAN_POINT ( 'NONE',  ( -2.450000000000000178, -2.994863560060783580, 0.05000000000000005135 ) ) ;
#975 = VERTEX_POINT ( 'NONE', #3206 ) ;
#976 = ORIENTED_EDGE ( 'NONE', *, *, #2415, .T. ) ;
#977 = SURFACE_STYLE_USAGE ( .BOTH. , #232 ) ;
#978 = CARTESIAN_POINT ( 'NONE',  ( 0.4299999999999999933, 3.037499999999999645, 0.000000000000000000 ) ) ;
#979 = PRESENTATION_LAYER_ASSIGNMENT (  '', '', ( #3013 ) ) ;
#980 = DIRECTION ( 'NONE',  ( 0.000000000000000000, 1.000000000000000000, 0.000000000000000000 ) ) ;
#981 = CARTESIAN_POINT ( 'NONE',  ( -2.449999999999999289, 2.951877752805994515, 0.1801601991004319614 ) ) ;
#982 = EDGE_CURVE ( 'NONE', #3396, #302, #2519, .T. ) ;
#983 = UNCERTAINTY_MEASURE_WITH_UNIT (LENGTH_MEASURE( 1.000000000000000082E-05 ), #892, 'distance_accuracy_value', 'NONE');
#984 =( BOUNDED_CURVE ( )  B_SPLINE_CURVE ( 3, ( #2605, #2963, #1928, #255 ),
 .UNSPECIFIED., .F., .T. ) 
 B_SPLINE_CURVE_WITH_KNOTS ( ( 4, 4 ),
 ( 2.373984080231323013, 3.116629062426381935 ),
 .UNSPECIFIED. ) 
 CURVE ( )  GEOMETRIC_REPRESENTATION_ITEM ( )  RATIONAL_B_SPLINE_CURVE ( ( 1.000000000000000000, 0.9545655314959022864, 0.9545655314959022864, 1.000000000000000000 ) ) 
 REPRESENTATION_ITEM ( '' )  );
#985 =( NAMED_UNIT ( * ) PLANE_ANGLE_UNIT ( ) SI_UNIT ( $, .RADIAN. ) );
#986 = EDGE_CURVE ( 'NONE', #1372, #3636, #1848, .T. ) ;
#987 = UNCERTAINTY_MEASURE_WITH_UNIT (LENGTH_MEASURE( 1.000000000000000082E-05 ), #4105, 'distance_accuracy_value', 'NONE');
#988 = PRODUCT_RELATED_PRODUCT_CATEGORY ( 'part', '', ( #4014 ) ) ;
#989 = DIRECTION ( 'NONE',  ( -3.410125194079000194E-16, -1.000000000000000000, 0.000000000000000000 ) ) ;
#990 =( NAMED_UNIT ( * ) PLANE_ANGLE_UNIT ( ) SI_UNIT ( $, .RADIAN. ) );
#991 = VERTEX_POINT ( 'NONE', #1166 ) ;
#992 = ADVANCED_FACE ( 'NONE', ( #3229 ), #2497, .T. ) ;
#993 = ORIENTED_EDGE ( 'NONE', *, *, #3952, .F. ) ;
#994 = FILL_AREA_STYLE_COLOUR ( '', #597 ) ;
#995 = COLOUR_RGB ( '',1.000000000000000000, 1.000000000000000000, 1.000000000000000000 ) ;
#996 =( NAMED_UNIT ( * ) PLANE_ANGLE_UNIT ( ) SI_UNIT ( $, .RADIAN. ) );
#997 = CYLINDRICAL_SURFACE ( 'NONE', #3089, 0.09999999999999982514 ) ;
#998 = CARTESIAN_POINT ( 'NONE',  ( -1.905000000000000027, -2.720000000000000195, 0.2500000000000000000 ) ) ;
#999 =( GEOMETRIC_REPRESENTATION_CONTEXT ( 3 ) GLOBAL_UNCERTAINTY_ASSIGNED_CONTEXT ( ( #3263 ) ) GLOBAL_UNIT_ASSIGNED_CONTEXT ( ( #1376, #2769, #1734 ) ) REPRESENTATION_CONTEXT ( 'NONE', 'WORKASPACE' ) );
#1000 = ORIENTED_EDGE ( 'NONE', *, *, #356, .F. ) ;
#1001 = EDGE_LOOP ( 'NONE', ( #2757, #2031, #4012, #2370 ) ) ;
#1002 = CARTESIAN_POINT ( 'NONE',  ( 2.227673706548999988, 2.777673706548999810, 0.8800000000000000044 ) ) ;
#1003 =( LENGTH_UNIT ( ) NAMED_UNIT ( * ) SI_UNIT ( .MILLI., .METRE. ) );
#1004 = DIRECTION ( 'NONE',  ( -1.224646799147319927E-16, -1.000000000000000000, -3.795867174530299861E-29 ) ) ;
#1005 = CARTESIAN_POINT ( 'NONE',  ( -2.109999999999999876, 2.402500000000000302, 0.000000000000000000 ) ) ;
#1006 =( NAMED_UNIT ( * ) PLANE_ANGLE_UNIT ( ) SI_UNIT ( $, .RADIAN. ) );
#1007 = CARTESIAN_POINT ( 'NONE',  ( 2.310000000000000053, -0.3500000000000000333, 0.2500000000000000000 ) ) ;
#1008 = UNCERTAINTY_MEASURE_WITH_UNIT (LENGTH_MEASURE( 1.000000000000000082E-05 ), #4150, 'distance_accuracy_value', 'NONE');
#1009 = SURFACE_STYLE_USAGE ( .BOTH. , #2646 ) ;
#1010 = LINE ( 'NONE', #2359, #4068 ) ;
#1011 = MECHANICAL_DESIGN_GEOMETRIC_PRESENTATION_REPRESENTATION (  '', ( #2136 ), #450 ) ;
#1012 = CARTESIAN_POINT ( 'NONE',  ( -2.343013431564500149, -2.774602279918389591, 0.9707312127538801905 ) ) ;
#1013 = PLANE ( 'NONE',  #3584 ) ;
#1014 = PRESENTATION_STYLE_ASSIGNMENT (( #1083 ) ) ;
#1015 = VERTEX_POINT ( 'NONE', #1493 ) ;
#1016 = PRESENTATION_LAYER_ASSIGNMENT (  '', '', ( #106 ) ) ;
#1017 = VERTEX_POINT ( 'NONE', #1553 ) ;
#1018 =( LENGTH_UNIT ( ) NAMED_UNIT ( * ) SI_UNIT ( .MILLI., .METRE. ) );
#1019 = AXIS2_PLACEMENT_3D ( 'NONE', #3824, #120, #2393 ) ;
#1020 = EDGE_CURVE ( 'NONE', #3101, #3841, #3533, .T. ) ;
#1021 = UNCERTAINTY_MEASURE_WITH_UNIT (LENGTH_MEASURE( 1.000000000000000082E-05 ), #276, 'distance_accuracy_value', 'NONE');
#1022 = PRESENTATION_LAYER_ASSIGNMENT (  '', '', ( #2982 ) ) ;
#1023 = CARTESIAN_POINT ( 'NONE',  ( 2.282762912319213022, -2.978190782665768754, 0.7953255097988064515 ) ) ;
#1024 =( NAMED_UNIT ( * ) SI_UNIT ( $, .STERADIAN. ) SOLID_ANGLE_UNIT ( ) );
#1025 = CARTESIAN_POINT ( 'NONE',  ( 2.109999999999999876, 2.560000000000000053, 0.2500000000000000000 ) ) ;
#1026 = ORIENTED_EDGE ( 'NONE', *, *, #1905, .F. ) ;
#1027 = VERTEX_POINT ( 'NONE', #2480 ) ;
#1028 = DIRECTION ( 'NONE',  ( -1.224646799146999945E-16, -1.000000000000000000, 0.000000000000000000 ) ) ;
#1029 = SURFACE_SIDE_STYLE ('',( #3357 ) ) ;
#1030 = CARTESIAN_POINT ( 'NONE',  ( 2.346166582378803156, -2.777673706548999366, 0.8989588601331962581 ) ) ;
#1031 = CARTESIAN_POINT ( 'NONE',  ( 2.209999999999999964, 2.720000000000000195, 0.2500000000000000000 ) ) ;
#1032 = LINE ( 'NONE', #315, #3927 ) ;
#1033 = CARTESIAN_POINT ( 'NONE',  ( -2.209999999999999964, -0.9200000000000000400, 0.2500000000000000000 ) ) ;
#1034 = CARTESIAN_POINT ( 'NONE',  ( -1.699999999999999956, -3.037499999999999645, 0.000000000000000000 ) ) ;
#1035 = VERTEX_POINT ( 'NONE', #2891 ) ;
#1036 = ADVANCED_FACE ( 'NONE', ( #2148, #520 ), #479, .T. ) ;
#1037 = VERTEX_POINT ( 'NONE', #1529 ) ;
#1038 = ORIENTED_EDGE ( 'NONE', *, *, #1185, .F. ) ;
#1039 = EDGE_LOOP ( 'NONE', ( #1661, #2045, #2956, #563 ) ) ;
#1040 = CARTESIAN_POINT ( 'NONE',  ( 2.015866802211999875, -1.020000000000000018, 0.2500000000000000000 ) ) ;
#1041 = DIRECTION ( 'NONE',  ( 0.5146073004330733447, 0.5146073004328384215, 0.6858269845100956053 ) ) ;
#1042 = CIRCLE ( 'NONE', #2511, 0.1200000000000000094 ) ;
#1043 = CIRCLE ( 'NONE', #2163, 0.09999999999999982514 ) ;
#1044 = DIRECTION ( 'NONE',  ( 0.000000000000000000, 0.000000000000000000, 1.000000000000000000 ) ) ;
#1045 = DIRECTION ( 'NONE',  ( 0.000000000000000000, 1.000000000000000000, 0.000000000000000000 ) ) ;
#1046 = ORIENTED_EDGE ( 'NONE', *, *, #3799, .T. ) ;
#1047 = AXIS2_PLACEMENT_3D ( 'NONE', #253, #3572, #957 ) ;
#1048 = DIRECTION ( 'NONE',  ( 1.000000000000000000, 8.870371882674300279E-49, 9.231973554570200601E-33 ) ) ;
#1049 = DIRECTION ( 'NONE',  ( 3.146309990714999803E-16, -1.000000000000000000, 0.000000000000000000 ) ) ;
#1050 = APPLICATION_CONTEXT ( 'automotive_design' ) ;
#1051 = AXIS2_PLACEMENT_3D ( 'NONE', #1033, #2361, #3728 ) ;
#1052 = VECTOR ( 'NONE', #381, 1000.000000000000000 ) ;
#1053 = EDGE_CURVE ( 'NONE', #812, #1704, #3550, .T. ) ;
#1054 =( NAMED_UNIT ( * ) SI_UNIT ( $, .STERADIAN. ) SOLID_ANGLE_UNIT ( ) );
#1055 = EDGE_CURVE ( 'NONE', #369, #2824, #3883, .T. ) ;
#1056 = DIRECTION ( 'NONE',  ( 1.000000000000000000, -1.224646799146999945E-16, 0.000000000000000000 ) ) ;
#1057 = PRESENTATION_LAYER_ASSIGNMENT (  '', '', ( #2656 ) ) ;
#1058 = CIRCLE ( 'NONE', #2299, 0.1199999999999998845 ) ;
#1059 = CARTESIAN_POINT ( 'NONE',  ( -2.248195554250335793, -2.652767683903814344, 1.065442786248190998 ) ) ;
#1060 = SURFACE_STYLE_FILL_AREA ( #19 ) ;
#1061 = DIRECTION ( 'NONE',  ( 0.000000000000000000, 0.000000000000000000, 1.000000000000000000 ) ) ;
#1062 = ORIENTED_EDGE ( 'NONE', *, *, #2929, .T. ) ;
#1063 = EDGE_LOOP ( 'NONE', ( #1168, #3205, #726, #1812 ) ) ;
#1064 = VERTEX_POINT ( 'NONE', #3571 ) ;
#1065 = FILL_AREA_STYLE ('',( #3138 ) ) ;
#1066 = ORIENTED_EDGE ( 'NONE', *, *, #2537, .F. ) ;
#1067 = DIRECTION ( 'NONE',  ( 1.000000000000000000, -1.224646799147319927E-16, -3.795867174530299861E-29 ) ) ;
#1068 = SURFACE_STYLE_USAGE ( .BOTH. , #2784 ) ;
#1069 =( LENGTH_UNIT ( ) NAMED_UNIT ( * ) SI_UNIT ( .MILLI., .METRE. ) );
#1070 = CARTESIAN_POINT ( 'NONE',  ( 0.8400000000000000799, -2.402500000000000302, 0.2500000000000000000 ) ) ;
#1071 = FACE_OUTER_BOUND ( 'NONE', #4053, .T. ) ;
#1072 = ORIENTED_EDGE ( 'NONE', *, *, #2380, .T. ) ;
#1073 = FACE_OUTER_BOUND ( 'NONE', #2279, .T. ) ;
#1074 = CARTESIAN_POINT ( 'NONE',  ( -0.4299999999999999933, -2.720000000000000195, 0.2500000000000000000 ) ) ;
#1075 = VECTOR ( 'NONE', #2867, 1000.000000000000000 ) ;
#1076 = COLOUR_RGB ( '',1.000000000000000000, 1.000000000000000000, 1.000000000000000000 ) ;
#1077 = CARTESIAN_POINT ( 'NONE',  ( 1.699999999999999956, -2.402500000000000302, 0.2500000000000000000 ) ) ;
#1078 = ORIENTED_EDGE ( 'NONE', *, *, #2461, .F. ) ;
#1079 = CARTESIAN_POINT ( 'NONE',  ( -2.209999999999999964, 2.560000000000000053, 0.000000000000000000 ) ) ;
#1080 = EDGE_CURVE ( 'NONE', #4017, #2364, #171, .T. ) ;
#1081 = DIRECTION ( 'NONE',  ( 1.000000000000000000, -0.000000000000000000, 0.000000000000000000 ) ) ;
#1082 = CARTESIAN_POINT ( 'NONE',  ( -2.289426582600968985, -2.839426582600940385, 0.9622992381412123208 ) ) ;
#1083 = SURFACE_STYLE_USAGE ( .BOTH. , #3367 ) ;
#1084 = VECTOR ( 'NONE', #569, 1000.000000000000000 ) ;
#1085 = ORIENTED_EDGE ( 'NONE', *, *, #3853, .F. ) ;
#1086 = COLOUR_RGB ( '',1.000000000000000000, 1.000000000000000000, 1.000000000000000000 ) ;
#1087 = ORIENTED_EDGE ( 'NONE', *, *, #634, .F. ) ;
#1088 = ORIENTED_EDGE ( 'NONE', *, *, #2751, .F. ) ;
#1089 = LINE ( 'NONE', #3782, #1726 ) ;
#1090 = PRESENTATION_LAYER_ASSIGNMENT (  '', '', ( #1219 ) ) ;
#1091 = CARTESIAN_POINT ( 'NONE',  ( -2.209999999999999964, 2.560000000000000053, 0.2500000000000000000 ) ) ;
#1092 = PRESENTATION_LAYER_ASSIGNMENT (  '', '', ( #3260 ) ) ;
#1093 = DIRECTION ( 'NONE',  ( 1.000000000000000000, 0.000000000000000000, 0.000000000000000000 ) ) ;
#1094 =( NAMED_UNIT ( * ) PLANE_ANGLE_UNIT ( ) SI_UNIT ( $, .RADIAN. ) );
#1095 = LINE ( 'NONE', #3068, #2175 ) ;
#1096 = ORIENTED_EDGE ( 'NONE', *, *, #2596, .T. ) ;
#1097 = PRESENTATION_LAYER_ASSIGNMENT (  '', '', ( #4313 ) ) ;
#1098 = EDGE_CURVE ( 'NONE', #3173, #3886, #191, .T. ) ;
#1099 = SURFACE_SIDE_STYLE ('',( #2351 ) ) ;
#1100 = CARTESIAN_POINT ( 'NONE',  ( 2.227673706549100352, 2.777673706549100618, 0.8800000000002492495 ) ) ;
#1101 = FILL_AREA_STYLE ('',( #4114 ) ) ;
#1102 = CARTESIAN_POINT ( 'NONE',  ( -2.109999999999999876, -2.402500000000000302, 0.000000000000000000 ) ) ;
#1103 = EDGE_LOOP ( 'NONE', ( #219, #1343, #249, #4032, #130, #1935, #333, #792, #1756, #1150, #945, #3111, #211, #3443, #752, #2048, #1870, #2349, #671, #1703, #4144, #3419, #2111, #2755, #3512, #2595, #119, #2733, #3689, #3734, #1827, #2710, #2009, #3034, #2172, #800, #3283, #2482, #2133, #2280, #3771, #2501, #3086, #4318 ) ) ;
#1104 = DIRECTION ( 'NONE',  ( 1.000000000000000000, -1.224646799146999945E-16, 0.000000000000000000 ) ) ;
#1105 =( NAMED_UNIT ( * ) PLANE_ANGLE_UNIT ( ) SI_UNIT ( $, .RADIAN. ) );
#1106 = CARTESIAN_POINT ( 'NONE',  ( 2.227673706549068378, -2.777673706549068200, 0.8800000000002391465 ) ) ;
#1107 = EDGE_LOOP ( 'NONE', ( #1933, #1642, #367, #1066 ) ) ;
#1108 = ORIENTED_EDGE ( 'NONE', *, *, #721, .F. ) ;
#1109 = ORIENTED_EDGE ( 'NONE', *, *, #4249, .F. ) ;
#1110 = CARTESIAN_POINT ( 'NONE',  ( 0.8399999999999999689, 2.560000000000000053, -1.836228323649837652E-83 ) ) ;
#1111 = DIRECTION ( 'NONE',  ( -0.1560548629280390232, -0.1560548629280390232, -0.9753428933011312196 ) ) ;
#1112 = SURFACE_SIDE_STYLE ('',( #1345 ) ) ;
#1113 = AXIS2_PLACEMENT_3D ( 'NONE', #1091, #52, #3448 ) ;
#1114 = EDGE_CURVE ( 'NONE', #1431, #586, #1206, .T. ) ;
#1115 = CARTESIAN_POINT ( 'NONE',  ( 0.000000000000000000, 0.000000000000000000, 0.000000000000000000 ) ) ;
#1116 = CARTESIAN_POINT ( 'NONE',  ( -2.449999999999999734, 2.994863560060714747, 0.04999999999999998196 ) ) ;
#1117 = LINE ( 'NONE', #3070, #1758 ) ;
#1118 = VERTEX_POINT ( 'NONE', #2556 ) ;
#1119 = AXIS2_PLACEMENT_3D ( 'NONE', #3249, #273, #1575 ) ;
#1120 = DIRECTION ( 'NONE',  ( 0.000000000000000000, 0.000000000000000000, 1.000000000000000000 ) ) ;
#1121 = MECHANICAL_DESIGN_GEOMETRIC_PRESENTATION_REPRESENTATION (  '', ( #1255 ), #2092 ) ;
#1122 = SURFACE_STYLE_USAGE ( .BOTH. , #3182 ) ;
#1123 = SURFACE_STYLE_USAGE ( .BOTH. , #3126 ) ;
#1124 = ORIENTED_EDGE ( 'NONE', *, *, #4324, .T. ) ;
#1125 = LINE ( 'NONE', #2128, #1442 ) ;
#1126 = AXIS2_PLACEMENT_3D ( 'NONE', #2620, #407, #3022 ) ;
#1127 = SURFACE_STYLE_USAGE ( .BOTH. , #1424 ) ;
#1128 = DIRECTION ( 'NONE',  ( 1.000000000000000000, 0.000000000000000000, 0.000000000000000000 ) ) ;
#1129 = FILL_AREA_STYLE_COLOUR ( '', #137 ) ;
#1130 = VERTEX_POINT ( 'NONE', #3913 ) ;
#1131 = COLOUR_RGB ( '',0.7921568627450980005, 0.8196078431372548767, 0.9333333333333333481 ) ;
#1132 = ORIENTED_EDGE ( 'NONE', *, *, #1355, .F. ) ;
#1133 = EDGE_CURVE ( 'NONE', #2453, #851, #3996, .T. ) ;
#1134 = ORIENTED_EDGE ( 'NONE', *, *, #1508, .F. ) ;
#1135 = DIRECTION ( 'NONE',  ( 1.000000000000000000, 0.000000000000000000, 0.000000000000000000 ) ) ;
#1136 =( NAMED_UNIT ( * ) SI_UNIT ( $, .STERADIAN. ) SOLID_ANGLE_UNIT ( ) );
#1137 = ADVANCED_FACE ( 'NONE', ( #3972 ), #556, .T. ) ;
#1138 = SHAPE_REPRESENTATION ( 'Open CASCADE STEP translator 6.8 2_5', ( #4078 ), #3737 ) ;
#1139 = CARTESIAN_POINT ( 'NONE',  ( -1.905000000000000027, -2.720000000000000195, 0.000000000000000000 ) ) ;
#1140 = CARTESIAN_POINT ( 'NONE',  ( 0.8400000000000000799, -3.037499999999999645, 0.2500000000000000000 ) ) ;
#1141 =( LENGTH_UNIT ( ) NAMED_UNIT ( * ) SI_UNIT ( .MILLI., .METRE. ) );
#1142 = LINE ( 'NONE', #3142, #2405 ) ;
#1143 = DIRECTION ( 'NONE',  ( -0.000000000000000000, -0.000000000000000000, -1.000000000000000000 ) ) ;
#1144 = CARTESIAN_POINT ( 'NONE',  ( 0.6350000000000000089, -3.037499999999999645, 0.000000000000000000 ) ) ;
#1145 = ORIENTED_EDGE ( 'NONE', *, *, #300, .T. ) ;
#1146 = FACE_OUTER_BOUND ( 'NONE', #3754, .T. ) ;
#1147 = DIRECTION ( 'NONE',  ( -1.000000000000000000, -0.000000000000000000, 0.000000000000000000 ) ) ;
#1148 = CARTESIAN_POINT ( 'NONE',  ( 0.6124999999999999334, 2.777673706548999810, 0.8800000000000000044 ) ) ;
#1149 = VECTOR ( 'NONE', #1877, 1000.000000000000000 ) ;
#1150 = ORIENTED_EDGE ( 'NONE', *, *, #4323, .F. ) ;
#1151 = ORIENTED_EDGE ( 'NONE', *, *, #146, .T. ) ;
#1152 = ORIENTED_EDGE ( 'NONE', *, *, #2728, .T. ) ;
#1153 = EDGE_CURVE ( 'NONE', #3511, #3812, #2638, .T. ) ;
#1154 =( NAMED_UNIT ( * ) SI_UNIT ( $, .STERADIAN. ) SOLID_ANGLE_UNIT ( ) );
#1155 = DIRECTION ( 'NONE',  ( 0.000000000000000000, 0.000000000000000000, 1.000000000000000000 ) ) ;
#1156 = CARTESIAN_POINT ( 'NONE',  ( 2.015866802211999875, -0.7500000000000000000, 0.000000000000000000 ) ) ;
#1157 = AXIS2_PLACEMENT_3D ( 'NONE', #2168, #2185, #4164 ) ;
#1158 = SURFACE_STYLE_FILL_AREA ( #3098 ) ;
#1159 = EDGE_CURVE ( 'NONE', #1710, #2305, #1283, .T. ) ;
#1160 = VECTOR ( 'NONE', #112, 1000.000000000000000 ) ;
#1161 = ADVANCED_FACE ( 'NONE', ( #1906 ), #3268, .T. ) ;
#1162 = DIRECTION ( 'NONE',  ( 0.1560548629280390232, 0.1560548629280390232, -0.9753428933011312196 ) ) ;
#1163 = CARTESIAN_POINT ( 'NONE',  ( -1.699999999999999956, 3.037499999999999645, 0.000000000000000000 ) ) ;
#1164 = CARTESIAN_POINT ( 'NONE',  ( -2.331507124170001610, 3.000000000000104361, 0.2500000000000165423 ) ) ;
#1165 = PLANE ( 'NONE',  #324 ) ;
#1166 = CARTESIAN_POINT ( 'NONE',  ( -2.109999999999999876, -2.402500000000000302, -5.373210877287311486E-78 ) ) ;
#1167 = CARTESIAN_POINT ( 'NONE',  ( -2.346166582378879539, -2.777673706549050436, 0.8989588601329887574 ) ) ;
#1168 = ORIENTED_EDGE ( 'NONE', *, *, #2345, .F. ) ;
#1169 = ORIENTED_EDGE ( 'NONE', *, *, #3508, .T. ) ;
#1170 = VERTEX_POINT ( 'NONE', #1328 ) ;
#1171 =( NAMED_UNIT ( * ) SI_UNIT ( $, .STERADIAN. ) SOLID_ANGLE_UNIT ( ) );
#1172 = DIRECTION ( 'NONE',  ( 1.000000000000000000, -1.224646799146999945E-16, 0.000000000000000000 ) ) ;
#1173 = EDGE_CURVE ( 'NONE', #3109, #3121, #3966, .T. ) ;
#1174 = STYLED_ITEM ( 'NONE', ( #2863 ), #2621 ) ;
#1175 = PRODUCT_DEFINITION_SHAPE ( 'NONE', 'NONE',  #4352 ) ;
#1176 = APPLICATION_PROTOCOL_DEFINITION ( 'draft international standard', 'automotive_design', 1998, #1354 ) ;
#1177 = DIRECTION ( 'NONE',  ( 1.000000000000000000, 0.000000000000000000, -0.000000000000000000 ) ) ;
#1178 = EDGE_CURVE ( 'NONE', #2428, #1027, #1265, .T. ) ;
#1179 = DIRECTION ( 'NONE',  ( 0.000000000000000000, -0.000000000000000000, -1.000000000000000000 ) ) ;
#1180 = DIRECTION ( 'NONE',  ( -0.000000000000000000, 1.000000000000000000, 0.000000000000000000 ) ) ;
#1181 = SURFACE_STYLE_USAGE ( .BOTH. , #2181 ) ;
#1182 =( NAMED_UNIT ( * ) SI_UNIT ( $, .STERADIAN. ) SOLID_ANGLE_UNIT ( ) );
#1183 = CIRCLE ( 'NONE', #59, 0.09999999999999982514 ) ;
#1184 = VECTOR ( 'NONE', #2836, 1000.000000000000000 ) ;
#1185 = EDGE_CURVE ( 'NONE', #779, #2428, #3964, .T. ) ;
#1186 = DIRECTION ( 'NONE',  ( 0.000000000000000000, -1.000000000000000000, -0.000000000000000000 ) ) ;
#1187 = DIRECTION ( 'NONE',  ( -1.000000000000000000, 0.000000000000000000, 0.000000000000000000 ) ) ;
#1188 = ADVANCED_FACE ( 'NONE', ( #1731 ), #357, .F. ) ;
#1189 = ORIENTED_EDGE ( 'NONE', *, *, #756, .F. ) ;
#1190 =( NAMED_UNIT ( * ) PLANE_ANGLE_UNIT ( ) SI_UNIT ( $, .RADIAN. ) );
#1191 = AXIS2_PLACEMENT_3D ( 'NONE', #214, #3270, #3974 ) ;
#1192 = CARTESIAN_POINT ( 'NONE',  ( 0.000000000000000000, 0.000000000000000000, 1.000000000000000000 ) ) ;
#1193 = APPLICATION_CONTEXT ( 'automotive_design' ) ;
#1194 = VECTOR ( 'NONE', #2404, 1000.000000000000000 ) ;
#1195 = AXIS2_PLACEMENT_3D ( 'NONE', #3204, #570, #229 ) ;
#1196 = AXIS2_PLACEMENT_3D ( 'NONE', #4338, #1369, #2158 ) ;
#1197 = VECTOR ( 'NONE', #1753, 1000.000000000000000 ) ;
#1198 =( NAMED_UNIT ( * ) SI_UNIT ( $, .STERADIAN. ) SOLID_ANGLE_UNIT ( ) );
#1199 = ORIENTED_EDGE ( 'NONE', *, *, #3035, .T. ) ;
#1200 = SURFACE_STYLE_FILL_AREA ( #513 ) ;
#1201 = PRODUCT_DEFINITION_SHAPE ( 'NONE', 'NONE',  #4356 ) ;
#1202 = CARTESIAN_POINT ( 'NONE',  ( 0.8400000000000000799, -2.720000000000000195, 0.000000000000000000 ) ) ;
#1203 = CARTESIAN_POINT ( 'NONE',  ( -2.338244197728796436, 2.830860696598461512, 0.9078258572005964977 ) ) ;
#1204 = SURFACE_STYLE_USAGE ( .BOTH. , #170 ) ;
#1205 = VERTEX_POINT ( 'NONE', #433 ) ;
#1206 = LINE ( 'NONE', #1884, #3553 ) ;
#1207 = DIRECTION ( 'NONE',  ( -1.224646799147319927E-16, -1.000000000000000000, -3.795867174530299861E-29 ) ) ;
#1208 = EDGE_CURVE ( 'NONE', #2727, #3136, #1397, .T. ) ;
#1209 = ORIENTED_EDGE ( 'NONE', *, *, #2704, .F. ) ;
#1210 = ADVANCED_FACE ( 'NONE', ( #715 ), #3102, .F. ) ;
#1211 = PRESENTATION_STYLE_ASSIGNMENT (( #194 ) ) ;
#1212 = PRESENTATION_LAYER_ASSIGNMENT (  '', '', ( #2889 ) ) ;
#1213 = CARTESIAN_POINT ( 'NONE',  ( -2.289426582600968985, 2.839426582600940385, 0.9622992381412115437 ) ) ;
#1214 = AXIS2_PLACEMENT_3D ( 'NONE', #2060, #1048, #3144 ) ;
#1215 = ORIENTED_EDGE ( 'NONE', *, *, #1231, .T. ) ;
#1216 = DIRECTION ( 'NONE',  ( 0.000000000000000000, -0.000000000000000000, -1.000000000000000000 ) ) ;
#1217 = VECTOR ( 'NONE', #1824, 1000.000000000000114 ) ;
#1218 = DIRECTION ( 'NONE',  ( 1.224646799146999945E-16, 1.000000000000000000, 0.000000000000000000 ) ) ;
#1219 = STYLED_ITEM ( 'NONE', ( #3312 ), #1137 ) ;
#1220 = CARTESIAN_POINT ( 'NONE',  ( 2.448341262333483037, -2.996628592588153950, 0.05000000000000001665 ) ) ;
#1221 = CARTESIAN_POINT ( 'NONE',  ( -2.109999999999999876, 0.000000000000000000, 0.2500000000000000000 ) ) ;
#1222 = EDGE_CURVE ( 'NONE', #3190, #4120, #688, .T. ) ;
#1223 = VERTEX_POINT ( 'NONE', #2099 ) ;
#1224 = DIRECTION ( 'NONE',  ( -0.000000000000000000, -1.000000000000000000, -0.000000000000000000 ) ) ;
#1225 = DIRECTION ( 'NONE',  ( -0.000000000000000000, -0.000000000000000000, -1.000000000000000000 ) ) ;
#1226 =( NAMED_UNIT ( * ) PLANE_ANGLE_UNIT ( ) SI_UNIT ( $, .RADIAN. ) );
#1227 = CIRCLE ( 'NONE', #1019, 0.09999999999999982514 ) ;
#1228 = DIRECTION ( 'NONE',  ( 1.000000000000000000, 0.000000000000000000, -0.000000000000000000 ) ) ;
#1229 = MECHANICAL_DESIGN_GEOMETRIC_PRESENTATION_REPRESENTATION (  '', ( #2982 ), #3196 ) ;
#1230 = DIRECTION ( 'NONE',  ( -1.224646799146999945E-16, -1.000000000000000000, 0.000000000000000000 ) ) ;
#1231 = EDGE_CURVE ( 'NONE', #3628, #3121, #3384, .T. ) ;
#1232 = SURFACE_SIDE_STYLE ('',( #541 ) ) ;
#1233 = CARTESIAN_POINT ( 'NONE',  ( 2.289426582600969429, -2.839426582600940385, 0.9622992381412116547 ) ) ;
#1234 = DIRECTION ( 'NONE',  ( 1.000000000000000000, 0.000000000000000000, -0.000000000000000000 ) ) ;
#1235 = ORIENTED_EDGE ( 'NONE', *, *, #3941, .F. ) ;
#1236 = CARTESIAN_POINT ( 'NONE',  ( -2.289426582600969429, 2.839426582600939053, 0.9622992381412126539 ) ) ;
#1237 = ADVANCED_FACE ( 'NONE', ( #3122 ), #105, .T. ) ;
#1238 = CARTESIAN_POINT ( 'NONE',  ( -1.699999999999999956, -2.402500000000000302, 0.2500000000000000000 ) ) ;
#1239 = UNCERTAINTY_MEASURE_WITH_UNIT (LENGTH_MEASURE( 1.000000000000000082E-05 ), #898, 'distance_accuracy_value', 'NONE');
#1240 = UNCERTAINTY_MEASURE_WITH_UNIT (LENGTH_MEASURE( 1.000000000000000082E-05 ), #3877, 'distance_accuracy_value', 'NONE');
#1241 = FACE_OUTER_BOUND ( 'NONE', #2394, .T. ) ;
#1242 = DIRECTION ( 'NONE',  ( 9.231973554570200601E-33, 0.000000000000000000, -1.000000000000000000 ) ) ;
#1243 = CARTESIAN_POINT ( 'NONE',  ( -2.343013431564748839, 2.774602279918087611, 0.9707312127539191593 ) ) ;
#1244 = LINE ( 'NONE', #2217, #893 ) ;
#1245 = ORIENTED_EDGE ( 'NONE', *, *, #4149, .T. ) ;
#1246 = STYLED_ITEM ( 'NONE', ( #4172 ), #3465 ) ;
#1247 = DIRECTION ( 'NONE',  ( 0.000000000000000000, -3.074708921146619889E-31, 1.000000000000000000 ) ) ;
#1248 = FILL_AREA_STYLE ('',( #3230 ) ) ;
#1249 = PLANE ( 'NONE',  #1126 ) ;
#1250 = VECTOR ( 'NONE', #307, 1000.000000000000000 ) ;
#1251 = LINE ( 'NONE', #961, #2191 ) ;
#1252 = VECTOR ( 'NONE', #1305, 1000.000000000000000 ) ;
#1253 = CARTESIAN_POINT ( 'NONE',  ( 2.206143175940999956, 2.756143175941000223, 1.014565816300999845 ) ) ;
#1254 = PRESENTATION_LAYER_ASSIGNMENT (  '', '', ( #2093 ) ) ;
#1255 = STYLED_ITEM ( 'NONE', ( #4141 ), #2120 ) ;
#1256 = CARTESIAN_POINT ( 'NONE',  ( 2.267792562957413161, -2.707835022028351801, 1.053000716318392760 ) ) ;
#1257 =( LENGTH_UNIT ( ) NAMED_UNIT ( * ) SI_UNIT ( .MILLI., .METRE. ) );
#1258 = ORIENTED_EDGE ( 'NONE', *, *, #2828, .F. ) ;
#1259 = COLOUR_RGB ( '',1.000000000000000000, 1.000000000000000000, 1.000000000000000000 ) ;
#1260 = EDGE_CURVE ( 'NONE', #2484, #2796, #2466, .T. ) ;
#1261 = VECTOR ( 'NONE', #1662, 1000.000000000000000 ) ;
#1262 = CARTESIAN_POINT ( 'NONE',  ( 2.259190248118446931, -2.839426582600926174, 0.9849869404545945617 ) ) ;
#1263 = CARTESIAN_POINT ( 'NONE',  ( 2.259190248118467803, 2.839426582600926618, 0.9849869404545794627 ) ) ;
#1264 = VERTEX_POINT ( 'NONE', #2781 ) ;
#1265 = LINE ( 'NONE', #2261, #942 ) ;
#1266 = CARTESIAN_POINT ( 'NONE',  ( 2.227673706548999544, -2.777673706548999366, 0.8800000000000000044 ) ) ;
#1267 =( NAMED_UNIT ( * ) SI_UNIT ( $, .STERADIAN. ) SOLID_ANGLE_UNIT ( ) );
#1268 =( NAMED_UNIT ( * ) SI_UNIT ( $, .STERADIAN. ) SOLID_ANGLE_UNIT ( ) );
#1269 = CARTESIAN_POINT ( 'NONE',  ( -2.109999999999999876, 0.000000000000000000, 0.000000000000000000 ) ) ;
#1270 = CARTESIAN_POINT ( 'NONE',  ( -1.224999999999999867, -2.896166582378651100, 0.8989588601329443485 ) ) ;
#1271 = DIRECTION ( 'NONE',  ( -0.000000000000000000, -0.000000000000000000, -1.000000000000000000 ) ) ;
#1272 = FACE_OUTER_BOUND ( 'NONE', #1396, .T. ) ;
#1273 = EDGE_CURVE ( 'NONE', #2824, #2339, #1089, .T. ) ;
#1274 = COLOUR_RGB ( '',1.000000000000000000, 1.000000000000000000, 1.000000000000000000 ) ;
#1275 = STYLED_ITEM ( 'NONE', ( #4251 ), #1871 ) ;
#1276 = ORIENTED_EDGE ( 'NONE', *, *, #85, .T. ) ;
#1277 = CARTESIAN_POINT ( 'NONE',  ( -2.235839733637400073, 2.904250885283538697, 0.9538672635285375678 ) ) ;
#1278 = SURFACE_STYLE_USAGE ( .BOTH. , #1592 ) ;
#1279 = AXIS2_PLACEMENT_3D ( 'NONE', #1329, #617, #3721 ) ;
#1280 =( NAMED_UNIT ( * ) PLANE_ANGLE_UNIT ( ) SI_UNIT ( $, .RADIAN. ) );
#1281 = ORIENTED_EDGE ( 'NONE', *, *, #462, .T. ) ;
#1282 = VERTEX_POINT ( 'NONE', #1110 ) ;
#1283 = LINE ( 'NONE', #3648, #3693 ) ;
#1284 = LINE ( 'NONE', #955, #679 ) ;
#1285 = PLANE ( 'NONE',  #3318 ) ;
#1286 = CARTESIAN_POINT ( 'NONE',  ( 1.699999999999999956, -2.402500000000000302, 0.000000000000000000 ) ) ;
#1287 = UNCERTAINTY_MEASURE_WITH_UNIT (LENGTH_MEASURE( 1.000000000000000082E-05 ), #3986, 'distance_accuracy_value', 'NONE');
#1288 =( BOUNDED_CURVE ( )  B_SPLINE_CURVE ( 3, ( #1318, #4240, #3568, #1902 ),
 .UNSPECIFIED., .F., .T. ) 
 B_SPLINE_CURVE_WITH_KNOTS ( ( 4, 4 ),
 ( 0.02496359116225024474, 0.7676085733584711024 ),
 .UNSPECIFIED. ) 
 CURVE ( )  GEOMETRIC_REPRESENTATION_ITEM ( )  RATIONAL_B_SPLINE_CURVE ( ( 1.000000000000000000, 0.9545655314957617321, 0.9545655314957617321, 1.000000000000000000 ) ) 
 REPRESENTATION_ITEM ( '' )  );
#1289 = PRODUCT_DEFINITION_CONTEXT ( 'detailed design', #230, 'design' ) ;
#1290 =( GEOMETRIC_REPRESENTATION_CONTEXT ( 3 ) GLOBAL_UNCERTAINTY_ASSIGNED_CONTEXT ( ( #3039 ) ) GLOBAL_UNIT_ASSIGNED_CONTEXT ( ( #2047, #3088, #312 ) ) REPRESENTATION_CONTEXT ( 'NONE', 'WORKASPACE' ) );
#1291 = DIRECTION ( 'NONE',  ( -1.000000000000000000, 3.410125194079000194E-16, 0.000000000000000000 ) ) ;
#1292 =( NAMED_UNIT ( * ) PLANE_ANGLE_UNIT ( ) SI_UNIT ( $, .RADIAN. ) );
#1293 = COLOUR_RGB ( '',1.000000000000000000, 1.000000000000000000, 1.000000000000000000 ) ;
#1294 = ORIENTED_EDGE ( 'NONE', *, *, #262, .T. ) ;
#1295 = EDGE_CURVE ( 'NONE', #2305, #241, #3195, .T. ) ;
#1296 = CARTESIAN_POINT ( 'NONE',  ( -2.179161827979422039, 2.953886371168843450, 0.9348808418947396337 ) ) ;
#1297 = FILL_AREA_STYLE ('',( #282 ) ) ;
#1298 = CARTESIAN_POINT ( 'NONE',  ( 2.189584844488302817, -2.815479233284701621, 0.9873311731751661657 ) ) ;
#1299 = CARTESIAN_POINT ( 'NONE',  ( 2.209999999999999964, 2.099913933060999938, 0.000000000000000000 ) ) ;
#1300 = DIRECTION ( 'NONE',  ( 0.000000000000000000, -7.992805392577500665E-34, 1.000000000000000000 ) ) ;
#1301 = ORIENTED_EDGE ( 'NONE', *, *, #1645, .T. ) ;
#1302 = EDGE_CURVE ( 'NONE', #3136, #22, #1227, .T. ) ;
#1303 = ORIENTED_EDGE ( 'NONE', *, *, #1804, .T. ) ;
#1304 = SURFACE_STYLE_FILL_AREA ( #3937 ) ;
#1305 = DIRECTION ( 'NONE',  ( 1.000000000000000000, 0.000000000000000000, -0.000000000000000000 ) ) ;
#1306 =( NAMED_UNIT ( * ) SI_UNIT ( $, .STERADIAN. ) SOLID_ANGLE_UNIT ( ) );
#1307 = DIRECTION ( 'NONE',  ( -1.000000000000000000, 1.836676017325179954E-48, 2.754572824562264683E-80 ) ) ;
#1308 = CARTESIAN_POINT ( 'NONE',  ( -2.450000000000064571, 2.881507124169870870, 0.2500000000008385515 ) ) ;
#1309 = ADVANCED_FACE ( 'NONE', ( #3735 ), #1722, .T. ) ;
#1310 =( GEOMETRIC_REPRESENTATION_CONTEXT ( 3 ) GLOBAL_UNCERTAINTY_ASSIGNED_CONTEXT ( ( #3630 ) ) GLOBAL_UNIT_ASSIGNED_CONTEXT ( ( #3065, #2424, #2444 ) ) REPRESENTATION_CONTEXT ( 'NONE', 'WORKASPACE' ) );
#1311 = PRESENTATION_STYLE_ASSIGNMENT (( #1009 ) ) ;
#1312 = SURFACE_STYLE_FILL_AREA ( #3392 ) ;
#1313 = PRESENTATION_STYLE_ASSIGNMENT (( #218 ) ) ;
#1314 = CIRCLE ( 'NONE', #1948, 0.1199999999999998845 ) ;
#1315 = MECHANICAL_DESIGN_GEOMETRIC_PRESENTATION_REPRESENTATION (  '', ( #2093 ), #2862 ) ;
#1316 =( GEOMETRIC_REPRESENTATION_CONTEXT ( 3 ) GLOBAL_UNCERTAINTY_ASSIGNED_CONTEXT ( ( #340 ) ) GLOBAL_UNIT_ASSIGNED_CONTEXT ( ( #1791, #4123, #1998 ) ) REPRESENTATION_CONTEXT ( 'NONE', 'WORKASPACE' ) );
#1317 = ORIENTED_EDGE ( 'NONE', *, *, #1114, .T. ) ;
#1318 = CARTESIAN_POINT ( 'NONE',  ( 2.331507124169854173, 3.000000000000072831, 0.2500000000009455214 ) ) ;
#1319 = MECHANICAL_DESIGN_GEOMETRIC_PRESENTATION_REPRESENTATION (  '', ( #3093 ), #2865 ) ;
#1320 = SHAPE_REPRESENTATION_RELATIONSHIP ( 'NONE' , 'NONE' ,  #2894, #264 ) ;
#1321 = COLOUR_RGB ( '',1.000000000000000000, 1.000000000000000000, 1.000000000000000000 ) ;
#1322 = DIRECTION ( 'NONE',  ( 1.000000000000000000, -0.000000000000000000, 0.000000000000000000 ) ) ;
#1323 = PRESENTATION_STYLE_ASSIGNMENT (( #1639 ) ) ;
#1324 = CARTESIAN_POINT ( 'NONE',  ( -2.227673706548999988, 2.777673706549000254, 0.8800000000000000044 ) ) ;
#1325 = ORIENTED_EDGE ( 'NONE', *, *, #4104, .F. ) ;
#1326 = COLOUR_RGB ( '',1.000000000000000000, 1.000000000000000000, 1.000000000000000000 ) ;
#1327 = ORIENTED_EDGE ( 'NONE', *, *, #3954, .T. ) ;
#1328 = CARTESIAN_POINT ( 'NONE',  ( -0.8400000000000000799, 2.560000000000000053, 0.2500000000000000000 ) ) ;
#1329 = CARTESIAN_POINT ( 'NONE',  ( -2.227673706548999544, 2.777673706548999366, 0.8800000000000000044 ) ) ;
#1330 =( GEOMETRIC_REPRESENTATION_CONTEXT ( 3 ) GLOBAL_UNCERTAINTY_ASSIGNED_CONTEXT ( ( #4044 ) ) GLOBAL_UNIT_ASSIGNED_CONTEXT ( ( #2989, #2572, #1866 ) ) REPRESENTATION_CONTEXT ( 'NONE', 'WORKASPACE' ) );
#1331 = CARTESIAN_POINT ( 'NONE',  ( 2.450000000000026823, 2.881507124169998324, 0.2500000000009351964 ) ) ;
#1332 = FACE_OUTER_BOUND ( 'NONE', #2674, .T. ) ;
#1333 = FACE_OUTER_BOUND ( 'NONE', #3822, .T. ) ;
#1334 = DIRECTION ( 'NONE',  ( -1.000000000000000000, 1.224646799146999945E-16, 0.000000000000000000 ) ) ;
#1335 = MECHANICAL_DESIGN_GEOMETRIC_PRESENTATION_REPRESENTATION (  '', ( #4233 ), #274 ) ;
#1336 = UNCERTAINTY_MEASURE_WITH_UNIT (LENGTH_MEASURE( 1.000000000000000082E-05 ), #3066, 'distance_accuracy_value', 'NONE');
#1337 = SURFACE_STYLE_USAGE ( .BOTH. , #3005 ) ;
#1338 = FILL_AREA_STYLE_COLOUR ( '', #3523 ) ;
#1339 = LINE ( 'NONE', #1405, #4208 ) ;
#1340 = ADVANCED_FACE ( 'NONE', ( #1433 ), #2062, .T. ) ;
#1341 = ORIENTED_EDGE ( 'NONE', *, *, #4038, .T. ) ;
#1342 = ADVANCED_FACE ( 'NONE', ( #1353 ), #3316, .T. ) ;
#1343 = ORIENTED_EDGE ( 'NONE', *, *, #3926, .F. ) ;
#1344 = DIRECTION ( 'NONE',  ( 1.000000000000000000, 0.000000000000000000, -0.000000000000000000 ) ) ;
#1345 = SURFACE_STYLE_FILL_AREA ( #3092 ) ;
#1346 = PRESENTATION_LAYER_ASSIGNMENT (  '', '', ( #1910 ) ) ;
#1347 = CARTESIAN_POINT ( 'NONE',  ( 2.319662917083492371, -2.839426582600955040, 0.9396115358278307461 ) ) ;
#1348 = PRESENTATION_LAYER_ASSIGNMENT (  '', '', ( #1557 ) ) ;
#1349 = VERTEX_POINT ( 'NONE', #4347 ) ;
#1350 = ORIENTED_EDGE ( 'NONE', *, *, #3149, .T. ) ;
#1351 = DIRECTION ( 'NONE',  ( 1.000000000000000000, 0.000000000000000000, 0.000000000000000000 ) ) ;
#1352 = LINE ( 'NONE', #1671, #1401 ) ;
#1353 = FACE_OUTER_BOUND ( 'NONE', #3700, .T. ) ;
#1354 = APPLICATION_CONTEXT ( 'automotive_design' ) ;
#1355 = EDGE_CURVE ( 'NONE', #3059, #346, #3773, .T. ) ;
#1356 = MECHANICAL_DESIGN_GEOMETRIC_PRESENTATION_REPRESENTATION (  '', ( #3956 ), #1793 ) ;
#1357 = UNCERTAINTY_MEASURE_WITH_UNIT (LENGTH_MEASURE( 1.000000000000000082E-05 ), #1788, 'distance_accuracy_value', 'NONE');
#1358 = CARTESIAN_POINT ( 'NONE',  ( 2.227673706549000432, 2.896166582378971732, 0.8989588601324142170 ) ) ;
#1359 = AXIS2_PLACEMENT_3D ( 'NONE', #2694, #3818, #2799 ) ;
#1360 = SURFACE_SIDE_STYLE ('',( #1060 ) ) ;
#1361 = DIRECTION ( 'NONE',  ( -0.000000000000000000, 0.000000000000000000, 1.000000000000000000 ) ) ;
#1362 = ORIENTED_EDGE ( 'NONE', *, *, #4038, .F. ) ;
#1363 = EDGE_LOOP ( 'NONE', ( #2993, #2365, #174, #2834 ) ) ;
#1364 = PRESENTATION_LAYER_ASSIGNMENT (  '', '', ( #1573 ) ) ;
#1365 = VERTEX_POINT ( 'NONE', #4326 ) ;
#1366 = SURFACE_STYLE_FILL_AREA ( #445 ) ;
#1367 = CARTESIAN_POINT ( 'NONE',  ( 2.227673706548999988, 2.777673706548999810, 0.8800000000000000044 ) ) ;
#1368 = UNCERTAINTY_MEASURE_WITH_UNIT (LENGTH_MEASURE( 1.000000000000000082E-05 ), #1830, 'distance_accuracy_value', 'NONE');
#1369 = DIRECTION ( 'NONE',  ( 0.000000000000000000, 0.000000000000000000, 1.000000000000000000 ) ) ;
#1370 = CARTESIAN_POINT ( 'NONE',  ( -2.500000000000000000, -0.3499999999999999778, 0.2500000000000000000 ) ) ;
#1371 =( NAMED_UNIT ( * ) SI_UNIT ( $, .STERADIAN. ) SOLID_ANGLE_UNIT ( ) );
#1372 = VERTEX_POINT ( 'NONE', #2642 ) ;
#1373 = ADVANCED_FACE ( 'NONE', ( #1695 ), #3358, .T. ) ;
#1374 =( NAMED_UNIT ( * ) SI_UNIT ( $, .STERADIAN. ) SOLID_ANGLE_UNIT ( ) );
#1375 = DIRECTION ( 'NONE',  ( 0.000000000000000000, 0.000000000000000000, 1.000000000000000000 ) ) ;
#1376 =( LENGTH_UNIT ( ) NAMED_UNIT ( * ) SI_UNIT ( .MILLI., .METRE. ) );
#1377 = CARTESIAN_POINT ( 'NONE',  ( 2.227673706549068378, -2.777673706549068200, 0.8800000000002391465 ) ) ;
#1378 = DIRECTION ( 'NONE',  ( -1.209266009224589818E-16, -0.9874406319166617596, 0.1579905011069460130 ) ) ;
#1379 = MECHANICAL_DESIGN_GEOMETRIC_PRESENTATION_REPRESENTATION (  '', ( #1174 ), #4194 ) ;
#1380 = FILL_AREA_STYLE_COLOUR ( '', #3488 ) ;
#1381 = DIRECTION ( 'NONE',  ( 2.259689972760629896E-50, 1.000000000000000000, 7.992805392577500665E-34 ) ) ;
#1382 =( LENGTH_UNIT ( ) NAMED_UNIT ( * ) SI_UNIT ( .MILLI., .METRE. ) );
#1383 = FACE_OUTER_BOUND ( 'NONE', #801, .T. ) ;
#1384 = EDGE_LOOP ( 'NONE', ( #818, #3043, #2134, #3710 ) ) ;
#1385 = VERTEX_POINT ( 'NONE', #3024 ) ;
#1386 = ORIENTED_EDGE ( 'NONE', *, *, #4197, .T. ) ;
#1387 = ORIENTED_EDGE ( 'NONE', *, *, #2738, .T. ) ;
#1388 = PLANE ( 'NONE',  #2947 ) ;
#1389 = CARTESIAN_POINT ( 'NONE',  ( -1.727673706549000210, -2.277673706548999810, 1.000000000000000000 ) ) ;
#1390 = STYLED_ITEM ( 'NONE', ( #716 ), #2398 ) ;
#1391 = VECTOR ( 'NONE', #4096, 1000.000000000000000 ) ;
#1392 = PRESENTATION_LAYER_ASSIGNMENT (  '', '', ( #608 ) ) ;
#1393 =( NAMED_UNIT ( * ) PLANE_ANGLE_UNIT ( ) SI_UNIT ( $, .RADIAN. ) );
#1394 = DIRECTION ( 'NONE',  ( 1.000000000000000000, 0.000000000000000000, 0.000000000000000000 ) ) ;
#1395 = DIRECTION ( 'NONE',  ( 1.000000000000000000, 0.000000000000000000, -0.000000000000000000 ) ) ;
#1396 = EDGE_LOOP ( 'NONE', ( #1132, #4080, #888, #4016, #3823 ) ) ;
#1397 = LINE ( 'NONE', #2743, #2695 ) ;
#1398 = CARTESIAN_POINT ( 'NONE',  ( 2.450000000000000622, 2.951877752806093547, 0.1801601991003966285 ) ) ;
#1399 =( NAMED_UNIT ( * ) SI_UNIT ( $, .STERADIAN. ) SOLID_ANGLE_UNIT ( ) );
#1400 = ORIENTED_EDGE ( 'NONE', *, *, #2479, .F. ) ;
#1401 = VECTOR ( 'NONE', #3747, 1000.000000000000000 ) ;
#1402 = CARTESIAN_POINT ( 'NONE',  ( -2.010000000000000231, -1.020000000000000018, 0.2500000000000000000 ) ) ;
#1403 = VECTOR ( 'NONE', #3939, 1000.000000000000000 ) ;
#1404 = PRESENTATION_STYLE_ASSIGNMENT (( #318 ) ) ;
#1405 = CARTESIAN_POINT ( 'NONE',  ( 2.109999999999999876, -2.720000000000000195, 0.2500000000000000000 ) ) ;
#1406 = ORIENTED_EDGE ( 'NONE', *, *, #2409, .T. ) ;
#1407 = ORIENTED_EDGE ( 'NONE', *, *, #3149, .F. ) ;
#1408 = VERTEX_POINT ( 'NONE', #1976 ) ;
#1409 = CLOSED_SHELL ( 'NONE', ( #1188, #3257, #2120, #2600, #1485, #431, #552, #1210, #3290, #212, #3463, #2597, #3654, #1473, #1930, #2621, #4023, #1917, #3019, #2476, #2655, #499, #3051, #3349, #2541, #2268, #1309, #3201, #3970, #1482, #3147, #1871, #248, #1740, #1577, #1953, #1781, #2745, #894, #1237, #724, #3645, #2774, #3375, #992, #4291 ) ) ;
#1410 =( BOUNDED_SURFACE ( )  B_SPLINE_SURFACE ( 3, 3, ( 
 ( #2661, #590, #3990, #2302 ),
 ( #2953, #3642, #611, #3308 ),
 ( #284, #1638, #3477, #2027 ),
 ( #3067, #2787, #2094, #2450 ) ),
 .UNSPECIFIED., .F., .F., .F. ) 
 B_SPLINE_SURFACE_WITH_KNOTS ( ( 4, 4 ),
 ( 4, 4 ),
 ( 0.000000000000000000, 1.000000000000000000 ),
 ( 0.000000000000000000, 1.000000000000000000 ),
 .UNSPECIFIED. ) 
 GEOMETRIC_REPRESENTATION_ITEM ( )  RATIONAL_B_SPLINE_SURFACE ( (
 ( 1.000000000000000000, 0.3333333333333307058, 0.3333333333333307058, 1.000000000000000000),
 ( 0.9318883965757223109, 0.3106294655252383463, 0.3106294655252383463, 0.9318883965757223109),
 ( 0.9318883965757223109, 0.3106294655252383463, 0.3106294655252383463, 0.9318883965757223109),
 ( 1.000000000000000000, 0.3333333333333307058, 0.3333333333333307058, 1.000000000000000000) ) ) 
 REPRESENTATION_ITEM ( '' )  SURFACE ( )  );
#1411 = PRESENTATION_STYLE_ASSIGNMENT (( #4081 ) ) ;
#1412 = EDGE_CURVE ( 'NONE', #1223, #3396, #2477, .T. ) ;
#1413 = APPLICATION_PROTOCOL_DEFINITION ( 'draft international standard', 'automotive_design', 1998, #1193 ) ;
#1414 = LINE ( 'NONE', #3832, #3300 ) ;
#1415 = CARTESIAN_POINT ( 'NONE',  ( -2.227673706548999544, 0.7500000000000000000, 1.000000000000000000 ) ) ;
#1416 = VERTEX_POINT ( 'NONE', #2310 ) ;
#1417 = PRESENTATION_STYLE_ASSIGNMENT (( #2687 ) ) ;
#1418 = DIRECTION ( 'NONE',  ( 1.000000000000000000, 0.000000000000000000, 0.000000000000000000 ) ) ;
#1419 = FILL_AREA_STYLE_COLOUR ( '', #1321 ) ;
#1420 = AXIS2_PLACEMENT_3D ( 'NONE', #2910, #2527, #2215 ) ;
#1421 = AXIS2_PLACEMENT_3D ( 'NONE', #508, #489, #161 ) ;
#1422 = VERTEX_POINT ( 'NONE', #1030 ) ;
#1423 = SURFACE_STYLE_FILL_AREA ( #3128 ) ;
#1424 = SURFACE_SIDE_STYLE ('',( #3053 ) ) ;
#1425 = CARTESIAN_POINT ( 'NONE',  ( -0.6350000000000000089, -0.6500000000000000222, 0.2500000000000000000 ) ) ;
#1426 = ADVANCED_FACE ( 'NONE', ( #1650 ), #642, .T. ) ;
#1427 = CARTESIAN_POINT ( 'NONE',  ( 2.500000000000000000, -0.3499999999999999778, 0.2500000000000000000 ) ) ;
#1428 = EDGE_LOOP ( 'NONE', ( #3798, #1941, #837, #1778 ) ) ;
#1429 = COLOUR_RGB ( '',1.000000000000000000, 1.000000000000000000, 1.000000000000000000 ) ;
#1430 = EDGE_CURVE ( 'NONE', #753, #838, #1736, .T. ) ;
#1431 = VERTEX_POINT ( 'NONE', #2668 ) ;
#1432 = ORIENTED_EDGE ( 'NONE', *, *, #3225, .T. ) ;
#1433 = FACE_OUTER_BOUND ( 'NONE', #1363, .T. ) ;
#1434 = VECTOR ( 'NONE', #2578, 1000.000000000000000 ) ;
#1435 = LINE ( 'NONE', #1749, #2105 ) ;
#1436 = DIRECTION ( 'NONE',  ( 1.000000000000000000, 0.000000000000000000, 0.000000000000000000 ) ) ;
#1437 = PRESENTATION_LAYER_ASSIGNMENT (  '', '', ( #813 ) ) ;
#1438 = CARTESIAN_POINT ( 'NONE',  ( -2.010000000000000231, 1.899999999999999911, 0.2500000000000000000 ) ) ;
#1439 = CARTESIAN_POINT ( 'NONE',  ( 2.115866802211999964, -0.6500000000000000222, 0.2500000000000000000 ) ) ;
#1440 = SURFACE_SIDE_STYLE ('',( #2741 ) ) ;
#1441 = VERTEX_POINT ( 'NONE', #4021 ) ;
#1442 = VECTOR ( 'NONE', #553, 1000.000000000000000 ) ;
#1443 = FILL_AREA_STYLE ('',( #35 ) ) ;
#1444 = DIRECTION ( 'NONE',  ( 0.9874406319165889290, 5.561957144850643401E-12, 0.1579905011074001775 ) ) ;
#1445 = PLANE ( 'NONE',  #202 ) ;
#1446 = DIRECTION ( 'NONE',  ( -1.224646799146999945E-16, -1.000000000000000000, 0.000000000000000000 ) ) ;
#1447 = VERTEX_POINT ( 'NONE', #1007 ) ;
#1448 = CARTESIAN_POINT ( 'NONE',  ( 0.8400000000000000799, -3.037499999999999645, 0.000000000000000000 ) ) ;
#1449 = EDGE_CURVE ( 'NONE', #392, #1943, #2328, .T. ) ;
#1450 = DIRECTION ( 'NONE',  ( 1.000000000000000000, -1.224646799146999945E-16, 0.000000000000000000 ) ) ;
#1451 = CARTESIAN_POINT ( 'NONE',  ( 2.109999999999999876, 2.099913933060999938, 0.2500000000000000000 ) ) ;
#1452 = EDGE_CURVE ( 'NONE', #1621, #1385, #4067, .T. ) ;
#1453 = VERTEX_POINT ( 'NONE', #3653 ) ;
#1454 = ORIENTED_EDGE ( 'NONE', *, *, #526, .T. ) ;
#1455 = ORIENTED_EDGE ( 'NONE', *, *, #4118, .T. ) ;
#1456 = DIRECTION ( 'NONE',  ( 4.270727872040000210E-17, 1.000000000000000000, 0.000000000000000000 ) ) ;
#1457 = VECTOR ( 'NONE', #2606, 1000.000000000000000 ) ;
#1458 = FACE_OUTER_BOUND ( 'NONE', #3903, .T. ) ;
#1459 = DIRECTION ( 'NONE',  ( 0.000000000000000000, 0.000000000000000000, 1.000000000000000000 ) ) ;
#1460 = AXIS2_PLACEMENT_3D ( 'NONE', #1663, #607, #2298 ) ;
#1461 = APPLICATION_PROTOCOL_DEFINITION ( 'draft international standard', 'automotive_design', 1998, #3239 ) ;
#1462 = CARTESIAN_POINT ( 'NONE',  ( -2.109999999999999876, -3.037499999999999645, 0.2500000000000000000 ) ) ;
#1463 = DIRECTION ( 'NONE',  ( 0.000000000000000000, 0.000000000000000000, 1.000000000000000000 ) ) ;
#1464 = MECHANICAL_DESIGN_GEOMETRIC_PRESENTATION_REPRESENTATION (  '', ( #195 ), #3921 ) ;
#1465 = SURFACE_STYLE_USAGE ( .BOTH. , #1440 ) ;
#1466 = CIRCLE ( 'NONE', #325, 0.1199999999999998845 ) ;
#1467 = AXIS2_PLACEMENT_3D ( 'NONE', #510, #164, #2141 ) ;
#1468 = SURFACE_STYLE_FILL_AREA ( #766 ) ;
#1469 = PLANE ( 'NONE',  #419 ) ;
#1470 = PLANE ( 'NONE',  #1214 ) ;
#1471 = ORIENTED_EDGE ( 'NONE', *, *, #3401, .T. ) ;
#1472 = DIRECTION ( 'NONE',  ( 0.000000000000000000, 0.000000000000000000, 1.000000000000000000 ) ) ;
#1473 = ADVANCED_FACE ( 'NONE', ( #337 ), #2750, .T. ) ;
#1474 = CIRCLE ( 'NONE', #1047, 0.1200000000000001343 ) ;
#1475 = CARTESIAN_POINT ( 'NONE',  ( -2.289426582600968985, -2.839426582600940385, 0.9622992381412115437 ) ) ;
#1476 = CARTESIAN_POINT ( 'NONE',  ( -2.109999999999999876, 2.720000000000000195, 0.2500000000000000000 ) ) ;
#1477 = ORIENTED_EDGE ( 'NONE', *, *, #2531, .F. ) ;
#1478 = ORIENTED_EDGE ( 'NONE', *, *, #1098, .T. ) ;
#1479 = EDGE_LOOP ( 'NONE', ( #1971, #4169 ) ) ;
#1480 = FILL_AREA_STYLE ('',( #444 ) ) ;
#1481 = STYLED_ITEM ( 'NONE', ( #3910 ), #1577 ) ;
#1482 = ADVANCED_FACE ( 'NONE', ( #3816 ), #2797, .F. ) ;
#1483 = PLANE ( 'NONE',  #53 ) ;
#1484 = COLOUR_RGB ( '',1.000000000000000000, 1.000000000000000000, 1.000000000000000000 ) ;
#1485 = ADVANCED_FACE ( 'NONE', ( #1146 ), #169, .F. ) ;
#1486 = APPLICATION_PROTOCOL_DEFINITION ( 'draft international standard', 'automotive_design', 1998, #4057 ) ;
#1487 = FACE_OUTER_BOUND ( 'NONE', #714, .T. ) ;
#1488 = CARTESIAN_POINT ( 'NONE',  ( -2.209999999999999520, 2.100000000000000089, 0.000000000000000000 ) ) ;
#1489 = PRESENTATION_STYLE_ASSIGNMENT (( #184 ) ) ;
#1490 = ORIENTED_EDGE ( 'NONE', *, *, #3250, .F. ) ;
#1491 = PRODUCT_DEFINITION_SHAPE ( 'NONE', 'NONE',  #206 ) ;
#1492 = FILL_AREA_STYLE_COLOUR ( '', #3437 ) ;
#1493 = CARTESIAN_POINT ( 'NONE',  ( 2.209999999999999964, -0.2499999999999999445, 0.000000000000000000 ) ) ;
#1494 = CARTESIAN_POINT ( 'NONE',  ( -2.109999999999999876, 1.899999999999999911, 0.2500000000000000000 ) ) ;
#1495 = EDGE_CURVE ( 'NONE', #4276, #3644, #2147, .T. ) ;
#1496 = EDGE_LOOP ( 'NONE', ( #3800, #2700, #1702, #1770 ) ) ;
#1497 = EDGE_LOOP ( 'NONE', ( #2871, #457, #2030, #4186 ) ) ;
#1498 = ORIENTED_EDGE ( 'NONE', *, *, #4178, .T. ) ;
#1499 = PLANE ( 'NONE',  #3696 ) ;
#1500 = AXIS2_PLACEMENT_3D ( 'NONE', #1974, #3074, #1711 ) ;
#1501 = FACE_OUTER_BOUND ( 'NONE', #2066, .T. ) ;
#1502 = FACE_OUTER_BOUND ( 'NONE', #2654, .T. ) ;
#1503 = EDGE_CURVE ( 'NONE', #2023, #463, #4198, .T. ) ;
#1504 = CARTESIAN_POINT ( 'NONE',  ( 0.000000000000000000, 0.000000000000000000, 0.000000000000000000 ) ) ;
#1505 = FACE_OUTER_BOUND ( 'NONE', #2532, .T. ) ;
#1506 = EDGE_CURVE ( 'NONE', #1170, #4017, #1125, .T. ) ;
#1507 = CARTESIAN_POINT ( 'NONE',  ( -2.227673706549100352, -2.777673706549100618, 0.8800000000002492495 ) ) ;
#1508 = EDGE_CURVE ( 'NONE', #3636, #817, #2551, .T. ) ;
#1509 = SURFACE_SIDE_STYLE ('',( #2514 ) ) ;
#1510 = SURFACE_SIDE_STYLE ('',( #168 ) ) ;
#1511 = CARTESIAN_POINT ( 'NONE',  ( -0.6350000000000000089, 2.560000000000000053, 0.2500000000000000000 ) ) ;
#1512 = EDGE_CURVE ( 'NONE', #3840, #851, #1682, .T. ) ;
#1513 =( NAMED_UNIT ( * ) SI_UNIT ( $, .STERADIAN. ) SOLID_ANGLE_UNIT ( ) );
#1514 = CARTESIAN_POINT ( 'NONE',  ( -0.6350000000000000089, 3.037499999999999645, 0.2500000000000000000 ) ) ;
#1515 = ORIENTED_EDGE ( 'NONE', *, *, #1773, .F. ) ;
#1516 = CYLINDRICAL_SURFACE ( 'NONE', #3891, 0.1200000000000001343 ) ;
#1517 = CARTESIAN_POINT ( 'NONE',  ( 2.319662917083622045, 2.839426582600954152, 0.9396115358277312701 ) ) ;
#1518 = STYLED_ITEM ( 'NONE', ( #2984 ), #2745 ) ;
#1519 = CARTESIAN_POINT ( 'NONE',  ( -2.209999999999999964, -0.9200000000000000400, 0.000000000000000000 ) ) ;
#1520 = CARTESIAN_POINT ( 'NONE',  ( -2.109999999999999876, -0.7500000000000000000, 0.2500000000000000000 ) ) ;
#1521 = DIRECTION ( 'NONE',  ( 0.000000000000000000, 0.000000000000000000, 1.000000000000000000 ) ) ;
#1522 = DIRECTION ( 'NONE',  ( -1.000000000000000000, 0.000000000000000000, -0.000000000000000000 ) ) ;
#1523 = DIRECTION ( 'NONE',  ( -1.000000000000000000, 1.224646799146999945E-16, -0.000000000000000000 ) ) ;
#1524 = EDGE_CURVE ( 'NONE', #2564, #3151, #2516, .T. ) ;
#1525 = VECTOR ( 'NONE', #3703, 1000.000000000000000 ) ;
#1526 = ORIENTED_EDGE ( 'NONE', *, *, #3061, .F. ) ;
#1527 = CIRCLE ( 'NONE', #678, 0.1200000000000000094 ) ;
#1528 = MECHANICAL_DESIGN_GEOMETRIC_PRESENTATION_REPRESENTATION (  '', ( #1823 ), #1316 ) ;
#1529 = CARTESIAN_POINT ( 'NONE',  ( -2.331507124169996281, -3.000000000000026201, 0.2500000000009375278 ) ) ;
#1530 = VECTOR ( 'NONE', #1800, 1000.000000000000000 ) ;
#1531 = CLOSED_SHELL ( 'NONE', ( #3099, #1600, #3825, #3069, #1705, #690, #1634, #1373, #1774, #773, #2705, #1342, #3356, #2038, #564, #3885, #3321, #3541, #3482, #3805, #1841, #1426, #916, #2138, #528, #654, #1036 ) ) ;
#1532 = VERTEX_POINT ( 'NONE', #2912 ) ;
#1533 = FILL_AREA_STYLE_COLOUR ( '', #4183 ) ;
#1534 = AXIS2_PLACEMENT_3D ( 'NONE', #3355, #1004, #2307 ) ;
#1535 = CARTESIAN_POINT ( 'NONE',  ( 2.450000000000000178, 2.994863560060783580, 0.05000000000000005135 ) ) ;
#1536 = SURFACE_STYLE_USAGE ( .BOTH. , #3888 ) ;
#1537 =( GEOMETRIC_REPRESENTATION_CONTEXT ( 3 ) GLOBAL_UNCERTAINTY_ASSIGNED_CONTEXT ( ( #1651 ) ) GLOBAL_UNIT_ASSIGNED_CONTEXT ( ( #2010, #3338, #3430 ) ) REPRESENTATION_CONTEXT ( 'NONE', 'WORKASPACE' ) );
#1538 = AXIS2_PLACEMENT_3D ( 'NONE', #3422, #1111, #51 ) ;
#1539 = CONTEXT_DEPENDENT_SHAPE_REPRESENTATION ( #368, #3244 ) ;
#1540 = ORIENTED_EDGE ( 'NONE', *, *, #263, .T. ) ;
#1541 = EDGE_CURVE ( 'NONE', #2453, #952, #1288, .T. ) ;
#1542 =( GEOMETRIC_REPRESENTATION_CONTEXT ( 3 ) GLOBAL_UNCERTAINTY_ASSIGNED_CONTEXT ( ( #1239 ) ) GLOBAL_UNIT_ASSIGNED_CONTEXT ( ( #898, #1628, #2585 ) ) REPRESENTATION_CONTEXT ( 'NONE', 'WORKASPACE' ) );
#1543 = CARTESIAN_POINT ( 'NONE',  ( 2.227673706548999988, 2.777673706549000254, 0.8800000000000010036 ) ) ;
#1544 = CLOSED_SHELL ( 'NONE', ( #233, #2915, #2994, #2901, #2398, #3170 ) ) ;
#1545 = FILL_AREA_STYLE_COLOUR ( '', #165 ) ;
#1546 = LINE ( 'NONE', #1863, #145 ) ;
#1547 = UNCERTAINTY_MEASURE_WITH_UNIT (LENGTH_MEASURE( 1.000000000000000082E-05 ), #1865, 'distance_accuracy_value', 'NONE');
#1548 = CARTESIAN_POINT ( 'NONE',  ( -2.227673706549000432, -2.896166582378651100, 0.8989588601329443485 ) ) ;
#1549 = LINE ( 'NONE', #3879, #970 ) ;
#1550 = DIRECTION ( 'NONE',  ( -3.410125194079000194E-16, -1.000000000000000000, 0.000000000000000000 ) ) ;
#1551 = CARTESIAN_POINT ( 'NONE',  ( 0.000000000000000000, -3.000000000000000000, 0.05000000000000000278 ) ) ;
#1552 = ORIENTED_EDGE ( 'NONE', *, *, #623, .T. ) ;
#1553 = CARTESIAN_POINT ( 'NONE',  ( 2.333753600224883318, 2.827890096630583994, 0.9050074054013891311 ) ) ;
#1554 = DIRECTION ( 'NONE',  ( 0.000000000000000000, 0.000000000000000000, 1.000000000000000000 ) ) ;
#1555 = SURFACE_SIDE_STYLE ('',( #2579 ) ) ;
#1556 = DIRECTION ( 'NONE',  ( -0.1560548629280390232, -0.1560548629280390232, 0.9753428933011312196 ) ) ;
#1557 = STYLED_ITEM ( 'NONE', ( #1489 ), #2994 ) ;
#1558 = CYLINDRICAL_SURFACE ( 'NONE', #269, 0.1199999999999998845 ) ;
#1559 = CARTESIAN_POINT ( 'NONE',  ( 2.289426582600968985, -2.839426582600940385, 0.9622992381412115437 ) ) ;
#1560 = SURFACE_SIDE_STYLE ('',( #3616 ) ) ;
#1561 = VECTOR ( 'NONE', #1523, 1000.000000000000000 ) ;
#1562 = EDGE_CURVE ( 'NONE', #933, #409, #3265, .T. ) ;
#1563 = EDGE_LOOP ( 'NONE', ( #4205, #118, #1276, #156 ) ) ;
#1564 = CIRCLE ( 'NONE', #2898, 0.1200000000000001343 ) ;
#1565 =( NAMED_UNIT ( * ) SI_UNIT ( $, .STERADIAN. ) SOLID_ANGLE_UNIT ( ) );
#1566 = CARTESIAN_POINT ( 'NONE',  ( -0.4299999999999999933, 3.037499999999999645, 0.000000000000000000 ) ) ;
#1567 = VECTOR ( 'NONE', #746, 1000.000000000000000 ) ;
#1568 = FILL_AREA_STYLE_COLOUR ( '', #799 ) ;
#1569 = CARTESIAN_POINT ( 'NONE',  ( -2.449999999999999734, -3.000000000000000000, 0.2500000000000000000 ) ) ;
#1570 = FACE_OUTER_BOUND ( 'NONE', #2431, .T. ) ;
#1571 = LINE ( 'NONE', #1551, #2997 ) ;
#1572 = ORIENTED_EDGE ( 'NONE', *, *, #2208, .F. ) ;
#1573 = STYLED_ITEM ( 'NONE', ( #643 ), #805 ) ;
#1574 =( LENGTH_UNIT ( ) NAMED_UNIT ( * ) SI_UNIT ( .MILLI., .METRE. ) );
#1575 = DIRECTION ( 'NONE',  ( 1.000000000000000000, -1.224646799146999945E-16, 0.000000000000000000 ) ) ;
#1576 = PRESENTATION_STYLE_ASSIGNMENT (( #4301 ) ) ;
#1577 = ADVANCED_FACE ( 'NONE', ( #850 ), #2197, .F. ) ;
#1578 = AXIS2_PLACEMENT_3D ( 'NONE', #2441, #3471, #1456 ) ;
#1579 = ADVANCED_BREP_SHAPE_REPRESENTATION ( '', ( #3465, #4078 ), #545 ) ;
#1580 = DIRECTION ( 'NONE',  ( 1.000000000000000000, 0.000000000000000000, -0.000000000000000000 ) ) ;
#1581 = AXIS2_PLACEMENT_3D ( 'NONE', #2103, #2408, #1828 ) ;
#1582 = SURFACE_SIDE_STYLE ('',( #3958 ) ) ;
#1583 = EDGE_CURVE ( 'NONE', #1710, #1431, #207, .T. ) ;
#1584 = FACE_OUTER_BOUND ( 'NONE', #706, .T. ) ;
#1585 = DIRECTION ( 'NONE',  ( 0.000000000000000000, 0.000000000000000000, 1.000000000000000000 ) ) ;
#1586 = SURFACE_SIDE_STYLE ('',( #2587 ) ) ;
#1587 = VERTEX_POINT ( 'NONE', #186 ) ;
#1588 = DIRECTION ( 'NONE',  ( 0.000000000000000000, 0.000000000000000000, 1.000000000000000000 ) ) ;
#1589 = STYLED_ITEM ( 'NONE', ( #3339 ), #2774 ) ;
#1590 = SURFACE_STYLE_FILL_AREA ( #905 ) ;
#1591 = UNCERTAINTY_MEASURE_WITH_UNIT (LENGTH_MEASURE( 1.000000000000000082E-05 ), #3183, 'distance_accuracy_value', 'NONE');
#1592 = SURFACE_SIDE_STYLE ('',( #3331 ) ) ;
#1593 = CARTESIAN_POINT ( 'NONE',  ( 2.109999999999999876, -2.402500000000000302, -1.300020238410828535E-81 ) ) ;
#1594 = DIRECTION ( 'NONE',  ( -0.000000000000000000, -0.000000000000000000, -1.000000000000000000 ) ) ;
#1595 = ORIENTED_EDGE ( 'NONE', *, *, #2013, .T. ) ;
#1596 = CIRCLE ( 'NONE', #1742, 0.2500000000000002220 ) ;
#1597 = DIRECTION ( 'NONE',  ( 1.000000000000000000, -1.224646799147319927E-16, -3.795867174530299861E-29 ) ) ;
#1598 = DIRECTION ( 'NONE',  ( 0.000000000000000000, -7.992805392577500665E-34, 1.000000000000000000 ) ) ;
#1599 = FACE_OUTER_BOUND ( 'NONE', #4297, .T. ) ;
#1600 = ADVANCED_FACE ( 'NONE', ( #1570 ), #3992, .T. ) ;
#1601 = UNCERTAINTY_MEASURE_WITH_UNIT (LENGTH_MEASURE( 1.000000000000000082E-05 ), #2918, 'distance_accuracy_value', 'NONE');
#1602 = CARTESIAN_POINT ( 'NONE',  ( -2.109999999999999876, -2.720000000000000195, 0.2500000000000000000 ) ) ;
#1603 =( NAMED_UNIT ( * ) PLANE_ANGLE_UNIT ( ) SI_UNIT ( $, .RADIAN. ) );
#1604 = VECTOR ( 'NONE', #1522, 1000.000000000000000 ) ;
#1605 = AXIS2_PLACEMENT_3D ( 'NONE', #3027, #3148, #2149 ) ;
#1606 = ADVANCED_FACE ( 'NONE', ( #2783 ), #1388, .T. ) ;
#1607 = DIRECTION ( 'NONE',  ( 0.000000000000000000, 0.000000000000000000, 1.000000000000000000 ) ) ;
#1608 =( NAMED_UNIT ( * ) PLANE_ANGLE_UNIT ( ) SI_UNIT ( $, .RADIAN. ) );
#1609 = CARTESIAN_POINT ( 'NONE',  ( 2.223477195468097189, 2.830860696598402004, 0.9939407791067127462 ) ) ;
#1610 = PRESENTATION_LAYER_ASSIGNMENT (  '', '', ( #1959 ) ) ;
#1611 = ORIENTED_EDGE ( 'NONE', *, *, #2323, .T. ) ;
#1612 = MECHANICAL_DESIGN_GEOMETRIC_PRESENTATION_REPRESENTATION (  '', ( #3595 ), #3011 ) ;
#1613 = LINE ( 'NONE', #2658, #2718 ) ;
#1614 = ORIENTED_EDGE ( 'NONE', *, *, #332, .F. ) ;
#1615 = AXIS2_PLACEMENT_3D ( 'NONE', #3328, #2681, #305 ) ;
#1616 = SHAPE_REPRESENTATION_RELATIONSHIP ( 'NONE' , 'NONE' ,  #3347, #1579 ) ;
#1617 = VECTOR ( 'NONE', #1550, 1000.000000000000000 ) ;
#1618 = CARTESIAN_POINT ( 'NONE',  ( 2.223477195468390288, -2.830860696598469950, 0.9939407791066381392 ) ) ;
#1619 = PRESENTATION_STYLE_ASSIGNMENT (( #3626 ) ) ;
#1620 = EDGE_LOOP ( 'NONE', ( #2078, #231, #309, #443 ) ) ;
#1621 = VERTEX_POINT ( 'NONE', #1725 ) ;
#1622 = CARTESIAN_POINT ( 'NONE',  ( -2.109999999999999876, 0.1000000000000000056, 0.000000000000000000 ) ) ;
#1623 =( NAMED_UNIT ( * ) SI_UNIT ( $, .STERADIAN. ) SOLID_ANGLE_UNIT ( ) );
#1624 = SURFACE_STYLE_FILL_AREA ( #936 ) ;
#1625 =( NAMED_UNIT ( * ) SI_UNIT ( $, .STERADIAN. ) SOLID_ANGLE_UNIT ( ) );
#1626 = EDGE_CURVE ( 'NONE', #2152, #2840, #1058, .T. ) ;
#1627 = CARTESIAN_POINT ( 'NONE',  ( 0.4299999999999999378, 2.720000000000000195, 0.2500000000000000000 ) ) ;
#1628 =( NAMED_UNIT ( * ) PLANE_ANGLE_UNIT ( ) SI_UNIT ( $, .RADIAN. ) );
#1629 = EDGE_CURVE ( 'NONE', #2749, #1130, #4033, .T. ) ;
#1630 = UNCERTAINTY_MEASURE_WITH_UNIT (LENGTH_MEASURE( 1.000000000000000082E-05 ), #1926, 'distance_accuracy_value', 'NONE');
#1631 =( GEOMETRIC_REPRESENTATION_CONTEXT ( 3 ) GLOBAL_UNCERTAINTY_ASSIGNED_CONTEXT ( ( #1591 ) ) GLOBAL_UNIT_ASSIGNED_CONTEXT ( ( #3183, #3165, #3223 ) ) REPRESENTATION_CONTEXT ( 'NONE', 'WORKASPACE' ) );
#1632 = CIRCLE ( 'NONE', #3116, 0.2500000000000002220 ) ;
#1633 = VERTEX_POINT ( 'NONE', #2371 ) ;
#1634 = ADVANCED_FACE ( 'NONE', ( #2049 ), #1771, .T. ) ;
#1635 =( NAMED_UNIT ( * ) PLANE_ANGLE_UNIT ( ) SI_UNIT ( $, .RADIAN. ) );
#1636 = SURFACE_SIDE_STYLE ('',( #3639 ) ) ;
#1637 = EDGE_CURVE ( 'NONE', #4343, #189, #2341, .T. ) ;
#1638 = CARTESIAN_POINT ( 'NONE',  ( -2.293928830239686079, -2.953886371168964242, 0.8487659199888555328 ) ) ;
#1639 = SURFACE_STYLE_USAGE ( .BOTH. , #2683 ) ;
#1640 = PRESENTATION_LAYER_ASSIGNMENT (  '', '', ( #3956 ) ) ;
#1641 = LINE ( 'NONE', #1025, #969 ) ;
#1642 = ORIENTED_EDGE ( 'NONE', *, *, #104, .T. ) ;
#1643 = ORIENTED_EDGE ( 'NONE', *, *, #3952, .T. ) ;
#1644 =( LENGTH_UNIT ( ) NAMED_UNIT ( * ) SI_UNIT ( .MILLI., .METRE. ) );
#1645 = EDGE_CURVE ( 'NONE', #2539, #2840, #1435, .T. ) ;
#1646 = LINE ( 'NONE', #2665, #3761 ) ;
#1647 =( NAMED_UNIT ( * ) SI_UNIT ( $, .STERADIAN. ) SOLID_ANGLE_UNIT ( ) );
#1648 = CARTESIAN_POINT ( 'NONE',  ( -2.401877752806058197, 3.000000000000000444, 0.1801601991002413916 ) ) ;
#1649 =( NAMED_UNIT ( * ) SI_UNIT ( $, .STERADIAN. ) SOLID_ANGLE_UNIT ( ) );
#1650 = FACE_OUTER_BOUND ( 'NONE', #3492, .T. ) ;
#1651 = UNCERTAINTY_MEASURE_WITH_UNIT (LENGTH_MEASURE( 1.000000000000000082E-05 ), #2010, 'distance_accuracy_value', 'NONE');
#1652 =( GEOMETRIC_REPRESENTATION_CONTEXT ( 3 ) GLOBAL_UNCERTAINTY_ASSIGNED_CONTEXT ( ( #351 ) ) GLOBAL_UNIT_ASSIGNED_CONTEXT ( ( #4206, #487, #1171 ) ) REPRESENTATION_CONTEXT ( 'NONE', 'WORKASPACE' ) );
#1653 = FACE_OUTER_BOUND ( 'NONE', #816, .T. ) ;
#1654 = LINE ( 'NONE', #1627, #4130 ) ;
#1655 = PRODUCT_DEFINITION_CONTEXT ( 'detailed design', #2802, 'design' ) ;
#1656 = COLOUR_RGB ( '',1.000000000000000000, 1.000000000000000000, 1.000000000000000000 ) ;
#1657 = PRESENTATION_STYLE_ASSIGNMENT (( #69 ) ) ;
#1658 = DIRECTION ( 'NONE',  ( 0.000000000000000000, -7.992805392577500665E-34, 1.000000000000000000 ) ) ;
#1659 = CARTESIAN_POINT ( 'NONE',  ( -1.477673706548999988, -2.277673706548999810, 1.000000000000000000 ) ) ;
#1660 =( GEOMETRIC_REPRESENTATION_CONTEXT ( 3 ) GLOBAL_UNCERTAINTY_ASSIGNED_CONTEXT ( ( #1357 ) ) GLOBAL_UNIT_ASSIGNED_CONTEXT ( ( #1788, #2771, #131 ) ) REPRESENTATION_CONTEXT ( 'NONE', 'WORKASPACE' ) );
#1661 = ORIENTED_EDGE ( 'NONE', *, *, #16, .T. ) ;
#1662 = DIRECTION ( 'NONE',  ( 1.000000000000000000, -1.194078392304068460E-16, -1.910525427689896658E-17 ) ) ;
#1663 = CARTESIAN_POINT ( 'NONE',  ( -2.109999999999999876, 2.100000000000000089, 0.2500000000000000000 ) ) ;
#1664 = PRODUCT_DEFINITION_SHAPE ( 'NONE', 'NONE',  #927 ) ;
#1665 = CARTESIAN_POINT ( 'NONE',  ( 2.115866802211999964, -0.6500000000000000222, 0.000000000000000000 ) ) ;
#1666 = DIRECTION ( 'NONE',  ( -1.000000000000000000, 2.259689972760629896E-50, 1.806126219983446961E-83 ) ) ;
#1667 = CARTESIAN_POINT ( 'NONE',  ( 2.289426582600970317, 2.839426582600940385, 0.9622992381412122098 ) ) ;
#1668 = ORIENTED_EDGE ( 'NONE', *, *, #384, .F. ) ;
#1669 = EDGE_LOOP ( 'NONE', ( #2075, #271, #1151, #728 ) ) ;
#1670 = FILL_AREA_STYLE ('',( #689 ) ) ;
#1671 = CARTESIAN_POINT ( 'NONE',  ( -0.6350000000000000089, -0.3500000000000000333, 0.2500000000000000000 ) ) ;
#1672 = EDGE_CURVE ( 'NONE', #851, #3109, #1693, .T. ) ;
#1673 = DIRECTION ( 'NONE',  ( -0.000000000000000000, -0.000000000000000000, -1.000000000000000000 ) ) ;
#1674 = DIRECTION ( 'NONE',  ( -1.224646799146999945E-16, -1.000000000000000000, 0.000000000000000000 ) ) ;
#1675 = DIRECTION ( 'NONE',  ( -1.000000000000000000, 3.410125194079000194E-16, 0.000000000000000000 ) ) ;
#1676 = FILL_AREA_STYLE_COLOUR ( '', #3518 ) ;
#1677 =( GEOMETRIC_REPRESENTATION_CONTEXT ( 3 ) GLOBAL_UNCERTAINTY_ASSIGNED_CONTEXT ( ( #2244 ) ) GLOBAL_UNIT_ASSIGNED_CONTEXT ( ( #670, #3393, #3753 ) ) REPRESENTATION_CONTEXT ( 'NONE', 'WORKASPACE' ) );
#1678 = SURFACE_STYLE_USAGE ( .BOTH. , #1360 ) ;
#1679 = VERTEX_POINT ( 'NONE', #1040 ) ;
#1680 =( GEOMETRIC_REPRESENTATION_CONTEXT ( 3 ) GLOBAL_UNCERTAINTY_ASSIGNED_CONTEXT ( ( #2909 ) ) GLOBAL_UNIT_ASSIGNED_CONTEXT ( ( #3453, #1094, #1752 ) ) REPRESENTATION_CONTEXT ( 'NONE', 'WORKASPACE' ) );
#1681 = ORIENTED_EDGE ( 'NONE', *, *, #391, .T. ) ;
#1682 = LINE ( 'NONE', #4335, #1261 ) ;
#1683 =( NAMED_UNIT ( * ) SI_UNIT ( $, .STERADIAN. ) SOLID_ANGLE_UNIT ( ) );
#1684 = STYLED_ITEM ( 'NONE', ( #2939 ), #4023 ) ;
#1685 = UNCERTAINTY_MEASURE_WITH_UNIT (LENGTH_MEASURE( 1.000000000000000082E-05 ), #1951, 'distance_accuracy_value', 'NONE');
#1686 = EDGE_CURVE ( 'NONE', #1027, #1441, #3661, .T. ) ;
#1687 = CARTESIAN_POINT ( 'NONE',  ( 2.289426582600969873, -2.839426582600940829, 0.9622992381412130980 ) ) ;
#1688 = FILL_AREA_STYLE ('',( #2634 ) ) ;
#1689 = DIRECTION ( 'NONE',  ( 1.000000000000000000, -1.224646799147319927E-16, -3.795867174530299861E-29 ) ) ;
#1690 = ORIENTED_EDGE ( 'NONE', *, *, #2211, .F. ) ;
#1691 = ORIENTED_EDGE ( 'NONE', *, *, #2738, .F. ) ;
#1692 = CARTESIAN_POINT ( 'NONE',  ( 2.346166582378651722, -1.500000000000000000, 0.8989588601329443485 ) ) ;
#1693 = CIRCLE ( 'NONE', #3532, 0.1199999999999998845 ) ;
#1694 = FILL_AREA_STYLE_COLOUR ( '', #3681 ) ;
#1695 = FACE_OUTER_BOUND ( 'NONE', #6, .T. ) ;
#1696 = CIRCLE ( 'NONE', #3598, 0.09999999999999982514 ) ;
#1697 = CARTESIAN_POINT ( 'NONE',  ( -2.500000000000000000, -0.3499999999999999778, 2.470328229206232721E-320 ) ) ;
#1698 = EDGE_CURVE ( 'NONE', #2231, #378, #782, .T. ) ;
#1699 = CARTESIAN_POINT ( 'NONE',  ( -2.223477195468436918, -2.830860696598481940, 0.9939407791066247055 ) ) ;
#1700 = DIRECTION ( 'NONE',  ( 1.224646799146999945E-16, 1.000000000000000000, 0.000000000000000000 ) ) ;
#1701 = DIRECTION ( 'NONE',  ( 5.595603589010000068E-16, 1.000000000000000000, 0.000000000000000000 ) ) ;
#1702 = ORIENTED_EDGE ( 'NONE', *, *, #2183, .F. ) ;
#1703 = ORIENTED_EDGE ( 'NONE', *, *, #2895, .F. ) ;
#1704 = VERTEX_POINT ( 'NONE', #3037 ) ;
#1705 = ADVANCED_FACE ( 'NONE', ( #2114 ), #26, .T. ) ;
#1706 = CARTESIAN_POINT ( 'NONE',  ( -2.010000000000000231, -0.6500000000000000222, 0.000000000000000000 ) ) ;
#1707 = AXIS2_PLACEMENT_3D ( 'NONE', #3567, #2237, #246 ) ;
#1708 = LINE ( 'NONE', #2684, #1250 ) ;
#1709 = ORIENTED_EDGE ( 'NONE', *, *, #2079, .T. ) ;
#1710 = VERTEX_POINT ( 'NONE', #542 ) ;
#1711 = DIRECTION ( 'NONE',  ( -0.5146073004330696810, -0.5146073004328419742, 0.6858269845100956053 ) ) ;
#1712 = CARTESIAN_POINT ( 'NONE',  ( -0.8400000000000000799, -2.402500000000000302, 0.000000000000000000 ) ) ;
#1713 = DIRECTION ( 'NONE',  ( 9.231973554570200601E-33, 0.000000000000000000, -1.000000000000000000 ) ) ;
#1714 =( LENGTH_UNIT ( ) NAMED_UNIT ( * ) SI_UNIT ( .MILLI., .METRE. ) );
#1715 = SURFACE_SIDE_STYLE ('',( #360 ) ) ;
#1716 = UNCERTAINTY_MEASURE_WITH_UNIT (LENGTH_MEASURE( 1.000000000000000082E-05 ), #4189, 'distance_accuracy_value', 'NONE');
#1717 = DIRECTION ( 'NONE',  ( 1.000000000000000000, -1.224646799147319927E-16, 3.795867174530299861E-29 ) ) ;
#1718 = FACE_OUTER_BOUND ( 'NONE', #3922, .T. ) ;
#1719 = ORIENTED_EDGE ( 'NONE', *, *, #4003, .T. ) ;
#1720 = ORIENTED_EDGE ( 'NONE', *, *, #2259, .T. ) ;
#1721 = EDGE_LOOP ( 'NONE', ( #3691, #1455, #3536, #861 ) ) ;
#1722 = PLANE ( 'NONE',  #1578 ) ;
#1723 =( BOUNDED_CURVE ( )  B_SPLINE_CURVE ( 3, ( #4222, #2198, #533, #974 ),
 .UNSPECIFIED., .F., .T. ) 
 B_SPLINE_CURVE_WITH_KNOTS ( ( 4, 4 ),
 ( 3.166556244753211846, 3.909201226948253449 ),
 .UNSPECIFIED. ) 
 CURVE ( )  GEOMETRIC_REPRESENTATION_ITEM ( )  RATIONAL_B_SPLINE_CURVE ( ( 1.000000000000000000, 0.9545655314959043958, 0.9545655314959043958, 1.000000000000000000 ) ) 
 REPRESENTATION_ITEM ( '' )  );
#1724 = ORIENTED_EDGE ( 'NONE', *, *, #3031, .F. ) ;
#1725 = CARTESIAN_POINT ( 'NONE',  ( 0.4299999999999999933, 3.037499999999999645, 0.2500000000000000000 ) ) ;
#1726 = VECTOR ( 'NONE', #3444, 1000.000000000000000 ) ;
#1727 = SHAPE_REPRESENTATION_RELATIONSHIP ( 'NONE' , 'NONE' ,  #3817, #3802 ) ;
#1728 = LINE ( 'NONE', #2761, #3285 ) ;
#1729 = CARTESIAN_POINT ( 'NONE',  ( -0.8400000000000000799, -2.402500000000000302, -5.373210877287312445E-78 ) ) ;
#1730 = ORIENTED_EDGE ( 'NONE', *, *, #2672, .T. ) ;
#1731 = FACE_OUTER_BOUND ( 'NONE', #1103, .T. ) ;
#1732 = CARTESIAN_POINT ( 'NONE',  ( 0.4300000000000001044, -3.037499999999999645, 0.000000000000000000 ) ) ;
#1733 = DIRECTION ( 'NONE',  ( 1.000000000000000000, 0.000000000000000000, 0.000000000000000000 ) ) ;
#1734 =( NAMED_UNIT ( * ) SI_UNIT ( $, .STERADIAN. ) SOLID_ANGLE_UNIT ( ) );
#1735 = ORIENTED_EDGE ( 'NONE', *, *, #3863, .F. ) ;
#1736 = LINE ( 'NONE', #64, #525 ) ;
#1737 = COLOUR_RGB ( '',1.000000000000000000, 1.000000000000000000, 1.000000000000000000 ) ;
#1738 = CARTESIAN_POINT ( 'NONE',  ( -2.310000000000000053, -0.3499999999999999778, -1.308422091667076249E-81 ) ) ;
#1739 = CARTESIAN_POINT ( 'NONE',  ( 2.310000000000000053, -0.2500000000000000000, 0.2500000000000000000 ) ) ;
#1740 = ADVANCED_FACE ( 'NONE', ( #1458 ), #3540, .F. ) ;
#1741 = SURFACE_STYLE_FILL_AREA ( #4011 ) ;
#1742 = AXIS2_PLACEMENT_3D ( 'NONE', #1389, #4125, #3374 ) ;
#1743 = SURFACE_SIDE_STYLE ('',( #2725 ) ) ;
#1744 = CARTESIAN_POINT ( 'NONE',  ( -2.109999999999999876, 3.037499999999999645, 0.000000000000000000 ) ) ;
#1745 = ORIENTED_EDGE ( 'NONE', *, *, #1757, .F. ) ;
#1746 = EDGE_LOOP ( 'NONE', ( #4088, #2192, #1026, #1134 ) ) ;
#1747 = ORIENTED_EDGE ( 'NONE', *, *, #4213, .T. ) ;
#1748 =( GEOMETRIC_REPRESENTATION_CONTEXT ( 3 ) GLOBAL_UNCERTAINTY_ASSIGNED_CONTEXT ( ( #937 ) ) GLOBAL_UNIT_ASSIGNED_CONTEXT ( ( #2250, #1292, #941 ) ) REPRESENTATION_CONTEXT ( 'NONE', 'WORKASPACE' ) );
#1749 = CARTESIAN_POINT ( 'NONE',  ( -0.6124999999999999334, -2.777673706548999366, 1.000000000000000000 ) ) ;
#1750 = MECHANICAL_DESIGN_GEOMETRIC_PRESENTATION_REPRESENTATION (  '', ( #1390 ), #3987 ) ;
#1751 = VECTOR ( 'NONE', #3850, 1000.000000000000000 ) ;
#1752 =( NAMED_UNIT ( * ) SI_UNIT ( $, .STERADIAN. ) SOLID_ANGLE_UNIT ( ) );
#1753 = DIRECTION ( 'NONE',  ( 4.270727872040000210E-17, 1.000000000000000000, 0.000000000000000000 ) ) ;
#1754 = VECTOR ( 'NONE', #1242, 1000.000000000000000 ) ;
#1755 =( NAMED_UNIT ( * ) SI_UNIT ( $, .STERADIAN. ) SOLID_ANGLE_UNIT ( ) );
#1756 = ORIENTED_EDGE ( 'NONE', *, *, #2091, .F. ) ;
#1757 = EDGE_CURVE ( 'NONE', #1264, #952, #200, .T. ) ;
#1758 = VECTOR ( 'NONE', #1045, 1000.000000000000000 ) ;
#1759 = FILL_AREA_STYLE_COLOUR ( '', #3621 ) ;
#1760 = DIRECTION ( 'NONE',  ( -0.1560548629280390232, 0.1560548629280390232, -0.9753428933011312196 ) ) ;
#1761 = SURFACE_STYLE_FILL_AREA ( #382 ) ;
#1762 = ORIENTED_EDGE ( 'NONE', *, *, #1430, .F. ) ;
#1763 = DIRECTION ( 'NONE',  ( 1.000000000000000000, -0.000000000000000000, 0.000000000000000000 ) ) ;
#1764 = CARTESIAN_POINT ( 'NONE',  ( -2.109999999999999876, -0.6499999999999998002, 0.2500000000000000000 ) ) ;
#1765 = AXIS2_PLACEMENT_3D ( 'NONE', #2139, #3519, #3498 ) ;
#1766 = FILL_AREA_STYLE ('',( #343 ) ) ;
#1767 =( NAMED_UNIT ( * ) PLANE_ANGLE_UNIT ( ) SI_UNIT ( $, .RADIAN. ) );
#1768 = ORIENTED_EDGE ( 'NONE', *, *, #2828, .T. ) ;
#1769 = ORIENTED_EDGE ( 'NONE', *, *, #372, .F. ) ;
#1770 = ORIENTED_EDGE ( 'NONE', *, *, #602, .F. ) ;
#1771 = CYLINDRICAL_SURFACE ( 'NONE', #1538, 0.1200000000000001343 ) ;
#1772 = CARTESIAN_POINT ( 'NONE',  ( -2.227673706548999988, 2.829606875674646194, 0.9881801550404094581 ) ) ;
#1773 = EDGE_CURVE ( 'NONE', #3121, #2539, #1815, .T. ) ;
#1774 = ADVANCED_FACE ( 'NONE', ( #1501 ), #1516, .T. ) ;
#1775 = LINE ( 'NONE', #4059, #2290 ) ;
#1776 = CARTESIAN_POINT ( 'NONE',  ( -2.346166582378954590, 2.777673706548999810, 0.8989588601324143280 ) ) ;
#1777 = CARTESIAN_POINT ( 'NONE',  ( 1.699999999999999956, 2.560000000000000053, 0.000000000000000000 ) ) ;
#1778 = ORIENTED_EDGE ( 'NONE', *, *, #3073, .T. ) ;
#1779 = MECHANICAL_DESIGN_GEOMETRIC_PRESENTATION_REPRESENTATION (  '', ( #3246 ), #220 ) ;
#1780 = DIRECTION ( 'NONE',  ( 1.000000000000000000, -1.224646799147319927E-16, -3.795867174530299861E-29 ) ) ;
#1781 = ADVANCED_FACE ( 'NONE', ( #3887 ), #803, .F. ) ;
#1782 = DIRECTION ( 'NONE',  ( -0.1560548629277731802, 0.1560548629284536637, 0.9753428933011074609 ) ) ;
#1783 = DIRECTION ( 'NONE',  ( 0.000000000000000000, 0.000000000000000000, 1.000000000000000000 ) ) ;
#1784 = AXIS2_PLACEMENT_3D ( 'NONE', #1102, #1786, #3431 ) ;
#1785 = AXIS2_PLACEMENT_3D ( 'NONE', #2249, #1291, #2945 ) ;
#1786 = DIRECTION ( 'NONE',  ( -1.000000000000000000, -3.146309990714999803E-16, 0.000000000000000000 ) ) ;
#1787 = ORIENTED_EDGE ( 'NONE', *, *, #332, .T. ) ;
#1788 =( LENGTH_UNIT ( ) NAMED_UNIT ( * ) SI_UNIT ( .MILLI., .METRE. ) );
#1789 = DIRECTION ( 'NONE',  ( 0.000000000000000000, 0.000000000000000000, 1.000000000000000000 ) ) ;
#1790 = DIRECTION ( 'NONE',  ( 1.000000000000000000, -0.000000000000000000, 0.000000000000000000 ) ) ;
#1791 =( LENGTH_UNIT ( ) NAMED_UNIT ( * ) SI_UNIT ( .MILLI., .METRE. ) );
#1792 = ORIENTED_EDGE ( 'NONE', *, *, #3980, .F. ) ;
#1793 =( GEOMETRIC_REPRESENTATION_CONTEXT ( 3 ) GLOBAL_UNCERTAINTY_ASSIGNED_CONTEXT ( ( #3960 ) ) GLOBAL_UNIT_ASSIGNED_CONTEXT ( ( #3429, #3834, #2846 ) ) REPRESENTATION_CONTEXT ( 'NONE', 'WORKASPACE' ) );
#1794 = ORIENTED_EDGE ( 'NONE', *, *, #1686, .F. ) ;
#1795 = ORIENTED_EDGE ( 'NONE', *, *, #4153, .F. ) ;
#1796 = SURFACE_STYLE_FILL_AREA ( #1480 ) ;
#1797 = STYLED_ITEM ( 'NONE', ( #272 ), #1161 ) ;
#1798 = CARTESIAN_POINT ( 'NONE',  ( 2.500000000000000000, -0.6500000000000000222, 0.2500000000000000000 ) ) ;
#1799 = VECTOR ( 'NONE', #236, 1000.000000000000000 ) ;
#1800 = DIRECTION ( 'NONE',  ( 0.000000000000000000, 0.000000000000000000, 1.000000000000000000 ) ) ;
#1801 = CARTESIAN_POINT ( 'NONE',  ( 2.115866802211999964, -0.6500000000000000222, 0.2500000000000000000 ) ) ;
#1802 = PLANE ( 'NONE',  #488 ) ;
#1803 = ORIENTED_EDGE ( 'NONE', *, *, #204, .T. ) ;
#1804 = EDGE_CURVE ( 'NONE', #881, #2324, #2561, .T. ) ;
#1805 = DIRECTION ( 'NONE',  ( -0.000000000000000000, -0.000000000000000000, -1.000000000000000000 ) ) ;
#1806 = CARTESIAN_POINT ( 'NONE',  ( 2.449999999999999734, -3.000000000000000000, 0.2500000000000000000 ) ) ;
#1807 = FILL_AREA_STYLE_COLOUR ( '', #2317 ) ;
#1808 = ORIENTED_EDGE ( 'NONE', *, *, #3115, .F. ) ;
#1809 =( NAMED_UNIT ( * ) PLANE_ANGLE_UNIT ( ) SI_UNIT ( $, .RADIAN. ) );
#1810 = EDGE_CURVE ( 'NONE', #3150, #260, #9, .T. ) ;
#1811 = DIRECTION ( 'NONE',  ( 0.000000000000000000, 1.000000000000000000, 0.000000000000000000 ) ) ;
#1812 = ORIENTED_EDGE ( 'NONE', *, *, #113, .F. ) ;
#1813 = ORIENTED_EDGE ( 'NONE', *, *, #857, .T. ) ;
#1814 = ORIENTED_EDGE ( 'NONE', *, *, #854, .T. ) ;
#1815 = LINE ( 'NONE', #2137, #1851 ) ;
#1816 = CARTESIAN_POINT ( 'NONE',  ( -2.500000000000000000, -0.6500000000000000222, 0.000000000000000000 ) ) ;
#1817 = PRESENTATION_LAYER_ASSIGNMENT (  '', '', ( #2082 ) ) ;
#1818 = PLANE ( 'NONE',  #481 ) ;
#1819 = CARTESIAN_POINT ( 'NONE',  ( 0.8400000000000000799, 3.037499999999999645, 0.000000000000000000 ) ) ;
#1820 = VECTOR ( 'NONE', #3993, 1000.000000000000000 ) ;
#1821 = DIRECTION ( 'NONE',  ( 1.224646799147319927E-16, 1.000000000000000000, -3.795867174530299861E-29 ) ) ;
#1822 = EDGE_CURVE ( 'NONE', #838, #1704, #940, .T. ) ;
#1823 = STYLED_ITEM ( 'NONE', ( #116 ), #1953 ) ;
#1824 = DIRECTION ( 'NONE',  ( -0.1560548629284471411, 0.1560548629280391342, 0.9753428933010658275 ) ) ;
#1825 = LINE ( 'NONE', #1163, #2653 ) ;
#1826 = LINE ( 'NONE', #1548, #3474 ) ;
#1827 = ORIENTED_EDGE ( 'NONE', *, *, #396, .F. ) ;
#1828 = DIRECTION ( 'NONE',  ( 1.000000000000000000, -1.224646799146999945E-16, 0.000000000000000000 ) ) ;
#1829 = DIRECTION ( 'NONE',  ( 0.000000000000000000, -0.1579905011069459853, 0.9874406319166616486 ) ) ;
#1830 =( LENGTH_UNIT ( ) NAMED_UNIT ( * ) SI_UNIT ( .MILLI., .METRE. ) );
#1831 =( NAMED_UNIT ( * ) PLANE_ANGLE_UNIT ( ) SI_UNIT ( $, .RADIAN. ) );
#1832 = PRESENTATION_LAYER_ASSIGNMENT (  '', '', ( #777 ) ) ;
#1833 = VECTOR ( 'NONE', #2817, 1000.000000000000000 ) ;
#1834 = VERTEX_POINT ( 'NONE', #3917 ) ;
#1835 = ORIENTED_EDGE ( 'NONE', *, *, #2672, .F. ) ;
#1836 = ORIENTED_EDGE ( 'NONE', *, *, #1503, .F. ) ;
#1837 = CARTESIAN_POINT ( 'NONE',  ( 2.109999999999999876, -3.037499999999999645, 0.000000000000000000 ) ) ;
#1838 = AXIS2_PLACEMENT_3D ( 'NONE', #517, #2319, #651 ) ;
#1839 = DIRECTION ( 'NONE',  ( -1.224646799147319927E-16, -1.000000000000000000, -3.795867174530299861E-29 ) ) ;
#1840 = CARTESIAN_POINT ( 'NONE',  ( 2.293928830239670091, 2.953886371169306635, 0.8487659199884466377 ) ) ;
#1841 = ADVANCED_FACE ( 'NONE', ( #1272 ), #529, .T. ) ;
#1842 = EDGE_CURVE ( 'NONE', #46, #2004, #3982, .T. ) ;
#1843 = DIRECTION ( 'NONE',  ( 0.000000000000000000, 0.000000000000000000, 1.000000000000000000 ) ) ;
#1844 = CYLINDRICAL_SURFACE ( 'NONE', #1460, 0.09999999999999982514 ) ;
#1845 = PRESENTATION_STYLE_ASSIGNMENT (( #2793 ) ) ;
#1846 = FACE_OUTER_BOUND ( 'NONE', #2391, .T. ) ;
#1847 = FILL_AREA_STYLE_COLOUR ( '', #132 ) ;
#1848 = LINE ( 'NONE', #3897, #864 ) ;
#1849 = DIRECTION ( 'NONE',  ( -0.000000000000000000, -0.000000000000000000, -1.000000000000000000 ) ) ;
#1850 = AXIS2_PLACEMENT_3D ( 'NONE', #1005, #3023, #3652 ) ;
#1851 = VECTOR ( 'NONE', #1839, 1000.000000000000000 ) ;
#1852 = VERTEX_POINT ( 'NONE', #2314 ) ;
#1853 = VERTEX_POINT ( 'NONE', #217 ) ;
#1854 = ORIENTED_EDGE ( 'NONE', *, *, #1637, .T. ) ;
#1855 = CARTESIAN_POINT ( 'NONE',  ( 2.449999999999999734, 0.000000000000000000, 0.05000000000000000278 ) ) ;
#1856 = CARTESIAN_POINT ( 'NONE',  ( 2.446628592588198536, 2.998341262333505064, 0.05000000000000012768 ) ) ;
#1857 = CARTESIAN_POINT ( 'NONE',  ( 2.015866802212000319, 1.899999999999999911, 0.000000000000000000 ) ) ;
#1858 = EDGE_CURVE ( 'NONE', #3886, #1282, #2227, .T. ) ;
#1859 = AXIS2_PLACEMENT_3D ( 'NONE', #856, #4229, #1580 ) ;
#1860 = ORIENTED_EDGE ( 'NONE', *, *, #1626, .F. ) ;
#1861 = STYLED_ITEM ( 'NONE', ( #2429 ), #1188 ) ;
#1862 = FILL_AREA_STYLE ('',( #3199 ) ) ;
#1863 = CARTESIAN_POINT ( 'NONE',  ( 2.109999999999999876, -2.402500000000000302, 0.000000000000000000 ) ) ;
#1864 = PRESENTATION_STYLE_ASSIGNMENT (( #865 ) ) ;
#1865 =( LENGTH_UNIT ( ) NAMED_UNIT ( * ) SI_UNIT ( .MILLI., .METRE. ) );
#1866 =( NAMED_UNIT ( * ) SI_UNIT ( $, .STERADIAN. ) SOLID_ANGLE_UNIT ( ) );
#1867 = ORIENTED_EDGE ( 'NONE', *, *, #43, .F. ) ;
#1868 = CARTESIAN_POINT ( 'NONE',  ( -2.449999999999999734, 0.000000000000000000, 0.05000000000000000278 ) ) ;
#1869 = PRESENTATION_STYLE_ASSIGNMENT (( #3288 ) ) ;
#1870 = ORIENTED_EDGE ( 'NONE', *, *, #4149, .F. ) ;
#1871 = ADVANCED_FACE ( 'NONE', ( #600 ), #3297, .T. ) ;
#1872 = FILL_AREA_STYLE ('',( #2488 ) ) ;
#1873 = SURFACE_STYLE_USAGE ( .BOTH. , #825 ) ;
#1874 = SURFACE_STYLE_USAGE ( .BOTH. , #1897 ) ;
#1875 =( NAMED_UNIT ( * ) SI_UNIT ( $, .STERADIAN. ) SOLID_ANGLE_UNIT ( ) );
#1876 = VECTOR ( 'NONE', #3569, 1000.000000000000000 ) ;
#1877 = DIRECTION ( 'NONE',  ( -1.000000000000000000, 0.000000000000000000, -0.000000000000000000 ) ) ;
#1878 = CARTESIAN_POINT ( 'NONE',  ( -2.223477195468122503, 2.830860696598408222, 0.9939407791067067510 ) ) ;
#1879 = CARTESIAN_POINT ( 'NONE',  ( -0.4299999999999999933, -2.402500000000000302, 0.000000000000000000 ) ) ;
#1880 = CIRCLE ( 'NONE', #3215, 0.09999999999999982514 ) ;
#1881 = ORIENTED_EDGE ( 'NONE', *, *, #3919, .F. ) ;
#1882 = MECHANICAL_DESIGN_GEOMETRIC_PRESENTATION_REPRESENTATION (  '', ( #827 ), #3925 ) ;
#1883 = AXIS2_PLACEMENT_3D ( 'NONE', #2671, #42, #4006 ) ;
#1884 = CARTESIAN_POINT ( 'NONE',  ( 2.015866802211999875, 2.720000000000000195, 0.2500000000000000000 ) ) ;
#1885 = FILL_AREA_STYLE ('',( #2282 ) ) ;
#1886 = FACE_OUTER_BOUND ( 'NONE', #3906, .T. ) ;
#1887 = EDGE_CURVE ( 'NONE', #1422, #1587, #507, .T. ) ;
#1888 = PRESENTATION_LAYER_ASSIGNMENT (  '', '', ( #3093 ) ) ;
#1889 = DIRECTION ( 'NONE',  ( 0.000000000000000000, 0.000000000000000000, 1.000000000000000000 ) ) ;
#1890 = AXIS2_PLACEMENT_3D ( 'NONE', #3623, #882, #3585 ) ;
#1891 = CARTESIAN_POINT ( 'NONE',  ( -2.209999999999999964, 2.560000000000000053, 0.000000000000000000 ) ) ;
#1892 = MECHANICAL_DESIGN_GEOMETRIC_PRESENTATION_REPRESENTATION (  '', ( #3456 ), #3596 ) ;
#1893 = ORIENTED_EDGE ( 'NONE', *, *, #824, .T. ) ;
#1894 = VECTOR ( 'NONE', #3501, 1000.000000000000000 ) ;
#1895 = CARTESIAN_POINT ( 'NONE',  ( -2.109999999999999876, 2.560000000000000053, 0.000000000000000000 ) ) ;
#1896 = EDGE_CURVE ( 'NONE', #3486, #1901, #1632, .T. ) ;
#1897 = SURFACE_SIDE_STYLE ('',( #1200 ) ) ;
#1898 = DIRECTION ( 'NONE',  ( 0.000000000000000000, 1.000000000000000000, 0.000000000000000000 ) ) ;
#1899 = UNCERTAINTY_MEASURE_WITH_UNIT (LENGTH_MEASURE( 1.000000000000000082E-05 ), #2954, 'distance_accuracy_value', 'NONE');
#1900 = UNCERTAINTY_MEASURE_WITH_UNIT (LENGTH_MEASURE( 1.000000000000000082E-05 ), #1939, 'distance_accuracy_value', 'NONE');
#1901 = VERTEX_POINT ( 'NONE', #669 ) ;
#1902 = CARTESIAN_POINT ( 'NONE',  ( 2.444863560060784646, 3.000000000000000000, 0.05000000000000007910 ) ) ;
#1903 = PRESENTATION_STYLE_ASSIGNMENT (( #1204 ) ) ;
#1904 = ORIENTED_EDGE ( 'NONE', *, *, #2055, .F. ) ;
#1905 = EDGE_CURVE ( 'NONE', #817, #73, #701, .T. ) ;
#1906 = FACE_OUTER_BOUND ( 'NONE', #2121, .T. ) ;
#1907 = DIRECTION ( 'NONE',  ( -3.410125194079000194E-16, -1.000000000000000000, 0.000000000000000000 ) ) ;
#1908 = CIRCLE ( 'NONE', #1707, 0.09999999999999982514 ) ;
#1909 = PRODUCT_DEFINITION_SHAPE ( 'NONE', 'NONE',  #4355 ) ;
#1910 = STYLED_ITEM ( 'NONE', ( #1404 ), #1917 ) ;
#1911 = VECTOR ( 'NONE', #2496, 1000.000000000000000 ) ;
#1912 = CARTESIAN_POINT ( 'NONE',  ( -2.227673706548999988, -2.777673706548999810, 0.8800000000000000044 ) ) ;
#1913 = MECHANICAL_DESIGN_GEOMETRIC_PRESENTATION_REPRESENTATION (  '', ( #2759 ), #2677 ) ;
#1914 = ORIENTED_EDGE ( 'NONE', *, *, #235, .F. ) ;
#1915 = CARTESIAN_POINT ( 'NONE',  ( -2.341373622081209582, 2.815479233284773564, 0.8734371228718575964 ) ) ;
#1916 = AXIS2_PLACEMENT_3D ( 'NONE', #4133, #2455, #3814 ) ;
#1917 = ADVANCED_FACE ( 'NONE', ( #1383 ), #2016, .T. ) ;
#1918 = CARTESIAN_POINT ( 'NONE',  ( 2.500000000000000000, -0.3499999999999999778, 0.2500000000000000000 ) ) ;
#1919 = COLOUR_RGB ( '',1.000000000000000000, 1.000000000000000000, 1.000000000000000000 ) ;
#1920 = CARTESIAN_POINT ( 'NONE',  ( 2.289426582600968985, -2.839426582600940385, 0.9622992381412115437 ) ) ;
#1921 = DIRECTION ( 'NONE',  ( 0.000000000000000000, -0.000000000000000000, -1.000000000000000000 ) ) ;
#1922 = SURFACE_STYLE_FILL_AREA ( #3880 ) ;
#1923 = VERTEX_POINT ( 'NONE', #3057 ) ;
#1924 = CIRCLE ( 'NONE', #3329, 0.1199999999999998845 ) ;
#1925 =( NAMED_UNIT ( * ) PLANE_ANGLE_UNIT ( ) SI_UNIT ( $, .RADIAN. ) );
#1926 =( LENGTH_UNIT ( ) NAMED_UNIT ( * ) SI_UNIT ( .MILLI., .METRE. ) );
#1927 = EDGE_CURVE ( 'NONE', #2465, #2020, #2416, .T. ) ;
#1928 = CARTESIAN_POINT ( 'NONE',  ( -2.362293798238722875, -3.000000000000000444, 0.2500000000020902169 ) ) ;
#1929 = LINE ( 'NONE', #1270, #183 ) ;
#1930 = ADVANCED_FACE ( 'NONE', ( #4047 ), #1013, .F. ) ;
#1931 =( LENGTH_UNIT ( ) NAMED_UNIT ( * ) SI_UNIT ( .MILLI., .METRE. ) );
#1932 = CARTESIAN_POINT ( 'NONE',  ( 2.500000000000000000, -0.3499999999999999778, 0.000000000000000000 ) ) ;
#1933 = ORIENTED_EDGE ( 'NONE', *, *, #446, .T. ) ;
#1934 = STYLED_ITEM ( 'NONE', ( #948 ), #2655 ) ;
#1935 = ORIENTED_EDGE ( 'NONE', *, *, #3325, .F. ) ;
#1936 =( LENGTH_UNIT ( ) NAMED_UNIT ( * ) SI_UNIT ( .MILLI., .METRE. ) );
#1937 =( NAMED_UNIT ( * ) SI_UNIT ( $, .STERADIAN. ) SOLID_ANGLE_UNIT ( ) );
#1938 = COLOUR_RGB ( '',1.000000000000000000, 1.000000000000000000, 1.000000000000000000 ) ;
#1939 =( LENGTH_UNIT ( ) NAMED_UNIT ( * ) SI_UNIT ( .MILLI., .METRE. ) );
#1940 =( LENGTH_UNIT ( ) NAMED_UNIT ( * ) SI_UNIT ( .MILLI., .METRE. ) );
#1941 = ORIENTED_EDGE ( 'NONE', *, *, #4111, .T. ) ;
#1942 = EDGE_CURVE ( 'NONE', #1943, #3511, #3029, .T. ) ;
#1943 = VERTEX_POINT ( 'NONE', #3467 ) ;
#1944 = MECHANICAL_DESIGN_GEOMETRIC_PRESENTATION_REPRESENTATION (  '', ( #1246 ), #2855 ) ;
#1945 = DIRECTION ( 'NONE',  ( -0.000000000000000000, -0.000000000000000000, -1.000000000000000000 ) ) ;
#1946 = DIRECTION ( 'NONE',  ( 1.000000000000000000, 0.000000000000000000, 0.000000000000000000 ) ) ;
#1947 = DIRECTION ( 'NONE',  ( 0.1560548629280390232, -0.1560548629280390232, -0.9753428933011312196 ) ) ;
#1948 = AXIS2_PLACEMENT_3D ( 'NONE', #3860, #2800, #114 ) ;
#1949 =( GEOMETRIC_REPRESENTATION_CONTEXT ( 3 ) GLOBAL_UNCERTAINTY_ASSIGNED_CONTEXT ( ( #624 ) ) GLOBAL_UNIT_ASSIGNED_CONTEXT ( ( #2888, #3911, #1513 ) ) REPRESENTATION_CONTEXT ( 'NONE', 'WORKASPACE' ) );
#1950 = UNCERTAINTY_MEASURE_WITH_UNIT (LENGTH_MEASURE( 1.000000000000000082E-05 ), #1018, 'distance_accuracy_value', 'NONE');
#1951 =( LENGTH_UNIT ( ) NAMED_UNIT ( * ) SI_UNIT ( .MILLI., .METRE. ) );
#1952 = CARTESIAN_POINT ( 'NONE',  ( -0.8399999999999999689, 2.560000000000000053, 0.000000000000000000 ) ) ;
#1953 = ADVANCED_FACE ( 'NONE', ( #3133 ), #2721, .T. ) ;
#1954 = VECTOR ( 'NONE', #3160, 1000.000000000000000 ) ;
#1955 = VECTOR ( 'NONE', #3893, 1000.000000000000000 ) ;
#1956 = LINE ( 'NONE', #3599, #1403 ) ;
#1957 = CARTESIAN_POINT ( 'NONE',  ( 2.289426582600968985, -2.839426582600940829, 0.9622992381412126539 ) ) ;
#1958 = FILL_AREA_STYLE_COLOUR ( '', #3579 ) ;
#1959 = STYLED_ITEM ( 'NONE', ( #2815 ), #3962 ) ;
#1960 = EDGE_CURVE ( 'NONE', #22, #779, #2647, .T. ) ;
#1961 = EDGE_LOOP ( 'NONE', ( #1720, #1730, #1407, #2153 ) ) ;
#1962 = PRESENTATION_LAYER_ASSIGNMENT (  '', '', ( #2376 ) ) ;
#1963 = PRESENTATION_LAYER_ASSIGNMENT (  '', '', ( #3227 ) ) ;
#1964 = DIRECTION ( 'NONE',  ( -0.000000000000000000, -0.000000000000000000, -1.000000000000000000 ) ) ;
#1965 = EDGE_CURVE ( 'NONE', #74, #1447, #327, .T. ) ;
#1966 = PRODUCT_DEFINITION_FORMATION_WITH_SPECIFIED_SOURCE ( 'ANY', '', #3210, .NOT_KNOWN. ) ;
#1967 = FACE_OUTER_BOUND ( 'NONE', #2610, .T. ) ;
#1968 =( NAMED_UNIT ( * ) SI_UNIT ( $, .STERADIAN. ) SOLID_ANGLE_UNIT ( ) );
#1969 = DIRECTION ( 'NONE',  ( -1.224646799146999945E-16, -1.000000000000000000, 0.000000000000000000 ) ) ;
#1970 = FACE_OUTER_BOUND ( 'NONE', #3950, .T. ) ;
#1971 = ORIENTED_EDGE ( 'NONE', *, *, #1896, .T. ) ;
#1972 = EDGE_LOOP ( 'NONE', ( #109, #659, #3417, #2678 ) ) ;
#1973 = SURFACE_STYLE_USAGE ( .BOTH. , #2619 ) ;
#1974 = CARTESIAN_POINT ( 'NONE',  ( -2.227673706548999988, -2.777673706549000254, 0.8800000000000010036 ) ) ;
#1975 = CARTESIAN_POINT ( 'NONE',  ( -1.699999999999999956, -3.037499999999999645, 0.2500000000000000000 ) ) ;
#1976 = CARTESIAN_POINT ( 'NONE',  ( -2.333753600224864222, 2.827890096630574668, 0.9050074054013848013 ) ) ;
#1977 = DIRECTION ( 'NONE',  ( 3.146309990714999803E-16, -1.000000000000000000, 0.000000000000000000 ) ) ;
#1978 = LINE ( 'NONE', #2942, #4330 ) ;
#1979 =( LENGTH_UNIT ( ) NAMED_UNIT ( * ) SI_UNIT ( .MILLI., .METRE. ) );
#1980 = SURFACE_STYLE_USAGE ( .BOTH. , #1586 ) ;
#1981 = VECTOR ( 'NONE', #38, 1000.000000000000000 ) ;
#1982 = MECHANICAL_DESIGN_GEOMETRIC_PRESENTATION_REPRESENTATION (  '', ( #3033 ), #922 ) ;
#1983 = ORIENTED_EDGE ( 'NONE', *, *, #4246, .F. ) ;
#1984 = EDGE_CURVE ( 'NONE', #3603, #933, #1032, .T. ) ;
#1985 = CARTESIAN_POINT ( 'NONE',  ( -0.6350000000000000089, 2.560000000000000053, 0.2500000000000000000 ) ) ;
#1986 =( NAMED_UNIT ( * ) PLANE_ANGLE_UNIT ( ) SI_UNIT ( $, .RADIAN. ) );
#1987 = MECHANICAL_DESIGN_GEOMETRIC_PRESENTATION_REPRESENTATION (  '', ( #3898 ), #3632 ) ;
#1988 = CARTESIAN_POINT ( 'NONE',  ( -0.4299999999999999933, -2.402500000000000302, -1.300020238410828535E-81 ) ) ;
#1989 = ORIENTED_EDGE ( 'NONE', *, *, #3539, .F. ) ;
#1990 = VERTEX_POINT ( 'NONE', #362 ) ;
#1991 = STYLED_ITEM ( 'NONE', ( #90 ), #894 ) ;
#1992 = LINE ( 'NONE', #3337, #1252 ) ;
#1993 = SURFACE_STYLE_USAGE ( .BOTH. , #662 ) ;
#1994 = CARTESIAN_POINT ( 'NONE',  ( -2.109999999999999876, -3.037499999999999645, 0.000000000000000000 ) ) ;
#1995 = CARTESIAN_POINT ( 'NONE',  ( -2.449999999999999734, 2.994863560060714747, 0.04999999999999998196 ) ) ;
#1996 = UNCERTAINTY_MEASURE_WITH_UNIT (LENGTH_MEASURE( 1.000000000000000082E-05 ), #4256, 'distance_accuracy_value', 'NONE');
#1997 = COLOUR_RGB ( '',1.000000000000000000, 1.000000000000000000, 1.000000000000000000 ) ;
#1998 =( NAMED_UNIT ( * ) SI_UNIT ( $, .STERADIAN. ) SOLID_ANGLE_UNIT ( ) );
#1999 =( NAMED_UNIT ( * ) PLANE_ANGLE_UNIT ( ) SI_UNIT ( $, .RADIAN. ) );
#2000 = DIRECTION ( 'NONE',  ( -0.000000000000000000, 0.000000000000000000, 1.000000000000000000 ) ) ;
#2001 = CARTESIAN_POINT ( 'NONE',  ( 1.224999999999999867, 2.939999999999999947, 0.6250000000000000000 ) ) ;
#2002 = ORIENTED_EDGE ( 'NONE', *, *, #391, .F. ) ;
#2003 = EDGE_CURVE ( 'NONE', #586, #189, #2022, .T. ) ;
#2004 = VERTEX_POINT ( 'NONE', #4026 ) ;
#2005 = SURFACE_STYLE_USAGE ( .BOTH. , #944 ) ;
#2006 = CARTESIAN_POINT ( 'NONE',  ( -2.209999999999999964, 2.560000000000000053, 0.000000000000000000 ) ) ;
#2007 = CARTESIAN_POINT ( 'NONE',  ( 0.4299999999999999933, -2.402500000000000302, 0.2500000000000000000 ) ) ;
#2008 = ORIENTED_EDGE ( 'NONE', *, *, #1804, .F. ) ;
#2009 = ORIENTED_EDGE ( 'NONE', *, *, #2728, .F. ) ;
#2010 =( LENGTH_UNIT ( ) NAMED_UNIT ( * ) SI_UNIT ( .MILLI., .METRE. ) );
#2011 = CARTESIAN_POINT ( 'NONE',  ( -0.8400000000000000799, -2.402500000000000302, 0.000000000000000000 ) ) ;
#2012 = UNCERTAINTY_MEASURE_WITH_UNIT (LENGTH_MEASURE( 1.000000000000000082E-05 ), #731, 'distance_accuracy_value', 'NONE');
#2013 = EDGE_CURVE ( 'NONE', #2903, #73, #1010, .T. ) ;
#2014 =( NAMED_UNIT ( * ) SI_UNIT ( $, .STERADIAN. ) SOLID_ANGLE_UNIT ( ) );
#2015 = AXIS2_PLACEMENT_3D ( 'NONE', #3323, #2987, #1234 ) ;
#2016 = PLANE ( 'NONE',  #3949 ) ;
#2017 = DIRECTION ( 'NONE',  ( -0.000000000000000000, -1.000000000000000000, -0.000000000000000000 ) ) ;
#2018 = ORIENTED_EDGE ( 'NONE', *, *, #3534, .F. ) ;
#2019 = MECHANICAL_DESIGN_GEOMETRIC_PRESENTATION_REPRESENTATION (  '', ( #3638 ), #2857 ) ;
#2020 = VERTEX_POINT ( 'NONE', #1764 ) ;
#2021 = COLOUR_RGB ( '',1.000000000000000000, 1.000000000000000000, 1.000000000000000000 ) ;
#2022 = CIRCLE ( 'NONE', #482, 0.09999999999999982514 ) ;
#2023 = VERTEX_POINT ( 'NONE', #3726 ) ;
#2024 = DIRECTION ( 'NONE',  ( -0.1560548629280390232, 0.1560548629280390232, 0.9753428933011312196 ) ) ;
#2025 =( GEOMETRIC_REPRESENTATION_CONTEXT ( 3 ) GLOBAL_UNCERTAINTY_ASSIGNED_CONTEXT ( ( #3317 ) ) GLOBAL_UNIT_ASSIGNED_CONTEXT ( ( #1940, #1280, #1755 ) ) REPRESENTATION_CONTEXT ( 'NONE', 'WORKASPACE' ) );
#2026 = UNCERTAINTY_MEASURE_WITH_UNIT (LENGTH_MEASURE( 1.000000000000000082E-05 ), #421, 'distance_accuracy_value', 'NONE');
#2027 = CARTESIAN_POINT ( 'NONE',  ( -2.223477195468341883, -2.830860696598459736, 0.9939407791066502407 ) ) ;
#2028 = SURFACE_SIDE_STYLE ('',( #4 ) ) ;
#2029 = CARTESIAN_POINT ( 'NONE',  ( 2.289426582600969429, 2.839426582600940829, 0.9622992381412126539 ) ) ;
#2030 = ORIENTED_EDGE ( 'NONE', *, *, #2229, .T. ) ;
#2031 = ORIENTED_EDGE ( 'NONE', *, *, #1055, .T. ) ;
#2032 = PRODUCT_DEFINITION ( 'UNKNOWN', '', #3299, #3363 ) ;
#2033 = DIRECTION ( 'NONE',  ( -1.224646799146999945E-16, -1.000000000000000000, 0.000000000000000000 ) ) ;
#2034 = CARTESIAN_POINT ( 'NONE',  ( -2.010000000000000231, -1.020000000000000018, 0.2500000000000000000 ) ) ;
#2035 = DIRECTION ( 'NONE',  ( -0.000000000000000000, 0.000000000000000000, 1.000000000000000000 ) ) ;
#2036 =( LENGTH_UNIT ( ) NAMED_UNIT ( * ) SI_UNIT ( .MILLI., .METRE. ) );
#2037 = DIRECTION ( 'NONE',  ( -0.3088554313789040884, -0.8574259888417339326, -0.4116175362718717534 ) ) ;
#2038 = ADVANCED_FACE ( 'NONE', ( #1718 ), #3341, .T. ) ;
#2039 = CARTESIAN_POINT ( 'NONE',  ( -2.209999999999999520, 2.100000000000000089, 0.2500000000000000000 ) ) ;
#2040 = PRODUCT_DEFINITION_CONTEXT ( 'detailed design', #2086, 'design' ) ;
#2041 = SURFACE_STYLE_USAGE ( .BOTH. , #668 ) ;
#2042 = FILL_AREA_STYLE_COLOUR ( '', #1076 ) ;
#2043 = PLANE ( 'NONE',  #3719 ) ;
#2044 = ORIENTED_EDGE ( 'NONE', *, *, #2340, .F. ) ;
#2045 = ORIENTED_EDGE ( 'NONE', *, *, #3575, .T. ) ;
#2046 = ORIENTED_EDGE ( 'NONE', *, *, #1842, .T. ) ;
#2047 =( LENGTH_UNIT ( ) NAMED_UNIT ( * ) SI_UNIT ( .MILLI., .METRE. ) );
#2048 = ORIENTED_EDGE ( 'NONE', *, *, #1260, .F. ) ;
#2049 = FACE_OUTER_BOUND ( 'NONE', #2805, .T. ) ;
#2050 =( GEOMETRIC_REPRESENTATION_CONTEXT ( 3 ) GLOBAL_UNCERTAINTY_ASSIGNED_CONTEXT ( ( #2592 ) ) GLOBAL_UNIT_ASSIGNED_CONTEXT ( ( #2036, #10, #1306 ) ) REPRESENTATION_CONTEXT ( 'NONE', 'WORKASPACE' ) );
#2051 = MECHANICAL_DESIGN_GEOMETRIC_PRESENTATION_REPRESENTATION (  '', ( #2245 ), #3219 ) ;
#2052 = SHAPE_REPRESENTATION_RELATIONSHIP ( 'NONE' , 'NONE' ,  #1138, #4211 ) ;
#2053 = DIRECTION ( 'NONE',  ( -0.000000000000000000, -1.000000000000000000, -0.000000000000000000 ) ) ;
#2054 = EDGE_LOOP ( 'NONE', ( #776, #2089, #89, #420 ) ) ;
#2055 = EDGE_CURVE ( 'NONE', #812, #4259, #67, .T. ) ;
#2056 = SURFACE_SIDE_STYLE ('',( #2711 ) ) ;
#2057 = DIRECTION ( 'NONE',  ( 0.000000000000000000, -0.000000000000000000, -1.000000000000000000 ) ) ;
#2058 = DIRECTION ( 'NONE',  ( -1.704927877041489922E-46, 1.000000000000000000, 3.074708921146619889E-31 ) ) ;
#2059 = MECHANICAL_DESIGN_GEOMETRIC_PRESENTATION_REPRESENTATION (  '', ( #3254 ), #2189 ) ;
#2060 = CARTESIAN_POINT ( 'NONE',  ( -1.699999999999999956, -3.037499999999999645, 0.000000000000000000 ) ) ;
#2061 = ORIENTED_EDGE ( 'NONE', *, *, #1449, .F. ) ;
#2062 = PLANE ( 'NONE',  #3415 ) ;
#2063 = EDGE_CURVE ( 'NONE', #1532, #3812, #4070, .T. ) ;
#2064 = DIRECTION ( 'NONE',  ( 0.5146073004330733447, -0.5146073004328384215, 0.6858269845100956053 ) ) ;
#2065 = ORIENTED_EDGE ( 'NONE', *, *, #4166, .T. ) ;
#2066 = EDGE_LOOP ( 'NONE', ( #3044, #3609, #615, #3743, #3513, #1341, #503 ) ) ;
#2067 = ORIENTED_EDGE ( 'NONE', *, *, #3610, .F. ) ;
#2068 = COLOUR_RGB ( '',1.000000000000000000, 1.000000000000000000, 1.000000000000000000 ) ;
#2069 = CARTESIAN_POINT ( 'NONE',  ( 2.112934663449806294, 4.299641611202515996E-05, 0.2500000000000000000 ) ) ;
#2070 = FACE_OUTER_BOUND ( 'NONE', #3267, .T. ) ;
#2071 = VECTOR ( 'NONE', #2033, 1000.000000000000000 ) ;
#2072 = PRESENTATION_STYLE_ASSIGNMENT (( #80 ) ) ;
#2073 = DIRECTION ( 'NONE',  ( -0.000000000000000000, 0.000000000000000000, 1.000000000000000000 ) ) ;
#2074 = CARTESIAN_POINT ( 'NONE',  ( -2.390000000000000124, 1.500000000000000000, 0.6250000000000000000 ) ) ;
#2075 = ORIENTED_EDGE ( 'NONE', *, *, #1133, .F. ) ;
#2076 =( LENGTH_UNIT ( ) NAMED_UNIT ( * ) SI_UNIT ( .MILLI., .METRE. ) );
#2077 = DIRECTION ( 'NONE',  ( -1.000000000000000000, 2.259689972760629896E-50, 1.806126219983446961E-83 ) ) ;
#2078 = ORIENTED_EDGE ( 'NONE', *, *, #281, .F. ) ;
#2079 = EDGE_CURVE ( 'NONE', #1853, #354, #4094, .T. ) ;
#2080 = CARTESIAN_POINT ( 'NONE',  ( -0.8400000000000000799, -3.037499999999999645, 0.000000000000000000 ) ) ;
#2081 = SURFACE_STYLE_FILL_AREA ( #2413 ) ;
#2082 = STYLED_ITEM ( 'NONE', ( #3423 ), #3375 ) ;
#2083 = DIRECTION ( 'NONE',  ( 1.000000000000000000, -1.224646799146999945E-16, 0.000000000000000000 ) ) ;
#2084 = LINE ( 'NONE', #1034, #405 ) ;
#2085 = ORIENTED_EDGE ( 'NONE', *, *, #1452, .T. ) ;
#2086 = APPLICATION_CONTEXT ( 'automotive_design' ) ;
#2087 = ORIENTED_EDGE ( 'NONE', *, *, #3833, .T. ) ;
#2088 = ADVANCED_FACE ( 'NONE', ( #341 ), #747, .T. ) ;
#2089 = ORIENTED_EDGE ( 'NONE', *, *, #1273, .F. ) ;
#2090 =( LENGTH_UNIT ( ) NAMED_UNIT ( * ) SI_UNIT ( .MILLI., .METRE. ) );
#2091 = EDGE_CURVE ( 'NONE', #2020, #3145, #172, .T. ) ;
#2092 =( GEOMETRIC_REPRESENTATION_CONTEXT ( 3 ) GLOBAL_UNCERTAINTY_ASSIGNED_CONTEXT ( ( #2273 ) ) GLOBAL_UNIT_ASSIGNED_CONTEXT ( ( #2435, #1831, #4165 ) ) REPRESENTATION_CONTEXT ( 'NONE', 'WORKASPACE' ) );
#2093 = STYLED_ITEM ( 'NONE', ( #1864 ), #3019 ) ;
#2094 = CARTESIAN_POINT ( 'NONE',  ( -2.130974134726211666, -2.978190782665742553, 0.9092195601020663931 ) ) ;
#2095 = DIRECTION ( 'NONE',  ( 1.000000000000000000, 0.000000000000000000, 0.000000000000000000 ) ) ;
#2096 = CARTESIAN_POINT ( 'NONE',  ( 1.905000000000000027, -2.720000000000000195, 0.2500000000000000000 ) ) ;
#2097 = ORIENTED_EDGE ( 'NONE', *, *, #464, .T. ) ;
#2098 = STYLED_ITEM ( 'NONE', ( #2767 ), #4287 ) ;
#2099 = CARTESIAN_POINT ( 'NONE',  ( -2.450000000000064571, 2.881507124169870870, 0.2500000000008385515 ) ) ;
#2100 = LINE ( 'NONE', #3460, #1217 ) ;
#2101 = DIRECTION ( 'NONE',  ( -0.000000000000000000, -0.000000000000000000, -1.000000000000000000 ) ) ;
#2102 = ORIENTED_EDGE ( 'NONE', *, *, #1430, .T. ) ;
#2103 = CARTESIAN_POINT ( 'NONE',  ( 1.699999999999999956, 3.037499999999999645, 0.000000000000000000 ) ) ;
#2104 =( GEOMETRIC_REPRESENTATION_CONTEXT ( 3 ) GLOBAL_UNCERTAINTY_ASSIGNED_CONTEXT ( ( #2801 ) ) GLOBAL_UNIT_ASSIGNED_CONTEXT ( ( #1714, #2285, #1649 ) ) REPRESENTATION_CONTEXT ( 'NONE', 'WORKASPACE' ) );
#2105 = VECTOR ( 'NONE', #394, 1000.000000000000000 ) ;
#2106 = LINE ( 'NONE', #1402, #1567 ) ;
#2107 = DIRECTION ( 'NONE',  ( 0.000000000000000000, 0.000000000000000000, 1.000000000000000000 ) ) ;
#2108 = PRODUCT_DEFINITION_FORMATION_WITH_SPECIFIED_SOURCE ( 'ANY', '', #4014, .NOT_KNOWN. ) ;
#2109 = AXIS2_PLACEMENT_3D ( 'NONE', #919, #148, #4174 ) ;
#2110 = SURFACE_SIDE_STYLE ('',( #775 ) ) ;
#2111 = ORIENTED_EDGE ( 'NONE', *, *, #1583, .F. ) ;
#2112 = ORIENTED_EDGE ( 'NONE', *, *, #2373, .F. ) ;
#2113 = ORIENTED_EDGE ( 'NONE', *, *, #127, .T. ) ;
#2114 = FACE_OUTER_BOUND ( 'NONE', #1479, .T. ) ;
#2115 = CARTESIAN_POINT ( 'NONE',  ( -2.444863560060714924, 3.000000000000000000, 0.05000000000000000971 ) ) ;
#2116 =( NAMED_UNIT ( * ) PLANE_ANGLE_UNIT ( ) SI_UNIT ( $, .RADIAN. ) );
#2117 = CARTESIAN_POINT ( 'NONE',  ( 2.227673706548999988, 2.829606875674646638, 0.9881801550404096801 ) ) ;
#2118 = CARTESIAN_POINT ( 'NONE',  ( 0.8400000000000001910, 2.720000000000000195, 0.2500000000000000000 ) ) ;
#2119 = LINE ( 'NONE', #3479, #2518 ) ;
#2120 = ADVANCED_FACE ( 'NONE', ( #3509 ), #3108, .F. ) ;
#2121 = EDGE_LOOP ( 'NONE', ( #4286, #2823, #4162, #2322 ) ) ;
#2122 = AXIS2_PLACEMENT_3D ( 'NONE', #3379, #3015, #1969 ) ;
#2123 = CYLINDRICAL_SURFACE ( 'NONE', #860, 0.09999999999999982514 ) ;
#2124 = CARTESIAN_POINT ( 'NONE',  ( 0.6350000000000000089, -2.720000000000000195, 0.2500000000000000000 ) ) ;
#2125 = STYLED_ITEM ( 'NONE', ( #4325 ), #2854 ) ;
#2126 = SURFACE_STYLE_USAGE ( .BOTH. , #2715 ) ;
#2127 = ORIENTED_EDGE ( 'NONE', *, *, #224, .T. ) ;
#2128 = CARTESIAN_POINT ( 'NONE',  ( -0.8400000000000000799, 2.720000000000000195, 0.2500000000000000000 ) ) ;
#2129 = CARTESIAN_POINT ( 'NONE',  ( 2.109999999999999876, -3.037499999999999645, 0.000000000000000000 ) ) ;
#2130 = CARTESIAN_POINT ( 'NONE',  ( -0.6350000000000000089, -0.3500000000000000333, 0.2500000000000000000 ) ) ;
#2131 = DIRECTION ( 'NONE',  ( 1.000000000000000000, -1.224646799146999945E-16, 0.000000000000000000 ) ) ;
#2132 = ORIENTED_EDGE ( 'NONE', *, *, #4003, .F. ) ;
#2133 = ORIENTED_EDGE ( 'NONE', *, *, #2238, .F. ) ;
#2134 = ORIENTED_EDGE ( 'NONE', *, *, #2151, .T. ) ;
#2135 = CARTESIAN_POINT ( 'NONE',  ( 2.109999999999999876, 2.099913933060999938, 0.000000000000000000 ) ) ;
#2136 = STYLED_ITEM ( 'NONE', ( #871 ), #992 ) ;
#2137 = CARTESIAN_POINT ( 'NONE',  ( 2.227673706548999544, -0.7500000000000000000, 1.000000000000000000 ) ) ;
#2138 = ADVANCED_FACE ( 'NONE', ( #3552 ), #3884, .T. ) ;
#2139 = CARTESIAN_POINT ( 'NONE',  ( 0.000000000000000000, 0.000000000000000000, 0.000000000000000000 ) ) ;
#2140 = VECTOR ( 'NONE', #3420, 1000.000000000000000 ) ;
#2141 = DIRECTION ( 'NONE',  ( 0.9874406319167275958, -3.614007241618343643E-15, -0.1579905011065333431 ) ) ;
#2142 = LINE ( 'NONE', #4107, #2822 ) ;
#2143 = CARTESIAN_POINT ( 'NONE',  ( 2.115866802211999964, 1.899999999999999911, 0.2500000000000000000 ) ) ;
#2144 = DIRECTION ( 'NONE',  ( 1.000000000000000000, 0.000000000000000000, -0.000000000000000000 ) ) ;
#2145 = CARTESIAN_POINT ( 'NONE',  ( 2.109999999999999876, -0.09991393306071999492, 0.2500000000000000000 ) ) ;
#2146 = ORIENTED_EDGE ( 'NONE', *, *, #3978, .T. ) ;
#2147 = LINE ( 'NONE', #1511, #738 ) ;
#2148 = FACE_BOUND ( 'NONE', #3470, .T. ) ;
#2149 = DIRECTION ( 'NONE',  ( 3.146309990714999803E-16, -1.000000000000000000, 0.000000000000000000 ) ) ;
#2150 = ORIENTED_EDGE ( 'NONE', *, *, #263, .F. ) ;
#2151 = EDGE_CURVE ( 'NONE', #4122, #1710, #1043, .T. ) ;
#2152 = VERTEX_POINT ( 'NONE', #1167 ) ;
#2153 = ORIENTED_EDGE ( 'NONE', *, *, #3178, .F. ) ;
#2154 = SURFACE_STYLE_FILL_AREA ( #3843 ) ;
#2155 = FILL_AREA_STYLE ('',( #2853 ) ) ;
#2156 = CARTESIAN_POINT ( 'NONE',  ( 2.235839733637168703, 2.904250885283817585, 0.9538672635285018186 ) ) ;
#2157 = COLOUR_RGB ( '',1.000000000000000000, 1.000000000000000000, 1.000000000000000000 ) ;
#2158 = DIRECTION ( 'NONE',  ( 1.000000000000000000, 0.000000000000000000, 0.000000000000000000 ) ) ;
#2159 = DIRECTION ( 'NONE',  ( 0.000000000000000000, -0.000000000000000000, -1.000000000000000000 ) ) ;
#2160 = PRESENTATION_LAYER_ASSIGNMENT (  '', '', ( #195 ) ) ;
#2161 =( LENGTH_UNIT ( ) NAMED_UNIT ( * ) SI_UNIT ( .MILLI., .METRE. ) );
#2162 = VECTOR ( 'NONE', #1216, 1000.000000000000000 ) ;
#2163 = AXIS2_PLACEMENT_3D ( 'NONE', #1451, #501, #3794 ) ;
#2164 = CARTESIAN_POINT ( 'NONE',  ( -2.109999999999999876, -3.037499999999999645, 0.000000000000000000 ) ) ;
#2165 = DIRECTION ( 'NONE',  ( 0.000000000000000000, -1.499759782660990007E-32, 1.000000000000000000 ) ) ;
#2166 = DIRECTION ( 'NONE',  ( 0.000000000000000000, 1.000000000000000000, 0.000000000000000000 ) ) ;
#2167 =( GEOMETRIC_REPRESENTATION_CONTEXT ( 3 ) GLOBAL_UNCERTAINTY_ASSIGNED_CONTEXT ( ( #3003 ) ) GLOBAL_UNIT_ASSIGNED_CONTEXT ( ( #1141, #808, #1371 ) ) REPRESENTATION_CONTEXT ( 'NONE', 'WORKASPACE' ) );
#2168 = CARTESIAN_POINT ( 'NONE',  ( -2.209999999999999964, -0.9200000000000000400, 0.2500000000000000000 ) ) ;
#2169 = DIRECTION ( 'NONE',  ( -1.000000000000000000, 0.000000000000000000, -0.000000000000000000 ) ) ;
#2170 = MECHANICAL_DESIGN_GEOMETRIC_PRESENTATION_REPRESENTATION (  '', ( #4076 ), #2104 ) ;
#2171 = ORIENTED_EDGE ( 'NONE', *, *, #3421, .T. ) ;
#2172 = ORIENTED_EDGE ( 'NONE', *, *, #2929, .F. ) ;
#2173 = AXIS2_PLACEMENT_3D ( 'NONE', #2786, #1843, #1436 ) ;
#2174 = VERTEX_POINT ( 'NONE', #834 ) ;
#2175 = VECTOR ( 'NONE', #735, 1000.000000000000000 ) ;
#2176 = FILL_AREA_STYLE ('',( #2544 ) ) ;
#2177 = LINE ( 'NONE', #1895, #2162 ) ;
#2178 =( NAMED_UNIT ( * ) PLANE_ANGLE_UNIT ( ) SI_UNIT ( $, .RADIAN. ) );
#2179 = PLANE ( 'NONE',  #2576 ) ;
#2180 = PRESENTATION_STYLE_ASSIGNMENT (( #4220 ) ) ;
#2181 = SURFACE_SIDE_STYLE ('',( #1922 ) ) ;
#2182 = FILL_AREA_STYLE ('',( #1847 ) ) ;
#2183 = EDGE_CURVE ( 'NONE', #288, #346, #1314, .T. ) ;
#2184 = ORIENTED_EDGE ( 'NONE', *, *, #1629, .T. ) ;
#2185 = DIRECTION ( 'NONE',  ( -1.000000000000000000, 1.224646799146999945E-16, 0.000000000000000000 ) ) ;
#2186 = CARTESIAN_POINT ( 'NONE',  ( -2.109999999999999876, -0.1000000000000000056, 0.000000000000000000 ) ) ;
#2187 = VECTOR ( 'NONE', #958, 1000.000000000000000 ) ;
#2188 = ORIENTED_EDGE ( 'NONE', *, *, #4083, .F. ) ;
#2189 =( GEOMETRIC_REPRESENTATION_CONTEXT ( 3 ) GLOBAL_UNCERTAINTY_ASSIGNED_CONTEXT ( ( #4309 ) ) GLOBAL_UNIT_ASSIGNED_CONTEXT ( ( #3021, #454, #828 ) ) REPRESENTATION_CONTEXT ( 'NONE', 'WORKASPACE' ) );
#2190 =( NAMED_UNIT ( * ) PLANE_ANGLE_UNIT ( ) SI_UNIT ( $, .RADIAN. ) );
#2191 = VECTOR ( 'NONE', #1977, 1000.000000000000000 ) ;
#2192 = ORIENTED_EDGE ( 'NONE', *, *, #4324, .F. ) ;
#2193 = EDGE_CURVE ( 'NONE', #260, #812, #1880, .T. ) ;
#2194 = UNCERTAINTY_MEASURE_WITH_UNIT (LENGTH_MEASURE( 1.000000000000000082E-05 ), #4303, 'distance_accuracy_value', 'NONE');
#2195 = DIRECTION ( 'NONE',  ( 0.000000000000000000, 0.000000000000000000, 1.000000000000000000 ) ) ;
#2196 = DIRECTION ( 'NONE',  ( -0.000000000000000000, -0.000000000000000000, -1.000000000000000000 ) ) ;
#2197 = PLANE ( 'NONE',  #1838 ) ;
#2198 = CARTESIAN_POINT ( 'NONE',  ( -2.450000000000000622, -2.912293798238724918, 0.2500000000020841662 ) ) ;
#2199 = MECHANICAL_DESIGN_GEOMETRIC_PRESENTATION_REPRESENTATION (  '', ( #2554 ), #1660 ) ;
#2200 = ORIENTED_EDGE ( 'NONE', *, *, #1159, .F. ) ;
#2201 = SURFACE_STYLE_FILL_AREA ( #1248 ) ;
#2202 = CARTESIAN_POINT ( 'NONE',  ( 2.109999999999999876, 3.037499999999999645, 0.000000000000000000 ) ) ;
#2203 = ORIENTED_EDGE ( 'NONE', *, *, #2508, .F. ) ;
#2204 = CYLINDRICAL_SURFACE ( 'NONE', #453, 0.1199999999999998845 ) ;
#2205 = CARTESIAN_POINT ( 'NONE',  ( 0.8400000000000000799, -2.402500000000000302, 0.2500000000000000000 ) ) ;
#2206 = FILL_AREA_STYLE_COLOUR ( '', #1484 ) ;
#2207 = CARTESIAN_POINT ( 'NONE',  ( -2.227673706548912058, -2.896166582378883358, 0.8989588601329671080 ) ) ;
#2208 = EDGE_CURVE ( 'NONE', #2756, #3101, #3188, .T. ) ;
#2209 = ORIENTED_EDGE ( 'NONE', *, *, #1222, .T. ) ;
#2210 = DIRECTION ( 'NONE',  ( -1.224646799146999945E-16, -1.000000000000000000, 0.000000000000000000 ) ) ;
#2211 = EDGE_CURVE ( 'NONE', #2916, #1372, #4203, .T. ) ;
#2212 = MECHANICAL_DESIGN_GEOMETRIC_PRESENTATION_REPRESENTATION (  '', ( #4135 ), #321 ) ;
#2213 = EDGE_LOOP ( 'NONE', ( #3573, #1000, #2002, #1745, #1087, #3493, #4147, #4342 ) ) ;
#2214 =( NAMED_UNIT ( * ) SI_UNIT ( $, .STERADIAN. ) SOLID_ANGLE_UNIT ( ) );
#2215 = DIRECTION ( 'NONE',  ( 0.000000000000000000, -3.074708921146619889E-31, 1.000000000000000000 ) ) ;
#2216 = ORIENTED_EDGE ( 'NONE', *, *, #3659, .F. ) ;
#2217 = CARTESIAN_POINT ( 'NONE',  ( 2.346166582378652166, 2.777673706549003363, 0.8989588601329440154 ) ) ;
#2218 = AXIS2_PLACEMENT_3D ( 'NONE', #915, #1554, #3592 ) ;
#2219 = ORIENTED_EDGE ( 'NONE', *, *, #314, .T. ) ;
#2220 = VECTOR ( 'NONE', #3546, 1000.000000000000000 ) ;
#2221 = SURFACE_STYLE_USAGE ( .BOTH. , #3838 ) ;
#2222 = SURFACE_SIDE_STYLE ('',( #3251 ) ) ;
#2223 = PLANE ( 'NONE',  #870 ) ;
#2224 = LINE ( 'NONE', #3322, #2433 ) ;
#2225 = VECTOR ( 'NONE', #2475, 1000.000000000000000 ) ;
#2226 = CARTESIAN_POINT ( 'NONE',  ( 0.4299999999999999933, -2.402500000000000302, 0.2500000000000000000 ) ) ;
#2227 = LINE ( 'NONE', #965, #4098 ) ;
#2228 = CARTESIAN_POINT ( 'NONE',  ( 2.130974134725743596, 2.978190782665978364, 0.9092195601018164819 ) ) ;
#2229 = EDGE_CURVE ( 'NONE', #779, #2727, #1183, .T. ) ;
#2230 = MECHANICAL_DESIGN_GEOMETRIC_PRESENTATION_REPRESENTATION (  '', ( #4350 ), #632 ) ;
#2231 = VERTEX_POINT ( 'NONE', #3466 ) ;
#2232 = CIRCLE ( 'NONE', #347, 0.09999999999999982514 ) ;
#2233 = FACE_OUTER_BOUND ( 'NONE', #3505, .T. ) ;
#2234 = LINE ( 'NONE', #3945, #3804 ) ;
#2235 = UNCERTAINTY_MEASURE_WITH_UNIT (LENGTH_MEASURE( 1.000000000000000082E-05 ), #3220, 'distance_accuracy_value', 'NONE');
#2236 = LINE ( 'NONE', #496, #2220 ) ;
#2237 = DIRECTION ( 'NONE',  ( 0.000000000000000000, 0.000000000000000000, 1.000000000000000000 ) ) ;
#2238 = EDGE_CURVE ( 'NONE', #3151, #1064, #3819, .T. ) ;
#2239 = FILL_AREA_STYLE_COLOUR ( '', #4084 ) ;
#2240 = ORIENTED_EDGE ( 'NONE', *, *, #1896, .F. ) ;
#2241 = DIRECTION ( 'NONE',  ( 0.000000000000000000, -3.074708921146619889E-31, 1.000000000000000000 ) ) ;
#2242 = DIRECTION ( 'NONE',  ( -1.000000000000000000, 0.000000000000000000, 0.000000000000000000 ) ) ;
#2243 = FILL_AREA_STYLE_COLOUR ( '', #610 ) ;
#2244 = UNCERTAINTY_MEASURE_WITH_UNIT (LENGTH_MEASURE( 1.000000000000000082E-05 ), #670, 'distance_accuracy_value', 'NONE');
#2245 = STYLED_ITEM ( 'NONE', ( #2697 ), #1930 ) ;
#2246 = LINE ( 'NONE', #2331, #3556 ) ;
#2247 = DIRECTION ( 'NONE',  ( 0.000000000000000000, -0.000000000000000000, -1.000000000000000000 ) ) ;
#2248 = SURFACE_STYLE_FILL_AREA ( #2607 ) ;
#2249 = CARTESIAN_POINT ( 'NONE',  ( -0.4299999999999999933, 3.037499999999999645, 0.000000000000000000 ) ) ;
#2250 =( LENGTH_UNIT ( ) NAMED_UNIT ( * ) SI_UNIT ( .MILLI., .METRE. ) );
#2251 = ORIENTED_EDGE ( 'NONE', *, *, #1053, .T. ) ;
#2252 = EDGE_CURVE ( 'NONE', #3371, #855, #3131, .T. ) ;
#2253 =( NAMED_UNIT ( * ) SI_UNIT ( $, .STERADIAN. ) SOLID_ANGLE_UNIT ( ) );
#2254 = SURFACE_STYLE_USAGE ( .BOTH. , #4290 ) ;
#2255 = DIRECTION ( 'NONE',  ( -0.000000000000000000, 0.000000000000000000, 1.000000000000000000 ) ) ;
#2256 = CARTESIAN_POINT ( 'NONE',  ( 2.341373622081210026, -2.815479233284774896, 0.8734371228718575964 ) ) ;
#2257 = SURFACE_STYLE_FILL_AREA ( #2615 ) ;
#2258 = ORIENTED_EDGE ( 'NONE', *, *, #3524, .F. ) ;
#2259 = EDGE_CURVE ( 'NONE', #1205, #2564, #460, .T. ) ;
#2260 = VERTEX_POINT ( 'NONE', #2821 ) ;
#2261 = CARTESIAN_POINT ( 'NONE',  ( -2.010000000000000231, 2.000000000000000000, 0.000000000000000000 ) ) ;
#2262 = DIRECTION ( 'NONE',  ( 0.000000000000000000, 0.000000000000000000, 1.000000000000000000 ) ) ;
#2263 = CARTESIAN_POINT ( 'NONE',  ( 2.015866802211999875, -2.468724826836000322E-16, 0.000000000000000000 ) ) ;
#2264 = CARTESIAN_POINT ( 'NONE',  ( -2.227673706548999988, -2.777673706548999810, 1.000000000000000000 ) ) ;
#2265 = STYLED_ITEM ( 'NONE', ( #4170 ), #1340 ) ;
#2266 =( NAMED_UNIT ( * ) SI_UNIT ( $, .STERADIAN. ) SOLID_ANGLE_UNIT ( ) );
#2267 = CARTESIAN_POINT ( 'NONE',  ( -0.4299999999999999933, -3.037499999999999645, 1.676535552386631520E-161 ) ) ;
#2268 = ADVANCED_FACE ( 'NONE', ( #192 ), #2874, .T. ) ;
#2269 = CYLINDRICAL_SURFACE ( 'NONE', #4224, 0.09999999999999982514 ) ;
#2270 = CARTESIAN_POINT ( 'NONE',  ( 2.341373622081192707, -2.815479233284856164, 0.8734371228720402280 ) ) ;
#2271 = DIRECTION ( 'NONE',  ( -1.000000000000000000, 2.259689972760629896E-50, 1.806126219983446961E-83 ) ) ;
#2272 = EDGE_CURVE ( 'NONE', #1422, #2539, #1466, .T. ) ;
#2273 = UNCERTAINTY_MEASURE_WITH_UNIT (LENGTH_MEASURE( 1.000000000000000082E-05 ), #2435, 'distance_accuracy_value', 'NONE');
#2274 = ORIENTED_EDGE ( 'NONE', *, *, #1208, .F. ) ;
#2275 =( GEOMETRIC_REPRESENTATION_CONTEXT ( 3 ) GLOBAL_UNCERTAINTY_ASSIGNED_CONTEXT ( ( #567 ) ) GLOBAL_UNIT_ASSIGNED_CONTEXT ( ( #4314, #1603, #895 ) ) REPRESENTATION_CONTEXT ( 'NONE', 'WORKASPACE' ) );
#2276 = MECHANICAL_DESIGN_GEOMETRIC_PRESENTATION_REPRESENTATION (  '', ( #2082 ), #1310 ) ;
#2277 = SURFACE_STYLE_FILL_AREA ( #3673 ) ;
#2278 = CARTESIAN_POINT ( 'NONE',  ( 2.500000000000000000, -0.6500000000000000222, 0.2500000000000000000 ) ) ;
#2279 = EDGE_LOOP ( 'NONE', ( #3072, #4051, #3965, #2258 ) ) ;
#2280 = ORIENTED_EDGE ( 'NONE', *, *, #1524, .F. ) ;
#2281 = CARTESIAN_POINT ( 'NONE',  ( -0.4299999999999999933, -3.037499999999999645, 0.000000000000000000 ) ) ;
#2282 = FILL_AREA_STYLE_COLOUR ( '', #3868 ) ;
#2283 = PLANE ( 'NONE',  #2940 ) ;
#2284 = SURFACE_STYLE_USAGE ( .BOTH. , #2308 ) ;
#2285 =( NAMED_UNIT ( * ) PLANE_ANGLE_UNIT ( ) SI_UNIT ( $, .RADIAN. ) );
#2286 = MECHANICAL_DESIGN_GEOMETRIC_PRESENTATION_REPRESENTATION (  '', ( #966 ), #2510 ) ;
#2287 = UNCERTAINTY_MEASURE_WITH_UNIT (LENGTH_MEASURE( 1.000000000000000082E-05 ), #911, 'distance_accuracy_value', 'NONE');
#2288 = FILL_AREA_STYLE_COLOUR ( '', #1997 ) ;
#2289 = FACE_OUTER_BOUND ( 'NONE', #268, .T. ) ;
#2290 = VECTOR ( 'NONE', #100, 1000.000000000000000 ) ;
#2291 = CARTESIAN_POINT ( 'NONE',  ( -2.310000000000000053, -0.3499999999999999778, 0.2500000000000000000 ) ) ;
#2292 =( NAMED_UNIT ( * ) SI_UNIT ( $, .STERADIAN. ) SOLID_ANGLE_UNIT ( ) );
#2293 =( NAMED_UNIT ( * ) PLANE_ANGLE_UNIT ( ) SI_UNIT ( $, .RADIAN. ) );
#2294 = EDGE_CURVE ( 'NONE', #3150, #1027, #3207, .T. ) ;
#2295 = COLOUR_RGB ( '',1.000000000000000000, 1.000000000000000000, 1.000000000000000000 ) ;
#2296 = ORIENTED_EDGE ( 'NONE', *, *, #946, .T. ) ;
#2297 = AXIS2_PLACEMENT_3D ( 'NONE', #3387, #3049, #39 ) ;
#2298 = DIRECTION ( 'NONE',  ( -1.000000000000000000, 0.000000000000000000, 0.000000000000000000 ) ) ;
#2299 = AXIS2_PLACEMENT_3D ( 'NONE', #3113, #3373, #424 ) ;
#2300 = SURFACE_STYLE_USAGE ( .BOTH. , #1636 ) ;
#2301 = AXIS2_PLACEMENT_3D ( 'NONE', #329, #612, #2427 ) ;
#2302 = CARTESIAN_POINT ( 'NONE',  ( -2.289426582600969873, -2.839426582600941273, 0.9622992381412130980 ) ) ;
#2303 = CARTESIAN_POINT ( 'NONE',  ( -2.448341262333506130, -2.996628592588198359, 0.05000000000000012768 ) ) ;
#2304 = ORIENTED_EDGE ( 'NONE', *, *, #1858, .F. ) ;
#2305 = VERTEX_POINT ( 'NONE', #3899 ) ;
#2306 = SURFACE_STYLE_FILL_AREA ( #2326 ) ;
#2307 = DIRECTION ( 'NONE',  ( -1.000000000000000000, 0.000000000000000000, -1.807003620809175766E-15 ) ) ;
#2308 = SURFACE_SIDE_STYLE ('',( #1624 ) ) ;
#2309 = CARTESIAN_POINT ( 'NONE',  ( -2.500000000000000000, -0.3499999999999999778, 0.000000000000000000 ) ) ;
#2310 = CARTESIAN_POINT ( 'NONE',  ( 1.700000000000000178, 2.560000000000000053, -2.353984506711759151E-83 ) ) ;
#2311 = ADVANCED_FACE ( 'NONE', ( #535 ), #2557, .T. ) ;
#2312 = CARTESIAN_POINT ( 'NONE',  ( 2.449999999999999734, 3.000000000000000000, 0.05000000000000000278 ) ) ;
#2313 = CARTESIAN_POINT ( 'NONE',  ( -2.267792562957376745, -2.707835022028187932, 1.053000716318483798 ) ) ;
#2314 = CARTESIAN_POINT ( 'NONE',  ( 0.4300000000000001044, 2.560000000000000053, -1.589391073585433655E-83 ) ) ;
#2315 = ORIENTED_EDGE ( 'NONE', *, *, #677, .T. ) ;
#2316 = PRESENTATION_LAYER_ASSIGNMENT (  '', '', ( #4233 ) ) ;
#2317 = COLOUR_RGB ( '',1.000000000000000000, 1.000000000000000000, 1.000000000000000000 ) ;
#2318 = EDGE_LOOP ( 'NONE', ( #2067, #2420, #280, #3675 ) ) ;
#2319 = DIRECTION ( 'NONE',  ( 1.000000000000000000, -5.595603589010000068E-16, 0.000000000000000000 ) ) ;
#2320 = DIRECTION ( 'NONE',  ( 0.000000000000000000, 0.000000000000000000, 1.000000000000000000 ) ) ;
#2321 = VECTOR ( 'NONE', #3525, 1000.000000000000000 ) ;
#2322 = ORIENTED_EDGE ( 'NONE', *, *, #4178, .F. ) ;
#2323 = EDGE_CURVE ( 'NONE', #409, #1064, #575, .T. ) ;
#2324 = VERTEX_POINT ( 'NONE', #4300 ) ;
#2325 = MECHANICAL_DESIGN_GEOMETRIC_PRESENTATION_REPRESENTATION (  '', ( #1991 ), #4307 ) ;
#2326 = FILL_AREA_STYLE ('',( #4321 ) ) ;
#2327 = CARTESIAN_POINT ( 'NONE',  ( 2.450000000000025935, -2.881507124170122225, 0.2500000000008320566 ) ) ;
#2328 = LINE ( 'NONE', #2011, #115 ) ;
#2329 = UNCERTAINTY_MEASURE_WITH_UNIT (LENGTH_MEASURE( 1.000000000000000082E-05 ), #2161, 'distance_accuracy_value', 'NONE');
#2330 = MECHANICAL_DESIGN_GEOMETRIC_PRESENTATION_REPRESENTATION (  '', ( #106 ), #4248 ) ;
#2331 = CARTESIAN_POINT ( 'NONE',  ( 2.109999999999999876, 2.720000000000000195, 0.2500000000000000000 ) ) ;
#2332 = PRESENTATION_STYLE_ASSIGNMENT (( #1337 ) ) ;
#2333 = PRODUCT_DEFINITION_CONTEXT ( 'detailed design', #2553, 'design' ) ;
#2334 =( GEOMETRIC_REPRESENTATION_CONTEXT ( 3 ) GLOBAL_UNCERTAINTY_ASSIGNED_CONTEXT ( ( #2026 ) ) GLOBAL_UNIT_ASSIGNED_CONTEXT ( ( #421, #393, #802 ) ) REPRESENTATION_CONTEXT ( 'NONE', 'WORKASPACE' ) );
#2335 = CARTESIAN_POINT ( 'NONE',  ( -2.341373622081204253, -2.815479233284802429, 0.8734371228719208791 ) ) ;
#2336 = DIRECTION ( 'NONE',  ( -1.224646799146999945E-16, -1.000000000000000000, 0.000000000000000000 ) ) ;
#2337 = VERTEX_POINT ( 'NONE', #2938 ) ;
#2338 =( GEOMETRIC_REPRESENTATION_CONTEXT ( 3 ) GLOBAL_UNCERTAINTY_ASSIGNED_CONTEXT ( ( #3706 ) ) GLOBAL_UNIT_ASSIGNED_CONTEXT ( ( #2819, #744, #793 ) ) REPRESENTATION_CONTEXT ( 'NONE', 'WORKASPACE' ) );
#2339 = VERTEX_POINT ( 'NONE', #4278 ) ;
#2340 = EDGE_CURVE ( 'NONE', #932, #628, #3582, .T. ) ;
#2341 = LINE ( 'NONE', #2069, #494 ) ;
#2342 = CARTESIAN_POINT ( 'NONE',  ( 2.015866802211999875, -2.468724826836000322E-16, 0.2500000000000000000 ) ) ;
#2343 = PRODUCT_DEFINITION ( 'UNKNOWN', '', #3169, #2040 ) ;
#2344 =( NAMED_UNIT ( * ) PLANE_ANGLE_UNIT ( ) SI_UNIT ( $, .RADIAN. ) );
#2345 = EDGE_CURVE ( 'NONE', #4037, #370, #1284, .T. ) ;
#2346 = FACE_OUTER_BOUND ( 'NONE', #1039, .T. ) ;
#2347 =( LENGTH_UNIT ( ) NAMED_UNIT ( * ) SI_UNIT ( .MILLI., .METRE. ) );
#2348 = FACE_OUTER_BOUND ( 'NONE', #1721, .T. ) ;
#2349 = ORIENTED_EDGE ( 'NONE', *, *, #1965, .F. ) ;
#2350 = ORIENTED_EDGE ( 'NONE', *, *, #262, .F. ) ;
#2351 = SURFACE_STYLE_FILL_AREA ( #379 ) ;
#2352 = SURFACE_STYLE_FILL_AREA ( #1670 ) ;
#2353 = DIRECTION ( 'NONE',  ( 0.000000000000000000, -1.000000000000000000, -0.000000000000000000 ) ) ;
#2354 = CARTESIAN_POINT ( 'NONE',  ( -2.444863560060714924, 3.000000000000000000, 0.05000000000000000971 ) ) ;
#2355 =( NAMED_UNIT ( * ) PLANE_ANGLE_UNIT ( ) SI_UNIT ( $, .RADIAN. ) );
#2356 = CARTESIAN_POINT ( 'NONE',  ( -2.449999999999999734, 3.000000000000000000, 0.05000000000000000278 ) ) ;
#2357 = PRESENTATION_LAYER_ASSIGNMENT (  '', '', ( #1246 ) ) ;
#2358 = UNCERTAINTY_MEASURE_WITH_UNIT (LENGTH_MEASURE( 1.000000000000000082E-05 ), #2090, 'distance_accuracy_value', 'NONE');
#2359 = CARTESIAN_POINT ( 'NONE',  ( 2.109999999999999876, -2.402500000000000302, 6.870052381153763145E-154 ) ) ;
#2360 = MECHANICAL_DESIGN_GEOMETRIC_PRESENTATION_REPRESENTATION (  '', ( #2569 ), #1949 ) ;
#2361 = DIRECTION ( 'NONE',  ( -1.000000000000000000, 1.224646799146999945E-16, 0.000000000000000000 ) ) ;
#2362 = DIRECTION ( 'NONE',  ( 2.259689972760629896E-50, 1.000000000000000000, 7.992805392577500665E-34 ) ) ;
#2363 = DIRECTION ( 'NONE',  ( -0.5146073004330733447, 0.5146073004328384215, 0.6858269845100956053 ) ) ;
#2364 = VERTEX_POINT ( 'NONE', #3313 ) ;
#2365 = ORIENTED_EDGE ( 'NONE', *, *, #2537, .T. ) ;
#2366 = ORIENTED_EDGE ( 'NONE', *, *, #3189, .F. ) ;
#2367 =( NAMED_UNIT ( * ) PLANE_ANGLE_UNIT ( ) SI_UNIT ( $, .RADIAN. ) );
#2368 =( GEOMETRIC_REPRESENTATION_CONTEXT ( 3 ) GLOBAL_UNCERTAINTY_ASSIGNED_CONTEXT ( ( #666 ) ) GLOBAL_UNIT_ASSIGNED_CONTEXT ( ( #2904, #3831, #1198 ) ) REPRESENTATION_CONTEXT ( 'NONE', 'WORKASPACE' ) );
#2369 = AXIS2_PLACEMENT_3D ( 'NONE', #1494, #134, #2837 ) ;
#2370 = ORIENTED_EDGE ( 'NONE', *, *, #104, .F. ) ;
#2371 = CARTESIAN_POINT ( 'NONE',  ( -2.444863560060784646, -3.000000000000000000, 0.05000000000000005135 ) ) ;
#2372 = LINE ( 'NONE', #2505, #3576 ) ;
#2373 = EDGE_CURVE ( 'NONE', #390, #1852, #3998, .T. ) ;
#2374 = COLOUR_RGB ( '',1.000000000000000000, 1.000000000000000000, 1.000000000000000000 ) ;
#2375 = UNCERTAINTY_MEASURE_WITH_UNIT (LENGTH_MEASURE( 1.000000000000000082E-05 ), #1644, 'distance_accuracy_value', 'NONE');
#2376 = STYLED_ITEM ( 'NONE', ( #748 ), #578 ) ;
#2377 = PRESENTATION_LAYER_ASSIGNMENT (  '', '', ( #338 ) ) ;
#2378 = CARTESIAN_POINT ( 'NONE',  ( -2.209999999999999964, -0.2500000000000000000, 0.2500000000000000000 ) ) ;
#2379 = LINE ( 'NONE', #806, #1894 ) ;
#2380 = EDGE_CURVE ( 'NONE', #3166, #2756, #1992, .T. ) ;
#2381 = DIRECTION ( 'NONE',  ( 1.000000000000000000, -1.224646799146999945E-16, 0.000000000000000000 ) ) ;
#2382 = ORIENTED_EDGE ( 'NONE', *, *, #366, .F. ) ;
#2383 = CARTESIAN_POINT ( 'NONE',  ( 2.109999999999999876, -2.402500000000000302, 0.2500000000000000000 ) ) ;
#2384 = EDGE_LOOP ( 'NONE', ( #3152, #3971, #3397, #3462 ) ) ;
#2385 = FILL_AREA_STYLE_COLOUR ( '', #1293 ) ;
#2386 = CARTESIAN_POINT ( 'NONE',  ( 2.227673706548999988, -2.777673706548999810, 0.8800000000000000044 ) ) ;
#2387 = DIRECTION ( 'NONE',  ( -0.000000000000000000, -0.000000000000000000, -1.000000000000000000 ) ) ;
#2388 = DIRECTION ( 'NONE',  ( -1.000000000000000000, 0.000000000000000000, 0.000000000000000000 ) ) ;
#2389 = SURFACE_STYLE_FILL_AREA ( #4029 ) ;
#2390 = EDGE_LOOP ( 'NONE', ( #33, #2044, #606, #3134 ) ) ;
#2391 = EDGE_LOOP ( 'NONE', ( #2315, #2150, #2616, #762 ) ) ;
#2392 = VERTEX_POINT ( 'NONE', #36 ) ;
#2393 = DIRECTION ( 'NONE',  ( 1.000000000000000000, 0.000000000000000000, 0.000000000000000000 ) ) ;
#2394 = EDGE_LOOP ( 'NONE', ( #3277, #1552, #4289, #1245 ) ) ;
#2395 = DIRECTION ( 'NONE',  ( 0.000000000000000000, -1.000000000000000000, -7.228014483236703064E-15 ) ) ;
#2396 = VECTOR ( 'NONE', #2979, 1000.000000000000000 ) ;
#2397 = MECHANICAL_DESIGN_GEOMETRIC_PRESENTATION_REPRESENTATION (  '', ( #1910 ), #718 ) ;
#2398 = ADVANCED_FACE ( 'NONE', ( #3746 ), #4041, .T. ) ;
#2399 =( NAMED_UNIT ( * ) SI_UNIT ( $, .STERADIAN. ) SOLID_ANGLE_UNIT ( ) );
#2400 =( NAMED_UNIT ( * ) SI_UNIT ( $, .STERADIAN. ) SOLID_ANGLE_UNIT ( ) );
#2401 = CARTESIAN_POINT ( 'NONE',  ( 2.109999999999999876, 2.560000000000000053, -2.600821756776163697E-83 ) ) ;
#2402 = VERTEX_POINT ( 'NONE', #2403 ) ;
#2403 = CARTESIAN_POINT ( 'NONE',  ( -2.010000000000000675, 0.1000000000000000749, 0.2500000000000000000 ) ) ;
#2404 = DIRECTION ( 'NONE',  ( -0.000000000000000000, 1.000000000000000000, 0.000000000000000000 ) ) ;
#2405 = VECTOR ( 'NONE', #434, 1000.000000000000000 ) ;
#2406 = LINE ( 'NONE', #767, #160 ) ;
#2407 = ORIENTED_EDGE ( 'NONE', *, *, #3189, .T. ) ;
#2408 = DIRECTION ( 'NONE',  ( -1.224646799146999945E-16, -1.000000000000000000, 0.000000000000000000 ) ) ;
#2409 = EDGE_CURVE ( 'NONE', #3564, #1422, #289, .T. ) ;
#2410 = PRODUCT_RELATED_PRODUCT_CATEGORY ( 'part', '', ( #4327 ) ) ;
#2411 = VECTOR ( 'NONE', #2849, 1000.000000000000000 ) ;
#2412 = CARTESIAN_POINT ( 'NONE',  ( -2.310000000000000053, -0.3500000000000000333, 0.2500000000000000000 ) ) ;
#2413 = FILL_AREA_STYLE ('',( #1676 ) ) ;
#2414 = VECTOR ( 'NONE', #2752, 1000.000000000000000 ) ;
#2415 = EDGE_CURVE ( 'NONE', #308, #3628, #763, .T. ) ;
#2416 = LINE ( 'NONE', #2777, #2962 ) ;
#2417 =( NAMED_UNIT ( * ) SI_UNIT ( $, .STERADIAN. ) SOLID_ANGLE_UNIT ( ) );
#2418 = ORIENTED_EDGE ( 'NONE', *, *, #1512, .F. ) ;
#2419 = ORIENTED_EDGE ( 'NONE', *, *, #1757, .T. ) ;
#2420 = ORIENTED_EDGE ( 'NONE', *, *, #113, .T. ) ;
#2421 = EDGE_CURVE ( 'NONE', #1365, #1447, #1646, .T. ) ;
#2422 = ADVANCED_BREP_SHAPE_REPRESENTATION ( '', ( #578, #4078 ), #843 ) ;
#2423 = DIRECTION ( 'NONE',  ( 1.000000000000000000, 0.000000000000000000, 0.000000000000000000 ) ) ;
#2424 =( NAMED_UNIT ( * ) PLANE_ANGLE_UNIT ( ) SI_UNIT ( $, .RADIAN. ) );
#2425 = AXIS2_PLACEMENT_3D ( 'NONE', #40, #2037, #692 ) ;
#2426 = SHAPE_DEFINITION_REPRESENTATION ( #254, #3347 ) ;
#2427 = DIRECTION ( 'NONE',  ( -3.410125194079000194E-16, -1.000000000000000000, 0.000000000000000000 ) ) ;
#2428 = VERTEX_POINT ( 'NONE', #2639 ) ;
#2429 = PRESENTATION_STYLE_ASSIGNMENT (( #660 ) ) ;
#2430 = CARTESIAN_POINT ( 'NONE',  ( -0.4300000000000000488, 2.560000000000000053, 0.2500000000000000000 ) ) ;
#2431 = EDGE_LOOP ( 'NONE', ( #485, #1096, #3676, #976, #923 ) ) ;
#2432 = PRESENTATION_STYLE_ASSIGNMENT (( #476 ) ) ;
#2433 = VECTOR ( 'NONE', #2247, 1000.000000000000000 ) ;
#2434 = LINE ( 'NONE', #3489, #3132 ) ;
#2435 =( LENGTH_UNIT ( ) NAMED_UNIT ( * ) SI_UNIT ( .MILLI., .METRE. ) );
#2436 = PRESENTATION_LAYER_ASSIGNMENT (  '', '', ( #3861 ) ) ;
#2437 = CARTESIAN_POINT ( 'NONE',  ( -1.727673706549000210, -2.277673706548999810, 1.000000000000000000 ) ) ;
#2438 = VERTEX_POINT ( 'NONE', #2034 ) ;
#2439 = ORIENTED_EDGE ( 'NONE', *, *, #401, .F. ) ;
#2440 = VERTEX_POINT ( 'NONE', #1732 ) ;
#2441 = CARTESIAN_POINT ( 'NONE',  ( 2.209999999999999964, 2.560000000000000053, 0.2500000000000000000 ) ) ;
#2442 = EDGE_CURVE ( 'NONE', #967, #3302, #511, .T. ) ;
#2443 = CARTESIAN_POINT ( 'NONE',  ( 2.209999999999999964, -0.09991393306071991165, 0.2500000000000000000 ) ) ;
#2444 =( NAMED_UNIT ( * ) SI_UNIT ( $, .STERADIAN. ) SOLID_ANGLE_UNIT ( ) );
#2445 = MECHANICAL_DESIGN_GEOMETRIC_PRESENTATION_REPRESENTATION (  '', ( #2643 ), #2808 ) ;
#2446 = AXIS2_PLACEMENT_3D ( 'NONE', #3785, #758, #428 ) ;
#2447 = VECTOR ( 'NONE', #1081, 1000.000000000000000 ) ;
#2448 = APPLICATION_PROTOCOL_DEFINITION ( 'draft international standard', 'automotive_design', 1998, #3613 ) ;
#2449 = MECHANICAL_DESIGN_GEOMETRIC_PRESENTATION_REPRESENTATION (  '', ( #1684 ), #543 ) ;
#2450 = CARTESIAN_POINT ( 'NONE',  ( -2.189584844488237092, -2.815479233284673199, 0.9873311731751531761 ) ) ;
#2451 = CARTESIAN_POINT ( 'NONE',  ( 2.227673706548999988, -2.896166582378863819, 0.8989588601329837614 ) ) ;
#2452 =( BOUNDED_SURFACE ( )  B_SPLINE_SURFACE ( 3, 3, ( 
 ( #4311, #2949, #1236, #4288 ),
 ( #303, #1277, #2927, #2611 ),
 ( #3963, #1296, #3924, #904 ),
 ( #3669, #3602, #565, #1915 ) ),
 .UNSPECIFIED., .F., .F., .F. ) 
 B_SPLINE_SURFACE_WITH_KNOTS ( ( 4, 4 ),
 ( 4, 4 ),
 ( 0.000000000000000000, 1.000000000000000000 ),
 ( 0.000000000000000000, 1.000000000000000000 ),
 .UNSPECIFIED. ) 
 GEOMETRIC_REPRESENTATION_ITEM ( )  RATIONAL_B_SPLINE_SURFACE ( (
 ( 1.000000000000000000, 0.3333333333333289294, 0.3333333333333289294, 1.000000000000000000),
 ( 0.9318883965758116839, 0.3106294655252664350, 0.3106294655252664350, 0.9318883965758116839),
 ( 0.9318883965758116839, 0.3106294655252664350, 0.3106294655252664350, 0.9318883965758116839),
 ( 1.000000000000000000, 0.3333333333333289294, 0.3333333333333289294, 1.000000000000000000) ) ) 
 REPRESENTATION_ITEM ( '' )  SURFACE ( )  );
#2453 = VERTEX_POINT ( 'NONE', #61 ) ;
#2454 = CIRCLE ( 'NONE', #1890, 0.09999999999999982514 ) ;
#2455 = DIRECTION ( 'NONE',  ( -0.3088554313789040884, -0.8574259888417339326, 0.4116175362718717534 ) ) ;
#2456 = SURFACE_STYLE_FILL_AREA ( #719 ) ;
#2457 = ORIENTED_EDGE ( 'NONE', *, *, #2442, .T. ) ;
#2458 = PRESENTATION_LAYER_ASSIGNMENT (  '', '', ( #4076 ) ) ;
#2459 = CARTESIAN_POINT ( 'NONE',  ( -1.699999999999999956, 3.037499999999999645, 0.000000000000000000 ) ) ;
#2460 = FILL_AREA_STYLE_COLOUR ( '', #540 ) ;
#2461 = EDGE_CURVE ( 'NONE', #1621, #3173, #2746, .T. ) ;
#2462 = AXIS2_PLACEMENT_3D ( 'NONE', #2471, #400, #1394 ) ;
#2463 = ORIENTED_EDGE ( 'NONE', *, *, #3401, .F. ) ;
#2464 = ORIENTED_EDGE ( 'NONE', *, *, #2872, .T. ) ;
#2465 = VERTEX_POINT ( 'NONE', #4090 ) ;
#2466 = LINE ( 'NONE', #3398, #2140 ) ;
#2467 = SURFACE_STYLE_FILL_AREA ( #2155 ) ;
#2468 = PRESENTATION_STYLE_ASSIGNMENT (( #3872 ) ) ;
#2469 = PRODUCT ( 'Open CASCADE STEP translator 6.8 2_3', 'Open CASCADE STEP translator 6.8 2_3', '', ( #4126 ) ) ;
#2470 = ITEM_DEFINED_TRANSFORMATION ( 'NONE', 'NONE', #1196,  #4078 ) ;
#2471 = CARTESIAN_POINT ( 'NONE',  ( 2.115866802211999964, -0.7500000000000000000, 0.2500000000000000000 ) ) ;
#2472 = DIRECTION ( 'NONE',  ( 0.1579905011069459853, 0.000000000000000000, 0.9874406319166616486 ) ) ;
#2473 = AXIS2_PLACEMENT_3D ( 'NONE', #344, #2362, #3440 ) ;
#2474 = VECTOR ( 'NONE', #3625, 1000.000000000000000 ) ;
#2475 = DIRECTION ( 'NONE',  ( -1.224646799146999945E-16, -1.000000000000000000, -0.000000000000000000 ) ) ;
#2476 = ADVANCED_FACE ( 'NONE', ( #1073 ), #2977, .F. ) ;
#2477 =( BOUNDED_CURVE ( )  B_SPLINE_CURVE ( 3, ( #1308, #4043, #981, #1995 ),
 .UNSPECIFIED., .F., .T. ) 
 B_SPLINE_CURVE_WITH_KNOTS ( ( 4, 4 ),
 ( 0.02496359116251887014, 0.7676085733580590986 ),
 .UNSPECIFIED. ) 
 CURVE ( )  GEOMETRIC_REPRESENTATION_ITEM ( )  RATIONAL_B_SPLINE_CURVE ( ( 1.000000000000000000, 0.9545655314958439996, 0.9545655314958439996, 1.000000000000000000 ) ) 
 REPRESENTATION_ITEM ( '' )  );
#2478 = EDGE_LOOP ( 'NONE', ( #3619, #3247, #1072, #3060 ) ) ;
#2479 = EDGE_CURVE ( 'NONE', #2231, #4120, #1142, .T. ) ;
#2480 = CARTESIAN_POINT ( 'NONE',  ( -2.010000000000000231, 1.899999999999999911, 0.000000000000000000 ) ) ;
#2481 = SURFACE_SIDE_STYLE ('',( #480 ) ) ;
#2482 = ORIENTED_EDGE ( 'NONE', *, *, #464, .F. ) ;
#2483 = ORIENTED_EDGE ( 'NONE', *, *, #3476, .F. ) ;
#2484 = VERTEX_POINT ( 'NONE', #3483 ) ;
#2485 = FILL_AREA_STYLE ('',( #1533 ) ) ;
#2486 = MECHANICAL_DESIGN_GEOMETRIC_PRESENTATION_REPRESENTATION (  '', ( #1797 ), #4253 ) ;
#2487 = PRESENTATION_STYLE_ASSIGNMENT (( #2504 ) ) ;
#2488 = FILL_AREA_STYLE_COLOUR ( '', #2157 ) ;
#2489 = AXIS2_PLACEMENT_3D ( 'NONE', #2623, #1675, #3361 ) ;
#2490 = DIRECTION ( 'NONE',  ( 1.000000000000000000, 0.000000000000000000, 0.000000000000000000 ) ) ;
#2491 = MECHANICAL_DESIGN_GEOMETRIC_PRESENTATION_REPRESENTATION (  '', ( #2265 ), #1290 ) ;
#2492 = SURFACE_SIDE_STYLE ('',( #1158 ) ) ;
#2493 = CARTESIAN_POINT ( 'NONE',  ( 0.4299999999999999933, -3.037499999999999645, 0.000000000000000000 ) ) ;
#2494 = FACE_OUTER_BOUND ( 'NONE', #2500, .T. ) ;
#2495 = CARTESIAN_POINT ( 'NONE',  ( -0.4299999999999999933, 2.720000000000000195, 0.2500000000000000000 ) ) ;
#2496 = DIRECTION ( 'NONE',  ( -1.000000000000000000, -0.000000000000000000, 0.000000000000000000 ) ) ;
#2497 = PLANE ( 'NONE',  #1157 ) ;
#2498 = EDGE_LOOP ( 'NONE', ( #1109, #751, #2851, #3627 ) ) ;
#2499 = MECHANICAL_DESIGN_GEOMETRIC_PRESENTATION_REPRESENTATION (  '', ( #1934 ), #2275 ) ;
#2500 = EDGE_LOOP ( 'NONE', ( #320, #193, #685, #2366, #1762, #1350, #3842, #3324, #1914, #21, #355, #3862, #3736, #1813, #1478, #466, #2575, #3352, #943, #3469, #1808, #1724, #3228, #2113, #383, #416, #1614, #2382, #2612, #436, #2008, #993, #3994, #2209, #1400, #737, #3441, #3110, #2483, #3866, #2701, #2637, #4319, #3406 ) ) ;
#2501 = ORIENTED_EDGE ( 'NONE', *, *, #3216, .F. ) ;
#2502 = PLANE ( 'NONE',  #1859 ) ;
#2503 = AXIS2_PLACEMENT_3D ( 'NONE', #3326, #4255, #2627 ) ;
#2504 = SURFACE_STYLE_USAGE ( .BOTH. , #3155 ) ;
#2505 = CARTESIAN_POINT ( 'NONE',  ( -1.699999999999999956, -2.402500000000000302, 0.000000000000000000 ) ) ;
#2506 = ITEM_DEFINED_TRANSFORMATION ( 'NONE', 'NONE', #698,  #4078 ) ;
#2507 = COLOUR_RGB ( '',1.000000000000000000, 1.000000000000000000, 1.000000000000000000 ) ;
#2508 = EDGE_CURVE ( 'NONE', #851, #1017, #1564, .T. ) ;
#2509 = SURFACE_SIDE_STYLE ('',( #4191 ) ) ;
#2510 =( GEOMETRIC_REPRESENTATION_CONTEXT ( 3 ) GLOBAL_UNCERTAINTY_ASSIGNED_CONTEXT ( ( #3271 ) ) GLOBAL_UNIT_ASSIGNED_CONTEXT ( ( #1257, #990, #601 ) ) REPRESENTATION_CONTEXT ( 'NONE', 'WORKASPACE' ) );
#2511 = AXIS2_PLACEMENT_3D ( 'NONE', #1543, #179, #3563 ) ;
#2512 = CARTESIAN_POINT ( 'NONE',  ( -2.109999999999999876, 2.100000000000000089, 0.000000000000000000 ) ) ;
#2513 = CIRCLE ( 'NONE', #609, 0.1200000000000000094 ) ;
#2514 = SURFACE_STYLE_FILL_AREA ( #3566 ) ;
#2515 = CARTESIAN_POINT ( 'NONE',  ( -2.109999999999999876, 2.000000000000000000, 0.2500000000000000000 ) ) ;
#2516 = LINE ( 'NONE', #3692, #342 ) ;
#2517 = CARTESIAN_POINT ( 'NONE',  ( 0.4300000000000000488, -3.037499999999999645, 0.2500000000000000000 ) ) ;
#2518 = VECTOR ( 'NONE', #2381, 1000.000000000000000 ) ;
#2519 = LINE ( 'NONE', #1868, #4034 ) ;
#2520 = DIRECTION ( 'NONE',  ( 0.000000000000000000, -0.000000000000000000, -1.000000000000000000 ) ) ;
#2521 =( GEOMETRIC_REPRESENTATION_CONTEXT ( 3 ) GLOBAL_UNCERTAINTY_ASSIGNED_CONTEXT ( ( #577 ) ) GLOBAL_UNIT_ASSIGNED_CONTEXT ( ( #1069, #4085, #3376 ) ) REPRESENTATION_CONTEXT ( 'NONE', 'WORKASPACE' ) );
#2522 = EDGE_LOOP ( 'NONE', ( #1540, #4296, #1281, #3127 ) ) ;
#2523 = CIRCLE ( 'NONE', #2462, 0.09999999999999982514 ) ;
#2524 = DIRECTION ( 'NONE',  ( -1.224646799146999945E-16, -1.000000000000000000, 0.000000000000000000 ) ) ;
#2525 = CARTESIAN_POINT ( 'NONE',  ( -2.209999999999999964, 2.560000000000000053, 0.2500000000000000000 ) ) ;
#2526 = ORIENTED_EDGE ( 'NONE', *, *, #2582, .T. ) ;
#2527 = DIRECTION ( 'NONE',  ( -1.704927877041489922E-46, 1.000000000000000000, 3.074708921146619889E-31 ) ) ;
#2528 = CARTESIAN_POINT ( 'NONE',  ( 0.8400000000000000799, 2.560000000000000053, 0.2500000000000000000 ) ) ;
#2529 = CARTESIAN_POINT ( 'NONE',  ( -2.382559565217920561, 2.707835022027651473, 0.9668857944127043913 ) ) ;
#2530 = DIRECTION ( 'NONE',  ( 1.224646799146999945E-16, 1.000000000000000000, 0.000000000000000000 ) ) ;
#2531 = EDGE_CURVE ( 'NONE', #633, #3166, #128, .T. ) ;
#2532 = EDGE_LOOP ( 'NONE', ( #1769, #2839, #686, #4093 ) ) ;
#2533 = CARTESIAN_POINT ( 'NONE',  ( -2.010000000000000231, 1.899999999999999911, 0.2500000000000000000 ) ) ;
#2534 =( GEOMETRIC_REPRESENTATION_CONTEXT ( 3 ) GLOBAL_UNCERTAINTY_ASSIGNED_CONTEXT ( ( #3931 ) ) GLOBAL_UNIT_ASSIGNED_CONTEXT ( ( #4280, #2601, #1268 ) ) REPRESENTATION_CONTEXT ( 'NONE', 'WORKASPACE' ) );
#2535 = LINE ( 'NONE', #2263, #2735 ) ;
#2536 = AXIS2_PLACEMENT_3D ( 'NONE', #1106, #3729, #45 ) ;
#2537 = EDGE_CURVE ( 'NONE', #3717, #2440, #4192, .T. ) ;
#2538 = PRODUCT_RELATED_PRODUCT_CATEGORY ( 'part', '', ( #886 ) ) ;
#2539 = VERTEX_POINT ( 'NONE', #3854 ) ;
#2540 = CARTESIAN_POINT ( 'NONE',  ( -2.209999999999999964, -0.1000000000000000056, 0.000000000000000000 ) ) ;
#2541 = ADVANCED_FACE ( 'NONE', ( #1487 ), #86, .F. ) ;
#2542 = COLOUR_RGB ( '',1.000000000000000000, 1.000000000000000000, 1.000000000000000000 ) ;
#2543 =( NAMED_UNIT ( * ) PLANE_ANGLE_UNIT ( ) SI_UNIT ( $, .RADIAN. ) );
#2544 = FILL_AREA_STYLE_COLOUR ( '', #2566 ) ;
#2545 = VECTOR ( 'NONE', #4226, 1000.000000000000000 ) ;
#2546 = ORIENTED_EDGE ( 'NONE', *, *, #235, .T. ) ;
#2547 = AXIS2_PLACEMENT_3D ( 'NONE', #2792, #739, #60 ) ;
#2548 = CYLINDRICAL_SURFACE ( 'NONE', #4052, 0.09999999999999982514 ) ;
#2549 = UNCERTAINTY_MEASURE_WITH_UNIT (LENGTH_MEASURE( 1.000000000000000082E-05 ), #2347, 'distance_accuracy_value', 'NONE');
#2550 = DIRECTION ( 'NONE',  ( 0.1560548629277731802, -0.1560548629284536637, 0.9753428933011074609 ) ) ;
#2551 = LINE ( 'NONE', #885, #3233 ) ;
#2552 = SURFACE_SIDE_STYLE ('',( #3548 ) ) ;
#2553 = APPLICATION_CONTEXT ( 'automotive_design' ) ;
#2554 = STYLED_ITEM ( 'NONE', ( #2432 ), #1485 ) ;
#2555 = EDGE_LOOP ( 'NONE', ( #4110, #1747, #2127, #504 ) ) ;
#2556 = CARTESIAN_POINT ( 'NONE',  ( -0.8399999999999999689, 3.037499999999999645, 0.000000000000000000 ) ) ;
#2557 = PLANE ( 'NONE',  #1119 ) ;
#2558 = FACE_OUTER_BOUND ( 'NONE', #2054, .T. ) ;
#2559 = DIRECTION ( 'NONE',  ( 1.000000000000000000, -1.224646799146999945E-16, 0.000000000000000000 ) ) ;
#2560 = EDGE_CURVE ( 'NONE', #2730, #288, #3789, .T. ) ;
#2561 = LINE ( 'NONE', #1932, #3543 ) ;
#2562 = CARTESIAN_POINT ( 'NONE',  ( -0.4299999999999999933, -3.037499999999999645, 0.000000000000000000 ) ) ;
#2563 = EDGE_CURVE ( 'NONE', #4079, #1422, #2100, .T. ) ;
#2564 = VERTEX_POINT ( 'NONE', #740 ) ;
#2565 = FILL_AREA_STYLE ('',( #994 ) ) ;
#2566 = COLOUR_RGB ( '',1.000000000000000000, 1.000000000000000000, 1.000000000000000000 ) ;
#2567 = FACE_OUTER_BOUND ( 'NONE', #3007, .T. ) ;
#2568 = CARTESIAN_POINT ( 'NONE',  ( 0.000000000000000000, 0.000000000000000000, 0.000000000000000000 ) ) ;
#2569 = STYLED_ITEM ( 'NONE', ( #1903 ), #3711 ) ;
#2570 = CARTESIAN_POINT ( 'NONE',  ( -2.500000000000000000, -0.3499999999999999778, 0.2500000000000000000 ) ) ;
#2571 = LINE ( 'NONE', #1202, #3287 ) ;
#2572 =( NAMED_UNIT ( * ) PLANE_ANGLE_UNIT ( ) SI_UNIT ( $, .RADIAN. ) );
#2573 = FILL_AREA_STYLE_COLOUR ( '', #4064 ) ;
#2574 = VECTOR ( 'NONE', #2520, 1000.000000000000000 ) ;
#2575 = ORIENTED_EDGE ( 'NONE', *, *, #3508, .F. ) ;
#2576 = AXIS2_PLACEMENT_3D ( 'NONE', #2570, #830, #2165 ) ;
#2577 = PRESENTATION_LAYER_ASSIGNMENT (  '', '', ( #897 ) ) ;
#2578 = DIRECTION ( 'NONE',  ( -8.870371882674300279E-49, 1.000000000000000000, -8.189103864005222151E-81 ) ) ;
#2579 = SURFACE_STYLE_FILL_AREA ( #935 ) ;
#2580 = COLOUR_RGB ( '',1.000000000000000000, 1.000000000000000000, 1.000000000000000000 ) ;
#2581 = PLANE ( 'NONE',  #3491 ) ;
#2582 = EDGE_CURVE ( 'NONE', #1017, #3564, #3690, .T. ) ;
#2583 =( NAMED_UNIT ( * ) PLANE_ANGLE_UNIT ( ) SI_UNIT ( $, .RADIAN. ) );
#2584 =( GEOMETRIC_REPRESENTATION_CONTEXT ( 3 ) GLOBAL_UNCERTAINTY_ASSIGNED_CONTEXT ( ( #1996 ) ) GLOBAL_UNIT_ASSIGNED_CONTEXT ( ( #4256, #3640, #3200 ) ) REPRESENTATION_CONTEXT ( 'NONE', 'WORKASPACE' ) );
#2585 =( NAMED_UNIT ( * ) SI_UNIT ( $, .STERADIAN. ) SOLID_ANGLE_UNIT ( ) );
#2586 = CARTESIAN_POINT ( 'NONE',  ( 2.399984331843112439, -2.652767683904079465, 0.9515487359449875671 ) ) ;
#2587 = SURFACE_STYLE_FILL_AREA ( #2609 ) ;
#2588 =( GEOMETRIC_REPRESENTATION_CONTEXT ( 3 ) GLOBAL_UNCERTAINTY_ASSIGNED_CONTEXT ( ( #313 ) ) GLOBAL_UNIT_ASSIGNED_CONTEXT ( ( #3695, #2344, #3307 ) ) REPRESENTATION_CONTEXT ( 'NONE', 'WORKASPACE' ) );
#2589 =( GEOMETRIC_REPRESENTATION_CONTEXT ( 3 ) GLOBAL_UNCERTAINTY_ASSIGNED_CONTEXT ( ( #2358 ) ) GLOBAL_UNIT_ASSIGNED_CONTEXT ( ( #2090, #3871, #1136 ) ) REPRESENTATION_CONTEXT ( 'NONE', 'WORKASPACE' ) );
#2590 = EDGE_LOOP ( 'NONE', ( #2764, #925, #1735, #1362 ) ) ;
#2591 = DIRECTION ( 'NONE',  ( 1.000000000000000000, 0.000000000000000000, 0.000000000000000000 ) ) ;
#2592 = UNCERTAINTY_MEASURE_WITH_UNIT (LENGTH_MEASURE( 1.000000000000000082E-05 ), #2036, 'distance_accuracy_value', 'NONE');
#2593 = PRESENTATION_STYLE_ASSIGNMENT (( #1278 ) ) ;
#2594 = CARTESIAN_POINT ( 'NONE',  ( 2.382559565217571951, 2.707835022028241667, 0.9668857944127361437 ) ) ;
#2595 = ORIENTED_EDGE ( 'NONE', *, *, #1495, .F. ) ;
#2596 = EDGE_CURVE ( 'NONE', #2664, #1408, #447, .T. ) ;
#2597 = ADVANCED_FACE ( 'NONE', ( #790 ), #2123, .F. ) ;
#2598 =( NAMED_UNIT ( * ) SI_UNIT ( $, .STERADIAN. ) SOLID_ANGLE_UNIT ( ) );
#2599 =( NAMED_UNIT ( * ) SI_UNIT ( $, .STERADIAN. ) SOLID_ANGLE_UNIT ( ) );
#2600 = ADVANCED_FACE ( 'NONE', ( #2567 ), #4237, .F. ) ;
#2601 =( NAMED_UNIT ( * ) PLANE_ANGLE_UNIT ( ) SI_UNIT ( $, .RADIAN. ) );
#2602 = UNCERTAINTY_MEASURE_WITH_UNIT (LENGTH_MEASURE( 1.000000000000000082E-05 ), #924, 'distance_accuracy_value', 'NONE');
#2603 = PRESENTATION_LAYER_ASSIGNMENT (  '', '', ( #2759 ) ) ;
#2604 = MECHANICAL_DESIGN_GEOMETRIC_PRESENTATION_REPRESENTATION (  '', ( #1275 ), #3319 ) ;
#2605 = CARTESIAN_POINT ( 'NONE',  ( -2.444863560060784646, -3.000000000000000000, 0.05000000000000005135 ) ) ;
#2606 = DIRECTION ( 'NONE',  ( 0.000000000000000000, -0.000000000000000000, -1.000000000000000000 ) ) ;
#2607 = FILL_AREA_STYLE ('',( #2206 ) ) ;
#2608 = SURFACE_SIDE_STYLE ('',( #3687 ) ) ;
#2609 = FILL_AREA_STYLE ('',( #4285 ) ) ;
#2610 = EDGE_LOOP ( 'NONE', ( #2184, #1814, #3017, #869 ) ) ;
#2611 = CARTESIAN_POINT ( 'NONE',  ( -2.319662917083491482, 2.839426582600955040, 0.9396115358278303020 ) ) ;
#2612 = ORIENTED_EDGE ( 'NONE', *, *, #3524, .T. ) ;
#2613 = DIRECTION ( 'NONE',  ( -0.000000000000000000, -0.000000000000000000, -1.000000000000000000 ) ) ;
#2614 = DIRECTION ( 'NONE',  ( 1.000000000000000000, 0.000000000000000000, 0.000000000000000000 ) ) ;
#2615 = FILL_AREA_STYLE ('',( #931 ) ) ;
#2616 = ORIENTED_EDGE ( 'NONE', *, *, #3476, .T. ) ;
#2617 = ORIENTED_EDGE ( 'NONE', *, *, #2091, .T. ) ;
#2618 = AXIS2_PLACEMENT_3D ( 'NONE', #2981, #2693, #664 ) ;
#2619 = SURFACE_SIDE_STYLE ('',( #3336 ) ) ;
#2620 = CARTESIAN_POINT ( 'NONE',  ( 2.500000000000000000, -0.6500000000000000222, 0.2500000000000000000 ) ) ;
#2621 = ADVANCED_FACE ( 'NONE', ( #2233 ), #2548, .F. ) ;
#2622 = AXIS2_PLACEMENT_3D ( 'NONE', #3433, #1472, #110 ) ;
#2623 = CARTESIAN_POINT ( 'NONE',  ( -1.699999999999999956, 3.037499999999999645, 0.000000000000000000 ) ) ;
#2624 = DIRECTION ( 'NONE',  ( 0.9874406319167277069, 0.000000000000000000, 0.1579905011065324549 ) ) ;
#2625 = CARTESIAN_POINT ( 'NONE',  ( -2.109999999999999876, 1.899999999999999911, 0.2500000000000000000 ) ) ;
#2626 = EDGE_LOOP ( 'NONE', ( #4030, #1681, #4062, #3535 ) ) ;
#2627 = DIRECTION ( 'NONE',  ( 0.000000000000000000, -1.499759782660990007E-32, 1.000000000000000000 ) ) ;
#2628 = AXIS2_PLACEMENT_3D ( 'NONE', #1253, #1556, #2624 ) ;
#2629 = EDGE_CURVE ( 'NONE', #354, #2779, #3988, .T. ) ;
#2630 = CARTESIAN_POINT ( 'NONE',  ( 2.109999999999999876, 3.037499999999999645, 0.000000000000000000 ) ) ;
#2631 =( NAMED_UNIT ( * ) SI_UNIT ( $, .STERADIAN. ) SOLID_ANGLE_UNIT ( ) );
#2632 = AXIS2_PLACEMENT_3D ( 'NONE', #1367, #350, #1041 ) ;
#2633 = CARTESIAN_POINT ( 'NONE',  ( 2.450000000000025935, -2.881507124170122225, 0.2500000000008320566 ) ) ;
#2634 = FILL_AREA_STYLE_COLOUR ( '', #3679 ) ;
#2635 = SURFACE_SIDE_STYLE ('',( #2257 ) ) ;
#2636 = ORIENTED_EDGE ( 'NONE', *, *, #857, .F. ) ;
#2637 = ORIENTED_EDGE ( 'NONE', *, *, #2872, .F. ) ;
#2638 = LINE ( 'NONE', #2281, #1434 ) ;
#2639 = CARTESIAN_POINT ( 'NONE',  ( -2.010000000000000675, 0.1000000000000000194, 0.000000000000000000 ) ) ;
#2640 = DIRECTION ( 'NONE',  ( 0.9874406319167279289, 3.614007241618345221E-15, -0.1579905011065315945 ) ) ;
#2641 = CARTESIAN_POINT ( 'NONE',  ( -2.209999999999999964, -0.2500000000000000000, 0.000000000000000000 ) ) ;
#2642 = CARTESIAN_POINT ( 'NONE',  ( 1.699999999999999956, -2.402500000000000302, -5.373210877287311486E-78 ) ) ;
#2643 = STYLED_ITEM ( 'NONE', ( #934 ), #2311 ) ;
#2644 = UNCERTAINTY_MEASURE_WITH_UNIT (LENGTH_MEASURE( 1.000000000000000082E-05 ), #205, 'distance_accuracy_value', 'NONE');
#2645 = AXIS2_PLACEMENT_3D ( 'NONE', #1148, #4182, #815 ) ;
#2646 = SURFACE_SIDE_STYLE ('',( #2941 ) ) ;
#2647 = LINE ( 'NONE', #667, #196 ) ;
#2648 = PRODUCT_DEFINITION_CONTEXT ( 'detailed design', #3847, 'design' ) ;
#2649 = MECHANICAL_DESIGN_GEOMETRIC_PRESENTATION_REPRESENTATION (  '', ( #3655 ), #2025 ) ;
#2650 = DIRECTION ( 'NONE',  ( 1.224646799147319927E-16, 1.000000000000000000, 3.795867174530299861E-29 ) ) ;
#2651 = CARTESIAN_POINT ( 'NONE',  ( 2.282540762599507556, -2.774602279918443770, 1.016106617380543531 ) ) ;
#2652 = FACE_OUTER_BOUND ( 'NONE', #486, .T. ) ;
#2653 = VECTOR ( 'NONE', #3545, 1000.000000000000000 ) ;
#2654 = EDGE_LOOP ( 'NONE', ( #4010, #1471, #2203, #71 ) ) ;
#2655 = ADVANCED_FACE ( 'NONE', ( #1967 ), #3670, .T. ) ;
#2656 = STYLED_ITEM ( 'NONE', ( #1211 ), #650 ) ;
#2657 = CARTESIAN_POINT ( 'NONE',  ( -1.699999999999999956, 3.037499999999999645, 0.000000000000000000 ) ) ;
#2658 = CARTESIAN_POINT ( 'NONE',  ( 2.015866802211999875, -0.7500000000000000000, 0.2500000000000000000 ) ) ;
#2659 = COLOUR_RGB ( '',1.000000000000000000, 1.000000000000000000, 1.000000000000000000 ) ;
#2660 = MECHANICAL_DESIGN_GEOMETRIC_PRESENTATION_REPRESENTATION (  '', ( #149 ), #1542 ) ;
#2661 = CARTESIAN_POINT ( 'NONE',  ( -2.289426582600968985, -2.839426582600940829, 0.9622992381412123208 ) ) ;
#2662 = PLANE ( 'NONE',  #3280 ) ;
#2663 = ORIENTED_EDGE ( 'NONE', *, *, #1637, .F. ) ;
#2664 = VERTEX_POINT ( 'NONE', #1213 ) ;
#2665 = CARTESIAN_POINT ( 'NONE',  ( 2.310000000000000053, -0.3499999999999999778, 0.2500000000000000000 ) ) ;
#2666 = PLANE ( 'NONE',  #3449 ) ;
#2667 = FILL_AREA_STYLE ('',( #1694 ) ) ;
#2668 = CARTESIAN_POINT ( 'NONE',  ( 2.015866802211999875, 1.899999999999999911, 0.2500000000000000000 ) ) ;
#2669 = EDGE_CURVE ( 'NONE', #3758, #2152, #1978, .T. ) ;
#2670 = SURFACE_STYLE_USAGE ( .BOTH. , #3957 ) ;
#2671 = CARTESIAN_POINT ( 'NONE',  ( -2.449999999999999734, -3.000000000000000000, 0.05000000000000000278 ) ) ;
#2672 = EDGE_CURVE ( 'NONE', #2564, #3603, #2224, .T. ) ;
#2673 = DIRECTION ( 'NONE',  ( -8.870371882674300279E-49, 1.000000000000000000, -8.189103864005222151E-81 ) ) ;
#2674 = EDGE_LOOP ( 'NONE', ( #1325, #4225, #2778, #2950 ) ) ;
#2675 = PRESENTATION_LAYER_ASSIGNMENT (  '', '', ( #3246 ) ) ;
#2676 = EDGE_CURVE ( 'NONE', #288, #3468, #1929, .T. ) ;
#2677 =( GEOMETRIC_REPRESENTATION_CONTEXT ( 3 ) GLOBAL_UNCERTAINTY_ASSIGNED_CONTEXT ( ( #4271 ) ) GLOBAL_UNIT_ASSIGNED_CONTEXT ( ( #742, #3770, #1399 ) ) REPRESENTATION_CONTEXT ( 'NONE', 'WORKASPACE' ) );
#2678 = ORIENTED_EDGE ( 'NONE', *, *, #2323, .F. ) ;
#2679 = SURFACE_SIDE_STYLE ('',( #1366 ) ) ;
#2680 = UNCERTAINTY_MEASURE_WITH_UNIT (LENGTH_MEASURE( 1.000000000000000082E-05 ), #789, 'distance_accuracy_value', 'NONE');
#2681 = DIRECTION ( 'NONE',  ( 0.000000000000000000, 0.000000000000000000, 1.000000000000000000 ) ) ;
#2682 = CARTESIAN_POINT ( 'NONE',  ( 2.338244197728655216, -2.830860696598525905, 0.9078258572008347516 ) ) ;
#2683 = SURFACE_SIDE_STYLE ('',( #2277 ) ) ;
#2684 = CARTESIAN_POINT ( 'NONE',  ( -2.449999999999999734, 3.000000000000000000, 0.2500000000000000000 ) ) ;
#2685 = EDGE_LOOP ( 'NONE', ( #4268, #2407, #1904, #2251 ) ) ;
#2686 = EDGE_LOOP ( 'NONE', ( #3961, #95, #1867, #3284 ) ) ;
#2687 = SURFACE_STYLE_USAGE ( .BOTH. , #1099 ) ;
#2688 = VECTOR ( 'NONE', #1147, 1000.000000000000000 ) ;
#2689 = SURFACE_STYLE_USAGE ( .BOTH. , #8 ) ;
#2690 = CARTESIAN_POINT ( 'NONE',  ( -0.8399999999999998579, -3.037499999999999645, 0.000000000000000000 ) ) ;
#2691 = CARTESIAN_POINT ( 'NONE',  ( -2.362293798238721543, 3.000000000000000444, 0.2500000000018519075 ) ) ;
#2692 = PRESENTATION_STYLE_ASSIGNMENT (( #2980 ) ) ;
#2693 = DIRECTION ( 'NONE',  ( 1.000000000000000000, -1.224646799146999945E-16, 0.000000000000000000 ) ) ;
#2694 = CARTESIAN_POINT ( 'NONE',  ( -2.227673706548999988, 0.7500000000000000000, 0.8800000000000000044 ) ) ;
#2695 = VECTOR ( 'NONE', #1120, 1000.000000000000000 ) ;
#2696 = EDGE_CURVE ( 'NONE', #3779, #369, #4264, .T. ) ;
#2697 = PRESENTATION_STYLE_ASSIGNMENT (( #1678 ) ) ;
#2698 = CARTESIAN_POINT ( 'NONE',  ( 1.700000000000000178, -3.037499999999999645, 0.000000000000000000 ) ) ;
#2699 = ORIENTED_EDGE ( 'NONE', *, *, #1822, .T. ) ;
#2700 = ORIENTED_EDGE ( 'NONE', *, *, #1355, .T. ) ;
#2701 = ORIENTED_EDGE ( 'NONE', *, *, #2340, .T. ) ;
#2702 = ORIENTED_EDGE ( 'NONE', *, *, #3907, .F. ) ;
#2703 = DIRECTION ( 'NONE',  ( -0.000000000000000000, 0.000000000000000000, 1.000000000000000000 ) ) ;
#2704 = EDGE_CURVE ( 'NONE', #3018, #3511, #2920, .T. ) ;
#2705 = ADVANCED_FACE ( 'NONE', ( #2289 ), #3658, .T. ) ;
#2706 =( LENGTH_UNIT ( ) NAMED_UNIT ( * ) SI_UNIT ( .MILLI., .METRE. ) );
#2707 = LINE ( 'NONE', #1140, #844 ) ;
#2708 = CARTESIAN_POINT ( 'NONE',  ( 0.8400000000000000799, 3.037499999999999645, 0.000000000000000000 ) ) ;
#2709 = COLOUR_RGB ( '',1.000000000000000000, 1.000000000000000000, 1.000000000000000000 ) ;
#2710 = ORIENTED_EDGE ( 'NONE', *, *, #1452, .F. ) ;
#2711 = SURFACE_STYLE_FILL_AREA ( #1443 ) ;
#2712 = DIRECTION ( 'NONE',  ( 0.000000000000000000, -1.499759782660990007E-32, 1.000000000000000000 ) ) ;
#2713 = CARTESIAN_POINT ( 'NONE',  ( -2.227673706549068378, 2.777673706549068200, 0.8800000000002391465 ) ) ;
#2714 = MECHANICAL_DESIGN_GEOMETRIC_PRESENTATION_REPRESENTATION (  '', ( #835 ), #261 ) ;
#2715 = SURFACE_SIDE_STYLE ('',( #2456 ) ) ;
#2716 = PLANE ( 'NONE',  #2297 ) ;
#2717 = DIRECTION ( 'NONE',  ( -1.000000000000000000, 2.259689972760629896E-50, 1.806126219983446961E-83 ) ) ;
#2718 = VECTOR ( 'NONE', #1964, 1000.000000000000000 ) ;
#2719 = UNCERTAINTY_MEASURE_WITH_UNIT (LENGTH_MEASURE( 1.000000000000000082E-05 ), #2753, 'distance_accuracy_value', 'NONE');
#2720 = FACE_OUTER_BOUND ( 'NONE', #3709, .T. ) ;
#2721 = PLANE ( 'NONE',  #3989 ) ;
#2722 = VECTOR ( 'NONE', #1598, 1000.000000000000000 ) ;
#2723 = PRESENTATION_LAYER_ASSIGNMENT (  '', '', ( #2569 ) ) ;
#2724 = CARTESIAN_POINT ( 'NONE',  ( -2.338244197728630347, -2.830860696598536119, 0.9078258572008758298 ) ) ;
#2725 = SURFACE_STYLE_FILL_AREA ( #725 ) ;
#2726 = CARTESIAN_POINT ( 'NONE',  ( 2.346166582378879539, 2.777673706549050436, 0.8989588601329887574 ) ) ;
#2727 = VERTEX_POINT ( 'NONE', #2540 ) ;
#2728 = EDGE_CURVE ( 'NONE', #390, #1621, #1654, .T. ) ;
#2729 = ORIENTED_EDGE ( 'NONE', *, *, #846, .T. ) ;
#2730 = VERTEX_POINT ( 'NONE', #918 ) ;
#2731 = CIRCLE ( 'NONE', #1467, 0.1200000000000001482 ) ;
#2732 =( GEOMETRIC_REPRESENTATION_CONTEXT ( 3 ) GLOBAL_UNCERTAINTY_ASSIGNED_CONTEXT ( ( #3025 ) ) GLOBAL_UNIT_ASSIGNED_CONTEXT ( ( #413, #985, #2014 ) ) REPRESENTATION_CONTEXT ( 'NONE', 'WORKASPACE' ) );
#2733 = ORIENTED_EDGE ( 'NONE', *, *, #2079, .F. ) ;
#2734 = SURFACE_SIDE_STYLE ('',( #3064 ) ) ;
#2735 = VECTOR ( 'NONE', #618, 1000.000000000000000 ) ;
#2736 = CIRCLE ( 'NONE', #3806, 0.1200000000000001343 ) ;
#2737 = AXIS2_PLACEMENT_3D ( 'NONE', #3047, #1375, #1733 ) ;
#2738 = EDGE_CURVE ( 'NONE', #1170, #2948, #626, .T. ) ;
#2739 = FILL_AREA_STYLE_COLOUR ( '', #681 ) ;
#2740 = CARTESIAN_POINT ( 'NONE',  ( -2.448341262333483037, 2.996628592588153506, 0.05000000000000001665 ) ) ;
#2741 = SURFACE_STYLE_FILL_AREA ( #102 ) ;
#2742 = ORIENTED_EDGE ( 'NONE', *, *, #127, .F. ) ;
#2744 = VECTOR ( 'NONE', #4060, 1000.000000000000000 ) ;
#2743 = CARTESIAN_POINT ( 'NONE',  ( -2.209999999999999520, -0.09999999999999999167, 0.2500000000000000000 ) ) ;
#2745 = ADVANCED_FACE ( 'NONE', ( #296 ), #558, .F. ) ;
#2746 = LINE ( 'NONE', #978, #2966 ) ;
#2747 = DIRECTION ( 'NONE',  ( -0.000000000000000000, 0.000000000000000000, 1.000000000000000000 ) ) ;
#2748 = LINE ( 'NONE', #1144, #1981 ) ;
#2749 = VERTEX_POINT ( 'NONE', #3597 ) ;
#2750 = PLANE ( 'NONE',  #461 ) ;
#2751 = EDGE_CURVE ( 'NONE', #2840, #704, #3209, .T. ) ;
#2752 = DIRECTION ( 'NONE',  ( -0.000000000000000000, -1.000000000000000000, -0.000000000000000000 ) ) ;
#2753 =( LENGTH_UNIT ( ) NAMED_UNIT ( * ) SI_UNIT ( .MILLI., .METRE. ) );
#2754 = LINE ( 'NONE', #365, #3641 ) ;
#2755 = ORIENTED_EDGE ( 'NONE', *, *, #2151, .F. ) ;
#2756 = VERTEX_POINT ( 'NONE', #1975 ) ;
#2757 = ORIENTED_EDGE ( 'NONE', *, *, #2696, .T. ) ;
#2758 =( NAMED_UNIT ( * ) SI_UNIT ( $, .STERADIAN. ) SOLID_ANGLE_UNIT ( ) );
#2759 = STYLED_ITEM ( 'NONE', ( #108 ), #2901 ) ;
#2760 = APPLICATION_PROTOCOL_DEFINITION ( 'draft international standard', 'automotive_design', 1998, #3847 ) ;
#2761 = CARTESIAN_POINT ( 'NONE',  ( -2.209999999999999964, 2.560000000000000053, 0.000000000000000000 ) ) ;
#2762 = LINE ( 'NONE', #1801, #426 ) ;
#2763 = CARTESIAN_POINT ( 'NONE',  ( -0.4299999999999999933, 3.037499999999999645, 0.000000000000000000 ) ) ;
#2764 = ORIENTED_EDGE ( 'NONE', *, *, #2596, .F. ) ;
#2765 = CARTESIAN_POINT ( 'NONE',  ( -2.310000000000000053, -0.2500000000000000000, 0.2500000000000000000 ) ) ;
#2766 = CARTESIAN_POINT ( 'NONE',  ( 2.331507124170001610, -3.000000000000104361, 0.2500000000000165423 ) ) ;
#2767 = PRESENTATION_STYLE_ASSIGNMENT (( #1122 ) ) ;
#2768 = PRESENTATION_LAYER_ASSIGNMENT (  '', '', ( #3898 ) ) ;
#2769 =( NAMED_UNIT ( * ) PLANE_ANGLE_UNIT ( ) SI_UNIT ( $, .RADIAN. ) );
#2770 = EDGE_LOOP ( 'NONE', ( #592, #1477, #4137, #2439 ) ) ;
#2771 =( NAMED_UNIT ( * ) PLANE_ANGLE_UNIT ( ) SI_UNIT ( $, .RADIAN. ) );
#2772 = AXIS2_PLACEMENT_3D ( 'NONE', #594, #4277, #2241 ) ;
#2773 = CARTESIAN_POINT ( 'NONE',  ( -2.209999999999999964, 2.720000000000000195, 0.2500000000000000000 ) ) ;
#2774 = ADVANCED_FACE ( 'NONE', ( #4000 ), #2959, .F. ) ;
#2775 = SURFACE_STYLE_USAGE ( .BOTH. , #2481 ) ;
#2776 = CIRCLE ( 'NONE', #3839, 0.1200000000000000094 ) ;
#2777 = CARTESIAN_POINT ( 'NONE',  ( -2.109999999999999432, -0.6499999999999994671, 0.2500000000000000000 ) ) ;
#2778 = ORIENTED_EDGE ( 'NONE', *, *, #1153, .T. ) ;
#2779 = VERTEX_POINT ( 'NONE', #4019 ) ;
#2780 = VERTEX_POINT ( 'NONE', #3629 ) ;
#2781 = CARTESIAN_POINT ( 'NONE',  ( 2.450000000000000178, 2.994863560060783580, 0.05000000000000005135 ) ) ;
#2782 = MECHANICAL_DESIGN_GEOMETRIC_PRESENTATION_REPRESENTATION (  '', ( #813 ), #2976 ) ;
#2783 = FACE_OUTER_BOUND ( 'NONE', #2555, .T. ) ;
#2784 = SURFACE_SIDE_STYLE ('',( #3803 ) ) ;
#2785 = VECTOR ( 'NONE', #4138, 1000.000000000000000 ) ;
#2786 = CARTESIAN_POINT ( 'NONE',  ( 0.000000000000000000, 0.000000000000000000, 0.000000000000000000 ) ) ;
#2787 = CARTESIAN_POINT ( 'NONE',  ( -2.282762912319192594, -2.978190782665813163, 0.7953255097987026456 ) ) ;
#2788 = CARTESIAN_POINT ( 'NONE',  ( -0.8400000000000000799, -3.037499999999999645, 0.2500000000000000000 ) ) ;
#2789 = DIRECTION ( 'NONE',  ( 5.595603589010000068E-16, 1.000000000000000000, 0.000000000000000000 ) ) ;
#2790 = ORIENTED_EDGE ( 'NONE', *, *, #634, .T. ) ;
#2791 = EDGE_CURVE ( 'NONE', #619, #3418, #2795, .T. ) ;
#2792 = CARTESIAN_POINT ( 'NONE',  ( -0.6350000000000000089, 2.720000000000000195, 0.2500000000000000000 ) ) ;
#2793 = SURFACE_STYLE_USAGE ( .BOTH. , #4113 ) ;
#2794 =( LENGTH_UNIT ( ) NAMED_UNIT ( * ) SI_UNIT ( .MILLI., .METRE. ) );
#2795 =( BOUNDED_CURVE ( )  B_SPLINE_CURVE ( 3, ( #291, #2691, #1648, #2354 ),
 .UNSPECIFIED., .F., .F. ) 
 B_SPLINE_CURVE_WITH_KNOTS ( ( 4, 4 ),
 ( 0.02496359116355429883, 0.7676085733580623183 ),
 .UNSPECIFIED. ) 
 CURVE ( )  GEOMETRIC_REPRESENTATION_ITEM ( )  RATIONAL_B_SPLINE_CURVE ( ( 1.000000000000000000, 0.9545655314959688997, 0.9545655314959688997, 1.000000000000000000 ) ) 
 REPRESENTATION_ITEM ( '' )  );
#2796 = VERTEX_POINT ( 'NONE', #3975 ) ;
#2797 = PLANE ( 'NONE',  #1581 ) ;
#2798 = VECTOR ( 'NONE', #4283, 1000.000000000000000 ) ;
#2799 = DIRECTION ( 'NONE',  ( 1.000000000000000000, 0.000000000000000000, 0.000000000000000000 ) ) ;
#2800 = DIRECTION ( 'NONE',  ( -1.000000000000000000, 1.224646799147319927E-16, -3.795867174530299861E-29 ) ) ;
#2801 = UNCERTAINTY_MEASURE_WITH_UNIT (LENGTH_MEASURE( 1.000000000000000082E-05 ), #1714, 'distance_accuracy_value', 'NONE');
#2802 = APPLICATION_CONTEXT ( 'automotive_design' ) ;
#2803 = DIRECTION ( 'NONE',  ( 1.000000000000000000, -1.224646799147319927E-16, 3.795867174530299861E-29 ) ) ;
#2804 = ORIENTED_EDGE ( 'NONE', *, *, #3694, .T. ) ;
#2805 = EDGE_LOOP ( 'NONE', ( #778, #3951, #373, #555, #1719, #440, #3748 ) ) ;
#2806 = ORIENTED_EDGE ( 'NONE', *, *, #2461, .T. ) ;
#2807 = PRESENTATION_LAYER_ASSIGNMENT (  '', '', ( #604 ) ) ;
#2808 =( GEOMETRIC_REPRESENTATION_CONTEXT ( 3 ) GLOBAL_UNCERTAINTY_ASSIGNED_CONTEXT ( ( #1630 ) ) GLOBAL_UNIT_ASSIGNED_CONTEXT ( ( #1926, #251, #2598 ) ) REPRESENTATION_CONTEXT ( 'NONE', 'WORKASPACE' ) );
#2809 = VECTOR ( 'NONE', #2387, 1000.000000000000000 ) ;
#2810 = EDGE_CURVE ( 'NONE', #2903, #2916, #691, .T. ) ;
#2811 = PRODUCT_CONTEXT ( 'NONE', #4057, 'mechanical' ) ;
#2812 = VECTOR ( 'NONE', #1821, 1000.000000000000000 ) ;
#2813 = CARTESIAN_POINT ( 'NONE',  ( -2.209999999999999964, -0.09999999999999995004, 0.2500000000000000000 ) ) ;
#2814 = CARTESIAN_POINT ( 'NONE',  ( 2.227673706548999988, -2.829606875674646194, 0.9881801550404101242 ) ) ;
#2815 = PRESENTATION_STYLE_ASSIGNMENT (( #1465 ) ) ;
#2816 = CIRCLE ( 'NONE', #491, 0.1199999999999998845 ) ;
#2817 = DIRECTION ( 'NONE',  ( 0.000000000000000000, -1.000000000000000000, -0.000000000000000000 ) ) ;
#2818 = ORIENTED_EDGE ( 'NONE', *, *, #2560, .T. ) ;
#2819 =( LENGTH_UNIT ( ) NAMED_UNIT ( * ) SI_UNIT ( .MILLI., .METRE. ) );
#2820 = VECTOR ( 'NONE', #2703, 1000.000000000000000 ) ;
#2821 = CARTESIAN_POINT ( 'NONE',  ( 2.015866802211999875, -0.7500000000000000000, 0.2500000000000000000 ) ) ;
#2822 = VECTOR ( 'NONE', #2073, 1000.000000000000000 ) ;
#2823 = ORIENTED_EDGE ( 'NONE', *, *, #2063, .T. ) ;
#2824 = VERTEX_POINT ( 'NONE', #335 ) ;
#2825 = ORIENTED_EDGE ( 'NONE', *, *, #3330, .F. ) ;
#2826 = PRODUCT_RELATED_PRODUCT_CATEGORY ( 'part', '', ( #947 ) ) ;
#2827 = CARTESIAN_POINT ( 'NONE',  ( 2.289426582600968096, 2.839426582600941273, 0.9622992381412122098 ) ) ;
#2828 = EDGE_CURVE ( 'NONE', #586, #1990, #620, .T. ) ;
#2829 = PRODUCT_CONTEXT ( 'NONE', #512, 'mechanical' ) ;
#2830 = CARTESIAN_POINT ( 'NONE',  ( -0.6350000000000000089, 2.560000000000000053, 0.2500000000000000000 ) ) ;
#2831 = PRESENTATION_LAYER_ASSIGNMENT (  '', '', ( #2245 ) ) ;
#2832 = DIRECTION ( 'NONE',  ( -0.9874406319167277069, 0.000000000000000000, 0.1579905011065324549 ) ) ;
#2833 = FILL_AREA_STYLE ('',( #1568 ) ) ;
#2834 = ORIENTED_EDGE ( 'NONE', *, *, #1503, .T. ) ;
#2835 =( NAMED_UNIT ( * ) SI_UNIT ( $, .STERADIAN. ) SOLID_ANGLE_UNIT ( ) );
#2836 = DIRECTION ( 'NONE',  ( 1.194078392304068460E-16, 1.000000000000000000, -1.910525427689896658E-17 ) ) ;
#2837 = DIRECTION ( 'NONE',  ( 1.000000000000000000, 0.000000000000000000, 0.000000000000000000 ) ) ;
#2838 = EDGE_LOOP ( 'NONE', ( #1572, #3369, #25, #798 ) ) ;
#2839 = ORIENTED_EDGE ( 'NONE', *, *, #3115, .T. ) ;
#2840 = VERTEX_POINT ( 'NONE', #2264 ) ;
#2841 = CARTESIAN_POINT ( 'NONE',  ( 0.000000000000000000, 0.000000000000000000, 0.05000000000000000278 ) ) ;
#2842 = EDGE_CURVE ( 'NONE', #2339, #2440, #2999, .T. ) ;
#2843 = CARTESIAN_POINT ( 'NONE',  ( 2.448341262333506130, 2.996628592588198359, 0.05000000000000012768 ) ) ;
#2844 =( NAMED_UNIT ( * ) SI_UNIT ( $, .STERADIAN. ) SOLID_ANGLE_UNIT ( ) );
#2845 = FILL_AREA_STYLE ('',( #3180 ) ) ;
#2846 =( NAMED_UNIT ( * ) SI_UNIT ( $, .STERADIAN. ) SOLID_ANGLE_UNIT ( ) );
#2847 = CARTESIAN_POINT ( 'NONE',  ( 2.015866802212000319, 1.899999999999999911, 0.2500000000000000000 ) ) ;
#2848 = PRESENTATION_STYLE_ASSIGNMENT (( #458 ) ) ;
#2849 = DIRECTION ( 'NONE',  ( 1.000000000000000000, -0.000000000000000000, 0.000000000000000000 ) ) ;
#2850 = PRESENTATION_LAYER_ASSIGNMENT (  '', '', ( #1589 ) ) ;
#2851 = ORIENTED_EDGE ( 'NONE', *, *, #2193, .T. ) ;
#2852 =( GEOMETRIC_REPRESENTATION_CONTEXT ( 3 ) GLOBAL_UNCERTAINTY_ASSIGNED_CONTEXT ( ( #3977 ) ) GLOBAL_UNIT_ASSIGNED_CONTEXT ( ( #3213, #3558, #3828 ) ) REPRESENTATION_CONTEXT ( 'NONE', 'WORKASPACE' ) );
#2853 = FILL_AREA_STYLE_COLOUR ( '', #3811 ) ;
#2854 = ADVANCED_FACE ( 'NONE', ( #1332 ), #1285, .T. ) ;
#2855 =( GEOMETRIC_REPRESENTATION_CONTEXT ( 3 ) GLOBAL_UNCERTAINTY_ASSIGNED_CONTEXT ( ( #275 ) ) GLOBAL_UNIT_ASSIGNED_CONTEXT ( ( #2882, #2190, #1154 ) ) REPRESENTATION_CONTEXT ( 'NONE', 'WORKASPACE' ) );
#2856 = ITEM_DEFINED_TRANSFORMATION ( 'NONE', 'NONE', #3372,  #4078 ) ;
#2857 =( GEOMETRIC_REPRESENTATION_CONTEXT ( 3 ) GLOBAL_UNCERTAINTY_ASSIGNED_CONTEXT ( ( #605 ) ) GLOBAL_UNIT_ASSIGNED_CONTEXT ( ( #2917, #4227, #1623 ) ) REPRESENTATION_CONTEXT ( 'NONE', 'WORKASPACE' ) );
#2858 = DIRECTION ( 'NONE',  ( -0.000000000000000000, -1.000000000000000000, -0.000000000000000000 ) ) ;
#2859 = VECTOR ( 'NONE', #2271, 1000.000000000000000 ) ;
#2860 = VECTOR ( 'NONE', #2131, 1000.000000000000000 ) ;
#2861 = EDGE_CURVE ( 'NONE', #2440, #2023, #2748, .T. ) ;
#2862 =( GEOMETRIC_REPRESENTATION_CONTEXT ( 3 ) GLOBAL_UNCERTAINTY_ASSIGNED_CONTEXT ( ( #3624 ) ) GLOBAL_UNIT_ASSIGNED_CONTEXT ( ( #3932, #2885, #4195 ) ) REPRESENTATION_CONTEXT ( 'NONE', 'WORKASPACE' ) );
#2863 = PRESENTATION_STYLE_ASSIGNMENT (( #243 ) ) ;
#2864 = DIRECTION ( 'NONE',  ( 1.000000000000000000, 0.000000000000000000, 0.000000000000000000 ) ) ;
#2865 =( GEOMETRIC_REPRESENTATION_CONTEXT ( 3 ) GLOBAL_UNCERTAINTY_ASSIGNED_CONTEXT ( ( #1601 ) ) GLOBAL_UNIT_ASSIGNED_CONTEXT ( ( #2918, #2978, #1267 ) ) REPRESENTATION_CONTEXT ( 'NONE', 'WORKASPACE' ) );
#2866 = VECTOR ( 'NONE', #2166, 1000.000000000000000 ) ;
#2867 = DIRECTION ( 'NONE',  ( -0.000000000000000000, -1.000000000000000000, -0.000000000000000000 ) ) ;
#2868 = LINE ( 'NONE', #3909, #1911 ) ;
#2869 = CARTESIAN_POINT ( 'NONE',  ( -2.259190248118327471, 2.839426582600927507, 0.9849869404546843787 ) ) ;
#2870 = CIRCLE ( 'NONE', #3291, 0.1199999999999998845 ) ;
#2871 = ORIENTED_EDGE ( 'NONE', *, *, #1302, .T. ) ;
#2872 = EDGE_CURVE ( 'NONE', #2727, #628, #2406, .T. ) ;
#2873 = CARTESIAN_POINT ( 'NONE',  ( 0.4299999999999999933, 3.037499999999999645, 0.000000000000000000 ) ) ;
#2874 = CYLINDRICAL_SURFACE ( 'NONE', #2218, 0.09999999999999982514 ) ;
#2875 = VECTOR ( 'NONE', #1307, 1000.000000000000000 ) ;
#2876 = VECTOR ( 'NONE', #244, 1000.000000000000000 ) ;
#2877 = VECTOR ( 'NONE', #3091, 1000.000000000000000 ) ;
#2878 = ORIENTED_EDGE ( 'NONE', *, *, #3178, .T. ) ;
#2879 = PRESENTATION_STYLE_ASSIGNMENT (( #505 ) ) ;
#2880 = MECHANICAL_DESIGN_GEOMETRIC_PRESENTATION_REPRESENTATION (  '', ( #3666 ), #3882 ) ;
#2881 = SURFACE_STYLE_USAGE ( .BOTH. , #3497 ) ;
#2882 =( LENGTH_UNIT ( ) NAMED_UNIT ( * ) SI_UNIT ( .MILLI., .METRE. ) );
#2883 = ORIENTED_EDGE ( 'NONE', *, *, #2676, .T. ) ;
#2884 = DIRECTION ( 'NONE',  ( 2.259689972760629896E-50, 1.000000000000000000, 7.992805392577500665E-34 ) ) ;
#2885 =( NAMED_UNIT ( * ) PLANE_ANGLE_UNIT ( ) SI_UNIT ( $, .RADIAN. ) );
#2886 = PLANE ( 'NONE',  #2122 ) ;
#2887 = CARTESIAN_POINT ( 'NONE',  ( -2.289426582600969873, 2.839426582600941273, 0.9622992381412126539 ) ) ;
#2888 =( LENGTH_UNIT ( ) NAMED_UNIT ( * ) SI_UNIT ( .MILLI., .METRE. ) );
#2889 = STYLED_ITEM ( 'NONE', ( #2180 ), #212 ) ;
#2890 = ORIENTED_EDGE ( 'NONE', *, *, #4282, .F. ) ;
#2891 = CARTESIAN_POINT ( 'NONE',  ( 2.444863560060714036, -3.000000000000000000, 0.04999999999999998196 ) ) ;
#2892 = SURFACE_STYLE_FILL_AREA ( #1885 ) ;
#2893 = PRESENTATION_LAYER_ASSIGNMENT (  '', '', ( #4295 ) ) ;
#2894 = SHAPE_REPRESENTATION ( 'Open CASCADE STEP translator 6.8 2_4', ( #4078 ), #2521 ) ;
#2895 = EDGE_CURVE ( 'NONE', #189, #1130, #441, .T. ) ;
#2896 = FILL_AREA_STYLE_COLOUR ( '', #4005 ) ;
#2897 =( NAMED_UNIT ( * ) SI_UNIT ( $, .STERADIAN. ) SOLID_ANGLE_UNIT ( ) );
#2898 = AXIS2_PLACEMENT_3D ( 'NONE', #1100, #1162, #3103 ) ;
#2899 = CARTESIAN_POINT ( 'NONE',  ( 2.227673706548999988, -0.7500000000000000000, 0.8800000000000000044 ) ) ;
#2900 = CARTESIAN_POINT ( 'NONE',  ( -0.6350000000000000089, 2.560000000000000053, 0.2500000000000000000 ) ) ;
#2901 = ADVANCED_FACE ( 'NONE', ( #3461 ), #1470, .T. ) ;
#2902 = PRESENTATION_LAYER_ASSIGNMENT (  '', '', ( #1991 ) ) ;
#2903 = VERTEX_POINT ( 'NONE', #2383 ) ;
#2904 =( LENGTH_UNIT ( ) NAMED_UNIT ( * ) SI_UNIT ( .MILLI., .METRE. ) );
#2905 = MECHANICAL_DESIGN_GEOMETRIC_PRESENTATION_REPRESENTATION (  '', ( #3260 ), #2971 ) ;
#2906 = VECTOR ( 'NONE', #1780, 1000.000000000000000 ) ;
#2907 = PRESENTATION_STYLE_ASSIGNMENT (( #1874 ) ) ;
#2908 = UNCERTAINTY_MEASURE_WITH_UNIT (LENGTH_MEASURE( 1.000000000000000082E-05 ), #1931, 'distance_accuracy_value', 'NONE');
#2909 = UNCERTAINTY_MEASURE_WITH_UNIT (LENGTH_MEASURE( 1.000000000000000082E-05 ), #3453, 'distance_accuracy_value', 'NONE');
#2910 = CARTESIAN_POINT ( 'NONE',  ( -1.699999999999999956, -2.402500000000000302, 0.000000000000000000 ) ) ;
#2911 = LINE ( 'NONE', #1569, #3446 ) ;
#2912 = CARTESIAN_POINT ( 'NONE',  ( -0.4299999999999999933, -2.402500000000000302, 0.2500000000000000000 ) ) ;
#2913 = LINE ( 'NONE', #4199, #3218 ) ;
#2914 = COLOUR_RGB ( '',1.000000000000000000, 1.000000000000000000, 1.000000000000000000 ) ;
#2915 = ADVANCED_FACE ( 'NONE', ( #3410 ), #4092, .T. ) ;
#2916 = VERTEX_POINT ( 'NONE', #1077 ) ;
#2917 =( LENGTH_UNIT ( ) NAMED_UNIT ( * ) SI_UNIT ( .MILLI., .METRE. ) );
#2918 =( LENGTH_UNIT ( ) NAMED_UNIT ( * ) SI_UNIT ( .MILLI., .METRE. ) );
#2919 = LINE ( 'NONE', #1602, #30 ) ;
#2920 = LINE ( 'NONE', #2267, #252 ) ;
#2921 =( GEOMETRIC_REPRESENTATION_CONTEXT ( 3 ) GLOBAL_UNCERTAINTY_ASSIGNED_CONTEXT ( ( #928 ) ) GLOBAL_UNIT_ASSIGNED_CONTEXT ( ( #4306, #2583, #2897 ) ) REPRESENTATION_CONTEXT ( 'NONE', 'WORKASPACE' ) );
#2922 = FACE_OUTER_BOUND ( 'NONE', #3077, .T. ) ;
#2923 = EDGE_CURVE ( 'NONE', #1035, #1834, #954, .T. ) ;
#2924 = CONTEXT_DEPENDENT_SHAPE_REPRESENTATION ( #745, #1201 ) ;
#2925 = ORIENTED_EDGE ( 'NONE', *, *, #1629, .F. ) ;
#2926 = APPLICATION_CONTEXT ( 'automotive_design' ) ;
#2927 = CARTESIAN_POINT ( 'NONE',  ( -2.296312402602445513, 2.904250885283566230, 0.9084918589017744184 ) ) ;
#2928 = MECHANICAL_DESIGN_GEOMETRIC_PRESENTATION_REPRESENTATION (  '', ( #4333 ), #190 ) ;
#2929 = EDGE_CURVE ( 'NONE', #2364, #975, #408, .T. ) ;
#2930 =( NAMED_UNIT ( * ) PLANE_ANGLE_UNIT ( ) SI_UNIT ( $, .RADIAN. ) );
#2931 = VECTOR ( 'NONE', #1361, 1000.000000000000000 ) ;
#2932 = CARTESIAN_POINT ( 'NONE',  ( 2.109999999999999876, -3.037499999999999645, 1.676535552386631520E-161 ) ) ;
#2933 = LINE ( 'NONE', #1879, #1876 ) ;
#2934 = ORIENTED_EDGE ( 'NONE', *, *, #3135, .T. ) ;
#2935 = VECTOR ( 'NONE', #2159, 1000.000000000000000 ) ;
#2936 = VECTOR ( 'NONE', #3751, 1000.000000000000000 ) ;
#2937 = DIRECTION ( 'NONE',  ( 0.000000000000000000, -1.000000000000000000, 2.349104707051928377E-14 ) ) ;
#2938 = CARTESIAN_POINT ( 'NONE',  ( 2.209999999999999964, 2.560000000000000053, -2.661025964108945445E-83 ) ) ;
#2939 = PRESENTATION_STYLE_ASSIGNMENT (( #4245 ) ) ;
#2940 = AXIS2_PLACEMENT_3D ( 'NONE', #2202, #3231, #1907 ) ;
#2941 = SURFACE_STYLE_FILL_AREA ( #579 ) ;
#2942 = CARTESIAN_POINT ( 'NONE',  ( -2.346166582378652166, -2.777673706549003363, 0.8989588601329440154 ) ) ;
#2943 = AXIS2_PLACEMENT_3D ( 'NONE', #1507, #514, #2832 ) ;
#2944 = LINE ( 'NONE', #2226, #3459 ) ;
#2945 = DIRECTION ( 'NONE',  ( -3.410125194079000194E-16, -1.000000000000000000, 0.000000000000000000 ) ) ;
#2946 =( GEOMETRIC_REPRESENTATION_CONTEXT ( 3 ) GLOBAL_UNCERTAINTY_ASSIGNED_CONTEXT ( ( #987 ) ) GLOBAL_UNIT_ASSIGNED_CONTEXT ( ( #4105, #2116, #2844 ) ) REPRESENTATION_CONTEXT ( 'NONE', 'WORKASPACE' ) );
#2947 = AXIS2_PLACEMENT_3D ( 'NONE', #374, #4054, #1344 ) ;
#2948 = VERTEX_POINT ( 'NONE', #474 ) ;
#2949 = CARTESIAN_POINT ( 'NONE',  ( -2.289426582600968985, 2.839426582600940385, 0.9622992381412113216 ) ) ;
#2950 = ORIENTED_EDGE ( 'NONE', *, *, #2063, .F. ) ;
#2951 = CARTESIAN_POINT ( 'NONE',  ( 1.699999999999999956, 3.037499999999999645, 0.000000000000000000 ) ) ;
#2952 = PRODUCT_DEFINITION_SHAPE ( 'NONE', 'NONE',  #4357 ) ;
#2953 = CARTESIAN_POINT ( 'NONE',  ( -2.319662917083513687, -2.839426582600954596, 0.9396115358278139817 ) ) ;
#2954 =( LENGTH_UNIT ( ) NAMED_UNIT ( * ) SI_UNIT ( .MILLI., .METRE. ) );
#2955 = ORIENTED_EDGE ( 'NONE', *, *, #2211, .T. ) ;
#2956 = ORIENTED_EDGE ( 'NONE', *, *, #3560, .F. ) ;
#2957 = DIRECTION ( 'NONE',  ( 0.000000000000000000, 0.000000000000000000, 1.000000000000000000 ) ) ;
#2958 = CARTESIAN_POINT ( 'NONE',  ( 2.401877752806056865, -3.000000000000000444, 0.1801601991002398928 ) ) ;
#2959 = PLANE ( 'NONE',  #1850 ) ;
#2960 = SURFACE_STYLE_USAGE ( .BOTH. , #1029 ) ;
#2961 = UNCERTAINTY_MEASURE_WITH_UNIT (LENGTH_MEASURE( 1.000000000000000082E-05 ), #4308, 'distance_accuracy_value', 'NONE');
#2962 = VECTOR ( 'NONE', #2000, 1000.000000000000000 ) ;
#2963 = CARTESIAN_POINT ( 'NONE',  ( -2.401877752806092836, -3.000000000000000444, 0.1801601991004016523 ) ) ;
#2964 = FILL_AREA_STYLE ('',( #3902 ) ) ;
#2965 = EDGE_CURVE ( 'NONE', #3468, #1037, #1826, .T. ) ;
#2966 = VECTOR ( 'NONE', #3046, 1000.000000000000000 ) ;
#2967 = EDGE_LOOP ( 'NONE', ( #3995, #1454, #2171, #544 ) ) ;
#2968 = MECHANICAL_DESIGN_GEOMETRIC_PRESENTATION_REPRESENTATION (  '', ( #1219 ), #28 ) ;
#2969 = DIRECTION ( 'NONE',  ( 1.000000000000000000, 0.000000000000000000, 0.000000000000000000 ) ) ;
#2970 =( NAMED_UNIT ( * ) PLANE_ANGLE_UNIT ( ) SI_UNIT ( $, .RADIAN. ) );
#2971 =( GEOMETRIC_REPRESENTATION_CONTEXT ( 3 ) GLOBAL_UNCERTAINTY_ASSIGNED_CONTEXT ( ( #3403 ) ) GLOBAL_UNIT_ASSIGNED_CONTEXT ( ( #3192, #1190, #557 ) ) REPRESENTATION_CONTEXT ( 'NONE', 'WORKASPACE' ) );
#2972 = FACE_OUTER_BOUND ( 'NONE', #151, .T. ) ;
#2973 = CARTESIAN_POINT ( 'NONE',  ( 2.223477195468436474, 2.830860696598482384, 0.9939407791066259268 ) ) ;
#2974 = ORIENTED_EDGE ( 'NONE', *, *, #2923, .T. ) ;
#2975 = ORIENTED_EDGE ( 'NONE', *, *, #1645, .F. ) ;
#2976 =( GEOMETRIC_REPRESENTATION_CONTEXT ( 3 ) GLOBAL_UNCERTAINTY_ASSIGNED_CONTEXT ( ( #1 ) ) GLOBAL_UNIT_ASSIGNED_CONTEXT ( ( #2076, #3407, #3045 ) ) REPRESENTATION_CONTEXT ( 'NONE', 'WORKASPACE' ) );
#2977 = CYLINDRICAL_SURFACE ( 'NONE', #294, 0.09999999999999982514 ) ;
#2978 =( NAMED_UNIT ( * ) PLANE_ANGLE_UNIT ( ) SI_UNIT ( $, .RADIAN. ) );
#2979 = DIRECTION ( 'NONE',  ( 0.000000000000000000, -1.000000000000000000, -0.000000000000000000 ) ) ;
#2980 = SURFACE_STYLE_USAGE ( .BOTH. , #3976 ) ;
#2981 = CARTESIAN_POINT ( 'NONE',  ( 2.449999999999999734, -3.000000000000000000, 0.05000000000000000278 ) ) ;
#2982 = STYLED_ITEM ( 'NONE', ( #3412 ), #1473 ) ;
#2983 =( REPRESENTATION_RELATIONSHIP ('NONE','NONE', #3409, #3870 ) REPRESENTATION_RELATIONSHIP_WITH_TRANSFORMATION ( #2856 )SHAPE_REPRESENTATION_RELATIONSHIP( ) );
#2984 = PRESENTATION_STYLE_ASSIGNMENT (( #876 ) ) ;
#2985 = PLANE ( 'NONE',  #1051 ) ;
#2986 = CARTESIAN_POINT ( 'NONE',  ( -2.209999999999999964, 2.560000000000000053, 0.2500000000000000000 ) ) ;
#2987 = DIRECTION ( 'NONE',  ( 0.000000000000000000, 0.000000000000000000, 1.000000000000000000 ) ) ;
#2988 = ORIENTED_EDGE ( 'NONE', *, *, #4262, .T. ) ;
#2989 =( LENGTH_UNIT ( ) NAMED_UNIT ( * ) SI_UNIT ( .MILLI., .METRE. ) );
#2990 = MECHANICAL_DESIGN_GEOMETRIC_PRESENTATION_REPRESENTATION (  '', ( #1518 ), #2921 ) ;
#2991 = DIRECTION ( 'NONE',  ( 1.000000000000000000, 0.000000000000000000, 0.000000000000000000 ) ) ;
#2992 = CARTESIAN_POINT ( 'NONE',  ( -2.227673706548999988, 2.896166582378863819, 0.8989588601329837614 ) ) ;
#2993 = ORIENTED_EDGE ( 'NONE', *, *, #143, .T. ) ;
#2994 = ADVANCED_FACE ( 'NONE', ( #4219 ), #550, .T. ) ;
#2995 = ORIENTED_EDGE ( 'NONE', *, *, #4166, .F. ) ;
#2996 = PRODUCT_DEFINITION ( 'UNKNOWN', '', #2108, #1289 ) ;
#2997 = VECTOR ( 'NONE', #4258, 1000.000000000000000 ) ;
#2998 = LINE ( 'NONE', #4345, #3452 ) ;
#2999 = LINE ( 'NONE', #4346, #2396 ) ;
#3000 = FILL_AREA_STYLE_COLOUR ( '', #693 ) ;
#3001 = DIRECTION ( 'NONE',  ( 1.000000000000000000, -1.224646799146999945E-16, 0.000000000000000000 ) ) ;
#3002 = VECTOR ( 'NONE', #1322, 1000.000000000000000 ) ;
#3003 = UNCERTAINTY_MEASURE_WITH_UNIT (LENGTH_MEASURE( 1.000000000000000082E-05 ), #1141, 'distance_accuracy_value', 'NONE');
#3004 = EDGE_CURVE ( 'NONE', #1990, #4343, #3890, .T. ) ;
#3005 = SURFACE_SIDE_STYLE ('',( #2081 ) ) ;
#3006 = DIRECTION ( 'NONE',  ( 0.3088554313789039774, 0.8574259888417340436, -0.4116175362718719755 ) ) ;
#3007 = EDGE_LOOP ( 'NONE', ( #3036, #4232, #4100, #2890 ) ) ;
#3008 = APPLICATION_CONTEXT ( 'automotive_design' ) ;
#3009 = VECTOR ( 'NONE', #2255, 1000.000000000000000 ) ;
#3010 = EDGE_LOOP ( 'NONE', ( #1294, #1836, #3174, #902 ) ) ;
#3011 =( GEOMETRIC_REPRESENTATION_CONTEXT ( 3 ) GLOBAL_UNCERTAINTY_ASSIGNED_CONTEXT ( ( #154 ) ) GLOBAL_UNIT_ASSIGNED_CONTEXT ( ( #336, #1006, #596 ) ) REPRESENTATION_CONTEXT ( 'NONE', 'WORKASPACE' ) );
#3012 =( NAMED_UNIT ( * ) SI_UNIT ( $, .STERADIAN. ) SOLID_ANGLE_UNIT ( ) );
#3013 = STYLED_ITEM ( 'NONE', ( #1411 ), #1705 ) ;
#3014 = FILL_AREA_STYLE ('',( #4292 ) ) ;
#3015 = DIRECTION ( 'NONE',  ( -1.000000000000000000, 1.224646799146999945E-16, 0.000000000000000000 ) ) ;
#3016 = CARTESIAN_POINT ( 'NONE',  ( 2.390000000000000124, -1.500000000000000000, 0.6250000000000000000 ) ) ;
#3017 = ORIENTED_EDGE ( 'NONE', *, *, #3194, .T. ) ;
#3018 = VERTEX_POINT ( 'NONE', #3857 ) ;
#3019 = ADVANCED_FACE ( 'NONE', ( #1241 ), #2179, .T. ) ;
#3020 =( NAMED_UNIT ( * ) SI_UNIT ( $, .STERADIAN. ) SOLID_ANGLE_UNIT ( ) );
#3021 =( LENGTH_UNIT ( ) NAMED_UNIT ( * ) SI_UNIT ( .MILLI., .METRE. ) );
#3022 = DIRECTION ( 'NONE',  ( 1.000000000000000000, -1.224646799146999945E-16, 0.000000000000000000 ) ) ;
#3023 = DIRECTION ( 'NONE',  ( 1.000000000000000000, -5.595603589010000068E-16, 0.000000000000000000 ) ) ;
#3024 = CARTESIAN_POINT ( 'NONE',  ( 0.8400000000000000799, 3.037499999999999645, 0.2500000000000000000 ) ) ;
#3025 = UNCERTAINTY_MEASURE_WITH_UNIT (LENGTH_MEASURE( 1.000000000000000082E-05 ), #413, 'distance_accuracy_value', 'NONE');
#3026 = DIRECTION ( 'NONE',  ( -1.224646799146999945E-16, -1.000000000000000000, 0.000000000000000000 ) ) ;
#3027 = CARTESIAN_POINT ( 'NONE',  ( 0.4299999999999999933, -2.402500000000000302, 0.000000000000000000 ) ) ;
#3028 = CARTESIAN_POINT ( 'NONE',  ( -2.259190248118467803, -2.839426582600926618, 0.9849869404545780194 ) ) ;
#3029 = LINE ( 'NONE', #4143, #2860 ) ;
#3030 = CARTESIAN_POINT ( 'NONE',  ( -2.346166582378651722, 1.500000000000000000, 0.8989588601329443485 ) ) ;
#3031 = EDGE_CURVE ( 'NONE', #241, #2337, #2236, .T. ) ;
#3032 = ORIENTED_EDGE ( 'NONE', *, *, #986, .T. ) ;
#3033 = STYLED_ITEM ( 'NONE', ( #468 ), #1781 ) ;
#3034 = ORIENTED_EDGE ( 'NONE', *, *, #3073, .F. ) ;
#3035 = EDGE_CURVE ( 'NONE', #2796, #331, #516, .T. ) ;
#3036 = ORIENTED_EDGE ( 'NONE', *, *, #3926, .T. ) ;
#3037 = CARTESIAN_POINT ( 'NONE',  ( -2.209999999999999964, 2.560000000000000053, 0.2500000000000000000 ) ) ;
#3038 =( NAMED_UNIT ( * ) PLANE_ANGLE_UNIT ( ) SI_UNIT ( $, .RADIAN. ) );
#3039 = UNCERTAINTY_MEASURE_WITH_UNIT (LENGTH_MEASURE( 1.000000000000000082E-05 ), #2047, 'distance_accuracy_value', 'NONE');
#3040 = PRESENTATION_STYLE_ASSIGNMENT (( #352 ) ) ;
#3041 = CARTESIAN_POINT ( 'NONE',  ( 2.209999999999999964, 2.560000000000000053, 0.000000000000000000 ) ) ;
#3042 = CARTESIAN_POINT ( 'NONE',  ( -2.109999999999999876, -2.402500000000000302, 0.2500000000000000000 ) ) ;
#3043 = ORIENTED_EDGE ( 'NONE', *, *, #43, .T. ) ;
#3044 = ORIENTED_EDGE ( 'NONE', *, *, #2791, .T. ) ;
#3045 =( NAMED_UNIT ( * ) SI_UNIT ( $, .STERADIAN. ) SOLID_ANGLE_UNIT ( ) );
#3046 = DIRECTION ( 'NONE',  ( 0.000000000000000000, -0.000000000000000000, -1.000000000000000000 ) ) ;
#3047 = CARTESIAN_POINT ( 'NONE',  ( -2.109999999999999876, -0.7500000000000000000, 0.000000000000000000 ) ) ;
#3048 = DIRECTION ( 'NONE',  ( -1.000000000000000000, 0.000000000000000000, 0.000000000000000000 ) ) ;
#3049 = DIRECTION ( 'NONE',  ( 0.000000000000000000, 0.000000000000000000, 1.000000000000000000 ) ) ;
#3050 = CARTESIAN_POINT ( 'NONE',  ( 0.4299999999999999933, -3.037499999999999645, 0.000000000000000000 ) ) ;
#3051 = ADVANCED_FACE ( 'NONE', ( #3281 ), #997, .F. ) ;
#3052 = CIRCLE ( 'NONE', #581, 0.09999999999999982514 ) ;
#3053 = SURFACE_STYLE_FILL_AREA ( #771 ) ;
#3054 = DIRECTION ( 'NONE',  ( 1.000000000000000000, 0.000000000000000000, 0.000000000000000000 ) ) ;
#3055 = AXIS2_PLACEMENT_3D ( 'NONE', #1002, #1597, #2937 ) ;
#3056 = CARTESIAN_POINT ( 'NONE',  ( -2.289426582600968985, -2.839426582600940385, 0.9622992381412115437 ) ) ;
#3057 = CARTESIAN_POINT ( 'NONE',  ( -2.209999999999999964, -0.2500000000000000555, 0.2500000000000000000 ) ) ;
#3058 = LINE ( 'NONE', #3688, #1391 ) ;
#3059 = VERTEX_POINT ( 'NONE', #1920 ) ;
#3060 = ORIENTED_EDGE ( 'NONE', *, *, #2208, .T. ) ;
#3061 = EDGE_CURVE ( 'NONE', #4079, #1834, #3235, .T. ) ;
#3062 = ORIENTED_EDGE ( 'NONE', *, *, #522, .T. ) ;
#3063 = ORIENTED_EDGE ( 'NONE', *, *, #2560, .F. ) ;
#3064 = SURFACE_STYLE_FILL_AREA ( #3402 ) ;
#3065 =( LENGTH_UNIT ( ) NAMED_UNIT ( * ) SI_UNIT ( .MILLI., .METRE. ) );
#3066 =( LENGTH_UNIT ( ) NAMED_UNIT ( * ) SI_UNIT ( .MILLI., .METRE. ) );
#3067 = CARTESIAN_POINT ( 'NONE',  ( -2.341373622081215800, -2.815479233284743810, 0.8734371228717909830 ) ) ;
#3068 = CARTESIAN_POINT ( 'NONE',  ( -0.8400000000000000799, 3.037499999999999645, 0.000000000000000000 ) ) ;
#3069 = ADVANCED_FACE ( 'NONE', ( #568 ), #4145, .T. ) ;
#3070 = CARTESIAN_POINT ( 'NONE',  ( -2.010000000000000231, 2.720000000000000195, 0.2500000000000000000 ) ) ;
#3071 = AXIS2_PLACEMENT_3D ( 'NONE', #3928, #3544, #1218 ) ;
#3072 = ORIENTED_EDGE ( 'NONE', *, *, #3194, .F. ) ;
#3073 = EDGE_CURVE ( 'NONE', #975, #390, #630, .T. ) ;
#3074 = DIRECTION ( 'NONE',  ( 0.3088554313789038108, -0.8574259888417339326, -0.4116175362718720865 ) ) ;
#3075 = LINE ( 'NONE', #62, #4002 ) ;
#3076 = AXIS2_PLACEMENT_3D ( 'NONE', #3739, #2024, #732 ) ;
#3077 = EDGE_LOOP ( 'NONE', ( #3198, #2925, #1787, #1854 ) ) ;
#3078 = DIRECTION ( 'NONE',  ( 0.000000000000000000, -0.1579905011069459853, -0.9874406319166616486 ) ) ;
#3079 =( REPRESENTATION_RELATIONSHIP ('NONE','NONE', #3409, #3380 ) REPRESENTATION_RELATIONSHIP_WITH_TRANSFORMATION ( #2470 )SHAPE_REPRESENTATION_RELATIONSHIP( ) );
#3080 = DIRECTION ( 'NONE',  ( 1.000000000000000000, -5.595603589010000068E-16, 0.000000000000000000 ) ) ;
#3081 = DIRECTION ( 'NONE',  ( -0.000000000000000000, 3.074708921146619889E-31, -1.000000000000000000 ) ) ;
#3082 = PRESENTATION_LAYER_ASSIGNMENT (  '', '', ( #1390 ) ) ;
#3083 = MECHANICAL_DESIGN_GEOMETRIC_PRESENTATION_REPRESENTATION (  '', ( #604 ), #3515 ) ;
#3084 = SURFACE_SIDE_STYLE ('',( #1741 ) ) ;
#3085 = VERTEX_POINT ( 'NONE', #1665 ) ;
#3086 = ORIENTED_EDGE ( 'NONE', *, *, #1053, .F. ) ;
#3087 = VERTEX_POINT ( 'NONE', #973 ) ;
#3088 =( NAMED_UNIT ( * ) PLANE_ANGLE_UNIT ( ) SI_UNIT ( $, .RADIAN. ) );
#3089 = AXIS2_PLACEMENT_3D ( 'NONE', #929, #3697, #2614 ) ;
#3090 = VECTOR ( 'NONE', #2196, 1000.000000000000000 ) ;
#3091 = DIRECTION ( 'NONE',  ( 1.224646799146999945E-16, 1.000000000000000000, 0.000000000000000000 ) ) ;
#3092 = FILL_AREA_STYLE ('',( #4055 ) ) ;
#3093 = STYLED_ITEM ( 'NONE', ( #1576 ), #4009 ) ;
#3094 =( GEOMETRIC_REPRESENTATION_CONTEXT ( 3 ) GLOBAL_UNCERTAINTY_ASSIGNED_CONTEXT ( ( #3930 ) ) GLOBAL_UNIT_ASSIGNED_CONTEXT ( ( #1382, #18, #297 ) ) REPRESENTATION_CONTEXT ( 'NONE', 'WORKASPACE' ) );
#3095 = APPLICATION_PROTOCOL_DEFINITION ( 'draft international standard', 'automotive_design', 1998, #512 ) ;
#3096 = SURFACE_SIDE_STYLE ('',( #4127 ) ) ;
#3097 = DIRECTION ( 'NONE',  ( 9.231973554570200601E-33, 0.000000000000000000, -1.000000000000000000 ) ) ;
#3098 = FILL_AREA_STYLE ('',( #3764 ) ) ;
#3099 = ADVANCED_FACE ( 'NONE', ( #2972 ), #1410, .T. ) ;
#3100 = ORIENTED_EDGE ( 'NONE', *, *, #4200, .T. ) ;
#3101 = VERTEX_POINT ( 'NONE', #1238 ) ;
#3102 = CYLINDRICAL_SURFACE ( 'NONE', #459, 0.09999999999999982514 ) ;
#3103 = DIRECTION ( 'NONE',  ( 0.9874406319167277069, -3.614007241618344432E-15, 0.1579905011065324549 ) ) ;
#3104 = LINE ( 'NONE', #1806, #2225 ) ;
#3105 = CARTESIAN_POINT ( 'NONE',  ( 2.444863560060714036, -3.000000000000000000, 0.04999999999999998196 ) ) ;
#3106 = ORIENTED_EDGE ( 'NONE', *, *, #1231, .F. ) ;
#3107 = CARTESIAN_POINT ( 'NONE',  ( -0.8400000000000000799, 2.402500000000000302, 0.000000000000000000 ) ) ;
#3108 = CYLINDRICAL_SURFACE ( 'NONE', #2369, 0.09999999999999982514 ) ;
#3109 = VERTEX_POINT ( 'NONE', #2117 ) ;
#3110 = ORIENTED_EDGE ( 'NONE', *, *, #907, .F. ) ;
#3111 = ORIENTED_EDGE ( 'NONE', *, *, #204, .F. ) ;
#3112 = DIRECTION ( 'NONE',  ( 0.000000000000000000, -7.992805392577500665E-34, 1.000000000000000000 ) ) ;
#3113 = CARTESIAN_POINT ( 'NONE',  ( -2.227673706549000432, -2.777673706549000254, 0.8800000000000000044 ) ) ;
#3114 = PRESENTATION_STYLE_ASSIGNMENT (( #1068 ) ) ;
#3115 = EDGE_CURVE ( 'NONE', #2337, #345, #1728, .T. ) ;
#3116 = AXIS2_PLACEMENT_3D ( 'NONE', #2437, #3342, #4119 ) ;
#3117 = APPLICATION_PROTOCOL_DEFINITION ( 'draft international standard', 'automotive_design', 1998, #2086 ) ;
#3118 = CARTESIAN_POINT ( 'NONE',  ( -2.500000000000000000, -0.6500000000000000222, 0.2500000000000000000 ) ) ;
#3119 = CARTESIAN_POINT ( 'NONE',  ( 2.109999999999999876, 3.037499999999999645, 0.2500000000000000000 ) ) ;
#3120 = LINE ( 'NONE', #1415, #2812 ) ;
#3121 = VERTEX_POINT ( 'NONE', #712 ) ;
#3122 = FACE_OUTER_BOUND ( 'NONE', #4121, .T. ) ;
#3123 = CARTESIAN_POINT ( 'NONE',  ( 2.227673706549100352, 2.777673706549100618, 0.8800000000002492495 ) ) ;
#3124 =( NAMED_UNIT ( * ) PLANE_ANGLE_UNIT ( ) SI_UNIT ( $, .RADIAN. ) );
#3125 = VECTOR ( 'NONE', #1782, 1000.000000000000114 ) ;
#3126 = SURFACE_SIDE_STYLE ('',( #1761 ) ) ;
#3127 = ORIENTED_EDGE ( 'NONE', *, *, #3667, .T. ) ;
#3128 = FILL_AREA_STYLE ('',( #410 ) ) ;
#3129 = COLOUR_RGB ( '',1.000000000000000000, 1.000000000000000000, 1.000000000000000000 ) ;
#3130 = DIRECTION ( 'NONE',  ( 5.595603589010000068E-16, 1.000000000000000000, 0.000000000000000000 ) ) ;
#3131 = LINE ( 'NONE', #2130, #3157 ) ;
#3132 = VECTOR ( 'NONE', #3130, 1000.000000000000000 ) ;
#3133 = FACE_OUTER_BOUND ( 'NONE', #1428, .T. ) ;
#3134 = ORIENTED_EDGE ( 'NONE', *, *, #3325, .T. ) ;
#3135 = EDGE_CURVE ( 'NONE', #628, #1923, #3808, .T. ) ;
#3136 = VERTEX_POINT ( 'NONE', #2813 ) ;
#3137 = EDGE_LOOP ( 'NONE', ( #1152, #2806, #2636, #2112 ) ) ;
#3138 = FILL_AREA_STYLE_COLOUR ( '', #2068 ) ;
#3139 =( GEOMETRIC_REPRESENTATION_CONTEXT ( 3 ) GLOBAL_UNCERTAINTY_ASSIGNED_CONTEXT ( ( #2680 ) ) GLOBAL_UNIT_ASSIGNED_CONTEXT ( ( #789, #2367, #2758 ) ) REPRESENTATION_CONTEXT ( 'NONE', 'WORKASPACE' ) );
#3140 = FACE_OUTER_BOUND ( 'NONE', #1497, .T. ) ;
#3141 = DIRECTION ( 'NONE',  ( 1.000000000000000000, 8.870371882674300279E-49, 9.231973554570200601E-33 ) ) ;
#3142 = CARTESIAN_POINT ( 'NONE',  ( 2.209999999999999964, -1.020000000000000018, 0.000000000000000000 ) ) ;
#3143 =( LENGTH_UNIT ( ) NAMED_UNIT ( * ) SI_UNIT ( .MILLI., .METRE. ) );
#3144 = DIRECTION ( 'NONE',  ( 9.231973554570200601E-33, 0.000000000000000000, -1.000000000000000000 ) ) ;
#3145 = VERTEX_POINT ( 'NONE', #3118 ) ;
#3146 = SURFACE_STYLE_FILL_AREA ( #3529 ) ;
#3147 = ADVANCED_FACE ( 'NONE', ( #2346 ), #399, .F. ) ;
#3148 = DIRECTION ( 'NONE',  ( -1.000000000000000000, -3.146309990714999803E-16, 0.000000000000000000 ) ) ;
#3149 = EDGE_CURVE ( 'NONE', #753, #3603, #1775, .T. ) ;
#3150 = VERTEX_POINT ( 'NONE', #1438 ) ;
#3151 = VERTEX_POINT ( 'NONE', #124 ) ;
#3152 = ORIENTED_EDGE ( 'NONE', *, *, #1927, .F. ) ;
#3153 = SURFACE_STYLE_USAGE ( .BOTH. , #467 ) ;
#3154 = VECTOR ( 'NONE', #3716, 1000.000000000000000 ) ;
#3155 = SURFACE_SIDE_STYLE ('',( #2467 ) ) ;
#3156 = CARTESIAN_POINT ( 'NONE',  ( 2.289426582600968985, 2.839426582600940385, 0.9622992381412115437 ) ) ;
#3157 = VECTOR ( 'NONE', #1790, 1000.000000000000000 ) ;
#3158 = MECHANICAL_DESIGN_GEOMETRIC_PRESENTATION_REPRESENTATION (  '', ( #136 ), #2368 ) ;
#3159 = AXIS2_PLACEMENT_3D ( 'NONE', #2096, #4129, #1395 ) ;
#3160 = DIRECTION ( 'NONE',  ( 1.000000000000000000, -0.000000000000000000, 0.000000000000000000 ) ) ;
#3161 = SURFACE_SIDE_STYLE ('',( #2248 ) ) ;
#3162 =( GEOMETRIC_REPRESENTATION_CONTEXT ( 3 ) GLOBAL_UNCERTAINTY_ASSIGNED_CONTEXT ( ( #3680 ) ) GLOBAL_UNIT_ASSIGNED_CONTEXT ( ( #2794, #2178, #4160 ) ) REPRESENTATION_CONTEXT ( 'NONE', 'WORKASPACE' ) );
#3163 = CARTESIAN_POINT ( 'NONE',  ( 2.310000000000000053, -0.2500000000000000000, 0.2500000000000000000 ) ) ;
#3164 = CARTESIAN_POINT ( 'NONE',  ( -2.227673706548999988, 2.777673706549000254, 0.8800000000000000044 ) ) ;
#3165 =( NAMED_UNIT ( * ) PLANE_ANGLE_UNIT ( ) SI_UNIT ( $, .RADIAN. ) );
#3166 = VERTEX_POINT ( 'NONE', #1462 ) ;
#3167 = FILL_AREA_STYLE_COLOUR ( '', #2914 ) ;
#3168 = CARTESIAN_POINT ( 'NONE',  ( 2.015866802211999875, -1.020000000000000018, 0.2500000000000000000 ) ) ;
#3169 = PRODUCT_DEFINITION_FORMATION_WITH_SPECIFIED_SOURCE ( 'ANY', '', #2469, .NOT_KNOWN. ) ;
#3170 = ADVANCED_FACE ( 'NONE', ( #4155 ), #3714, .F. ) ;
#3171 = FILL_AREA_STYLE ('',( #2460 ) ) ;
#3172 = EDGE_CURVE ( 'NONE', #2260, #1679, #3905, .T. ) ;
#3173 = VERTEX_POINT ( 'NONE', #469 ) ;
#3174 = ORIENTED_EDGE ( 'NONE', *, *, #23, .T. ) ;
#3175 = ORIENTED_EDGE ( 'NONE', *, *, #79, .T. ) ;
#3176 = DIRECTION ( 'NONE',  ( 1.000000000000000000, 8.870371882674300279E-49, 9.231973554570200601E-33 ) ) ;
#3177 = CARTESIAN_POINT ( 'NONE',  ( 2.179161827978957522, 2.953886371169252456, 0.9348808418945855347 ) ) ;
#3178 = EDGE_CURVE ( 'NONE', #1205, #753, #2177, .T. ) ;
#3179 = PRODUCT_CONTEXT ( 'NONE', #1354, 'mechanical' ) ;
#3180 = FILL_AREA_STYLE_COLOUR ( '', #1938 ) ;
#3181 = VECTOR ( 'NONE', #279, 1000.000000000000000 ) ;
#3182 = SURFACE_SIDE_STYLE ('',( #3484 ) ) ;
#3183 =( LENGTH_UNIT ( ) NAMED_UNIT ( * ) SI_UNIT ( .MILLI., .METRE. ) );
#3184 = FILL_AREA_STYLE ('',( #849 ) ) ;
#3185 = CARTESIAN_POINT ( 'NONE',  ( 2.209999999999999964, -1.020000000000000018, 0.2500000000000000000 ) ) ;
#3186 = SURFACE_STYLE_FILL_AREA ( #2182 ) ;
#3187 = DIRECTION ( 'NONE',  ( 0.000000000000000000, 1.000000000000000000, 0.000000000000000000 ) ) ;
#3188 = LINE ( 'NONE', #521, #4207 ) ;
#3189 = EDGE_CURVE ( 'NONE', #838, #4259, #3241, .T. ) ;
#3190 = VERTEX_POINT ( 'NONE', #1156 ) ;
#3191 = ORIENTED_EDGE ( 'NONE', *, *, #1133, .T. ) ;
#3192 =( LENGTH_UNIT ( ) NAMED_UNIT ( * ) SI_UNIT ( .MILLI., .METRE. ) );
#3193 = FACE_OUTER_BOUND ( 'NONE', #4334, .T. ) ;
#3194 = EDGE_CURVE ( 'NONE', #74, #1015, #203, .T. ) ;
#3195 = CIRCLE ( 'NONE', #4188, 0.09999999999999982514 ) ;
#3196 =( GEOMETRIC_REPRESENTATION_CONTEXT ( 3 ) GLOBAL_UNCERTAINTY_ASSIGNED_CONTEXT ( ( #3389 ) ) GLOBAL_UNIT_ASSIGNED_CONTEXT ( ( #622, #3487, #2835 ) ) REPRESENTATION_CONTEXT ( 'NONE', 'WORKASPACE' ) );
#3197 = EDGE_CURVE ( 'NONE', #308, #1408, #2731, .T. ) ;
#3198 = ORIENTED_EDGE ( 'NONE', *, *, #2895, .T. ) ;
#3199 = FILL_AREA_STYLE_COLOUR ( '', #2709 ) ;
#3200 =( NAMED_UNIT ( * ) SI_UNIT ( $, .STERADIAN. ) SOLID_ANGLE_UNIT ( ) );
#3201 = ADVANCED_FACE ( 'NONE', ( #1505 ), #1818, .T. ) ;
#3202 = CARTESIAN_POINT ( 'NONE',  ( -0.6350000000000000089, -0.6500000000000000222, 0.2500000000000000000 ) ) ;
#3203 = DIRECTION ( 'NONE',  ( -0.5146073004330733447, -0.5146073004328384215, 0.6858269845100956053 ) ) ;
#3204 = CARTESIAN_POINT ( 'NONE',  ( 2.115866802211999964, 1.899999999999999911, 0.2500000000000000000 ) ) ;
#3205 = ORIENTED_EDGE ( 'NONE', *, *, #4197, .F. ) ;
#3206 = CARTESIAN_POINT ( 'NONE',  ( -0.4300000000000000488, 2.560000000000000053, 0.2500000000000000000 ) ) ;
#3207 = LINE ( 'NONE', #2533, #4142 ) ;
#3208 =( BOUNDED_SURFACE ( )  B_SPLINE_SURFACE ( 3, 3, ( 
 ( #4151, #3156, #2827, #177 ),
 ( #1517, #3846, #2156, #3516 ),
 ( #490, #1840, #3177, #1609 ),
 ( #3664, #299, #2228, #3918 ) ),
 .UNSPECIFIED., .F., .F., .T. ) 
 B_SPLINE_SURFACE_WITH_KNOTS ( ( 4, 4 ),
 ( 4, 4 ),
 ( 0.000000000000000000, 1.000000000000000000 ),
 ( 0.000000000000000000, 1.000000000000000000 ),
 .UNSPECIFIED. ) 
 GEOMETRIC_REPRESENTATION_ITEM ( )  RATIONAL_B_SPLINE_SURFACE ( (
 ( 1.000000000000000000, 0.3333333333333330928, 0.3333333333333330928, 1.000000000000000000),
 ( 0.9318883965752728926, 0.3106294655250907422, 0.3106294655250907422, 0.9318883965752728926),
 ( 0.9318883965752728926, 0.3106294655250907422, 0.3106294655250907422, 0.9318883965752728926),
 ( 1.000000000000000000, 0.3333333333333330928, 0.3333333333333330928, 1.000000000000000000) ) ) 
 REPRESENTATION_ITEM ( '' )  SURFACE ( )  );
#3209 = CIRCLE ( 'NONE', #316, 0.1199999999999998845 ) ;
#3210 = PRODUCT ( 'Open CASCADE STEP translator 6.8 2_2', 'Open CASCADE STEP translator 6.8 2_2', '', ( #3424 ) ) ;
#3211 = ORIENTED_EDGE ( 'NONE', *, *, #339, .T. ) ;
#3212 = AXIS2_PLACEMENT_3D ( 'NONE', #2342, #98, #4103 ) ;
#3213 =( LENGTH_UNIT ( ) NAMED_UNIT ( * ) SI_UNIT ( .MILLI., .METRE. ) );
#3214 = CIRCLE ( 'NONE', #478, 0.09999999999999982514 ) ;
#3215 = AXIS2_PLACEMENT_3D ( 'NONE', #772, #1849, #1187 ) ;
#3216 = EDGE_CURVE ( 'NONE', #1704, #1205, #3500, .T. ) ;
#3217 = CARTESIAN_POINT ( 'NONE',  ( -2.109999999999999876, -2.402500000000000302, 0.000000000000000000 ) ) ;
#3218 = VECTOR ( 'NONE', #1594, 1000.000000000000000 ) ;
#3219 =( GEOMETRIC_REPRESENTATION_CONTEXT ( 3 ) GLOBAL_UNCERTAINTY_ASSIGNED_CONTEXT ( ( #2719 ) ) GLOBAL_UNIT_ASSIGNED_CONTEXT ( ( #2753, #364, #388 ) ) REPRESENTATION_CONTEXT ( 'NONE', 'WORKASPACE' ) );
#3220 =( LENGTH_UNIT ( ) NAMED_UNIT ( * ) SI_UNIT ( .MILLI., .METRE. ) );
#3221 = DIRECTION ( 'NONE',  ( -1.000000000000000000, 0.000000000000000000, -0.000000000000000000 ) ) ;
#3222 = MECHANICAL_DESIGN_GEOMETRIC_PRESENTATION_REPRESENTATION (  '', ( #4071 ), #687 ) ;
#3223 =( NAMED_UNIT ( * ) SI_UNIT ( $, .STERADIAN. ) SOLID_ANGLE_UNIT ( ) );
#3224 = DIRECTION ( 'NONE',  ( 0.000000000000000000, 0.000000000000000000, 1.000000000000000000 ) ) ;
#3225 = EDGE_CURVE ( 'NONE', #3841, #991, #4173, .T. ) ;
#3226 = CARTESIAN_POINT ( 'NONE',  ( -0.8400000000000000799, -2.402500000000000302, 0.2500000000000000000 ) ) ;
#3227 = STYLED_ITEM ( 'NONE', ( #4193 ), #4291 ) ;
#3228 = ORIENTED_EDGE ( 'NONE', *, *, #1295, .F. ) ;
#3229 = FACE_OUTER_BOUND ( 'NONE', #2685, .T. ) ;
#3230 = FILL_AREA_STYLE_COLOUR ( '', #2507 ) ;
#3231 = DIRECTION ( 'NONE',  ( -1.000000000000000000, 3.410125194079000194E-16, 0.000000000000000000 ) ) ;
#3232 = PRESENTATION_LAYER_ASSIGNMENT (  '', '', ( #3595 ) ) ;
#3233 = VECTOR ( 'NONE', #3547, 1000.000000000000000 ) ;
#3234 = VECTOR ( 'NONE', #3236, 1000.000000000000000 ) ;
#3235 =( BOUNDED_CURVE ( )  B_SPLINE_CURVE ( 3, ( #2633, #4272, #328, #245 ),
 .UNSPECIFIED., .F., .F. ) 
 B_SPLINE_CURVE_WITH_KNOTS ( ( 4, 4 ),
 ( 0.02496359116458094982, 0.7676085733580590986 ),
 .UNSPECIFIED. ) 
 CURVE ( )  GEOMETRIC_REPRESENTATION_ITEM ( )  RATIONAL_B_SPLINE_CURVE ( ( 1.000000000000000000, 0.9545655314960934668, 0.9545655314960934668, 1.000000000000000000 ) ) 
 REPRESENTATION_ITEM ( '' )  );
#3236 = DIRECTION ( 'NONE',  ( -0.000000000000000000, 3.074708921146619889E-31, -1.000000000000000000 ) ) ;
#3237 = CARTESIAN_POINT ( 'NONE',  ( 2.343013431564431759, -2.774602279918471748, 0.9707312127538688662 ) ) ;
#3238 = ORIENTED_EDGE ( 'NONE', *, *, #946, .F. ) ;
#3239 = APPLICATION_CONTEXT ( 'automotive_design' ) ;
#3240 = EDGE_CURVE ( 'NONE', #3087, #3109, #1042, .T. ) ;
#3241 = LINE ( 'NONE', #1519, #3647 ) ;
#3242 = SURFACE_STYLE_FILL_AREA ( #2833 ) ;
#3243 = CARTESIAN_POINT ( 'NONE',  ( 2.209999999999999964, -0.2500000000000000555, 0.2500000000000000000 ) ) ;
#3244 = PRODUCT_DEFINITION_SHAPE ( 'NONE', 'NONE',  #4354 ) ;
#3245 = PLANE ( 'NONE',  #3792 ) ;
#3246 = STYLED_ITEM ( 'NONE', ( #1323 ), #233 ) ;
#3247 = ORIENTED_EDGE ( 'NONE', *, *, #721, .T. ) ;
#3248 = DIRECTION ( 'NONE',  ( -0.1560548629280390509, -0.1560548629280390509, 0.9753428933011313307 ) ) ;
#3249 = CARTESIAN_POINT ( 'NONE',  ( 1.699999999999999956, -3.037499999999999645, 0.000000000000000000 ) ) ;
#3250 = EDGE_CURVE ( 'NONE', #2779, #345, #859, .T. ) ;
#3251 = SURFACE_STYLE_FILL_AREA ( #576 ) ;
#3252 = CARTESIAN_POINT ( 'NONE',  ( -2.500000000000000000, 2.720000000000000195, 0.2500000000000000000 ) ) ;
#3253 = DIRECTION ( 'NONE',  ( 9.231973554570200601E-33, 0.000000000000000000, -1.000000000000000000 ) ) ;
#3254 = STYLED_ITEM ( 'NONE', ( #661 ), #2476 ) ;
#3255 = FILL_AREA_STYLE ('',( #3577 ) ) ;
#3256 = DIRECTION ( 'NONE',  ( 1.000000000000000000, 0.000000000000000000, 0.000000000000000000 ) ) ;
#3257 = ADVANCED_FACE ( 'NONE', ( #492 ), #1844, .T. ) ;
#3258 = AXIS2_PLACEMENT_3D ( 'NONE', #4243, #500, #153 ) ;
#3259 = ORIENTED_EDGE ( 'NONE', *, *, #1153, .F. ) ;
#3260 = STYLED_ITEM ( 'NONE', ( #2879 ), #711 ) ;
#3261 = MECHANICAL_DESIGN_GEOMETRIC_PRESENTATION_REPRESENTATION (  '', ( #3496 ), #2334 ) ;
#3262 = CARTESIAN_POINT ( 'NONE',  ( 2.112934032277903107, 4.301494287601380210E-05, 0.000000000000000000 ) ) ;
#3263 = UNCERTAINTY_MEASURE_WITH_UNIT (LENGTH_MEASURE( 1.000000000000000082E-05 ), #1376, 'distance_accuracy_value', 'NONE');
#3264 = CARTESIAN_POINT ( 'NONE',  ( 0.4299999999999999933, -2.402500000000000302, 0.000000000000000000 ) ) ;
#3265 = LINE ( 'NONE', #2657, #1617 ) ;
#3266 = DIRECTION ( 'NONE',  ( 1.000000000000000000, -1.224646799146999945E-16, 0.000000000000000000 ) ) ;
#3267 = EDGE_LOOP ( 'NONE', ( #2699, #4228, #2878, #2102 ) ) ;
#3268 = PLANE ( 'NONE',  #585 ) ;
#3269 = CARTESIAN_POINT ( 'NONE',  ( -1.699999999999999956, 2.560000000000000053, 0.2500000000000000000 ) ) ;
#3270 = DIRECTION ( 'NONE',  ( -1.000000000000000000, -3.146309990714999803E-16, 0.000000000000000000 ) ) ;
#3271 = UNCERTAINTY_MEASURE_WITH_UNIT (LENGTH_MEASURE( 1.000000000000000082E-05 ), #1257, 'distance_accuracy_value', 'NONE');
#3272 =( NAMED_UNIT ( * ) PLANE_ANGLE_UNIT ( ) SI_UNIT ( $, .RADIAN. ) );
#3273 = CARTESIAN_POINT ( 'NONE',  ( 2.223477195468523959, -2.830860696598501924, 0.9939407791066030562 ) ) ;
#3274 = FILL_AREA_STYLE_COLOUR ( '', #3434 ) ;
#3275 = PRESENTATION_LAYER_ASSIGNMENT (  '', '', ( #827 ) ) ;
#3276 = PRODUCT_DEFINITION_SHAPE ( 'NONE', 'NONE',  #4353 ) ;
#3277 = ORIENTED_EDGE ( 'NONE', *, *, #4337, .F. ) ;
#3278 =( GEOMETRIC_REPRESENTATION_CONTEXT ( 3 ) GLOBAL_UNCERTAINTY_ASSIGNED_CONTEXT ( ( #2602 ) ) GLOBAL_UNIT_ASSIGNED_CONTEXT ( ( #924, #4269, #2253 ) ) REPRESENTATION_CONTEXT ( 'NONE', 'WORKASPACE' ) );
#3279 = ORIENTED_EDGE ( 'NONE', *, *, #4213, .F. ) ;
#3280 = AXIS2_PLACEMENT_3D ( 'NONE', #3016, #657, #5 ) ;
#3281 = FACE_OUTER_BOUND ( 'NONE', #534, .T. ) ;
#3282 = PLANE ( 'NONE',  #797 ) ;
#3283 = ORIENTED_EDGE ( 'NONE', *, *, #1506, .F. ) ;
#3284 = ORIENTED_EDGE ( 'NONE', *, *, #3031, .T. ) ;
#3285 = VECTOR ( 'NONE', #55, 1000.000000000000000 ) ;
#3286 = DIRECTION ( 'NONE',  ( 1.224646799146999945E-16, 1.000000000000000000, 0.000000000000000000 ) ) ;
#3287 = VECTOR ( 'NONE', #1180, 1000.000000000000000 ) ;
#3288 = SURFACE_STYLE_USAGE ( .BOTH. , #891 ) ;
#3289 = FILL_AREA_STYLE_COLOUR ( '', #2295 ) ;
#3290 = ADVANCED_FACE ( 'NONE', ( #4336 ), #968, .T. ) ;
#3291 = AXIS2_PLACEMENT_3D ( 'NONE', #1324, #1689, #3948 ) ;
#3292 =( NAMED_UNIT ( * ) PLANE_ANGLE_UNIT ( ) SI_UNIT ( $, .RADIAN. ) );
#3293 = PRESENTATION_LAYER_ASSIGNMENT (  '', '', ( #4349 ) ) ;
#3294 = CARTESIAN_POINT ( 'NONE',  ( -0.8400000000000000799, 3.037499999999999645, 0.000000000000000000 ) ) ;
#3295 = VECTOR ( 'NONE', #2035, 1000.000000000000000 ) ;
#3296 = SURFACE_STYLE_USAGE ( .BOTH. , #1232 ) ;
#3297 = PLANE ( 'NONE',  #2473 ) ;
#3298 = SURFACE_STYLE_USAGE ( .BOTH. , #3983 ) ;
#3299 = PRODUCT_DEFINITION_FORMATION_WITH_SPECIFIED_SOURCE ( 'ANY', '', #947, .NOT_KNOWN. ) ;
#3300 = VECTOR ( 'NONE', #3763, 1000.000000000000000 ) ;
#3301 = UNCERTAINTY_MEASURE_WITH_UNIT (LENGTH_MEASURE( 1.000000000000000082E-05 ), #1003, 'distance_accuracy_value', 'NONE');
#3302 = VERTEX_POINT ( 'NONE', #652 ) ;
#3303 = FACE_OUTER_BOUND ( 'NONE', #2590, .T. ) ;
#3304 = CLOSED_SHELL ( 'NONE', ( #3864, #582, #1137, #650, #2311, #584 ) ) ;
#3305 = EDGE_CURVE ( 'NONE', #2260, #3190, #1613, .T. ) ;
#3306 = DIRECTION ( 'NONE',  ( 0.000000000000000000, 0.000000000000000000, 1.000000000000000000 ) ) ;
#3307 =( NAMED_UNIT ( * ) SI_UNIT ( $, .STERADIAN. ) SOLID_ANGLE_UNIT ( ) );
#3308 = CARTESIAN_POINT ( 'NONE',  ( -2.259190248118426503, -2.839426582600927507, 0.9849869404546103269 ) ) ;
#3309 = CARTESIAN_POINT ( 'NONE',  ( 2.248195554250336681, 2.652767683903813012, 1.065442786248192331 ) ) ;
#3310 = ORIENTED_EDGE ( 'NONE', *, *, #2582, .F. ) ;
#3311 = ORIENTED_EDGE ( 'NONE', *, *, #2508, .T. ) ;
#3312 = PRESENTATION_STYLE_ASSIGNMENT (( #977 ) ) ;
#3313 = CARTESIAN_POINT ( 'NONE',  ( -0.4299999999999999933, 3.037499999999999645, 0.2500000000000000000 ) ) ;
#3314 = FILL_AREA_STYLE_COLOUR ( '', #883 ) ;
#3315 = DIRECTION ( 'NONE',  ( 0.9874406319167277069, 0.000000000000000000, 0.1579905011065324549 ) ) ;
#3316 = PLANE ( 'NONE',  #2618 ) ;
#3317 = UNCERTAINTY_MEASURE_WITH_UNIT (LENGTH_MEASURE( 1.000000000000000082E-05 ), #1940, 'distance_accuracy_value', 'NONE');
#3318 = AXIS2_PLACEMENT_3D ( 'NONE', #4161, #3504, #1713 ) ;
#3319 =( GEOMETRIC_REPRESENTATION_CONTEXT ( 3 ) GLOBAL_UNCERTAINTY_ASSIGNED_CONTEXT ( ( #695 ) ) GLOBAL_UNIT_ASSIGNED_CONTEXT ( ( #560, #1608, #2292 ) ) REPRESENTATION_CONTEXT ( 'NONE', 'WORKASPACE' ) );
#3320 = PLANE ( 'NONE',  #2489 ) ;
#3321 = ADVANCED_FACE ( 'NONE', ( #3303 ), #2452, .T. ) ;
#3322 = CARTESIAN_POINT ( 'NONE',  ( -2.109999999999999876, 3.037499999999999645, 0.000000000000000000 ) ) ;
#3323 = CARTESIAN_POINT ( 'NONE',  ( -0.6350000000000000089, -2.720000000000000195, 0.000000000000000000 ) ) ;
#3324 = ORIENTED_EDGE ( 'NONE', *, *, #1562, .T. ) ;
#3325 = EDGE_CURVE ( 'NONE', #855, #1923, #829, .T. ) ;
#3326 = CARTESIAN_POINT ( 'NONE',  ( -2.500000000000000000, -0.3499999999999999778, 0.2500000000000000000 ) ) ;
#3327 = VECTOR ( 'NONE', #3187, 1000.000000000000000 ) ;
#3328 = CARTESIAN_POINT ( 'NONE',  ( 0.000000000000000000, 0.000000000000000000, 0.000000000000000000 ) ) ;
#3329 = AXIS2_PLACEMENT_3D ( 'NONE', #14, #1717, #4045 ) ;
#3330 = EDGE_CURVE ( 'NONE', #1282, #46, #3943, .T. ) ;
#3331 = SURFACE_STYLE_FILL_AREA ( #3014 ) ;
#3332 = LINE ( 'NONE', #2006, #13 ) ;
#3333 = CARTESIAN_POINT ( 'NONE',  ( 2.282540762599499562, 2.774602279918359393, 1.016106617380613031 ) ) ;
#3334 = EDGE_LOOP ( 'NONE', ( #483, #1989, #3400, #96 ) ) ;
#3335 = ORIENTED_EDGE ( 'NONE', *, *, #1984, .F. ) ;
#3336 = SURFACE_STYLE_FILL_AREA ( #616 ) ;
#3337 = CARTESIAN_POINT ( 'NONE',  ( -1.905000000000000027, -3.037499999999999645, 0.2500000000000000000 ) ) ;
#3338 =( NAMED_UNIT ( * ) PLANE_ANGLE_UNIT ( ) SI_UNIT ( $, .RADIAN. ) );
#3339 = PRESENTATION_STYLE_ASSIGNMENT (( #2284 ) ) ;
#3340 = CARTESIAN_POINT ( 'NONE',  ( -1.224999999999999867, -2.939999999999999947, 0.6250000000000000000 ) ) ;
#3341 = PLANE ( 'NONE',  #1883 ) ;
#3342 = DIRECTION ( 'NONE',  ( 0.000000000000000000, 0.000000000000000000, 1.000000000000000000 ) ) ;
#3343 = CARTESIAN_POINT ( 'NONE',  ( 1.699999999999999956, 2.402500000000000302, 0.000000000000000000 ) ) ;
#3344 = ORIENTED_EDGE ( 'NONE', *, *, #72, .F. ) ;
#3345 = ORIENTED_EDGE ( 'NONE', *, *, #3061, .T. ) ;
#3346 = CARTESIAN_POINT ( 'NONE',  ( -2.289426582600969873, 2.839426582600942162, 0.9622992381412122098 ) ) ;
#3347 = SHAPE_REPRESENTATION ( 'Open CASCADE STEP translator 6.8 2', ( #4078 ), #545 ) ;
#3348 = AXIS2_PLACEMENT_3D ( 'NONE', #277, #962, #3915 ) ;
#3349 = ADVANCED_FACE ( 'NONE', ( #709 ), #4351, .F. ) ;
#3350 = FACE_OUTER_BOUND ( 'NONE', #4115, .T. ) ;
#3351 = CARTESIAN_POINT ( 'NONE',  ( 2.289426582600969873, 2.839426582600941718, 0.9622992381412130980 ) ) ;
#3352 = ORIENTED_EDGE ( 'NONE', *, *, #3560, .T. ) ;
#3353 = ORIENTED_EDGE ( 'NONE', *, *, #3399, .F. ) ;
#3354 = STYLED_ITEM ( 'NONE', ( #1014 ), #3645 ) ;
#3355 = CARTESIAN_POINT ( 'NONE',  ( 2.227673706549000432, 2.777673706549000254, 0.8800000000000000044 ) ) ;
#3356 = ADVANCED_FACE ( 'NONE', ( #3472 ), #27, .T. ) ;
#3357 = SURFACE_STYLE_FILL_AREA ( #663 ) ;
#3358 = PLANE ( 'NONE',  #653 ) ;
#3359 = VECTOR ( 'NONE', #796, 1000.000000000000000 ) ;
#3360 = VECTOR ( 'NONE', #2858, 1000.000000000000000 ) ;
#3361 = DIRECTION ( 'NONE',  ( -3.410125194079000194E-16, -1.000000000000000000, 0.000000000000000000 ) ) ;
#3362 = DIRECTION ( 'NONE',  ( -1.000000000000000000, -1.084202172485506406E-15, 0.000000000000000000 ) ) ;
#3363 = PRODUCT_DEFINITION_CONTEXT ( 'detailed design', #1050, 'design' ) ;
#3364 = AXIS2_PLACEMENT_3D ( 'NONE', #2713, #1760, #2640 ) ;
#3365 = FILL_AREA_STYLE_COLOUR ( '', #3450 ) ;
#3366 = CARTESIAN_POINT ( 'NONE',  ( 2.109999999999999876, -3.037499999999999645, 0.000000000000000000 ) ) ;
#3367 = SURFACE_SIDE_STYLE ('',( #2389 ) ) ;
#3368 = ORIENTED_EDGE ( 'NONE', *, *, #3575, .F. ) ;
#3369 = ORIENTED_EDGE ( 'NONE', *, *, #401, .T. ) ;
#3370 = MECHANICAL_DESIGN_GEOMETRIC_PRESENTATION_REPRESENTATION (  '', ( #338 ), #1537 ) ;
#3371 = VERTEX_POINT ( 'NONE', #375 ) ;
#3372 = AXIS2_PLACEMENT_3D ( 'NONE', #1504, #147, #2490 ) ;
#3373 = DIRECTION ( 'NONE',  ( 1.224646799147319927E-16, 1.000000000000000000, -3.795867174530299861E-29 ) ) ;
#3374 = DIRECTION ( 'NONE',  ( 1.000000000000000000, 0.000000000000000000, 0.000000000000000000 ) ) ;
#3375 = ADVANCED_FACE ( 'NONE', ( #2070 ), #676, .T. ) ;
#3376 =( NAMED_UNIT ( * ) SI_UNIT ( $, .STERADIAN. ) SOLID_ANGLE_UNIT ( ) );
#3377 = VECTOR ( 'NONE', #3097, 1000.000000000000000 ) ;
#3378 = FILL_AREA_STYLE_COLOUR ( '', #198 ) ;
#3379 = CARTESIAN_POINT ( 'NONE',  ( -2.500000000000000000, -0.6500000000000000222, 0.2500000000000000000 ) ) ;
#3380 = SHAPE_REPRESENTATION ( 'Open CASCADE STEP translator 6.8 2_2', ( #4078 ), #2584 ) ;
#3381 = CARTESIAN_POINT ( 'NONE',  ( 2.343013431564501481, 2.774602279918390035, 0.9707312127538810786 ) ) ;
#3382 = ORIENTED_EDGE ( 'NONE', *, *, #3240, .T. ) ;
#3383 = ORIENTED_EDGE ( 'NONE', *, *, #72, .T. ) ;
#3384 = LINE ( 'NONE', #3458, #2906 ) ;
#3385 = LINE ( 'NONE', #1074, #1194 ) ;
#3386 = SURFACE_STYLE_FILL_AREA ( #2667 ) ;
#3387 = CARTESIAN_POINT ( 'NONE',  ( 1.905000000000000027, -2.720000000000000195, 0.000000000000000000 ) ) ;
#3388 = CARTESIAN_POINT ( 'NONE',  ( -0.6350000000000000089, 3.037499999999999645, 0.2500000000000000000 ) ) ;
#3389 = UNCERTAINTY_MEASURE_WITH_UNIT (LENGTH_MEASURE( 1.000000000000000082E-05 ), #622, 'distance_accuracy_value', 'NONE');
#3390 = DIRECTION ( 'NONE',  ( 1.000000000000000000, 0.000000000000000000, 0.000000000000000000 ) ) ;
#3391 = CARTESIAN_POINT ( 'NONE',  ( -0.4299999999999999933, -2.402500000000000302, 6.870052381153763145E-154 ) ) ;
#3392 = FILL_AREA_STYLE ('',( #3365 ) ) ;
#3393 =( NAMED_UNIT ( * ) PLANE_ANGLE_UNIT ( ) SI_UNIT ( $, .RADIAN. ) );
#3394 = ORIENTED_EDGE ( 'NONE', *, *, #3539, .T. ) ;
#3395 = COLOUR_RGB ( '',1.000000000000000000, 1.000000000000000000, 1.000000000000000000 ) ;
#3396 = VERTEX_POINT ( 'NONE', #425 ) ;
#3397 = ORIENTED_EDGE ( 'NONE', *, *, #3694, .F. ) ;
#3398 = CARTESIAN_POINT ( 'NONE',  ( 2.500000000000000000, 2.720000000000000195, 0.2500000000000000000 ) ) ;
#3399 = EDGE_CURVE ( 'NONE', #1901, #3486, #1596, .T. ) ;
#3400 = ORIENTED_EDGE ( 'NONE', *, *, #1222, .F. ) ;
#3401 = EDGE_CURVE ( 'NONE', #3087, #1017, #129, .T. ) ;
#3402 = FILL_AREA_STYLE ('',( #3738 ) ) ;
#3403 = UNCERTAINTY_MEASURE_WITH_UNIT (LENGTH_MEASURE( 1.000000000000000082E-05 ), #3192, 'distance_accuracy_value', 'NONE');
#3404 = SURFACE_SIDE_STYLE ('',( #376 ) ) ;
#3405 = CARTESIAN_POINT ( 'NONE',  ( -2.331333159838013369, 2.762840284007755276, 0.9916677510147456909 ) ) ;
#3406 = ORIENTED_EDGE ( 'NONE', *, *, #1185, .T. ) ;
#3407 =( NAMED_UNIT ( * ) PLANE_ANGLE_UNIT ( ) SI_UNIT ( $, .RADIAN. ) );
#3408 = LINE ( 'NONE', #2690, #3295 ) ;
#3409 = SHAPE_REPRESENTATION ( 'FDMS86181', ( #2173, #4279, #1196, #3531, #698, #1765, #3372 ), #2946 ) ;
#3410 = FACE_OUTER_BOUND ( 'NONE', #432, .T. ) ;
#3411 = VERTEX_POINT ( 'NONE', #1772 ) ;
#3412 = PRESENTATION_STYLE_ASSIGNMENT (( #3749 ) ) ;
#3413 =( LENGTH_UNIT ( ) NAMED_UNIT ( * ) SI_UNIT ( .MILLI., .METRE. ) );
#3414 = DIRECTION ( 'NONE',  ( 0.000000000000000000, 0.000000000000000000, 1.000000000000000000 ) ) ;
#3415 = AXIS2_PLACEMENT_3D ( 'NONE', #3050, #1674, #3001 ) ;
#3416 = CARTESIAN_POINT ( 'NONE',  ( -2.382559565217569286, -2.707835022028241667, 0.9668857944127365878 ) ) ;
#3417 = ORIENTED_EDGE ( 'NONE', *, *, #2238, .T. ) ;
#3418 = VERTEX_POINT ( 'NONE', #2115 ) ;
#3419 = ORIENTED_EDGE ( 'NONE', *, *, #1114, .F. ) ;
#3420 = DIRECTION ( 'NONE',  ( -0.000000000000000000, -1.000000000000000000, -0.000000000000000000 ) ) ;
#3421 = EDGE_CURVE ( 'NONE', #4254, #991, #2372, .T. ) ;
#3422 = CARTESIAN_POINT ( 'NONE',  ( -2.206143175940999956, -2.756143175941000223, 1.014565816300999845 ) ) ;
#3423 = PRESENTATION_STYLE_ASSIGNMENT (( #783 ) ) ;
#3424 = PRODUCT_CONTEXT ( 'NONE', #3613, 'mechanical' ) ;
#3425 = LINE ( 'NONE', #3405, #4159 ) ;
#3426 = DIRECTION ( 'NONE',  ( 0.000000000000000000, 1.000000000000000000, -2.349104707051928377E-14 ) ) ;
#3427 = PRESENTATION_LAYER_ASSIGNMENT (  '', '', ( #1518 ) ) ;
#3428 = ORIENTED_EDGE ( 'NONE', *, *, #2409, .F. ) ;
#3429 =( LENGTH_UNIT ( ) NAMED_UNIT ( * ) SI_UNIT ( .MILLI., .METRE. ) );
#3430 =( NAMED_UNIT ( * ) SI_UNIT ( $, .STERADIAN. ) SOLID_ANGLE_UNIT ( ) );
#3431 = DIRECTION ( 'NONE',  ( 3.146309990714999803E-16, -1.000000000000000000, 0.000000000000000000 ) ) ;
#3432 = ORIENTED_EDGE ( 'NONE', *, *, #396, .T. ) ;
#3433 = CARTESIAN_POINT ( 'NONE',  ( -2.109999999999999876, 0.1000000000000000056, 0.2500000000000000000 ) ) ;
#3434 = COLOUR_RGB ( '',1.000000000000000000, 1.000000000000000000, 1.000000000000000000 ) ;
#3435 = AXIS2_PLACEMENT_3D ( 'NONE', #4344, #1028, #380 ) ;
#3436 = EDGE_CURVE ( 'NONE', #63, #3145, #162, .T. ) ;
#3437 = COLOUR_RGB ( '',1.000000000000000000, 1.000000000000000000, 1.000000000000000000 ) ;
#3438 = PRESENTATION_LAYER_ASSIGNMENT (  '', '', ( #1255 ) ) ;
#3439 = SURFACE_STYLE_FILL_AREA ( #1766 ) ;
#3440 = DIRECTION ( 'NONE',  ( 0.000000000000000000, -7.992805392577500665E-34, 1.000000000000000000 ) ) ;
#3441 = ORIENTED_EDGE ( 'NONE', *, *, #4180, .T. ) ;
#3442 = ORIENTED_EDGE ( 'NONE', *, *, #2003, .T. ) ;
#3443 = ORIENTED_EDGE ( 'NONE', *, *, #314, .F. ) ;
#3444 = DIRECTION ( 'NONE',  ( -1.000000000000000000, -0.000000000000000000, 0.000000000000000000 ) ) ;
#3445 = AXIS2_PLACEMENT_3D ( 'NONE', #167, #2195, #3892 ) ;
#3446 = VECTOR ( 'NONE', #909, 1000.000000000000000 ) ;
#3447 =( NAMED_UNIT ( * ) PLANE_ANGLE_UNIT ( ) SI_UNIT ( $, .RADIAN. ) );
#3448 = DIRECTION ( 'NONE',  ( 0.000000000000000000, -7.992805392577500665E-34, 1.000000000000000000 ) ) ;
#3449 = AXIS2_PLACEMENT_3D ( 'NONE', #37, #2058, #3678 ) ;
#3450 = COLOUR_RGB ( '',1.000000000000000000, 1.000000000000000000, 1.000000000000000000 ) ;
#3451 = SHAPE_DEFINITION_REPRESENTATION ( #1491, #3380 ) ;
#3452 = VECTOR ( 'NONE', #2077, 1000.000000000000000 ) ;
#3453 =( LENGTH_UNIT ( ) NAMED_UNIT ( * ) SI_UNIT ( .MILLI., .METRE. ) );
#3454 = LINE ( 'NONE', #1370, #2744 ) ;
#3455 = FACE_OUTER_BOUND ( 'NONE', #1620, .T. ) ;
#3456 = STYLED_ITEM ( 'NONE', ( #97 ), #1606 ) ;
#3457 = ORIENTED_EDGE ( 'NONE', *, *, #2272, .F. ) ;
#3459 = VECTOR ( 'NONE', #4250, 1000.000000000000000 ) ;
#3458 = CARTESIAN_POINT ( 'NONE',  ( 0.6124999999999999334, 2.777673706548999366, 1.000000000000000000 ) ) ;
#3460 = CARTESIAN_POINT ( 'NONE',  ( 2.450000000000097877, -2.881507124170245238, 0.2500000000000548450 ) ) ;
#3461 = FACE_OUTER_BOUND ( 'NONE', #2838, .T. ) ;
#3462 = ORIENTED_EDGE ( 'NONE', *, *, #4323, .T. ) ;
#3463 = ADVANCED_FACE ( 'NONE', ( #3193 ), #1483, .T. ) ;
#3464 = DIRECTION ( 'NONE',  ( 5.595603589010000068E-16, 1.000000000000000000, 0.000000000000000000 ) ) ;
#3465 = MANIFOLD_SOLID_BREP ( 'Imported1', #3304 ) ;
#3466 = CARTESIAN_POINT ( 'NONE',  ( -2.009999999999999787, -1.019999999999999796, 0.000000000000000000 ) ) ;
#3467 = CARTESIAN_POINT ( 'NONE',  ( -0.8400000000000000799, -3.037499999999999645, 0.000000000000000000 ) ) ;
#3468 = VERTEX_POINT ( 'NONE', #2207 ) ;
#3469 = ORIENTED_EDGE ( 'NONE', *, *, #3250, .T. ) ;
#3470 = EDGE_LOOP ( 'NONE', ( #2240, #3353 ) ) ;
#3471 = DIRECTION ( 'NONE',  ( 1.000000000000000000, -4.270727872040000210E-17, 0.000000000000000000 ) ) ;
#3472 = FACE_OUTER_BOUND ( 'NONE', #4049, .T. ) ;
#3473 = MECHANICAL_DESIGN_GEOMETRIC_PRESENTATION_REPRESENTATION (  '', ( #2889 ), #4022 ) ;
#3474 = VECTOR ( 'NONE', #3527, 1000.000000000000114 ) ;
#3475 = APPLICATION_PROTOCOL_DEFINITION ( 'draft international standard', 'automotive_design', 1998, #1050 ) ;
#3476 = EDGE_CURVE ( 'NONE', #729, #63, #122, .T. ) ;
#3477 = CARTESIAN_POINT ( 'NONE',  ( -2.179161827979345212, -2.953886371168912284, 0.9348808418947152088 ) ) ;
#3478 = CARTESIAN_POINT ( 'NONE',  ( -1.699999999999999956, -3.037499999999999645, 1.676535552386631520E-161 ) ) ;
#3479 = CARTESIAN_POINT ( 'NONE',  ( -0.8400000000000000799, 3.037499999999999645, 0.000000000000000000 ) ) ;
#3480 = VERTEX_POINT ( 'NONE', #1857 ) ;
#3481 = PRESENTATION_STYLE_ASSIGNMENT (( #3813 ) ) ;
#3482 = ADVANCED_FACE ( 'NONE', ( #1502 ), #3208, .T. ) ;
#3483 = CARTESIAN_POINT ( 'NONE',  ( 2.500000000000000000, -0.3500000000000000333, 0.2500000000000000000 ) ) ;
#3484 = SURFACE_STYLE_FILL_AREA ( #3855 ) ;
#3485 = PRESENTATION_LAYER_ASSIGNMENT (  '', '', ( #727 ) ) ;
#3486 = VERTEX_POINT ( 'NONE', #1659 ) ;
#3487 =( NAMED_UNIT ( * ) PLANE_ANGLE_UNIT ( ) SI_UNIT ( $, .RADIAN. ) );
#3488 = COLOUR_RGB ( '',1.000000000000000000, 1.000000000000000000, 1.000000000000000000 ) ;
#3489 = CARTESIAN_POINT ( 'NONE',  ( 0.4299999999999999933, 2.402500000000000302, 0.000000000000000000 ) ) ;
#3490 = MANIFOLD_SOLID_BREP ( 'Imported1', #3997 ) ;
#3491 = AXIS2_PLACEMENT_3D ( 'NONE', #2312, #3938, #917 ) ;
#3492 = EDGE_LOOP ( 'NONE', ( #2818, #2883, #138, #873 ) ) ;
#3493 = ORIENTED_EDGE ( 'NONE', *, *, #2923, .F. ) ;
#3494 = ORIENTED_EDGE ( 'NONE', *, *, #423, .F. ) ;
#3495 = SURFACE_SIDE_STYLE ('',( #780 ) ) ;
#3496 = STYLED_ITEM ( 'NONE', ( #754 ), #1309 ) ;
#3497 = SURFACE_SIDE_STYLE ('',( #3557 ) ) ;
#3498 = DIRECTION ( 'NONE',  ( 1.000000000000000000, 0.000000000000000000, 0.000000000000000000 ) ) ;
#3499 = ADVANCED_FACE ( 'NONE', ( #2652 ), #4252, .F. ) ;
#3500 = LINE ( 'NONE', #2830, #1954 ) ;
#3501 = DIRECTION ( 'NONE',  ( 1.000000000000000000, -1.224646799146999945E-16, 0.000000000000000000 ) ) ;
#3502 = FACE_OUTER_BOUND ( 'NONE', #4167, .T. ) ;
#3503 = COLOUR_RGB ( '',1.000000000000000000, 1.000000000000000000, 1.000000000000000000 ) ;
#3504 = DIRECTION ( 'NONE',  ( 1.000000000000000000, 8.870371882674300279E-49, 9.231973554570200601E-33 ) ) ;
#3505 = EDGE_LOOP ( 'NONE', ( #3707, #3732, #4242, #2219 ) ) ;
#3506 = LINE ( 'NONE', #3168, #2931 ) ;
#3507 = DIRECTION ( 'NONE',  ( -0.000000000000000000, 3.074708921146619889E-31, -1.000000000000000000 ) ) ;
#3508 = EDGE_CURVE ( 'NONE', #1416, #1282, #3959, .T. ) ;
#3509 = FACE_OUTER_BOUND ( 'NONE', #7, .T. ) ;
#3510 = PRESENTATION_LAYER_ASSIGNMENT (  '', '', ( #4135 ) ) ;
#3511 = VERTEX_POINT ( 'NONE', #2562 ) ;
#3512 = ORIENTED_EDGE ( 'NONE', *, *, #3561, .F. ) ;
#3513 = ORIENTED_EDGE ( 'NONE', *, *, #3197, .T. ) ;
#3514 = LINE ( 'NONE', #1855, #841 ) ;
#3515 =( GEOMETRIC_REPRESENTATION_CONTEXT ( 3 ) GLOBAL_UNCERTAINTY_ASSIGNED_CONTEXT ( ( #2961 ) ) GLOBAL_UNIT_ASSIGNED_CONTEXT ( ( #4308, #2293, #2417 ) ) REPRESENTATION_CONTEXT ( 'NONE', 'WORKASPACE' ) );
#3516 = CARTESIAN_POINT ( 'NONE',  ( 2.259190248118316369, 2.839426582600926174, 0.9849869404546918172 ) ) ;
#3517 = PRESENTATION_LAYER_ASSIGNMENT (  '', '', ( #835 ) ) ;
#3518 = COLOUR_RGB ( '',1.000000000000000000, 1.000000000000000000, 1.000000000000000000 ) ;
#3519 = DIRECTION ( 'NONE',  ( 0.000000000000000000, 0.000000000000000000, 1.000000000000000000 ) ) ;
#3520 = AXIS2_PLACEMENT_3D ( 'NONE', #57, #3141, #4087 ) ;
#3521 = DIRECTION ( 'NONE',  ( -3.410125194079000194E-16, -1.000000000000000000, 0.000000000000000000 ) ) ;
#3522 = MANIFOLD_SOLID_BREP ( 'Imported1', #215 ) ;
#3523 = COLOUR_RGB ( '',1.000000000000000000, 1.000000000000000000, 1.000000000000000000 ) ;
#3524 = EDGE_CURVE ( 'NONE', #1015, #1365, #3214, .T. ) ;
#3525 = DIRECTION ( 'NONE',  ( -0.000000000000000000, 0.000000000000000000, 1.000000000000000000 ) ) ;
#3526 = SURFACE_STYLE_FILL_AREA ( #1101 ) ;
#3527 = DIRECTION ( 'NONE',  ( -0.1560548629277731802, -0.1560548629284536637, -0.9753428933011074609 ) ) ;
#3528 = LINE ( 'NONE', #3933, #2866 ) ;
#3529 = FILL_AREA_STYLE ('',( #3167 ) ) ;
#3530 = CARTESIAN_POINT ( 'NONE',  ( -2.010000000000000231, -0.6500000000000000222, 0.2500000000000000000 ) ) ;
#3531 = AXIS2_PLACEMENT_3D ( 'NONE', #448, #1155, #1093 ) ;
#3532 = AXIS2_PLACEMENT_3D ( 'NONE', #76, #1067, #2395 ) ;
#3533 = LINE ( 'NONE', #814, #2688 ) ;
#3534 = EDGE_CURVE ( 'NONE', #2152, #308, #70, .T. ) ;
#3535 = ORIENTED_EDGE ( 'NONE', *, *, #3848, .T. ) ;
#3536 = ORIENTED_EDGE ( 'NONE', *, *, #2345, .T. ) ;
#3537 = ORIENTED_EDGE ( 'NONE', *, *, #4153, .T. ) ;
#3538 = CARTESIAN_POINT ( 'NONE',  ( -2.227673706548999988, -2.829606875674646194, 0.9881801550404092360 ) ) ;
#3539 = EDGE_CURVE ( 'NONE', #4120, #1679, #3506, .T. ) ;
#3540 = PLANE ( 'NONE',  #1421 ) ;
#3541 = ADVANCED_FACE ( 'NONE', ( #4074 ), #1165, .T. ) ;
#3542 = CARTESIAN_POINT ( 'NONE',  ( 2.209999999999999964, -0.2500000000000000000, 0.2500000000000000000 ) ) ;
#3543 = VECTOR ( 'NONE', #3663, 1000.000000000000000 ) ;
#3544 = DIRECTION ( 'NONE',  ( 1.000000000000000000, -1.224646799146999945E-16, 0.000000000000000000 ) ) ;
#3545 = DIRECTION ( 'NONE',  ( -0.000000000000000000, -0.000000000000000000, -1.000000000000000000 ) ) ;
#3546 = DIRECTION ( 'NONE',  ( 4.270727872040000210E-17, 1.000000000000000000, 0.000000000000000000 ) ) ;
#3547 = DIRECTION ( 'NONE',  ( 1.000000000000000000, -1.224646799146999945E-16, 0.000000000000000000 ) ) ;
#3548 = SURFACE_STYLE_FILL_AREA ( #518 ) ;
#3549 = ORIENTED_EDGE ( 'NONE', *, *, #2810, .F. ) ;
#3550 = LINE ( 'NONE', #4202, #3327 ) ;
#3551 = PRESENTATION_LAYER_ASSIGNMENT (  '', '', ( #3254 ) ) ;
#3552 = FACE_OUTER_BOUND ( 'NONE', #951, .T. ) ;
#3553 = VECTOR ( 'NONE', #1224, 1000.000000000000000 ) ;
#3554 = ORIENTED_EDGE ( 'NONE', *, *, #1173, .T. ) ;
#3555 = DIRECTION ( 'NONE',  ( -0.000000000000000000, 1.000000000000000000, 0.000000000000000000 ) ) ;
#3556 = VECTOR ( 'NONE', #3656, 1000.000000000000000 ) ;
#3557 = SURFACE_STYLE_FILL_AREA ( #858 ) ;
#3558 =( NAMED_UNIT ( * ) PLANE_ANGLE_UNIT ( ) SI_UNIT ( $, .RADIAN. ) );
#3559 = MECHANICAL_DESIGN_GEOMETRIC_PRESENTATION_REPRESENTATION (  '', ( #1861 ), #4117 ) ;
#3560 = EDGE_CURVE ( 'NONE', #1416, #2392, #319, .T. ) ;
#3561 = EDGE_CURVE ( 'NONE', #3644, #4122, #2754, .T. ) ;
#3562 = PRESENTATION_LAYER_ASSIGNMENT (  '', '', ( #2554 ) ) ;
#3563 = DIRECTION ( 'NONE',  ( 0.5146073004330696810, 0.5146073004328419742, 0.6858269845100956053 ) ) ;
#3564 = VERTEX_POINT ( 'NONE', #2726 ) ;
#3565 = DIRECTION ( 'NONE',  ( 1.000000000000000000, 0.000000000000000000, 0.000000000000000000 ) ) ;
#3566 = FILL_AREA_STYLE ('',( #3587 ) ) ;
#3567 = CARTESIAN_POINT ( 'NONE',  ( 2.115866802211999964, 1.899999999999999911, 0.000000000000000000 ) ) ;
#3568 = CARTESIAN_POINT ( 'NONE',  ( 2.401877752806023114, 3.000000000000000000, 0.1801601991006146763 ) ) ;
#3569 = DIRECTION ( 'NONE',  ( -1.000000000000000000, -1.704927877041489922E-46, -5.242156953451036307E-77 ) ) ;
#3570 = ORIENTED_EDGE ( 'NONE', *, *, #878, .T. ) ;
#3571 = CARTESIAN_POINT ( 'NONE',  ( -1.700000000000000178, 2.560000000000000053, 0.2500000000000000000 ) ) ;
#3572 = DIRECTION ( 'NONE',  ( -0.1560548629280390232, -0.1560548629280390232, -0.9753428933011312196 ) ) ;
#3573 = ORIENTED_EDGE ( 'NONE', *, *, #982, .F. ) ;
#3574 = DIRECTION ( 'NONE',  ( 0.000000000000000000, 1.000000000000000000, 0.000000000000000000 ) ) ;
#3575 = EDGE_CURVE ( 'NONE', #1853, #2392, #3058, .T. ) ;
#3576 = VECTOR ( 'NONE', #4210, 1000.000000000000000 ) ;
#3577 = FILL_AREA_STYLE_COLOUR ( '', #77 ) ;
#3578 = DIRECTION ( 'NONE',  ( 0.1560548629280390232, -0.1560548629280390232, 0.9753428933011312196 ) ) ;
#3579 = COLOUR_RGB ( '',1.000000000000000000, 1.000000000000000000, 1.000000000000000000 ) ;
#3580 = CONTEXT_DEPENDENT_SHAPE_REPRESENTATION ( #2983, #2952 ) ;
#3581 = ORIENTED_EDGE ( 'NONE', *, *, #1541, .F. ) ;
#3582 = CIRCLE ( 'NONE', #135, 0.09999999999999982514 ) ;
#3583 = FILL_AREA_STYLE_COLOUR ( '', #2021 ) ;
#3584 = AXIS2_PLACEMENT_3D ( 'NONE', #3777, #749, #2336 ) ;
#3585 = DIRECTION ( 'NONE',  ( 1.000000000000000000, 0.000000000000000000, 0.000000000000000000 ) ) ;
#3586 = CIRCLE ( 'NONE', #3364, 0.1200000000000001066 ) ;
#3587 = FILL_AREA_STYLE_COLOUR ( '', #539 ) ;
#3588 = CARTESIAN_POINT ( 'NONE',  ( 2.112934032277903107, 4.301494287601380210E-05, 0.2500000000000000000 ) ) ;
#3589 = CARTESIAN_POINT ( 'NONE',  ( -2.319662917083610942, 2.839426582600954596, 0.9396115358277403740 ) ) ;
#3590 = ORIENTED_EDGE ( 'NONE', *, *, #1698, .F. ) ;
#3591 = FILL_AREA_STYLE_COLOUR ( '', #644 ) ;
#3592 = DIRECTION ( 'NONE',  ( 1.000000000000000000, 0.000000000000000000, 0.000000000000000000 ) ) ;
#3593 = CARTESIAN_POINT ( 'NONE',  ( 2.444863560060714036, -3.000000000000000000, 0.04999999999999998196 ) ) ;
#3594 = EDGE_CURVE ( 'NONE', #2664, #3411, #1527, .T. ) ;
#3595 = STYLED_ITEM ( 'NONE', ( #11 ), #582 ) ;
#3596 =( GEOMETRIC_REPRESENTATION_CONTEXT ( 3 ) GLOBAL_UNCERTAINTY_ASSIGNED_CONTEXT ( ( #2012 ) ) GLOBAL_UNIT_ASSIGNED_CONTEXT ( ( #731, #3447, #757 ) ) REPRESENTATION_CONTEXT ( 'NONE', 'WORKASPACE' ) );
#3597 = CARTESIAN_POINT ( 'NONE',  ( 2.209999999999999964, -0.09991393306071995328, 0.000000000000000000 ) ) ;
#3598 = AXIS2_PLACEMENT_3D ( 'NONE', #4086, #1044, #2095 ) ;
#3599 = CARTESIAN_POINT ( 'NONE',  ( -0.6350000000000000089, 2.560000000000000053, 0.2500000000000000000 ) ) ;
#3600 = SURFACE_STYLE_FILL_AREA ( #900 ) ;
#3601 = ORIENTED_EDGE ( 'NONE', *, *, #3720, .T. ) ;
#3602 = CARTESIAN_POINT ( 'NONE',  ( -2.130974134726304037, 2.978190782665695036, 0.9092195601021144657 ) ) ;
#3603 = VERTEX_POINT ( 'NONE', #3665 ) ;
#3604 = SURFACE_SIDE_STYLE ('',( #3908 ) ) ;
#3605 = PRODUCT_RELATED_PRODUCT_CATEGORY ( 'part', '', ( #3210 ) ) ;
#3606 = LINE ( 'NONE', #1164, #4158 ) ;
#3607 = CARTESIAN_POINT ( 'NONE',  ( -2.189584844487939996, 2.815479233284539085, 0.9873311731750946674 ) ) ;
#3608 = DIRECTION ( 'NONE',  ( -1.000000000000000000, 1.836676017325179954E-48, 2.754572824562264683E-80 ) ) ;
#3609 = ORIENTED_EDGE ( 'NONE', *, *, #356, .T. ) ;
#3610 = EDGE_CURVE ( 'NONE', #370, #2903, #1339, .T. ) ;
#3611 = CARTESIAN_POINT ( 'NONE',  ( 2.362293798238721099, -3.000000000000000444, 0.2500000000018490209 ) ) ;
#3612 = FILL_AREA_STYLE ('',( #4329 ) ) ;
#3613 = APPLICATION_CONTEXT ( 'automotive_design' ) ;
#3614 = DIRECTION ( 'NONE',  ( -0.000000000000000000, -0.000000000000000000, -1.000000000000000000 ) ) ;
#3615 = CARTESIAN_POINT ( 'NONE',  ( 2.382559565217471587, -2.707835022028406868, 0.9668857944127431381 ) ) ;
#3616 = SURFACE_STYLE_FILL_AREA ( #3940 ) ;
#3617 = VECTOR ( 'NONE', #3248, 999.9999999999998863 ) ;
#3618 = ITEM_DEFINED_TRANSFORMATION ( 'NONE', 'NONE', #3531,  #4078 ) ;
#3619 = ORIENTED_EDGE ( 'NONE', *, *, #1020, .T. ) ;
#3620 = ORIENTED_EDGE ( 'NONE', *, *, #3622, .F. ) ;
#3621 = COLOUR_RGB ( '',1.000000000000000000, 1.000000000000000000, 1.000000000000000000 ) ;
#3622 = EDGE_CURVE ( 'NONE', #2174, #4254, #2084, .T. ) ;
#3623 = CARTESIAN_POINT ( 'NONE',  ( -2.109999999999999876, -0.7500000000000000000, 0.2500000000000000000 ) ) ;
#3624 = UNCERTAINTY_MEASURE_WITH_UNIT (LENGTH_MEASURE( 1.000000000000000082E-05 ), #3932, 'distance_accuracy_value', 'NONE');
#3625 = DIRECTION ( 'NONE',  ( 1.000000000000000000, 0.000000000000000000, -0.000000000000000000 ) ) ;
#3626 = SURFACE_STYLE_USAGE ( .BOTH. , #2635 ) ;
#3627 = ORIENTED_EDGE ( 'NONE', *, *, #2055, .T. ) ;
#3628 = VERTEX_POINT ( 'NONE', #20 ) ;
#3629 = CARTESIAN_POINT ( 'NONE',  ( -2.010000000000000231, -0.7500000000000000000, 0.2500000000000000000 ) ) ;
#3630 = UNCERTAINTY_MEASURE_WITH_UNIT (LENGTH_MEASURE( 1.000000000000000082E-05 ), #3065, 'distance_accuracy_value', 'NONE');
#3631 = DIRECTION ( 'NONE',  ( 0.000000000000000000, 1.000000000000000000, 0.000000000000000000 ) ) ;
#3632 =( GEOMETRIC_REPRESENTATION_CONTEXT ( 3 ) GLOBAL_UNCERTAINTY_ASSIGNED_CONTEXT ( ( #2235 ) ) GLOBAL_UNIT_ASSIGNED_CONTEXT ( ( #3220, #181, #1565 ) ) REPRESENTATION_CONTEXT ( 'NONE', 'WORKASPACE' ) );
#3633 = CARTESIAN_POINT ( 'NONE',  ( 0.8400000000000000799, -3.037499999999999645, 0.2500000000000000000 ) ) ;
#3634 = CARTESIAN_POINT ( 'NONE',  ( 2.310000000000000053, -0.2500000000000000000, 0.000000000000000000 ) ) ;
#3635 = COLOUR_RGB ( '',1.000000000000000000, 1.000000000000000000, 1.000000000000000000 ) ;
#3636 = VERTEX_POINT ( 'NONE', #2698 ) ;
#3637 = PRESENTATION_LAYER_ASSIGNMENT (  '', '', ( #963 ) ) ;
#3638 = STYLED_ITEM ( 'NONE', ( #1869 ), #2268 ) ;
#3639 = SURFACE_STYLE_FILL_AREA ( #1297 ) ;
#3640 =( NAMED_UNIT ( * ) PLANE_ANGLE_UNIT ( ) SI_UNIT ( $, .RADIAN. ) );
#3641 = VECTOR ( 'NONE', #2017, 1000.000000000000000 ) ;
#3642 = CARTESIAN_POINT ( 'NONE',  ( -2.296312402602451286, -2.904250885283612416, 0.9084918589017347834 ) ) ;
#3643 = LINE ( 'NONE', #2278, #3154 ) ;
#3644 = VERTEX_POINT ( 'NONE', #702 ) ;
#3645 = ADVANCED_FACE ( 'NONE', ( #4048 ), #2043, .F. ) ;
#3646 = ORIENTED_EDGE ( 'NONE', *, *, #175, .F. ) ;
#3647 = VECTOR ( 'NONE', #2210, 1000.000000000000000 ) ;
#3648 = CARTESIAN_POINT ( 'NONE',  ( 2.112933401105989706, 1.999956966530358482, 0.2500000000000000000 ) ) ;
#3649 = VECTOR ( 'NONE', #1921, 1000.000000000000000 ) ;
#3650 = SURFACE_STYLE_USAGE ( .BOTH. , #3973 ) ;
#3651 = CARTESIAN_POINT ( 'NONE',  ( 2.331507124169997169, -3.000000000000026201, 0.2500000000008303358 ) ) ;
#3652 = DIRECTION ( 'NONE',  ( 5.595603589010000068E-16, 1.000000000000000000, 0.000000000000000000 ) ) ;
#3653 = CARTESIAN_POINT ( 'NONE',  ( 2.450000000000026823, 2.881507124169998324, 0.2500000000009351964 ) ) ;
#3654 = ADVANCED_FACE ( 'NONE', ( #188 ), #3245, .F. ) ;
#3655 = STYLED_ITEM ( 'NONE', ( #1619 ), #3864 ) ;
#3656 = DIRECTION ( 'NONE',  ( -0.000000000000000000, -1.000000000000000000, -0.000000000000000000 ) ) ;
#3657 = AXIS2_PLACEMENT_3D ( 'NONE', #1286, #4020, #641 ) ;
#3658 = CYLINDRICAL_SURFACE ( 'NONE', #2628, 0.1200000000000001343 ) ;
#3659 = EDGE_CURVE ( 'NONE', #1453, #3564, #1244, .T. ) ;
#3660 = PRODUCT_RELATED_PRODUCT_CATEGORY ( 'part', '', ( #2469 ) ) ;
#3661 = CIRCLE ( 'NONE', #549, 0.09999999999999982514 ) ;
#3662 = DIRECTION ( 'NONE',  ( 1.000000000000000000, 0.000000000000000000, 0.000000000000000000 ) ) ;
#3663 = DIRECTION ( 'NONE',  ( 1.224646799146999945E-16, 1.000000000000000000, 0.000000000000000000 ) ) ;
#3664 = CARTESIAN_POINT ( 'NONE',  ( 2.341373622081245998, 2.815479233284595040, 0.8734371228714556956 ) ) ;
#3665 = CARTESIAN_POINT ( 'NONE',  ( -2.109999999999999876, 3.037499999999999645, 0.000000000000000000 ) ) ;
#3666 = STYLED_ITEM ( 'NONE', ( #826 ), #431 ) ;
#3667 = EDGE_CURVE ( 'NONE', #932, #729, #247, .T. ) ;
#3668 = EDGE_LOOP ( 'NONE', ( #1515, #3106, #1881, #2975 ) ) ;
#3669 = CARTESIAN_POINT ( 'NONE',  ( -2.189584844488302373, 2.815479233284702509, 0.9873311731751647224 ) ) ;
#3670 = PLANE ( 'NONE',  #3348 ) ;
#3671 = SHAPE_REPRESENTATION_RELATIONSHIP ( 'NONE' , 'NONE' ,  #3870, #2422 ) ;
#3672 =( NAMED_UNIT ( * ) PLANE_ANGLE_UNIT ( ) SI_UNIT ( $, .RADIAN. ) );
#3673 = FILL_AREA_STYLE ('',( #3698 ) ) ;
#3674 = CARTESIAN_POINT ( 'NONE',  ( -2.446628592588198536, -2.998341262333505064, 0.05000000000000012768 ) ) ;
#3675 = ORIENTED_EDGE ( 'NONE', *, *, #2013, .F. ) ;
#3676 = ORIENTED_EDGE ( 'NONE', *, *, #3197, .F. ) ;
#3677 = SURFACE_SIDE_STYLE ('',( #2306 ) ) ;
#3678 = DIRECTION ( 'NONE',  ( 0.000000000000000000, -3.074708921146619889E-31, 1.000000000000000000 ) ) ;
#3679 = COLOUR_RGB ( '',1.000000000000000000, 1.000000000000000000, 1.000000000000000000 ) ;
#3680 = UNCERTAINTY_MEASURE_WITH_UNIT (LENGTH_MEASURE( 1.000000000000000082E-05 ), #2794, 'distance_accuracy_value', 'NONE');
#3681 = COLOUR_RGB ( '',1.000000000000000000, 1.000000000000000000, 1.000000000000000000 ) ;
#3682 = PRESENTATION_LAYER_ASSIGNMENT (  '', '', ( #3033 ) ) ;
#3683 = SURFACE_STYLE_FILL_AREA ( #3612 ) ;
#3684 = DIRECTION ( 'NONE',  ( 0.000000000000000000, -7.992805392577500665E-34, 1.000000000000000000 ) ) ;
#3685 = PRODUCT_DEFINITION_CONTEXT ( 'detailed design', #3008, 'design' ) ;
#3686 = CARTESIAN_POINT ( 'NONE',  ( -2.399984331843172836, -2.652767683903885843, 0.9515487359449361637 ) ) ;
#3687 = SURFACE_STYLE_FILL_AREA ( #258 ) ;
#3688 = CARTESIAN_POINT ( 'NONE',  ( 1.699999999999999956, 3.037499999999999645, 0.000000000000000000 ) ) ;
#3689 = ORIENTED_EDGE ( 'NONE', *, *, #16, .F. ) ;
#3690 = CIRCLE ( 'NONE', #234, 0.1199999999999998707 ) ;
#3691 = ORIENTED_EDGE ( 'NONE', *, *, #2810, .T. ) ;
#3692 = CARTESIAN_POINT ( 'NONE',  ( -0.6350000000000000089, 3.037499999999999645, 0.2500000000000000000 ) ) ;
#3693 = VECTOR ( 'NONE', #1945, 1000.000000000000000 ) ;
#3694 = EDGE_CURVE ( 'NONE', #2780, #378, #2913, .T. ) ;
#3695 =( LENGTH_UNIT ( ) NAMED_UNIT ( * ) SI_UNIT ( .MILLI., .METRE. ) );
#3696 = AXIS2_PLACEMENT_3D ( 'NONE', #2841, #1889, #1228 ) ;
#3697 = DIRECTION ( 'NONE',  ( 0.000000000000000000, 0.000000000000000000, 1.000000000000000000 ) ) ;
#3698 = FILL_AREA_STYLE_COLOUR ( '', #439 ) ;
#3699 = CARTESIAN_POINT ( 'NONE',  ( -2.444863560060784646, -3.000000000000000000, 0.05000000000000005135 ) ) ;
#3700 = EDGE_LOOP ( 'NONE', ( #1795, #573, #3345, #2790 ) ) ;
#3701 = VERTEX_POINT ( 'NONE', #3226 ) ;
#3702 = PRESENTATION_LAYER_ASSIGNMENT (  '', '', ( #3496 ) ) ;
#3703 = DIRECTION ( 'NONE',  ( -1.194078392304068460E-16, -1.000000000000000000, -1.910525427689896658E-17 ) ) ;
#3704 = LINE ( 'NONE', #4322, #3876 ) ;
#3705 = VECTOR ( 'NONE', #293, 1000.000000000000000 ) ;
#3706 = UNCERTAINTY_MEASURE_WITH_UNIT (LENGTH_MEASURE( 1.000000000000000082E-05 ), #2819, 'distance_accuracy_value', 'NONE');
#3707 = ORIENTED_EDGE ( 'NONE', *, *, #3305, .T. ) ;
#3708 = EDGE_CURVE ( 'NONE', #3812, #392, #2933, .T. ) ;
#3709 = EDGE_LOOP ( 'NONE', ( #523, #3211, #2702, #1691 ) ) ;
#3710 = ORIENTED_EDGE ( 'NONE', *, *, #1159, .T. ) ;
#3711 = MANIFOLD_SOLID_BREP ( 'Imported1', #1409 ) ;
#3712 = UNCERTAINTY_MEASURE_WITH_UNIT (LENGTH_MEASURE( 1.000000000000000082E-05 ), #3413, 'distance_accuracy_value', 'NONE');
#3713 = STYLED_ITEM ( 'NONE', ( #845 ), #3257 ) ;
#3714 = PLANE ( 'NONE',  #896 ) ;
#3715 =( NAMED_UNIT ( * ) PLANE_ANGLE_UNIT ( ) SI_UNIT ( $, .RADIAN. ) );
#3716 = DIRECTION ( 'NONE',  ( -0.000000000000000000, 0.000000000000000000, 1.000000000000000000 ) ) ;
#3717 = VERTEX_POINT ( 'NONE', #2517 ) ;
#3718 = ORIENTED_EDGE ( 'NONE', *, *, #1810, .T. ) ;
#3719 = AXIS2_PLACEMENT_3D ( 'NONE', #1744, #750, #3266 ) ;
#3720 = EDGE_CURVE ( 'NONE', #1633, #1035, #1571, .T. ) ;
#3721 = DIRECTION ( 'NONE',  ( 1.000000000000000000, 0.000000000000000000, -1.807003620809175766E-15 ) ) ;
#3722 = FACE_OUTER_BOUND ( 'NONE', #1746, .T. ) ;
#3723 = DIRECTION ( 'NONE',  ( -1.224646799146999945E-16, -1.000000000000000000, 0.000000000000000000 ) ) ;
#3724 = PLANE ( 'NONE',  #4108 ) ;
#3725 = EDGE_CURVE ( 'NONE', #3758, #302, #1723, .T. ) ;
#3726 = CARTESIAN_POINT ( 'NONE',  ( 0.8400000000000000799, -3.037499999999999645, 0.000000000000000000 ) ) ;
#3727 = PRESENTATION_LAYER_ASSIGNMENT (  '', '', ( #3655 ) ) ;
#3728 = DIRECTION ( 'NONE',  ( -1.224646799146999945E-16, -1.000000000000000000, 0.000000000000000000 ) ) ;
#3729 = DIRECTION ( 'NONE',  ( 0.1560548629280390232, -0.1560548629280390232, -0.9753428933011312196 ) ) ;
#3730 = ORIENTED_EDGE ( 'NONE', *, *, #1173, .F. ) ;
#3731 = MECHANICAL_DESIGN_GEOMETRIC_PRESENTATION_REPRESENTATION (  '', ( #2376 ), #417 ) ;
#3732 = ORIENTED_EDGE ( 'NONE', *, *, #256, .F. ) ;
#3733 = MECHANICAL_DESIGN_GEOMETRIC_PRESENTATION_REPRESENTATION (  '', ( #3227 ), #3935 ) ;
#3734 = ORIENTED_EDGE ( 'NONE', *, *, #1842, .F. ) ;
#3735 = FACE_OUTER_BOUND ( 'NONE', #2686, .T. ) ;
#3736 = ORIENTED_EDGE ( 'NONE', *, *, #4111, .F. ) ;
#3737 =( GEOMETRIC_REPRESENTATION_CONTEXT ( 3 ) GLOBAL_UNCERTAINTY_ASSIGNED_CONTEXT ( ( #1336 ) ) GLOBAL_UNIT_ASSIGNED_CONTEXT ( ( #3066, #996, #2399 ) ) REPRESENTATION_CONTEXT ( 'NONE', 'WORKASPACE' ) );
#3738 = FILL_AREA_STYLE_COLOUR ( '', #908 ) ;
#3739 = CARTESIAN_POINT ( 'NONE',  ( 2.212840284008000147, -2.762840284007999969, 0.9727088908819999657 ) ) ;
#3740 = MECHANICAL_DESIGN_GEOMETRIC_PRESENTATION_REPRESENTATION (  '', ( #1481 ), #1330 ) ;
#3741 = CARTESIAN_POINT ( 'NONE',  ( 0.4299999999999999933, 2.560000000000000053, 0.2500000000000000000 ) ) ;
#3742 = DIRECTION ( 'NONE',  ( 1.000000000000000000, -1.224646799146999945E-16, 0.000000000000000000 ) ) ;
#3743 = ORIENTED_EDGE ( 'NONE', *, *, #281, .T. ) ;
#3744 = PRODUCT_DEFINITION ( 'UNKNOWN', '', #75, #2648 ) ;
#3745 =( LENGTH_UNIT ( ) NAMED_UNIT ( * ) SI_UNIT ( .MILLI., .METRE. ) );
#3746 = FACE_OUTER_BOUND ( 'NONE', #2770, .T. ) ;
#3747 = DIRECTION ( 'NONE',  ( 1.000000000000000000, -0.000000000000000000, 0.000000000000000000 ) ) ;
#3748 = ORIENTED_EDGE ( 'NONE', *, *, #2669, .F. ) ;
#3749 = SURFACE_STYLE_USAGE ( .BOTH. , #1715 ) ;
#3750 = CYLINDRICAL_SURFACE ( 'NONE', #1359, 0.1199999999999998845 ) ;
#3751 = DIRECTION ( 'NONE',  ( -0.000000000000000000, 3.074708921146619889E-31, -1.000000000000000000 ) ) ;
#3752 = PLANE ( 'NONE',  #3657 ) ;
#3753 =( NAMED_UNIT ( * ) SI_UNIT ( $, .STERADIAN. ) SOLID_ANGLE_UNIT ( ) );
#3754 = EDGE_LOOP ( 'NONE', ( #442, #1038, #475, #2729 ) ) ;
#3755 = PRESENTATION_LAYER_ASSIGNMENT (  '', '', ( #2125 ) ) ;
#3756 = PRESENTATION_LAYER_ASSIGNMENT (  '', '', ( #1275 ) ) ;
#3757 = ORIENTED_EDGE ( 'NONE', *, *, #2479, .T. ) ;
#3758 = VERTEX_POINT ( 'NONE', #868 ) ;
#3759 = ORIENTED_EDGE ( 'NONE', *, *, #3659, .T. ) ;
#3760 = CARTESIAN_POINT ( 'NONE',  ( 0.8400000000000000799, 2.560000000000000053, 0.2500000000000000000 ) ) ;
#3761 = VECTOR ( 'NONE', #2712, 1000.000000000000000 ) ;
#3762 = APPLICATION_PROTOCOL_DEFINITION ( 'draft international standard', 'automotive_design', 1998, #3008 ) ;
#3763 = DIRECTION ( 'NONE',  ( -1.000000000000000000, -0.000000000000000000, 0.000000000000000000 ) ) ;
#3764 = FILL_AREA_STYLE_COLOUR ( '', #4214 ) ;
#3765 = ORIENTED_EDGE ( 'NONE', *, *, #2629, .T. ) ;
#3766 = EDGE_CURVE ( 'NONE', #302, #1633, #637, .T. ) ;
#3767 =( GEOMETRIC_REPRESENTATION_CONTEXT ( 3 ) GLOBAL_UNCERTAINTY_ASSIGNED_CONTEXT ( ( #1685 ) ) GLOBAL_UNIT_ASSIGNED_CONTEXT ( ( #1951, #3292, #1625 ) ) REPRESENTATION_CONTEXT ( 'NONE', 'WORKASPACE' ) );
#3768 = DIRECTION ( 'NONE',  ( 0.000000000000000000, 0.000000000000000000, 1.000000000000000000 ) ) ;
#3769 = FACE_OUTER_BOUND ( 'NONE', #1001, .T. ) ;
#3770 =( NAMED_UNIT ( * ) PLANE_ANGLE_UNIT ( ) SI_UNIT ( $, .RADIAN. ) );
#3771 = ORIENTED_EDGE ( 'NONE', *, *, #2259, .F. ) ;
#3772 = SURFACE_SIDE_STYLE ('',( #3146 ) ) ;
#3773 = CIRCLE ( 'NONE', #2425, 0.1200000000000000094 ) ;
#3774 = CARTESIAN_POINT ( 'NONE',  ( -2.209999999999999964, 2.100000000000000089, 0.2500000000000000000 ) ) ;
#3775 = COLOUR_RGB ( '',1.000000000000000000, 1.000000000000000000, 1.000000000000000000 ) ;
#3776 = SURFACE_STYLE_USAGE ( .BOTH. , #415 ) ;
#3777 = CARTESIAN_POINT ( 'NONE',  ( 2.015866802211999875, -1.020000000000000018, 0.2500000000000000000 ) ) ;
#3778 = DIRECTION ( 'NONE',  ( 1.209266009224589818E-16, 0.9874406319166617596, 0.1579905011069460130 ) ) ;
#3779 = VERTEX_POINT ( 'NONE', #2007 ) ;
#3780 = EDGE_LOOP ( 'NONE', ( #2463, #3382, #3554, #2188, #3310 ) ) ;
#3781 = ORIENTED_EDGE ( 'NONE', *, *, #2415, .F. ) ;
#3782 = CARTESIAN_POINT ( 'NONE',  ( 0.6350000000000000089, -2.402500000000000302, 0.000000000000000000 ) ) ;
#3783 = FILL_AREA_STYLE_COLOUR ( '', #3916 ) ;
#3784 = ITEM_DEFINED_TRANSFORMATION ( 'NONE', 'NONE', #4279,  #4078 ) ;
#3785 = CARTESIAN_POINT ( 'NONE',  ( 1.699999999999999956, 2.402500000000000302, 0.000000000000000000 ) ) ;
#3786 = DIRECTION ( 'NONE',  ( -1.000000000000000000, 1.224646799147319927E-16, -3.795867174530299861E-29 ) ) ;
#3787 = EDGE_LOOP ( 'NONE', ( #1235, #117, #1062, #3797 ) ) ;
#3788 = FILL_AREA_STYLE_COLOUR ( '', #734 ) ;
#3789 = LINE ( 'NONE', #2766, #3125 ) ;
#3790 = SURFACE_STYLE_USAGE ( .BOTH. , #455 ) ;
#3791 = EDGE_LOOP ( 'NONE', ( #3912, #3175, #1088, #1860, #3821 ) ) ;
#3792 = AXIS2_PLACEMENT_3D ( 'NONE', #3530, #887, #2530 ) ;
#3793 = LINE ( 'NONE', #2773, #1160 ) ;
#3794 = DIRECTION ( 'NONE',  ( 1.000000000000000000, 0.000000000000000000, 0.000000000000000000 ) ) ;
#3795 = AXIS2_PLACEMENT_3D ( 'NONE', #1739, #3414, #3362 ) ;
#3796 = FILL_AREA_STYLE ('',( #1129 ) ) ;
#3797 = ORIENTED_EDGE ( 'NONE', *, *, #4231, .F. ) ;
#3798 = ORIENTED_EDGE ( 'NONE', *, *, #2373, .T. ) ;
#3799 = EDGE_CURVE ( 'NONE', #881, #2796, #3643, .T. ) ;
#3800 = ORIENTED_EDGE ( 'NONE', *, *, #810, .F. ) ;
#3801 = SURFACE_STYLE_USAGE ( .BOTH. , #3495 ) ;
#3802 = ADVANCED_BREP_SHAPE_REPRESENTATION ( '', ( #571, #4078 ), #2588 ) ;
#3803 = SURFACE_STYLE_FILL_AREA ( #4082 ) ;
#3804 = VECTOR ( 'NONE', #1898, 1000.000000000000000 ) ;
#3805 = ADVANCED_FACE ( 'NONE', ( #1970 ), #2662, .T. ) ;
#3806 = AXIS2_PLACEMENT_3D ( 'NONE', #1377, #1947, #3315 ) ;
#3807 = APPLICATION_PROTOCOL_DEFINITION ( 'draft international standard', 'automotive_design', 1998, #2553 ) ;
#3808 = LINE ( 'NONE', #2378, #1530 ) ;
#3809 = LINE ( 'NONE', #2118, #912 ) ;
#3810 = DIRECTION ( 'NONE',  ( 0.000000000000000000, -0.000000000000000000, -1.000000000000000000 ) ) ;
#3811 = COLOUR_RGB ( '',1.000000000000000000, 1.000000000000000000, 1.000000000000000000 ) ;
#3812 = VERTEX_POINT ( 'NONE', #1988 ) ;
#3813 = SURFACE_STYLE_USAGE ( .BOTH. , #2056 ) ;
#3814 = DIRECTION ( 'NONE',  ( -0.5146073004330696810, 0.5146073004328419742, 0.6858269845100956053 ) ) ;
#3815 = ORIENTED_EDGE ( 'NONE', *, *, #824, .F. ) ;
#3816 = FACE_OUTER_BOUND ( 'NONE', #4077, .T. ) ;
#3817 = SHAPE_REPRESENTATION ( 'Open CASCADE STEP translator 6.8 2_3', ( #4078 ), #2588 ) ;
#3818 = DIRECTION ( 'NONE',  ( -1.224646799147319927E-16, -1.000000000000000000, 3.795867174530299861E-29 ) ) ;
#3819 = LINE ( 'NONE', #438, #3359 ) ;
#3820 = SURFACE_STYLE_USAGE ( .BOTH. , #2110 ) ;
#3821 = ORIENTED_EDGE ( 'NONE', *, *, #4267, .F. ) ;
#3822 = EDGE_LOOP ( 'NONE', ( #519, #2955, #3032, #1386 ) ) ;
#3823 = ORIENTED_EDGE ( 'NONE', *, *, #3954, .F. ) ;
#3824 = CARTESIAN_POINT ( 'NONE',  ( -2.109999999999999876, -0.1000000000000000056, 0.2500000000000000000 ) ) ;
#3825 = ADVANCED_FACE ( 'NONE', ( #684 ), #821, .T. ) ;
#3826 = COLOUR_RGB ( '',1.000000000000000000, 1.000000000000000000, 1.000000000000000000 ) ;
#3827 = CARTESIAN_POINT ( 'NONE',  ( -2.212840284008000147, 2.762840284007999969, 0.9727088908819999657 ) ) ;
#3828 =( NAMED_UNIT ( * ) SI_UNIT ( $, .STERADIAN. ) SOLID_ANGLE_UNIT ( ) );
#3829 = MECHANICAL_DESIGN_GEOMETRIC_PRESENTATION_REPRESENTATION (  '', ( #1557 ), #1631 ) ;
#3830 = DIRECTION ( 'NONE',  ( 1.000000000000000000, 0.000000000000000000, 0.000000000000000000 ) ) ;
#3831 =( NAMED_UNIT ( * ) PLANE_ANGLE_UNIT ( ) SI_UNIT ( $, .RADIAN. ) );
#3832 = CARTESIAN_POINT ( 'NONE',  ( 0.000000000000000000, 3.000000000000000000, 0.05000000000000000278 ) ) ;
#3833 = EDGE_CURVE ( 'NONE', #3758, #1223, #1708, .T. ) ;
#3834 =( NAMED_UNIT ( * ) PLANE_ANGLE_UNIT ( ) SI_UNIT ( $, .RADIAN. ) );
#3835 = CARTESIAN_POINT ( 'NONE',  ( -1.699999999999999956, -2.402500000000000302, -1.300020238410828535E-81 ) ) ;
#3836 = ORIENTED_EDGE ( 'NONE', *, *, #3330, .T. ) ;
#3837 = VECTOR ( 'NONE', #3507, 1000.000000000000000 ) ;
#3838 = SURFACE_SIDE_STYLE ('',( #133 ) ) ;
#3839 = AXIS2_PLACEMENT_3D ( 'NONE', #2386, #437, #2064 ) ;
#3840 = VERTEX_POINT ( 'NONE', #2992 ) ;
#3841 = VERTEX_POINT ( 'NONE', #3042 ) ;
#3842 = ORIENTED_EDGE ( 'NONE', *, *, #1984, .T. ) ;
#3843 = FILL_AREA_STYLE ('',( #2896 ) ) ;
#3844 = PRESENTATION_LAYER_ASSIGNMENT (  '', '', ( #304 ) ) ;
#3845 =( NAMED_UNIT ( * ) PLANE_ANGLE_UNIT ( ) SI_UNIT ( $, .RADIAN. ) );
#3846 = CARTESIAN_POINT ( 'NONE',  ( 2.296312402602474823, 2.904250885283846007, 0.9084918589015412715 ) ) ;
#3847 = APPLICATION_CONTEXT ( 'automotive_design' ) ;
#3848 = EDGE_CURVE ( 'NONE', #619, #2453, #631, .T. ) ;
#3849 = SHAPE_DEFINITION_REPRESENTATION ( #665, #3870 ) ;
#3850 = DIRECTION ( 'NONE',  ( -0.000000000000000000, -0.000000000000000000, -1.000000000000000000 ) ) ;
#3851 = LINE ( 'NONE', #238, #3234 ) ;
#3852 = PRESENTATION_STYLE_ASSIGNMENT (( #493 ) ) ;
#3853 = EDGE_CURVE ( 'NONE', #345, #4276, #1641, .T. ) ;
#3854 = CARTESIAN_POINT ( 'NONE',  ( 2.227673706548999544, -2.777673706548999810, 1.000000000000000000 ) ) ;
#3855 = FILL_AREA_STYLE ('',( #1419 ) ) ;
#3856 = VECTOR ( 'NONE', #2613, 1000.000000000000000 ) ;
#3857 = CARTESIAN_POINT ( 'NONE',  ( -0.4299999999999999933, -3.037499999999999645, 0.2500000000000000000 ) ) ;
#3858 = CARTESIAN_POINT ( 'NONE',  ( -2.500000000000000000, -0.6499999999999998002, 0.000000000000000000 ) ) ;
#3859 = SURFACE_STYLE_USAGE ( .BOTH. , #2552 ) ;
#3860 = CARTESIAN_POINT ( 'NONE',  ( 2.227673706548999988, -2.777673706549000254, 0.8800000000000000044 ) ) ;
#3861 = STYLED_ITEM ( 'NONE', ( #2468 ), #3463 ) ;
#3862 = ORIENTED_EDGE ( 'NONE', *, *, #3941, .T. ) ;
#3863 = EDGE_CURVE ( 'NONE', #3840, #3411, #2870, .T. ) ;
#3864 = ADVANCED_FACE ( 'NONE', ( #2348 ), #4015, .T. ) ;
#3865 = ORIENTED_EDGE ( 'NONE', *, *, #1773, .T. ) ;
#3866 = ORIENTED_EDGE ( 'NONE', *, *, #3667, .F. ) ;
#3867 = SURFACE_SIDE_STYLE ('',( #3914 ) ) ;
#3868 = COLOUR_RGB ( '',1.000000000000000000, 1.000000000000000000, 1.000000000000000000 ) ;
#3869 = PRESENTATION_LAYER_ASSIGNMENT (  '', '', ( #3354 ) ) ;
#3870 = SHAPE_REPRESENTATION ( 'Open CASCADE STEP translator 6.8 1', ( #4078 ), #843 ) ;
#3871 =( NAMED_UNIT ( * ) PLANE_ANGLE_UNIT ( ) SI_UNIT ( $, .RADIAN. ) );
#3872 = SURFACE_STYLE_USAGE ( .BOTH. , #4230 ) ;
#3873 = MECHANICAL_DESIGN_GEOMETRIC_PRESENTATION_REPRESENTATION (  '', ( #608 ), #1680 ) ;
#3874 = VECTOR ( 'NONE', #3742, 1000.000000000000000 ) ;
#3875 = SURFACE_STYLE_USAGE ( .BOTH. , #2509 ) ;
#3876 = VECTOR ( 'NONE', #2353, 1000.000000000000000 ) ;
#3877 =( LENGTH_UNIT ( ) NAMED_UNIT ( * ) SI_UNIT ( .MILLI., .METRE. ) );
#3878 = CARTESIAN_POINT ( 'NONE',  ( 2.449999999999999734, -2.994863560060714747, 0.04999999999999998196 ) ) ;
#3879 = CARTESIAN_POINT ( 'NONE',  ( 2.209999999999999520, 2.099913933060999938, 0.2500000000000000000 ) ) ;
#3880 = FILL_AREA_STYLE ('',( #2239 ) ) ;
#3881 = PRODUCT_DEFINITION_FORMATION_WITH_SPECIFIED_SOURCE ( 'ANY', '', #2, .NOT_KNOWN. ) ;
#3882 =( GEOMETRIC_REPRESENTATION_CONTEXT ( 3 ) GLOBAL_UNCERTAINTY_ASSIGNED_CONTEXT ( ( #2908 ) ) GLOBAL_UNIT_ASSIGNED_CONTEXT ( ( #1931, #3272, #4265 ) ) REPRESENTATION_CONTEXT ( 'NONE', 'WORKASPACE' ) );
#3883 = LINE ( 'NONE', #852, #3837 ) ;
#3884 = CYLINDRICAL_SURFACE ( 'NONE', #2645, 0.1199999999999998845 ) ;
#3885 = ADVANCED_FACE ( 'NONE', ( #3455 ), #1802, .T. ) ;
#3886 = VERTEX_POINT ( 'NONE', #2708 ) ;
#3887 = FACE_OUTER_BOUND ( 'NONE', #3787, .T. ) ;
#3888 = SURFACE_SIDE_STYLE ('',( #144 ) ) ;
#3889 = DIRECTION ( 'NONE',  ( 0.000000000000000000, 0.000000000000000000, 1.000000000000000000 ) ) ;
#3890 = CIRCLE ( 'NONE', #3445, 0.09999999999999982514 ) ;
#3891 = AXIS2_PLACEMENT_3D ( 'NONE', #3827, #3578, #877 ) ;
#3892 = DIRECTION ( 'NONE',  ( 1.000000000000000000, 0.000000000000000000, 0.000000000000000000 ) ) ;
#3893 = DIRECTION ( 'NONE',  ( -0.000000000000000000, -0.000000000000000000, -1.000000000000000000 ) ) ;
#3894 = DIRECTION ( 'NONE',  ( 1.000000000000000000, -0.000000000000000000, 0.000000000000000000 ) ) ;
#3895 = EDGE_CURVE ( 'NONE', #2004, #1416, #126, .T. ) ;
#3896 = ORIENTED_EDGE ( 'NONE', *, *, #3421, .F. ) ;
#3897 = CARTESIAN_POINT ( 'NONE',  ( 1.699999999999999956, -2.402500000000000302, 0.000000000000000000 ) ) ;
#3898 = STYLED_ITEM ( 'NONE', ( #847 ), #2600 ) ;
#3899 = CARTESIAN_POINT ( 'NONE',  ( 2.112933401105994591, 1.999956966530429314, 0.000000000000000000 ) ) ;
#3900 = ORIENTED_EDGE ( 'NONE', *, *, #3436, .F. ) ;
#3901 = DIRECTION ( 'NONE',  ( 9.231973554570200601E-33, 0.000000000000000000, -1.000000000000000000 ) ) ;
#3902 = FILL_AREA_STYLE_COLOUR ( '', #3503 ) ;
#3903 = EDGE_LOOP ( 'NONE', ( #1078, #2085, #3062, #635 ) ) ;
#3904 = MECHANICAL_DESIGN_GEOMETRIC_PRESENTATION_REPRESENTATION (  '', ( #4313 ), #2338 ) ;
#3905 = LINE ( 'NONE', #880, #3360 ) ;
#3906 = EDGE_LOOP ( 'NONE', ( #3279, #1498, #50, #2065 ) ) ;
#3907 = EDGE_CURVE ( 'NONE', #2948, #1118, #787, .T. ) ;
#3908 = SURFACE_STYLE_FILL_AREA ( #1862 ) ;
#3909 = CARTESIAN_POINT ( 'NONE',  ( -0.6350000000000000089, -2.402500000000000302, 0.2500000000000000000 ) ) ;
#3910 = PRESENTATION_STYLE_ASSIGNMENT (( #1181 ) ) ;
#3911 =( NAMED_UNIT ( * ) PLANE_ANGLE_UNIT ( ) SI_UNIT ( $, .RADIAN. ) );
#3912 = ORIENTED_EDGE ( 'NONE', *, *, #2442, .F. ) ;
#3913 = CARTESIAN_POINT ( 'NONE',  ( 2.209999999999999964, -0.09991393306071995328, 0.2500000000000000000 ) ) ;
#3914 = SURFACE_STYLE_FILL_AREA ( #2485 ) ;
#3915 = DIRECTION ( 'NONE',  ( 4.270727872040000210E-17, 1.000000000000000000, 0.000000000000000000 ) ) ;
#3916 = COLOUR_RGB ( '',1.000000000000000000, 1.000000000000000000, 1.000000000000000000 ) ;
#3917 = CARTESIAN_POINT ( 'NONE',  ( 2.449999999999999734, -2.994863560060714747, 0.04999999999999998196 ) ) ;
#3918 = CARTESIAN_POINT ( 'NONE',  ( 2.189584844487907134, 2.815479233284523541, 0.9873311731750885611 ) ) ;
#3919 = EDGE_CURVE ( 'NONE', #2840, #3628, #3120, .T. ) ;
#3920 = PRODUCT_RELATED_PRODUCT_CATEGORY ( 'part', '', ( #2 ) ) ;
#3921 =( GEOMETRIC_REPRESENTATION_CONTEXT ( 3 ) GLOBAL_UNCERTAINTY_ASSIGNED_CONTEXT ( ( #2287 ) ) GLOBAL_UNIT_ASSIGNED_CONTEXT ( ( #911, #832, #1182 ) ) REPRESENTATION_CONTEXT ( 'NONE', 'WORKASPACE' ) );
#3922 = EDGE_LOOP ( 'NONE', ( #674, #157, #3985, #3601 ) ) ;
#3923 = PRESENTATION_LAYER_ASSIGNMENT (  '', '', ( #2643 ) ) ;
#3924 = CARTESIAN_POINT ( 'NONE',  ( -2.293928830239689631, 2.953886371168895852, 0.8487659199889368011 ) ) ;
#3925 =( GEOMETRIC_REPRESENTATION_CONTEXT ( 3 ) GLOBAL_UNCERTAINTY_ASSIGNED_CONTEXT ( ( #4281 ) ) GLOBAL_UNIT_ASSIGNED_CONTEXT ( ( #2706, #1393, #2400 ) ) REPRESENTATION_CONTEXT ( 'NONE', 'WORKASPACE' ) );
#3926 = EDGE_CURVE ( 'NONE', #2402, #3150, #1117, .T. ) ;
#3927 = VECTOR ( 'NONE', #1056, 1000.000000000000000 ) ;
#3928 = CARTESIAN_POINT ( 'NONE',  ( -2.010000000000000231, 2.000000000000000000, 0.2500000000000000000 ) ) ;
#3929 = CIRCLE ( 'NONE', #1534, 0.1199999999999998845 ) ;
#3930 = UNCERTAINTY_MEASURE_WITH_UNIT (LENGTH_MEASURE( 1.000000000000000082E-05 ), #1382, 'distance_accuracy_value', 'NONE');
#3931 = UNCERTAINTY_MEASURE_WITH_UNIT (LENGTH_MEASURE( 1.000000000000000082E-05 ), #4280, 'distance_accuracy_value', 'NONE');
#3932 =( LENGTH_UNIT ( ) NAMED_UNIT ( * ) SI_UNIT ( .MILLI., .METRE. ) );
#3933 = CARTESIAN_POINT ( 'NONE',  ( 1.699999999999999734, 2.720000000000000195, 0.2500000000000000000 ) ) ;
#3934 = CARTESIAN_POINT ( 'NONE',  ( -2.341373622081243333, 2.815479233284609251, 0.8734371228714898905 ) ) ;
#3935 =( GEOMETRIC_REPRESENTATION_CONTEXT ( 3 ) GLOBAL_UNCERTAINTY_ASSIGNED_CONTEXT ( ( #4328 ) ) GLOBAL_UNIT_ASSIGNED_CONTEXT ( ( #3143, #3124, #1875 ) ) REPRESENTATION_CONTEXT ( 'NONE', 'WORKASPACE' ) );
#3936 = ORIENTED_EDGE ( 'NONE', *, *, #79, .F. ) ;
#3937 = FILL_AREA_STYLE ('',( #636 ) ) ;
#3938 = DIRECTION ( 'NONE',  ( 1.836676017325179954E-48, 1.000000000000000000, 1.499759782660990007E-32 ) ) ;
#3939 = DIRECTION ( 'NONE',  ( 1.000000000000000000, -0.000000000000000000, 0.000000000000000000 ) ) ;
#3940 = FILL_AREA_STYLE ('',( #3274 ) ) ;
#3941 = EDGE_CURVE ( 'NONE', #4310, #1349, #32, .T. ) ;
#3942 = ORIENTED_EDGE ( 'NONE', *, *, #1672, .F. ) ;
#3943 = LINE ( 'NONE', #3760, #3984 ) ;
#3944 =( NAMED_UNIT ( * ) SI_UNIT ( $, .STERADIAN. ) SOLID_ANGLE_UNIT ( ) );
#3945 = CARTESIAN_POINT ( 'NONE',  ( -2.010000000000000231, 2.720000000000000195, 0.2500000000000000000 ) ) ;
#3946 = CARTESIAN_POINT ( 'NONE',  ( 2.179161827979419375, -2.953886371168843894, 0.9348808418947422982 ) ) ;
#3947 = EDGE_CURVE ( 'NONE', #1118, #4310, #2119, .T. ) ;
#3948 = DIRECTION ( 'NONE',  ( 0.000000000000000000, -1.000000000000000000, -1.807003620809175766E-15 ) ) ;
#3949 = AXIS2_PLACEMENT_3D ( 'NONE', #1427, #2083, #1700 ) ;
#3950 = EDGE_LOOP ( 'NONE', ( #3759, #1406, #139, #1983 ) ) ;
#3951 = ORIENTED_EDGE ( 'NONE', *, *, #3766, .T. ) ;
#3952 = EDGE_CURVE ( 'NONE', #3085, #881, #451, .T. ) ;
#3953 = CARTESIAN_POINT ( 'NONE',  ( -2.310000000000000053, -0.2500000000000000000, 0.000000000000000000 ) ) ;
#3954 = EDGE_CURVE ( 'NONE', #346, #2539, #199, .T. ) ;
#3955 = SURFACE_STYLE_USAGE ( .BOTH. , #4302 ) ;
#3956 = STYLED_ITEM ( 'NONE', ( #1845 ), #2541 ) ;
#3957 = SURFACE_SIDE_STYLE ('',( #3683 ) ) ;
#3958 = SURFACE_STYLE_FILL_AREA ( #2964 ) ;
#3959 = LINE ( 'NONE', #1891, #2859 ) ;
#3960 = UNCERTAINTY_MEASURE_WITH_UNIT (LENGTH_MEASURE( 1.000000000000000082E-05 ), #3429, 'distance_accuracy_value', 'NONE');
#3961 = ORIENTED_EDGE ( 'NONE', *, *, #372, .T. ) ;
#3962 = ADVANCED_FACE ( 'NONE', ( #471 ), #4109, .T. ) ;
#3963 = CARTESIAN_POINT ( 'NONE',  ( -2.223477195468390288, 2.830860696598470838, 0.9939407791066369180 ) ) ;
#3964 = CIRCLE ( 'NONE', #111, 0.09999999999999982514 ) ;
#3965 = ORIENTED_EDGE ( 'NONE', *, *, #2421, .F. ) ;
#3966 = CIRCLE ( 'NONE', #3055, 0.1199999999999998845 ) ;
#3967 = CARTESIAN_POINT ( 'NONE',  ( 2.289426582600968985, -2.839426582600940829, 0.9622992381412122098 ) ) ;
#3968 = PLANE ( 'NONE',  #2301 ) ;
#3969 = EDGE_LOOP ( 'NONE', ( #3549, #1595, #1124, #1690 ) ) ;
#3970 = ADVANCED_FACE ( 'NONE', ( #1071 ), #2283, .F. ) ;
#3971 = ORIENTED_EDGE ( 'NONE', *, *, #4180, .F. ) ;
#3972 = FACE_OUTER_BOUND ( 'NONE', #3969, .T. ) ;
#3973 = SURFACE_SIDE_STYLE ('',( #2892 ) ) ;
#3974 = DIRECTION ( 'NONE',  ( 3.146309990714999803E-16, -1.000000000000000000, 0.000000000000000000 ) ) ;
#3975 = CARTESIAN_POINT ( 'NONE',  ( 2.500000000000000000, -0.6500000000000000222, 0.2500000000000000000 ) ) ;
#3976 = SURFACE_SIDE_STYLE ('',( #4001 ) ) ;
#3977 = UNCERTAINTY_MEASURE_WITH_UNIT (LENGTH_MEASURE( 1.000000000000000082E-05 ), #3213, 'distance_accuracy_value', 'NONE');
#3978 = EDGE_CURVE ( 'NONE', #2730, #1035, #4293, .T. ) ;
#3979 = DIRECTION ( 'NONE',  ( 0.1560548629284536915, 0.1560548629277744848, 0.9753428933011072388 ) ) ;
#3980 = EDGE_CURVE ( 'NONE', #3480, #1990, #2535, .T. ) ;
#3981 = LINE ( 'NONE', #1819, #784 ) ;
#3982 = LINE ( 'NONE', #2900, #3181 ) ;
#3983 = SURFACE_SIDE_STYLE ('',( #3600 ) ) ;
#3984 = VECTOR ( 'NONE', #395, 1000.000000000000000 ) ;
#3985 = ORIENTED_EDGE ( 'NONE', *, *, #794, .F. ) ;
#3986 =( LENGTH_UNIT ( ) NAMED_UNIT ( * ) SI_UNIT ( .MILLI., .METRE. ) );
#3987 =( GEOMETRIC_REPRESENTATION_CONTEXT ( 3 ) GLOBAL_UNCERTAINTY_ASSIGNED_CONTEXT ( ( #3301 ) ) GLOBAL_UNIT_ASSIGNED_CONTEXT ( ( #1003, #4065, #1374 ) ) REPRESENTATION_CONTEXT ( 'NONE', 'WORKASPACE' ) );
#3988 = LINE ( 'NONE', #2630, #3856 ) ;
#3989 = AXIS2_PLACEMENT_3D ( 'NONE', #15, #1381, #3684 ) ;
#3990 = CARTESIAN_POINT ( 'NONE',  ( -2.289426582600969429, -2.839426582600941718, 0.9622992381412134311 ) ) ;
#3991 = LINE ( 'NONE', #930, #2474 ) ;
#3992 =( BOUNDED_SURFACE ( )  B_SPLINE_SURFACE ( 3, 3, ( 
 ( #867, #4221, #3346, #2887 ),
 ( #3589, #1243, #323, #2869 ),
 ( #1203, #2529, #531, #1878 ),
 ( #3934, #209, #910, #3607 ) ),
 .UNSPECIFIED., .F., .F., .T. ) 
 B_SPLINE_SURFACE_WITH_KNOTS ( ( 4, 4 ),
 ( 4, 4 ),
 ( 0.000000000000000000, 1.000000000000000000 ),
 ( 0.000000000000000000, 1.000000000000000000 ),
 .UNSPECIFIED. ) 
 GEOMETRIC_REPRESENTATION_ITEM ( )  RATIONAL_B_SPLINE_SURFACE ( (
 ( 1.000000000000000000, 0.3333333333333360904, 0.3333333333333360904, 1.000000000000000000),
 ( 0.9318883965753175236, 0.3106294655251083947, 0.3106294655251083947, 0.9318883965753175236),
 ( 0.9318883965753175236, 0.3106294655251083947, 0.3106294655251083947, 0.9318883965753175236),
 ( 1.000000000000000000, 0.3333333333333360904, 0.3333333333333360904, 1.000000000000000000) ) ) 
 REPRESENTATION_ITEM ( '' )  SURFACE ( )  );
#3993 = DIRECTION ( 'NONE',  ( 1.000000000000000000, -1.836676017325179954E-48, -2.754572824562264683E-80 ) ) ;
#3994 = ORIENTED_EDGE ( 'NONE', *, *, #256, .T. ) ;
#3995 = ORIENTED_EDGE ( 'NONE', *, *, #1020, .F. ) ;
#3996 = LINE ( 'NONE', #953, #3617 ) ;
#3997 = CLOSED_SHELL ( 'NONE', ( #711, #1340, #2088, #4116, #3962, #4287 ) ) ;
#3998 = LINE ( 'NONE', #310, #404 ) ;
#3999 = SURFACE_STYLE_FILL_AREA ( #4042 ) ;
#4000 = FACE_OUTER_BOUND ( 'NONE', #1961, .T. ) ;
#4001 = SURFACE_STYLE_FILL_AREA ( #959 ) ;
#4002 = VECTOR ( 'NONE', #2747, 1000.000000000000000 ) ;
#4003 = EDGE_CURVE ( 'NONE', #3468, #3302, #1474, .T. ) ;
#4004 =( NAMED_UNIT ( * ) PLANE_ANGLE_UNIT ( ) SI_UNIT ( $, .RADIAN. ) );
#4005 = COLOUR_RGB ( '',1.000000000000000000, 1.000000000000000000, 1.000000000000000000 ) ;
#4006 = DIRECTION ( 'NONE',  ( 1.000000000000000000, -1.224646799146999945E-16, 0.000000000000000000 ) ) ;
#4007 = MECHANICAL_DESIGN_GEOMETRIC_PRESENTATION_REPRESENTATION (  '', ( #3013 ), #2589 ) ;
#4008 = CARTESIAN_POINT ( 'NONE',  ( 2.338244197728584162, -2.830860696598556991, 0.9078258572009528793 ) ) ;
#4009 = ADVANCED_FACE ( 'NONE', ( #1886 ), #4261, .T. ) ;
#4010 = ORIENTED_EDGE ( 'NONE', *, *, #3240, .F. ) ;
#4011 = FILL_AREA_STYLE ('',( #387 ) ) ;
#4012 = ORIENTED_EDGE ( 'NONE', *, *, #1273, .T. ) ;
#4013 = PRESENTATION_STYLE_ASSIGNMENT (( #2005 ) ) ;
#4014 = PRODUCT ( 'Open CASCADE STEP translator 6.8 2_4', 'Open CASCADE STEP translator 6.8 2_4', '', ( #823 ) ) ;
#4015 = PLANE ( 'NONE',  #3159 ) ;
#4016 = ORIENTED_EDGE ( 'NONE', *, *, #2272, .T. ) ;
#4017 = VERTEX_POINT ( 'NONE', #290 ) ;
#4018 = CARTESIAN_POINT ( 'NONE',  ( 2.450000000000000622, 2.912293798238724918, 0.2500000000020835000 ) ) ;
#4019 = CARTESIAN_POINT ( 'NONE',  ( 2.109999999999999876, 3.037499999999999645, 0.000000000000000000 ) ) ;
#4020 = DIRECTION ( 'NONE',  ( -1.000000000000000000, -3.146309990714999803E-16, 0.000000000000000000 ) ) ;
#4021 = CARTESIAN_POINT ( 'NONE',  ( -2.109999999999999876, 2.000000000000000000, 0.000000000000000000 ) ) ;
#4022 =( GEOMETRIC_REPRESENTATION_CONTEXT ( 3 ) GLOBAL_UNCERTAINTY_ASSIGNED_CONTEXT ( ( #1547 ) ) GLOBAL_UNIT_ASSIGNED_CONTEXT ( ( #1865, #4340, #1024 ) ) REPRESENTATION_CONTEXT ( 'NONE', 'WORKASPACE' ) );
#4023 = ADVANCED_FACE ( 'NONE', ( #1599 ), #1249, .T. ) ;
#4024 = UNCERTAINTY_MEASURE_WITH_UNIT (LENGTH_MEASURE( 1.000000000000000082E-05 ), #283, 'distance_accuracy_value', 'NONE');
#4025 = MECHANICAL_DESIGN_GEOMETRIC_PRESENTATION_REPRESENTATION (  '', ( #4295 ), #999 ) ;
#4026 = CARTESIAN_POINT ( 'NONE',  ( 1.699999999999999512, 2.560000000000000053, 0.2500000000000000000 ) ) ;
#4027 = CARTESIAN_POINT ( 'NONE',  ( -2.289426582600968985, -2.839426582600940385, 0.9622992381412115437 ) ) ;
#4028 = FILL_AREA_STYLE_COLOUR ( '', #4171 ) ;
#4029 = FILL_AREA_STYLE ('',( #1492 ) ) ;
#4030 = ORIENTED_EDGE ( 'NONE', *, *, #1541, .T. ) ;
#4031 = VECTOR ( 'NONE', #4176, 1000.000000000000000 ) ;
#4032 = ORIENTED_EDGE ( 'NONE', *, *, #1302, .F. ) ;
#4033 = LINE ( 'NONE', #2443, #2820 ) ;
#4034 = VECTOR ( 'NONE', #1186, 1000.000000000000000 ) ;
#4035 = MECHANICAL_DESIGN_GEOMETRIC_PRESENTATION_REPRESENTATION (  '', ( #1573 ), #3767 ) ;
#4036 = CARTESIAN_POINT ( 'NONE',  ( 2.267792562957377189, 2.707835022028186600, 1.053000716318486241 ) ) ;
#4037 = VERTEX_POINT ( 'NONE', #4091 ) ;
#4038 = EDGE_CURVE ( 'NONE', #1408, #3840, #3586, .T. ) ;
#4039 = ORIENTED_EDGE ( 'NONE', *, *, #3708, .F. ) ;
#4040 = FILL_AREA_STYLE ('',( #1759 ) ) ;
#4041 = PLANE ( 'NONE',  #3435 ) ;
#4042 = FILL_AREA_STYLE ('',( #741 ) ) ;
#4043 = CARTESIAN_POINT ( 'NONE',  ( -2.449999999999999289, 2.912293798238609899, 0.2500000000020509705 ) ) ;
#4044 = UNCERTAINTY_MEASURE_WITH_UNIT (LENGTH_MEASURE( 1.000000000000000082E-05 ), #2989, 'distance_accuracy_value', 'NONE');
#4045 = DIRECTION ( 'NONE',  ( 0.000000000000000000, 1.000000000000000000, 0.000000000000000000 ) ) ;
#4046 = DIRECTION ( 'NONE',  ( 0.000000000000000000, 0.000000000000000000, 1.000000000000000000 ) ) ;
#4047 = FACE_OUTER_BOUND ( 'NONE', #3334, .T. ) ;
#4048 = FACE_OUTER_BOUND ( 'NONE', #4097, .T. ) ;
#4049 = EDGE_LOOP ( 'NONE', ( #2146, #2974, #1526, #48, #103, #140, #3063 ) ) ;
#4050 = ORIENTED_EDGE ( 'NONE', *, *, #2751, .T. ) ;
#4051 = ORIENTED_EDGE ( 'NONE', *, *, #1965, .T. ) ;
#4052 = AXIS2_PLACEMENT_3D ( 'NONE', #971, #3306, #2969 ) ;
#4053 = EDGE_LOOP ( 'NONE', ( #1490, #403, #707, #1085 ) ) ;
#4054 = DIRECTION ( 'NONE',  ( 0.000000000000000000, 0.000000000000000000, 1.000000000000000000 ) ) ;
#4055 = FILL_AREA_STYLE_COLOUR ( '', #3635 ) ;
#4056 = UNCERTAINTY_MEASURE_WITH_UNIT (LENGTH_MEASURE( 1.000000000000000082E-05 ), #1574, 'distance_accuracy_value', 'NONE');
#4057 = APPLICATION_CONTEXT ( 'automotive_design' ) ;
#4058 = PRESENTATION_LAYER_ASSIGNMENT (  '', '', ( #3713 ) ) ;
#4059 = CARTESIAN_POINT ( 'NONE',  ( -2.109999999999999876, 2.402500000000000302, 0.000000000000000000 ) ) ;
#4060 = DIRECTION ( 'NONE',  ( 0.000000000000000000, -1.499759782660990007E-32, 1.000000000000000000 ) ) ;
#4061 = CARTESIAN_POINT ( 'NONE',  ( -0.8400000000000000799, 2.402500000000000302, 0.000000000000000000 ) ) ;
#4062 = ORIENTED_EDGE ( 'NONE', *, *, #2791, .F. ) ;
#4063 = DIRECTION ( 'NONE',  ( 1.000000000000000000, 0.000000000000000000, 0.000000000000000000 ) ) ;
#4064 = COLOUR_RGB ( '',1.000000000000000000, 1.000000000000000000, 1.000000000000000000 ) ;
#4065 =( NAMED_UNIT ( * ) PLANE_ANGLE_UNIT ( ) SI_UNIT ( $, .RADIAN. ) );
#4066 = PRESENTATION_STYLE_ASSIGNMENT (( #1993 ) ) ;
#4067 = LINE ( 'NONE', #3388, #3705 ) ;
#4068 = VECTOR ( 'NONE', #3081, 1000.000000000000000 ) ;
#4069 = FACE_OUTER_BOUND ( 'NONE', #743, .T. ) ;
#4070 = LINE ( 'NONE', #3391, #2936 ) ;
#4071 = STYLED_ITEM ( 'NONE', ( #3852 ), #3970 ) ;
#4072 = CARTESIAN_POINT ( 'NONE',  ( -2.189584844488364990, -2.815479233284730931, 0.9873311731751770459 ) ) ;
#4073 = DIRECTION ( 'NONE',  ( -8.870371882674300279E-49, 1.000000000000000000, -8.189103864005222151E-81 ) ) ;
#4074 = FACE_OUTER_BOUND ( 'NONE', #1669, .T. ) ;
#4075 = EDGE_LOOP ( 'NONE', ( #322, #1169, #3836, #2046 ) ) ;
#4076 = STYLED_ITEM ( 'NONE', ( #2692 ), #584 ) ;
#4077 = EDGE_LOOP ( 'NONE', ( #3368, #1709, #3765, #3494 ) ) ;
#4078 = AXIS2_PLACEMENT_3D ( 'NONE', #2568, #1521, #2864 ) ;
#4079 = VERTEX_POINT ( 'NONE', #2327 ) ;
#4080 = ORIENTED_EDGE ( 'NONE', *, *, #810, .T. ) ;
#4081 = SURFACE_STYLE_USAGE ( .BOTH. , #2734 ) ;
#4082 = FILL_AREA_STYLE ('',( #3783 ) ) ;
#4083 = EDGE_CURVE ( 'NONE', #3564, #3121, #3929, .T. ) ;
#4084 = COLOUR_RGB ( '',1.000000000000000000, 1.000000000000000000, 1.000000000000000000 ) ;
#4085 =( NAMED_UNIT ( * ) PLANE_ANGLE_UNIT ( ) SI_UNIT ( $, .RADIAN. ) );
#4086 = CARTESIAN_POINT ( 'NONE',  ( 2.115866802211999964, -0.7500000000000000000, 0.000000000000000000 ) ) ;
#4087 = DIRECTION ( 'NONE',  ( 9.231973554570200601E-33, 0.000000000000000000, -1.000000000000000000 ) ) ;
#4088 = ORIENTED_EDGE ( 'NONE', *, *, #986, .F. ) ;
#4089 = SURFACE_SIDE_STYLE ('',( #84 ) ) ;
#4090 = CARTESIAN_POINT ( 'NONE',  ( -2.109999999999999876, -0.6499999999999994671, 0.000000000000000000 ) ) ;
#4091 = CARTESIAN_POINT ( 'NONE',  ( 1.700000000000000178, -3.037499999999999645, 0.2500000000000000000 ) ) ;
#4092 = PLANE ( 'NONE',  #1784 ) ;
#4093 = ORIENTED_EDGE ( 'NONE', *, *, #1495, .T. ) ;
#4094 = LINE ( 'NONE', #386, #2447 ) ;
#4095 = FACE_OUTER_BOUND ( 'NONE', #768, .T. ) ;
#4096 = DIRECTION ( 'NONE',  ( 0.000000000000000000, -0.000000000000000000, -1.000000000000000000 ) ) ;
#4097 = EDGE_LOOP ( 'NONE', ( #1835, #418, #3100, #3335 ) ) ;
#4098 = VECTOR ( 'NONE', #989, 1000.000000000000000 ) ;
#4099 = ORIENTED_EDGE ( 'NONE', *, *, #3919, .T. ) ;
#4100 = ORIENTED_EDGE ( 'NONE', *, *, #1178, .F. ) ;
#4101 = CARTESIAN_POINT ( 'NONE',  ( -2.209999999999999964, 2.560000000000000053, 0.2500000000000000000 ) ) ;
#4102 = FILL_AREA_STYLE_COLOUR ( '', #2659 ) ;
#4103 = DIRECTION ( 'NONE',  ( -1.224646799146999945E-16, -1.000000000000000000, 0.000000000000000000 ) ) ;
#4104 = EDGE_CURVE ( 'NONE', #3018, #1532, #3385, .T. ) ;
#4105 =( LENGTH_UNIT ( ) NAMED_UNIT ( * ) SI_UNIT ( .MILLI., .METRE. ) );
#4106 = FILL_AREA_STYLE ('',( #3378 ) ) ;
#4107 = CARTESIAN_POINT ( 'NONE',  ( 2.209999999999999964, 2.560000000000000053, 0.2500000000000000000 ) ) ;
#4108 = AXIS2_PLACEMENT_3D ( 'NONE', #3107, #3080, #3464 ) ;
#4109 = PLANE ( 'NONE',  #3520 ) ;
#4110 = ORIENTED_EDGE ( 'NONE', *, *, #180, .T. ) ;
#4111 = EDGE_CURVE ( 'NONE', #1852, #1349, #2998, .T. ) ;
#4112 = CARTESIAN_POINT ( 'NONE',  ( 2.015866802211999875, -1.020000000000000018, 0.000000000000000000 ) ) ;
#4113 = SURFACE_SIDE_STYLE ('',( #1468 ) ) ;
#4114 = FILL_AREA_STYLE_COLOUR ( '', #1259 ) ;
#4115 = EDGE_LOOP ( 'NONE', ( #2304, #648, #3432, #2825 ) ) ;
#4116 = ADVANCED_FACE ( 'NONE', ( #3769 ), #2666, .T. ) ;
#4117 =( GEOMETRIC_REPRESENTATION_CONTEXT ( 3 ) GLOBAL_UNCERTAINTY_ASSIGNED_CONTEXT ( ( #710 ) ) GLOBAL_UNIT_ASSIGNED_CONTEXT ( ( #3745, #4132, #3020 ) ) REPRESENTATION_CONTEXT ( 'NONE', 'WORKASPACE' ) );
#4118 = EDGE_CURVE ( 'NONE', #2916, #4037, #3704, .T. ) ;
#4119 = DIRECTION ( 'NONE',  ( 1.000000000000000000, 0.000000000000000000, 0.000000000000000000 ) ) ;
#4120 = VERTEX_POINT ( 'NONE', #639 ) ;
#4121 = EDGE_LOOP ( 'NONE', ( #1611, #2097, #1387, #2546 ) ) ;
#4122 = VERTEX_POINT ( 'NONE', #311 ) ;
#4123 =( NAMED_UNIT ( * ) PLANE_ANGLE_UNIT ( ) SI_UNIT ( $, .RADIAN. ) );
#4124 = DIRECTION ( 'NONE',  ( 0.000000000000000000, 0.000000000000000000, 1.000000000000000000 ) ) ;
#4125 = DIRECTION ( 'NONE',  ( 0.000000000000000000, 0.000000000000000000, 1.000000000000000000 ) ) ;
#4126 = PRODUCT_CONTEXT ( 'NONE', #1193, 'mechanical' ) ;
#4127 = SURFACE_STYLE_FILL_AREA ( #4106 ) ;
#4128 = CARTESIAN_POINT ( 'NONE',  ( -2.010000000000000231, -0.7500000000000000000, 0.000000000000000000 ) ) ;
#4129 = DIRECTION ( 'NONE',  ( 0.000000000000000000, 0.000000000000000000, 1.000000000000000000 ) ) ;
#4130 = VECTOR ( 'NONE', #3631, 1000.000000000000000 ) ;
#4131 = ORIENTED_EDGE ( 'NONE', *, *, #3725, .F. ) ;
#4132 =( NAMED_UNIT ( * ) PLANE_ANGLE_UNIT ( ) SI_UNIT ( $, .RADIAN. ) );
#4133 = CARTESIAN_POINT ( 'NONE',  ( -2.227673706548999988, 2.777673706548999810, 0.8800000000000010036 ) ) ;
#4134 = DIRECTION ( 'NONE',  ( -1.000000000000000000, 0.000000000000000000, 0.000000000000000000 ) ) ;
#4135 = STYLED_ITEM ( 'NONE', ( #4013 ), #3290 ) ;
#4136 = FILL_AREA_STYLE_COLOUR ( '', #1274 ) ;
#4137 = ORIENTED_EDGE ( 'NONE', *, *, #384, .T. ) ;
#4138 = DIRECTION ( 'NONE',  ( -0.000000000000000000, 0.000000000000000000, 1.000000000000000000 ) ) ;
#4139 = PRESENTATION_LAYER_ASSIGNMENT (  '', '', ( #966 ) ) ;
#4140 = LINE ( 'NONE', #1031, #2414 ) ;
#4141 = PRESENTATION_STYLE_ASSIGNMENT (( #2775 ) ) ;
#4142 = VECTOR ( 'NONE', #1225, 1000.000000000000000 ) ;
#4143 = CARTESIAN_POINT ( 'NONE',  ( -0.8400000000000000799, -3.037499999999999645, 0.000000000000000000 ) ) ;
#4144 = ORIENTED_EDGE ( 'NONE', *, *, #2003, .F. ) ;
#4145 =( BOUNDED_SURFACE ( )  B_SPLINE_SURFACE ( 3, 3, ( 
 ( #3967, #655, #306, #1687 ),
 ( #1262, #3, #265, #1347 ),
 ( #1618, #3946, #4315, #2682 ),
 ( #1298, #949, #1023, #2256 ) ),
 .UNSPECIFIED., .F., .F., .T. ) 
 B_SPLINE_SURFACE_WITH_KNOTS ( ( 4, 4 ),
 ( 4, 4 ),
 ( 0.000000000000000000, 1.000000000000000000 ),
 ( 0.000000000000000000, 1.000000000000000000 ),
 .UNSPECIFIED. ) 
 GEOMETRIC_REPRESENTATION_ITEM ( )  RATIONAL_B_SPLINE_SURFACE ( (
 ( 1.000000000000000000, 0.3333333333333287629, 0.3333333333333287629, 1.000000000000000000),
 ( 0.9318883965758113508, 0.3106294655252662129, 0.3106294655252662129, 0.9318883965758113508),
 ( 0.9318883965758113508, 0.3106294655252662129, 0.3106294655252662129, 0.9318883965758113508),
 ( 1.000000000000000000, 0.3333333333333287629, 0.3333333333333287629, 1.000000000000000000) ) ) 
 REPRESENTATION_ITEM ( '' )  SURFACE ( )  );
#4146 = ORIENTED_EDGE ( 'NONE', *, *, #3004, .F. ) ;
#4147 = ORIENTED_EDGE ( 'NONE', *, *, #3720, .F. ) ;
#4148 = MECHANICAL_DESIGN_GEOMETRIC_PRESENTATION_REPRESENTATION (  '', ( #1959 ), #2167 ) ;
#4149 = EDGE_CURVE ( 'NONE', #1447, #2484, #1352, .T. ) ;
#4150 =( LENGTH_UNIT ( ) NAMED_UNIT ( * ) SI_UNIT ( .MILLI., .METRE. ) );
#4151 = CARTESIAN_POINT ( 'NONE',  ( 2.289426582600968985, 2.839426582600940385, 0.9622992381412115437 ) ) ;
#4152 = VECTOR ( 'NONE', #1179, 1000.000000000000000 ) ;
#4153 = EDGE_CURVE ( 'NONE', #1453, #1264, #222, .T. ) ;
#4154 = CONTEXT_DEPENDENT_SHAPE_REPRESENTATION ( #155, #1175 ) ;
#4155 = FACE_OUTER_BOUND ( 'NONE', #348, .T. ) ;
#4156 = DIRECTION ( 'NONE',  ( 8.870371882674300279E-49, -1.000000000000000000, 8.189103864005222151E-81 ) ) ;
#4157 = PRESENTATION_LAYER_ASSIGNMENT (  '', '', ( #4350 ) ) ;
#4158 = VECTOR ( 'NONE', #2550, 1000.000000000000114 ) ;
#4159 = VECTOR ( 'NONE', #125, 999.9999999999998863 ) ;
#4160 =( NAMED_UNIT ( * ) SI_UNIT ( $, .STERADIAN. ) SOLID_ANGLE_UNIT ( ) );
#4161 = CARTESIAN_POINT ( 'NONE',  ( -0.4299999999999999933, -3.037499999999999645, 0.000000000000000000 ) ) ;
#4162 = ORIENTED_EDGE ( 'NONE', *, *, #3708, .T. ) ;
#4163 = SURFACE_SIDE_STYLE ('',( #1423 ) ) ;
#4164 = DIRECTION ( 'NONE',  ( -1.224646799146999945E-16, -1.000000000000000000, 0.000000000000000000 ) ) ;
#4165 =( NAMED_UNIT ( * ) SI_UNIT ( $, .STERADIAN. ) SOLID_ANGLE_UNIT ( ) );
#4166 = EDGE_CURVE ( 'NONE', #1943, #287, #3408, .T. ) ;
#4167 = EDGE_LOOP ( 'NONE', ( #452, #593, #47, #2350 ) ) ;
#4168 = ORIENTED_EDGE ( 'NONE', *, *, #1942, .T. ) ;
#4169 = ORIENTED_EDGE ( 'NONE', *, *, #3399, .T. ) ;
#4170 = PRESENTATION_STYLE_ASSIGNMENT (( #3153 ) ) ;
#4171 = COLOUR_RGB ( '',1.000000000000000000, 1.000000000000000000, 1.000000000000000000 ) ;
#4172 = PRESENTATION_STYLE_ASSIGNMENT (( #1536 ) ) ;
#4173 = LINE ( 'NONE', #3217, #2935 ) ;
#4174 = DIRECTION ( 'NONE',  ( -1.000000000000000000, 0.000000000000000000, 0.000000000000000000 ) ) ;
#4175 =( NAMED_UNIT ( * ) PLANE_ANGLE_UNIT ( ) SI_UNIT ( $, .RADIAN. ) );
#4176 = DIRECTION ( 'NONE',  ( 0.000000000000000000, -0.000000000000000000, -1.000000000000000000 ) ) ;
#4177 = CARTESIAN_POINT ( 'NONE',  ( 2.109999999999999876, 2.560000000000000053, 0.2500000000000000000 ) ) ;
#4178 = EDGE_CURVE ( 'NONE', #3701, #392, #358, .T. ) ;
#4179 = ORIENTED_EDGE ( 'NONE', *, *, #982, .T. ) ;
#4180 = EDGE_CURVE ( 'NONE', #378, #2465, #694, .T. ) ;
#4181 =( NAMED_UNIT ( * ) SI_UNIT ( $, .STERADIAN. ) SOLID_ANGLE_UNIT ( ) );
#4182 = DIRECTION ( 'NONE',  ( -1.000000000000000000, 1.224646799147319927E-16, 3.795867174530299861E-29 ) ) ;
#4183 = COLOUR_RGB ( '',1.000000000000000000, 1.000000000000000000, 1.000000000000000000 ) ;
#4184 = ORIENTED_EDGE ( 'NONE', *, *, #4083, .T. ) ;
#4185 = ORIENTED_EDGE ( 'NONE', *, *, #1583, .T. ) ;
#4186 = ORIENTED_EDGE ( 'NONE', *, *, #1208, .T. ) ;
#4187 = FACE_OUTER_BOUND ( 'NONE', #2213, .T. ) ;
#4188 = AXIS2_PLACEMENT_3D ( 'NONE', #2135, #371, #1135 ) ;
#4189 =( LENGTH_UNIT ( ) NAMED_UNIT ( * ) SI_UNIT ( .MILLI., .METRE. ) );
#4190 = SHAPE_DEFINITION_REPRESENTATION ( #627, #3409 ) ;
#4191 = SURFACE_STYLE_FILL_AREA ( #2845 ) ;
#4192 = LINE ( 'NONE', #2493, #4031 ) ;
#4193 = PRESENTATION_STYLE_ASSIGNMENT (( #3790 ) ) ;
#4194 =( GEOMETRIC_REPRESENTATION_CONTEXT ( 3 ) GLOBAL_UNCERTAINTY_ASSIGNED_CONTEXT ( ( #226 ) ) GLOBAL_UNIT_ASSIGNED_CONTEXT ( ( #1936, #4218, #2214 ) ) REPRESENTATION_CONTEXT ( 'NONE', 'WORKASPACE' ) );
#4195 =( NAMED_UNIT ( * ) SI_UNIT ( $, .STERADIAN. ) SOLID_ANGLE_UNIT ( ) );
#4196 = CARTESIAN_POINT ( 'NONE',  ( 0.4299999999999999933, -3.037499999999999645, 0.2500000000000000000 ) ) ;
#4197 = EDGE_CURVE ( 'NONE', #3636, #4037, #3075, .T. ) ;
#4198 = LINE ( 'NONE', #1448, #2785 ) ;
#4199 = CARTESIAN_POINT ( 'NONE',  ( -2.010000000000000231, -0.7500000000000000000, 0.2500000000000000000 ) ) ;
#4200 = EDGE_CURVE ( 'NONE', #3151, #933, #1825, .T. ) ;
#4201 = VECTOR ( 'NONE', #1459, 1000.000000000000000 ) ;
#4202 = CARTESIAN_POINT ( 'NONE',  ( -2.209999999999999964, 2.720000000000000195, 0.2500000000000000000 ) ) ;
#4203 = LINE ( 'NONE', #91, #2574 ) ;
#4204 = COLOUR_RGB ( '',1.000000000000000000, 1.000000000000000000, 1.000000000000000000 ) ;
#4205 = ORIENTED_EDGE ( 'NONE', *, *, #339, .F. ) ;
#4206 =( LENGTH_UNIT ( ) NAMED_UNIT ( * ) SI_UNIT ( .MILLI., .METRE. ) );
#4207 = VECTOR ( 'NONE', #853, 1000.000000000000000 ) ;
#4208 = VECTOR ( 'NONE', #152, 1000.000000000000000 ) ;
#4209 = FILL_AREA_STYLE_COLOUR ( '', #3826 ) ;
#4210 = DIRECTION ( 'NONE',  ( -1.000000000000000000, -1.704927877041489922E-46, -5.242156953451036307E-77 ) ) ;
#4211 = ADVANCED_BREP_SHAPE_REPRESENTATION ( '', ( #3711, #4078 ), #3737 ) ;
#4212 = CONTEXT_DEPENDENT_SHAPE_REPRESENTATION ( #3079, #3276 ) ;
#4213 = EDGE_CURVE ( 'NONE', #3701, #287, #473, .T. ) ;
#4214 = COLOUR_RGB ( '',1.000000000000000000, 1.000000000000000000, 1.000000000000000000 ) ;
#4215 = SURFACE_STYLE_FILL_AREA ( #221 ) ;
#4216 =( GEOMETRIC_REPRESENTATION_CONTEXT ( 3 ) GLOBAL_UNCERTAINTY_ASSIGNED_CONTEXT ( ( #4238 ) ) GLOBAL_UNIT_ASSIGNED_CONTEXT ( ( #1979, #1999, #317 ) ) REPRESENTATION_CONTEXT ( 'NONE', 'WORKASPACE' ) );
#4217 = AXIS2_PLACEMENT_3D ( 'NONE', #2512, #1143, #4134 ) ;
#4218 =( NAMED_UNIT ( * ) PLANE_ANGLE_UNIT ( ) SI_UNIT ( $, .RADIAN. ) );
#4219 = FACE_OUTER_BOUND ( 'NONE', #2967, .T. ) ;
#4220 = SURFACE_STYLE_USAGE ( .BOTH. , #1510 ) ;
#4221 = CARTESIAN_POINT ( 'NONE',  ( -2.289426582600968541, 2.839426582600941718, 0.9622992381412122098 ) ) ;
#4222 = CARTESIAN_POINT ( 'NONE',  ( -2.450000000000026823, -2.881507124169998324, 0.2500000000009352519 ) ) ;
#4223 = PRODUCT_DEFINITION_FORMATION_WITH_SPECIFIED_SOURCE ( 'ANY', '', #4327, .NOT_KNOWN. ) ;
#4224 = AXIS2_PLACEMENT_3D ( 'NONE', #964, #1607, #3662 ) ;
#4225 = ORIENTED_EDGE ( 'NONE', *, *, #2704, .T. ) ;
#4226 = DIRECTION ( 'NONE',  ( 1.000000000000000000, -1.224646799146999945E-16, 0.000000000000000000 ) ) ;
#4227 =( NAMED_UNIT ( * ) PLANE_ANGLE_UNIT ( ) SI_UNIT ( $, .RADIAN. ) );
#4228 = ORIENTED_EDGE ( 'NONE', *, *, #3216, .T. ) ;
#4229 = DIRECTION ( 'NONE',  ( 0.000000000000000000, 0.000000000000000000, 1.000000000000000000 ) ) ;
#4230 = SURFACE_SIDE_STYLE ('',( #804 ) ) ;
#4231 = EDGE_CURVE ( 'NONE', #1349, #975, #435, .T. ) ;
#4232 = ORIENTED_EDGE ( 'NONE', *, *, #2294, .T. ) ;
#4233 = STYLED_ITEM ( 'NONE', ( #950 ), #248 ) ;
#4234 = CARTESIAN_POINT ( 'NONE',  ( 2.109999999999999876, 3.037499999999999645, 0.000000000000000000 ) ) ;
#4235 = MECHANICAL_DESIGN_GEOMETRIC_PRESENTATION_REPRESENTATION (  '', ( #2125 ), #2050 ) ;
#4236 = VECTOR ( 'NONE', #4073, 1000.000000000000000 ) ;
#4237 = PLANE ( 'NONE',  #3071 ) ;
#4238 = UNCERTAINTY_MEASURE_WITH_UNIT (LENGTH_MEASURE( 1.000000000000000082E-05 ), #1979, 'distance_accuracy_value', 'NONE');
#4239 = DIRECTION ( 'NONE',  ( -0.3088554313789039774, 0.8574259888417340436, 0.4116175362718719755 ) ) ;
#4240 = CARTESIAN_POINT ( 'NONE',  ( 2.362293798238598086, 3.000000000000000000, 0.2500000000023138158 ) ) ;
#4241 = CARTESIAN_POINT ( 'NONE',  ( -2.500000000000000000, -0.3499999999999999778, 0.000000000000000000 ) ) ;
#4242 = ORIENTED_EDGE ( 'NONE', *, *, #300, .F. ) ;
#4243 = CARTESIAN_POINT ( 'NONE',  ( 0.000000000000000000, 0.000000000000000000, 1.000000000000000000 ) ) ;
#4244 = MECHANICAL_DESIGN_GEOMETRIC_PRESENTATION_REPRESENTATION (  '', ( #727 ), #4304 ) ;
#4245 = SURFACE_STYLE_USAGE ( .BOTH. , #1555 ) ;
#4246 = EDGE_CURVE ( 'NONE', #1453, #4079, #3104, .T. ) ;
#4247 = PRESENTATION_LAYER_ASSIGNMENT (  '', '', ( #1797 ) ) ;
#4248 =( GEOMETRIC_REPRESENTATION_CONTEXT ( 3 ) GLOBAL_UNCERTAINTY_ASSIGNED_CONTEXT ( ( #1021 ) ) GLOBAL_UNIT_ASSIGNED_CONTEXT ( ( #276, #4004, #2266 ) ) REPRESENTATION_CONTEXT ( 'NONE', 'WORKASPACE' ) );
#4249 = EDGE_CURVE ( 'NONE', #1441, #4259, #270, .T. ) ;
#4250 = DIRECTION ( 'NONE',  ( -3.146309990714999803E-16, 1.000000000000000000, -0.000000000000000000 ) ) ;
#4251 = PRESENTATION_STYLE_ASSIGNMENT (( #4284 ) ) ;
#4252 = PLANE ( 'NONE',  #2015 ) ;
#4253 =( GEOMETRIC_REPRESENTATION_CONTEXT ( 3 ) GLOBAL_UNCERTAINTY_ASSIGNED_CONTEXT ( ( #2375 ) ) GLOBAL_UNIT_ASSIGNED_CONTEXT ( ( #1644, #1925, #4298 ) ) REPRESENTATION_CONTEXT ( 'NONE', 'WORKASPACE' ) );
#4254 = VERTEX_POINT ( 'NONE', #3835 ) ;
#4255 = DIRECTION ( 'NONE',  ( 1.836676017325179954E-48, 1.000000000000000000, 1.499759782660990007E-32 ) ) ;
#4256 =( LENGTH_UNIT ( ) NAMED_UNIT ( * ) SI_UNIT ( .MILLI., .METRE. ) );
#4257 = CARTESIAN_POINT ( 'NONE',  ( -0.4299999999999999933, 3.037499999999999645, 0.000000000000000000 ) ) ;
#4258 = DIRECTION ( 'NONE',  ( 1.000000000000000000, 0.000000000000000000, -0.000000000000000000 ) ) ;
#4259 = VERTEX_POINT ( 'NONE', #1488 ) ;
#4260 =( NAMED_UNIT ( * ) PLANE_ANGLE_UNIT ( ) SI_UNIT ( $, .RADIAN. ) );
#4261 = PLANE ( 'NONE',  #1191 ) ;
#4262 = EDGE_CURVE ( 'NONE', #3411, #3628, #2816, .T. ) ;
#4263 = FACE_OUTER_BOUND ( 'NONE', #1972, .T. ) ;
#4264 = LINE ( 'NONE', #2205, #2798 ) ;
#4265 =( NAMED_UNIT ( * ) SI_UNIT ( $, .STERADIAN. ) SOLID_ANGLE_UNIT ( ) );
#4266 = CARTESIAN_POINT ( 'NONE',  ( 2.259190248118505995, -2.839426582600927063, 0.9849869404545499307 ) ) ;
#4267 = EDGE_CURVE ( 'NONE', #3302, #2152, #4348, .T. ) ;
#4268 = ORIENTED_EDGE ( 'NONE', *, *, #1822, .F. ) ;
#4269 =( NAMED_UNIT ( * ) PLANE_ANGLE_UNIT ( ) SI_UNIT ( $, .RADIAN. ) );
#4270 = SHAPE_REPRESENTATION_RELATIONSHIP ( 'NONE' , 'NONE' ,  #3380, #484 ) ;
#4271 = UNCERTAINTY_MEASURE_WITH_UNIT (LENGTH_MEASURE( 1.000000000000000082E-05 ), #742, 'distance_accuracy_value', 'NONE');
#4272 = CARTESIAN_POINT ( 'NONE',  ( 2.449999999999999289, -2.912293798238831943, 0.2500000000016541213 ) ) ;
#4273 =( NAMED_UNIT ( * ) SI_UNIT ( $, .STERADIAN. ) SOLID_ANGLE_UNIT ( ) );
#4274 = MECHANICAL_DESIGN_GEOMETRIC_PRESENTATION_REPRESENTATION (  '', ( #4349 ), #4216 ) ;
#4275 = VECTOR ( 'NONE', #791, 1000.000000000000000 ) ;
#4276 = VERTEX_POINT ( 'NONE', #4177 ) ;
#4277 = DIRECTION ( 'NONE',  ( -1.704927877041489922E-46, 1.000000000000000000, 3.074708921146619889E-31 ) ) ;
#4278 = CARTESIAN_POINT ( 'NONE',  ( 0.4299999999999999933, -2.402500000000000302, -1.074642175457462489E-77 ) ) ;
#4279 = AXIS2_PLACEMENT_3D ( 'NONE', #680, #29, #2991 ) ;
#4280 =( LENGTH_UNIT ( ) NAMED_UNIT ( * ) SI_UNIT ( .MILLI., .METRE. ) );
#4281 = UNCERTAINTY_MEASURE_WITH_UNIT (LENGTH_MEASURE( 1.000000000000000082E-05 ), #2706, 'distance_accuracy_value', 'NONE');
#4282 = EDGE_CURVE ( 'NONE', #2402, #2428, #87, .T. ) ;
#4283 = DIRECTION ( 'NONE',  ( 1.000000000000000000, 1.704927877041489922E-46, 5.242156953451036307E-77 ) ) ;
#4284 = SURFACE_STYLE_USAGE ( .BOTH. , #2608 ) ;
#4285 = FILL_AREA_STYLE_COLOUR ( '', #4204 ) ;
#4286 = ORIENTED_EDGE ( 'NONE', *, *, #180, .F. ) ;
#4287 = ADVANCED_FACE ( 'NONE', ( #3502 ), #1445, .T. ) ;
#4288 = CARTESIAN_POINT ( 'NONE',  ( -2.289426582600968541, 2.839426582600940385, 0.9622992381412123208 ) ) ;
#4289 = ORIENTED_EDGE ( 'NONE', *, *, #2421, .T. ) ;
#4290 = SURFACE_SIDE_STYLE ('',( #1590 ) ) ;
#4291 = ADVANCED_FACE ( 'NONE', ( #2494 ), #1469, .T. ) ;
#4292 = FILL_AREA_STYLE_COLOUR ( '', #326 ) ;
#4293 =( BOUNDED_CURVE ( )  B_SPLINE_CURVE ( 3, ( #3651, #3611, #2958, #3593 ),
 .UNSPECIFIED., .F., .F. ) 
 B_SPLINE_CURVE_WITH_KNOTS ( ( 4, 4 ),
 ( 0.02496359116355090918, 0.7676085733580546577 ),
 .UNSPECIFIED. ) 
 CURVE ( )  GEOMETRIC_REPRESENTATION_ITEM ( )  RATIONAL_B_SPLINE_CURVE ( ( 1.000000000000000000, 0.9545655314959693438, 0.9545655314959693438, 1.000000000000000000 ) ) 
 REPRESENTATION_ITEM ( '' )  );
#4294 = CARTESIAN_POINT ( 'NONE',  ( 2.338244197728631235, 2.830860696598537896, 0.9078258572008764959 ) ) ;
#4295 = STYLED_ITEM ( 'NONE', ( #456 ), #2915 ) ;
#4296 = ORIENTED_EDGE ( 'NONE', *, *, #2252, .T. ) ;
#4297 = EDGE_LOOP ( 'NONE', ( #1046, #1199, #1145, #1643 ) ) ;
#4298 =( NAMED_UNIT ( * ) SI_UNIT ( $, .STERADIAN. ) SOLID_ANGLE_UNIT ( ) );
#4299 = EDGE_CURVE ( 'NONE', #2438, #2780, #2234, .T. ) ;
#4300 = CARTESIAN_POINT ( 'NONE',  ( 2.500000000000000000, -0.3499999999999999778, -4.590954707603775096E-80 ) ) ;
#4301 = SURFACE_STYLE_USAGE ( .BOTH. , #2222 ) ;
#4302 = SURFACE_SIDE_STYLE ('',( #3386 ) ) ;
#4303 =( LENGTH_UNIT ( ) NAMED_UNIT ( * ) SI_UNIT ( .MILLI., .METRE. ) );
#4304 =( GEOMETRIC_REPRESENTATION_CONTEXT ( 3 ) GLOBAL_UNCERTAINTY_ASSIGNED_CONTEXT ( ( #1240 ) ) GLOBAL_UNIT_ASSIGNED_CONTEXT ( ( #3877, #862, #3944 ) ) REPRESENTATION_CONTEXT ( 'NONE', 'WORKASPACE' ) );
#4305 = DIRECTION ( 'NONE',  ( 0.000000000000000000, -1.000000000000000000, -0.000000000000000000 ) ) ;
#4306 =( LENGTH_UNIT ( ) NAMED_UNIT ( * ) SI_UNIT ( .MILLI., .METRE. ) );
#4307 =( GEOMETRIC_REPRESENTATION_CONTEXT ( 3 ) GLOBAL_UNCERTAINTY_ASSIGNED_CONTEXT ( ( #3712 ) ) GLOBAL_UNIT_ASSIGNED_CONTEXT ( ( #3413, #1105, #1054 ) ) REPRESENTATION_CONTEXT ( 'NONE', 'WORKASPACE' ) );
#4308 =( LENGTH_UNIT ( ) NAMED_UNIT ( * ) SI_UNIT ( .MILLI., .METRE. ) );
#4309 = UNCERTAINTY_MEASURE_WITH_UNIT (LENGTH_MEASURE( 1.000000000000000082E-05 ), #3021, 'distance_accuracy_value', 'NONE');
#4310 = VERTEX_POINT ( 'NONE', #1566 ) ;
#4311 = CARTESIAN_POINT ( 'NONE',  ( -2.289426582600968985, 2.839426582600940385, 0.9622992381412115437 ) ) ;
#4312 = PRESENTATION_LAYER_ASSIGNMENT (  '', '', ( #1861 ) ) ;
#4313 = STYLED_ITEM ( 'NONE', ( #2848 ), #1482 ) ;
#4314 =( LENGTH_UNIT ( ) NAMED_UNIT ( * ) SI_UNIT ( .MILLI., .METRE. ) );
#4315 = CARTESIAN_POINT ( 'NONE',  ( 2.293928830239687411, -2.953886371168897629, 0.8487659199889375783 ) ) ;
#4316 =( NAMED_UNIT ( * ) SI_UNIT ( $, .STERADIAN. ) SOLID_ANGLE_UNIT ( ) );
#4317 = CARTESIAN_POINT ( 'NONE',  ( -2.450000000000000178, -2.994863560060783580, 0.05000000000000005135 ) ) ;
#4318 = ORIENTED_EDGE ( 'NONE', *, *, #2193, .F. ) ;
#4319 = ORIENTED_EDGE ( 'NONE', *, *, #2229, .F. ) ;
#4320 = DIRECTION ( 'NONE',  ( -1.704927877041489922E-46, 1.000000000000000000, 3.074708921146619889E-31 ) ) ;
#4321 = FILL_AREA_STYLE_COLOUR ( '', #1086 ) ;
#4322 = CARTESIAN_POINT ( 'NONE',  ( 1.699999999999999956, -2.720000000000000195, 0.2500000000000000000 ) ) ;
#4323 = EDGE_CURVE ( 'NONE', #2780, #2020, #2454, .T. ) ;
#4324 = EDGE_CURVE ( 'NONE', #73, #1372, #1546, .T. ) ;
#4325 = PRESENTATION_STYLE_ASSIGNMENT (( #3955 ) ) ;
#4326 = CARTESIAN_POINT ( 'NONE',  ( 2.310000000000000053, -0.3499999999999999778, -3.312373821536122925E-80 ) ) ;
#4327 = PRODUCT ( 'Open CASCADE STEP translator 6.8 1', 'Open CASCADE STEP translator 6.8 1', '', ( #2829 ) ) ;
#4328 = UNCERTAINTY_MEASURE_WITH_UNIT (LENGTH_MEASURE( 1.000000000000000082E-05 ), #3143, 'distance_accuracy_value', 'NONE');
#4329 = FILL_AREA_STYLE_COLOUR ( '', #301 ) ;
#4330 = VECTOR ( 'NONE', #3979, 1000.000000000000114 ) ;
#4331 = CARTESIAN_POINT ( 'NONE',  ( -2.282540762599497786, -2.774602279918359837, 1.016106617380611921 ) ) ;
#4332 =( NAMED_UNIT ( * ) SI_UNIT ( $, .STERADIAN. ) SOLID_ANGLE_UNIT ( ) );
#4333 = STYLED_ITEM ( 'NONE', ( #3114 ), #3349 ) ;
#4334 = EDGE_LOOP ( 'NONE', ( #3900, #223, #788, #2617 ) ) ;
#4335 = CARTESIAN_POINT ( 'NONE',  ( 1.224999999999999867, 2.896166582378651100, 0.8989588601329443485 ) ) ;
#4336 = FACE_OUTER_BOUND ( 'NONE', #2522, .T. ) ;
#4337 = EDGE_CURVE ( 'NONE', #2324, #2484, #863, .T. ) ;
#4338 = CARTESIAN_POINT ( 'NONE',  ( 0.000000000000000000, 0.000000000000000000, 0.000000000000000000 ) ) ;
#4339 = PRESENTATION_LAYER_ASSIGNMENT (  '', '', ( #1823 ) ) ;
#4340 =( NAMED_UNIT ( * ) PLANE_ANGLE_UNIT ( ) SI_UNIT ( $, .RADIAN. ) );
#4341 = CARTESIAN_POINT ( 'NONE',  ( 2.449999999999999734, 3.000000000000000000, 0.2500000000000000000 ) ) ;
#4342 = ORIENTED_EDGE ( 'NONE', *, *, #3766, .F. ) ;
#4343 = VERTEX_POINT ( 'NONE', #3262 ) ;
#4344 = CARTESIAN_POINT ( 'NONE',  ( -2.109999999999999876, -3.037499999999999645, 0.000000000000000000 ) ) ;
#4345 = CARTESIAN_POINT ( 'NONE',  ( -2.209999999999999964, 2.560000000000000053, 0.000000000000000000 ) ) ;
#4346 = CARTESIAN_POINT ( 'NONE',  ( 0.4299999999999999933, -2.720000000000000195, 0.000000000000000000 ) ) ;
#4347 = CARTESIAN_POINT ( 'NONE',  ( -0.4300000000000001044, 2.560000000000000053, -1.071634890523511973E-83 ) ) ;
#4348 = CIRCLE ( 'NONE', #2943, 0.1200000000000001343 ) ;
#4349 = STYLED_ITEM ( 'NONE', ( #1657 ), #571 ) ;
#4350 = STYLED_ITEM ( 'NONE', ( #2487 ), #1740 ) ;
#4351 = PLANE ( 'NONE',  #3212 ) ;
#4352 = NEXT_ASSEMBLY_USAGE_OCCURRENCE ( 'NAUO1', ' ', ' ', #2032, #3744, $ ) ;
#4353 = NEXT_ASSEMBLY_USAGE_OCCURRENCE ( 'NAUO2', ' ', ' ', #2032, #206, $ ) ;
#4354 = NEXT_ASSEMBLY_USAGE_OCCURRENCE ( 'NAUO3', ' ', ' ', #2032, #2343, $ ) ;
#4355 = NEXT_ASSEMBLY_USAGE_OCCURRENCE ( 'NAUO4', ' ', ' ', #2032, #2996, $ ) ;
#4356 = NEXT_ASSEMBLY_USAGE_OCCURRENCE ( 'NAUO5', ' ', ' ', #2032, #927, $ ) ;
#4357 = NEXT_ASSEMBLY_USAGE_OCCURRENCE ( 'NAUO6', ' ', ' ', #2032, #17, $ ) ;
ENDSEC;
END-ISO-10303-21;
