ISO-10303-21;
HEADER;
/* Generated by software containing ST-Developer
 * from STEP Tools, Inc. (www.steptools.com) 
 */

FILE_DESCRIPTION(
/* description */ (''),
/* implementation_level */ '2;1');

FILE_NAME(
/* name */ 'C:\\Users\\k\\Desktop\\On Semi FTCO3V85A1\\1.stp',
/* time_stamp */ '2022-04-22T17:19:07+02:00',
/* author */ ('k'),
/* organization */ (''),
/* preprocessor_version */ 'ST-DEVELOPER v15.6',
/* originating_system */ 'Autodesk Inventor 2015',
/* authorisation */ '');

FILE_SCHEMA (('AUTOMOTIVE_DESIGN { 1 0 10303 214 3 1 1 }'));
ENDSEC;

DATA;
#10=MECHANICAL_DESIGN_GEOMETRIC_PRESENTATION_REPRESENTATION('',(#335,#340,
#331,#334,#332,#330,#328,#323,#324,#336,#338,#339,#337,#341,#326,#325,#327,
#333,#329,#342,#343,#348,#351,#350,#344,#345,#346,#349,#347),#20173);
#11=ITEM_DEFINED_TRANSFORMATION($,$,#11984,#12769);
#12=ITEM_DEFINED_TRANSFORMATION($,$,#12508,#12770);
#13=ITEM_DEFINED_TRANSFORMATION($,$,#12515,#12771);
#14=ITEM_DEFINED_TRANSFORMATION($,$,#12737,#12772);
#15=(
REPRESENTATION_RELATIONSHIP($,$,#20194,#20198)
REPRESENTATION_RELATIONSHIP_WITH_TRANSFORMATION(#11)
SHAPE_REPRESENTATION_RELATIONSHIP()
);
#16=(
REPRESENTATION_RELATIONSHIP($,$,#20195,#20198)
REPRESENTATION_RELATIONSHIP_WITH_TRANSFORMATION(#12)
SHAPE_REPRESENTATION_RELATIONSHIP()
);
#17=(
REPRESENTATION_RELATIONSHIP($,$,#20196,#20198)
REPRESENTATION_RELATIONSHIP_WITH_TRANSFORMATION(#13)
SHAPE_REPRESENTATION_RELATIONSHIP()
);
#18=(
REPRESENTATION_RELATIONSHIP($,$,#20197,#20198)
REPRESENTATION_RELATIONSHIP_WITH_TRANSFORMATION(#14)
SHAPE_REPRESENTATION_RELATIONSHIP()
);
#19=CONTEXT_DEPENDENT_SHAPE_REPRESENTATION(#15,#20190);
#20=CONTEXT_DEPENDENT_SHAPE_REPRESENTATION(#16,#20191);
#21=CONTEXT_DEPENDENT_SHAPE_REPRESENTATION(#17,#20192);
#22=CONTEXT_DEPENDENT_SHAPE_REPRESENTATION(#18,#20193);
#23=NEXT_ASSEMBLY_USAGE_OCCURRENCE('1:1',$,$,#20204,#20200,$);
#24=NEXT_ASSEMBLY_USAGE_OCCURRENCE('2:1',$,$,#20204,#20201,$);
#25=NEXT_ASSEMBLY_USAGE_OCCURRENCE('3:1',$,$,#20204,#20202,$);
#26=NEXT_ASSEMBLY_USAGE_OCCURRENCE('ONsemi Updated Logo:1',$,$,#20204,#20203,
$);
#27=B_SPLINE_CURVE_WITH_KNOTS('',3,(#18636,#18637,#18638,#18639),
 .UNSPECIFIED.,.F.,.F.,(4,4),(-1.,-0.5),.UNSPECIFIED.);
#28=B_SPLINE_CURVE_WITH_KNOTS('',3,(#18643,#18644,#18645,#18646),
 .UNSPECIFIED.,.F.,.F.,(4,4),(0.5,1.),.UNSPECIFIED.);
#29=B_SPLINE_CURVE_WITH_KNOTS('',3,(#18657,#18658,#18659,#18660),
 .UNSPECIFIED.,.F.,.F.,(4,4),(-0.25,0.),.UNSPECIFIED.);
#30=B_SPLINE_CURVE_WITH_KNOTS('',3,(#18663,#18664,#18665,#18666),
 .UNSPECIFIED.,.F.,.F.,(4,4),(0.,0.25),.UNSPECIFIED.);
#31=B_SPLINE_CURVE_WITH_KNOTS('',3,(#18675,#18676,#18677,#18678),
 .UNSPECIFIED.,.F.,.F.,(4,4),(-0.5,-0.25),.UNSPECIFIED.);
#32=B_SPLINE_CURVE_WITH_KNOTS('',3,(#18679,#18680,#18681,#18682),
 .UNSPECIFIED.,.F.,.F.,(4,4),(0.25,0.5),.UNSPECIFIED.);
#33=B_SPLINE_CURVE_WITH_KNOTS('',3,(#18693,#18694,#18695,#18696),
 .UNSPECIFIED.,.F.,.F.,(4,4),(-0.4,-0.2),.UNSPECIFIED.);
#34=B_SPLINE_CURVE_WITH_KNOTS('',3,(#18700,#18701,#18702,#18703),
 .UNSPECIFIED.,.F.,.F.,(4,4),(0.2,0.4),.UNSPECIFIED.);
#35=B_SPLINE_CURVE_WITH_KNOTS('',3,(#18714,#18715,#18716,#18717),
 .UNSPECIFIED.,.F.,.F.,(4,4),(-0.2,0.),.UNSPECIFIED.);
#36=B_SPLINE_CURVE_WITH_KNOTS('',3,(#18719,#18720,#18721,#18722),
 .UNSPECIFIED.,.F.,.F.,(4,4),(0.,0.2),.UNSPECIFIED.);
#37=B_SPLINE_CURVE_WITH_KNOTS('',3,(#18733,#18734,#18735,#18736),
 .UNSPECIFIED.,.F.,.F.,(4,4),(-1.,-0.6),.UNSPECIFIED.);
#38=B_SPLINE_CURVE_WITH_KNOTS('',3,(#18738,#18739,#18740,#18741),
 .UNSPECIFIED.,.F.,.F.,(4,4),(0.6,1.),.UNSPECIFIED.);
#39=B_SPLINE_CURVE_WITH_KNOTS('',3,(#18751,#18752,#18753,#18754),
 .UNSPECIFIED.,.F.,.F.,(4,4),(-0.6,-0.4),.UNSPECIFIED.);
#40=B_SPLINE_CURVE_WITH_KNOTS('',3,(#18755,#18756,#18757,#18758),
 .UNSPECIFIED.,.F.,.F.,(4,4),(0.4,0.6),.UNSPECIFIED.);
#41=B_SPLINE_CURVE_WITH_KNOTS('',3,(#18771,#18772,#18773,#18774),
 .UNSPECIFIED.,.F.,.F.,(4,4),(-1.,-0.666666666666667),.UNSPECIFIED.);
#42=B_SPLINE_CURVE_WITH_KNOTS('',3,(#18778,#18779,#18780,#18781),
 .UNSPECIFIED.,.F.,.F.,(4,4),(0.666666666666667,1.),.UNSPECIFIED.);
#43=B_SPLINE_CURVE_WITH_KNOTS('',3,(#18792,#18793,#18794,#18795),
 .UNSPECIFIED.,.F.,.F.,(4,4),(-0.166666666666667,0.),.UNSPECIFIED.);
#44=B_SPLINE_CURVE_WITH_KNOTS('',3,(#18798,#18799,#18800,#18801),
 .UNSPECIFIED.,.F.,.F.,(4,4),(0.,0.166666666666667),.UNSPECIFIED.);
#45=B_SPLINE_CURVE_WITH_KNOTS('',3,(#18811,#18812,#18813,#18814),
 .UNSPECIFIED.,.F.,.F.,(4,4),(-0.333333333333333,-0.166666666666667),
 .UNSPECIFIED.);
#46=B_SPLINE_CURVE_WITH_KNOTS('',3,(#18817,#18818,#18819,#18820),
 .UNSPECIFIED.,.F.,.F.,(4,4),(0.166666666666667,0.333333333333333),
 .UNSPECIFIED.);
#47=B_SPLINE_CURVE_WITH_KNOTS('',3,(#18835,#18836,#18837,#18838),
 .UNSPECIFIED.,.F.,.F.,(4,4),(-0.666666666666667,-0.5),.UNSPECIFIED.);
#48=B_SPLINE_CURVE_WITH_KNOTS('',3,(#18839,#18840,#18841,#18842),
 .UNSPECIFIED.,.F.,.F.,(4,4),(0.5,0.666666666666667),.UNSPECIFIED.);
#49=B_SPLINE_CURVE_WITH_KNOTS('',3,(#18853,#18854,#18855,#18856),
 .UNSPECIFIED.,.F.,.F.,(4,4),(-0.636363636363636,-0.545454545454545),
 .UNSPECIFIED.);
#50=B_SPLINE_CURVE_WITH_KNOTS('',3,(#18860,#18861,#18862,#18863),
 .UNSPECIFIED.,.F.,.F.,(4,4),(-0.636363636363636,-0.545454545454545),
 .UNSPECIFIED.);
#51=B_SPLINE_CURVE_WITH_KNOTS('',3,(#18874,#18875,#18876,#18877),
 .UNSPECIFIED.,.F.,.F.,(4,4),(-0.545454545454545,-0.454545454545454),
 .UNSPECIFIED.);
#52=B_SPLINE_CURVE_WITH_KNOTS('',3,(#18879,#18880,#18881,#18882),
 .UNSPECIFIED.,.F.,.F.,(4,4),(-0.545454545454545,-0.454545454545454),
 .UNSPECIFIED.);
#53=B_SPLINE_CURVE_WITH_KNOTS('',3,(#18893,#18894,#18895,#18896),
 .UNSPECIFIED.,.F.,.F.,(4,4),(-0.454545454545455,-0.363636363636364),
 .UNSPECIFIED.);
#54=B_SPLINE_CURVE_WITH_KNOTS('',3,(#18898,#18899,#18900,#18901),
 .UNSPECIFIED.,.F.,.F.,(4,4),(-0.454545454545455,-0.363636363636364),
 .UNSPECIFIED.);
#55=B_SPLINE_CURVE_WITH_KNOTS('',3,(#18918,#18919,#18920,#18921),
 .UNSPECIFIED.,.F.,.F.,(4,4),(-0.272727272727273,-0.181818181818182),
 .UNSPECIFIED.);
#56=B_SPLINE_CURVE_WITH_KNOTS('',3,(#18923,#18924,#18925,#18926),
 .UNSPECIFIED.,.F.,.F.,(4,4),(-0.272727272727273,-0.181818181818182),
 .UNSPECIFIED.);
#57=B_SPLINE_CURVE_WITH_KNOTS('',3,(#18937,#18938,#18939,#18940),
 .UNSPECIFIED.,.F.,.F.,(4,4),(-0.181818181818182,-0.0909090909090909),
 .UNSPECIFIED.);
#58=B_SPLINE_CURVE_WITH_KNOTS('',3,(#18942,#18943,#18944,#18945),
 .UNSPECIFIED.,.F.,.F.,(4,4),(-0.181818181818182,-0.0909090909090909),
 .UNSPECIFIED.);
#59=B_SPLINE_CURVE_WITH_KNOTS('',3,(#18956,#18957,#18958,#18959),
 .UNSPECIFIED.,.F.,.F.,(4,4),(-0.0909090909090909,0.),.UNSPECIFIED.);
#60=B_SPLINE_CURVE_WITH_KNOTS('',3,(#18961,#18962,#18963,#18964),
 .UNSPECIFIED.,.F.,.F.,(4,4),(-0.0909090909090909,0.),.UNSPECIFIED.);
#61=B_SPLINE_CURVE_WITH_KNOTS('',3,(#18975,#18976,#18977,#18978),
 .UNSPECIFIED.,.F.,.F.,(4,4),(-1.,-0.818181818181818),.UNSPECIFIED.);
#62=B_SPLINE_CURVE_WITH_KNOTS('',3,(#18980,#18981,#18982,#18983),
 .UNSPECIFIED.,.F.,.F.,(4,4),(-1.,-0.818181818181818),.UNSPECIFIED.);
#63=B_SPLINE_CURVE_WITH_KNOTS('',3,(#18994,#18995,#18996,#18997),
 .UNSPECIFIED.,.F.,.F.,(4,4),(-0.818181818181818,-0.727272727272727),
 .UNSPECIFIED.);
#64=B_SPLINE_CURVE_WITH_KNOTS('',3,(#18999,#19000,#19001,#19002),
 .UNSPECIFIED.,.F.,.F.,(4,4),(-0.818181818181818,-0.727272727272727),
 .UNSPECIFIED.);
#65=B_SPLINE_CURVE_WITH_KNOTS('',3,(#19012,#19013,#19014,#19015),
 .UNSPECIFIED.,.F.,.F.,(4,4),(-0.727272727272727,-0.636363636363636),
 .UNSPECIFIED.);
#66=B_SPLINE_CURVE_WITH_KNOTS('',3,(#19016,#19017,#19018,#19019),
 .UNSPECIFIED.,.F.,.F.,(4,4),(-0.727272727272727,-0.636363636363636),
 .UNSPECIFIED.);
#67=B_SPLINE_CURVE_WITH_KNOTS('',3,(#19032,#19033,#19034,#19035),
 .UNSPECIFIED.,.F.,.F.,(4,4),(-1.,-0.882352941176471),.UNSPECIFIED.);
#68=B_SPLINE_CURVE_WITH_KNOTS('',3,(#19039,#19040,#19041,#19042),
 .UNSPECIFIED.,.F.,.F.,(4,4),(-1.,-0.882352941176471),.UNSPECIFIED.);
#69=B_SPLINE_CURVE_WITH_KNOTS('',3,(#19053,#19054,#19055,#19056),
 .UNSPECIFIED.,.F.,.F.,(4,4),(-0.882352941176471,-0.823529411764706),
 .UNSPECIFIED.);
#70=B_SPLINE_CURVE_WITH_KNOTS('',3,(#19058,#19059,#19060,#19061),
 .UNSPECIFIED.,.F.,.F.,(4,4),(-0.882352941176471,-0.823529411764706),
 .UNSPECIFIED.);
#71=B_SPLINE_CURVE_WITH_KNOTS('',3,(#19072,#19073,#19074,#19075),
 .UNSPECIFIED.,.F.,.F.,(4,4),(-0.823529411764706,-0.764705882352941),
 .UNSPECIFIED.);
#72=B_SPLINE_CURVE_WITH_KNOTS('',3,(#19077,#19078,#19079,#19080),
 .UNSPECIFIED.,.F.,.F.,(4,4),(-0.823529411764706,-0.764705882352941),
 .UNSPECIFIED.);
#73=B_SPLINE_CURVE_WITH_KNOTS('',3,(#19091,#19092,#19093,#19094),
 .UNSPECIFIED.,.F.,.F.,(4,4),(-0.764705882352941,-0.705882352941177),
 .UNSPECIFIED.);
#74=B_SPLINE_CURVE_WITH_KNOTS('',3,(#19096,#19097,#19098,#19099),
 .UNSPECIFIED.,.F.,.F.,(4,4),(-0.764705882352941,-0.705882352941177),
 .UNSPECIFIED.);
#75=B_SPLINE_CURVE_WITH_KNOTS('',3,(#19110,#19111,#19112,#19113),
 .UNSPECIFIED.,.F.,.F.,(4,4),(-0.705882352941177,-0.647058823529412),
 .UNSPECIFIED.);
#76=B_SPLINE_CURVE_WITH_KNOTS('',3,(#19115,#19116,#19117,#19118),
 .UNSPECIFIED.,.F.,.F.,(4,4),(-0.705882352941177,-0.647058823529412),
 .UNSPECIFIED.);
#77=B_SPLINE_CURVE_WITH_KNOTS('',3,(#19129,#19130,#19131,#19132),
 .UNSPECIFIED.,.F.,.F.,(4,4),(-0.647058823529412,-0.588235294117647),
 .UNSPECIFIED.);
#78=B_SPLINE_CURVE_WITH_KNOTS('',3,(#19134,#19135,#19136,#19137),
 .UNSPECIFIED.,.F.,.F.,(4,4),(-0.647058823529412,-0.588235294117647),
 .UNSPECIFIED.);
#79=B_SPLINE_CURVE_WITH_KNOTS('',3,(#19148,#19149,#19150,#19151),
 .UNSPECIFIED.,.F.,.F.,(4,4),(-0.588235294117647,-0.529411764705882),
 .UNSPECIFIED.);
#80=B_SPLINE_CURVE_WITH_KNOTS('',3,(#19153,#19154,#19155,#19156),
 .UNSPECIFIED.,.F.,.F.,(4,4),(-0.588235294117647,-0.529411764705882),
 .UNSPECIFIED.);
#81=B_SPLINE_CURVE_WITH_KNOTS('',3,(#19167,#19168,#19169,#19170),
 .UNSPECIFIED.,.F.,.F.,(4,4),(-0.529411764705882,-0.470588235294118),
 .UNSPECIFIED.);
#82=B_SPLINE_CURVE_WITH_KNOTS('',3,(#19172,#19173,#19174,#19175),
 .UNSPECIFIED.,.F.,.F.,(4,4),(-0.529411764705882,-0.470588235294118),
 .UNSPECIFIED.);
#83=B_SPLINE_CURVE_WITH_KNOTS('',3,(#19186,#19187,#19188,#19189),
 .UNSPECIFIED.,.F.,.F.,(4,4),(-0.470588235294118,-0.411764705882353),
 .UNSPECIFIED.);
#84=B_SPLINE_CURVE_WITH_KNOTS('',3,(#19191,#19192,#19193,#19194),
 .UNSPECIFIED.,.F.,.F.,(4,4),(-0.470588235294118,-0.411764705882353),
 .UNSPECIFIED.);
#85=B_SPLINE_CURVE_WITH_KNOTS('',3,(#19205,#19206,#19207,#19208),
 .UNSPECIFIED.,.F.,.F.,(4,4),(-0.411764705882353,-0.352941176470588),
 .UNSPECIFIED.);
#86=B_SPLINE_CURVE_WITH_KNOTS('',3,(#19210,#19211,#19212,#19213),
 .UNSPECIFIED.,.F.,.F.,(4,4),(-0.411764705882353,-0.352941176470588),
 .UNSPECIFIED.);
#87=B_SPLINE_CURVE_WITH_KNOTS('',3,(#19224,#19225,#19226,#19227),
 .UNSPECIFIED.,.F.,.F.,(4,4),(-0.352941176470588,-0.294117647058823),
 .UNSPECIFIED.);
#88=B_SPLINE_CURVE_WITH_KNOTS('',3,(#19229,#19230,#19231,#19232),
 .UNSPECIFIED.,.F.,.F.,(4,4),(-0.352941176470588,-0.294117647058823),
 .UNSPECIFIED.);
#89=B_SPLINE_CURVE_WITH_KNOTS('',3,(#19243,#19244,#19245,#19246),
 .UNSPECIFIED.,.F.,.F.,(4,4),(-0.294117647058823,-0.235294117647059),
 .UNSPECIFIED.);
#90=B_SPLINE_CURVE_WITH_KNOTS('',3,(#19248,#19249,#19250,#19251),
 .UNSPECIFIED.,.F.,.F.,(4,4),(-0.294117647058823,-0.235294117647059),
 .UNSPECIFIED.);
#91=B_SPLINE_CURVE_WITH_KNOTS('',3,(#19262,#19263,#19264,#19265),
 .UNSPECIFIED.,.F.,.F.,(4,4),(-0.235294117647059,-0.176470588235294),
 .UNSPECIFIED.);
#92=B_SPLINE_CURVE_WITH_KNOTS('',3,(#19267,#19268,#19269,#19270),
 .UNSPECIFIED.,.F.,.F.,(4,4),(-0.235294117647059,-0.176470588235294),
 .UNSPECIFIED.);
#93=B_SPLINE_CURVE_WITH_KNOTS('',3,(#19281,#19282,#19283,#19284),
 .UNSPECIFIED.,.F.,.F.,(4,4),(-0.176470588235294,-0.117647058823529),
 .UNSPECIFIED.);
#94=B_SPLINE_CURVE_WITH_KNOTS('',3,(#19286,#19287,#19288,#19289),
 .UNSPECIFIED.,.F.,.F.,(4,4),(-0.176470588235294,-0.117647058823529),
 .UNSPECIFIED.);
#95=B_SPLINE_CURVE_WITH_KNOTS('',3,(#19300,#19301,#19302,#19303),
 .UNSPECIFIED.,.F.,.F.,(4,4),(-0.117647058823529,-0.0588235294117647),
 .UNSPECIFIED.);
#96=B_SPLINE_CURVE_WITH_KNOTS('',3,(#19305,#19306,#19307,#19308),
 .UNSPECIFIED.,.F.,.F.,(4,4),(-0.117647058823529,-0.0588235294117647),
 .UNSPECIFIED.);
#97=B_SPLINE_CURVE_WITH_KNOTS('',3,(#19318,#19319,#19320,#19321),
 .UNSPECIFIED.,.F.,.F.,(4,4),(-0.0588235294117647,0.),.UNSPECIFIED.);
#98=B_SPLINE_CURVE_WITH_KNOTS('',3,(#19322,#19323,#19324,#19325),
 .UNSPECIFIED.,.F.,.F.,(4,4),(-0.0588235294117647,0.),.UNSPECIFIED.);
#99=B_SPLINE_CURVE_WITH_KNOTS('',3,(#19338,#19339,#19340,#19341),
 .UNSPECIFIED.,.F.,.F.,(4,4),(-1.,-0.5),.UNSPECIFIED.);
#100=B_SPLINE_CURVE_WITH_KNOTS('',3,(#19345,#19346,#19347,#19348),
 .UNSPECIFIED.,.F.,.F.,(4,4),(-1.,-0.5),.UNSPECIFIED.);
#101=B_SPLINE_CURVE_WITH_KNOTS('',3,(#19359,#19360,#19361,#19362),
 .UNSPECIFIED.,.F.,.F.,(4,4),(-0.5,-0.25),.UNSPECIFIED.);
#102=B_SPLINE_CURVE_WITH_KNOTS('',3,(#19364,#19365,#19366,#19367),
 .UNSPECIFIED.,.F.,.F.,(4,4),(-0.5,-0.25),.UNSPECIFIED.);
#103=B_SPLINE_CURVE_WITH_KNOTS('',3,(#19377,#19378,#19379,#19380),
 .UNSPECIFIED.,.F.,.F.,(4,4),(-0.25,0.),.UNSPECIFIED.);
#104=B_SPLINE_CURVE_WITH_KNOTS('',3,(#19381,#19382,#19383,#19384),
 .UNSPECIFIED.,.F.,.F.,(4,4),(-0.25,0.),.UNSPECIFIED.);
#105=B_SPLINE_CURVE_WITH_KNOTS('',3,(#19397,#19398,#19399,#19400),
 .UNSPECIFIED.,.F.,.F.,(4,4),(-1.,-0.714285714285714),.UNSPECIFIED.);
#106=B_SPLINE_CURVE_WITH_KNOTS('',3,(#19404,#19405,#19406,#19407),
 .UNSPECIFIED.,.F.,.F.,(4,4),(-1.,-0.714285714285714),.UNSPECIFIED.);
#107=B_SPLINE_CURVE_WITH_KNOTS('',3,(#19424,#19425,#19426,#19427),
 .UNSPECIFIED.,.F.,.F.,(4,4),(-0.571428571428571,-0.428571428571428),
 .UNSPECIFIED.);
#108=B_SPLINE_CURVE_WITH_KNOTS('',3,(#19429,#19430,#19431,#19432),
 .UNSPECIFIED.,.F.,.F.,(4,4),(-0.571428571428571,-0.428571428571428),
 .UNSPECIFIED.);
#109=B_SPLINE_CURVE_WITH_KNOTS('',3,(#19443,#19444,#19445,#19446),
 .UNSPECIFIED.,.F.,.F.,(4,4),(-0.428571428571428,-0.285714285714286),
 .UNSPECIFIED.);
#110=B_SPLINE_CURVE_WITH_KNOTS('',3,(#19448,#19449,#19450,#19451),
 .UNSPECIFIED.,.F.,.F.,(4,4),(-0.428571428571428,-0.285714285714286),
 .UNSPECIFIED.);
#111=B_SPLINE_CURVE_WITH_KNOTS('',3,(#19467,#19468,#19469,#19470),
 .UNSPECIFIED.,.F.,.F.,(4,4),(-0.142857142857143,0.),.UNSPECIFIED.);
#112=B_SPLINE_CURVE_WITH_KNOTS('',3,(#19471,#19472,#19473,#19474),
 .UNSPECIFIED.,.F.,.F.,(4,4),(-0.142857142857143,0.),.UNSPECIFIED.);
#113=B_SPLINE_CURVE_WITH_KNOTS('',3,(#19487,#19488,#19489,#19490),
 .UNSPECIFIED.,.F.,.F.,(4,4),(-0.8125,-0.75),.UNSPECIFIED.);
#114=B_SPLINE_CURVE_WITH_KNOTS('',3,(#19494,#19495,#19496,#19497),
 .UNSPECIFIED.,.F.,.F.,(4,4),(-0.8125,-0.75),.UNSPECIFIED.);
#115=B_SPLINE_CURVE_WITH_KNOTS('',3,(#19508,#19509,#19510,#19511),
 .UNSPECIFIED.,.F.,.F.,(4,4),(-0.75,-0.6875),.UNSPECIFIED.);
#116=B_SPLINE_CURVE_WITH_KNOTS('',3,(#19513,#19514,#19515,#19516),
 .UNSPECIFIED.,.F.,.F.,(4,4),(-0.75,-0.6875),.UNSPECIFIED.);
#117=B_SPLINE_CURVE_WITH_KNOTS('',3,(#19527,#19528,#19529,#19530),
 .UNSPECIFIED.,.F.,.F.,(4,4),(-0.6875,-0.625),.UNSPECIFIED.);
#118=B_SPLINE_CURVE_WITH_KNOTS('',3,(#19532,#19533,#19534,#19535),
 .UNSPECIFIED.,.F.,.F.,(4,4),(-0.6875,-0.625),.UNSPECIFIED.);
#119=B_SPLINE_CURVE_WITH_KNOTS('',3,(#19546,#19547,#19548,#19549),
 .UNSPECIFIED.,.F.,.F.,(4,4),(-0.625,-0.5625),.UNSPECIFIED.);
#120=B_SPLINE_CURVE_WITH_KNOTS('',3,(#19551,#19552,#19553,#19554),
 .UNSPECIFIED.,.F.,.F.,(4,4),(-0.625,-0.5625),.UNSPECIFIED.);
#121=B_SPLINE_CURVE_WITH_KNOTS('',3,(#19565,#19566,#19567,#19568),
 .UNSPECIFIED.,.F.,.F.,(4,4),(-0.5625,-0.5),.UNSPECIFIED.);
#122=B_SPLINE_CURVE_WITH_KNOTS('',3,(#19570,#19571,#19572,#19573),
 .UNSPECIFIED.,.F.,.F.,(4,4),(-0.5625,-0.5),.UNSPECIFIED.);
#123=B_SPLINE_CURVE_WITH_KNOTS('',3,(#19584,#19585,#19586,#19587),
 .UNSPECIFIED.,.F.,.F.,(4,4),(-0.5,-0.4375),.UNSPECIFIED.);
#124=B_SPLINE_CURVE_WITH_KNOTS('',3,(#19589,#19590,#19591,#19592),
 .UNSPECIFIED.,.F.,.F.,(4,4),(-0.5,-0.4375),.UNSPECIFIED.);
#125=B_SPLINE_CURVE_WITH_KNOTS('',3,(#19609,#19610,#19611,#19612),
 .UNSPECIFIED.,.F.,.F.,(4,4),(-0.375,-0.3125),.UNSPECIFIED.);
#126=B_SPLINE_CURVE_WITH_KNOTS('',3,(#19614,#19615,#19616,#19617),
 .UNSPECIFIED.,.F.,.F.,(4,4),(-0.375,-0.3125),.UNSPECIFIED.);
#127=B_SPLINE_CURVE_WITH_KNOTS('',3,(#19628,#19629,#19630,#19631),
 .UNSPECIFIED.,.F.,.F.,(4,4),(-0.3125,-0.25),.UNSPECIFIED.);
#128=B_SPLINE_CURVE_WITH_KNOTS('',3,(#19633,#19634,#19635,#19636),
 .UNSPECIFIED.,.F.,.F.,(4,4),(-0.3125,-0.25),.UNSPECIFIED.);
#129=B_SPLINE_CURVE_WITH_KNOTS('',3,(#19647,#19648,#19649,#19650),
 .UNSPECIFIED.,.F.,.F.,(4,4),(-0.25,-0.1875),.UNSPECIFIED.);
#130=B_SPLINE_CURVE_WITH_KNOTS('',3,(#19652,#19653,#19654,#19655),
 .UNSPECIFIED.,.F.,.F.,(4,4),(-0.25,-0.1875),.UNSPECIFIED.);
#131=B_SPLINE_CURVE_WITH_KNOTS('',3,(#19672,#19673,#19674,#19675),
 .UNSPECIFIED.,.F.,.F.,(4,4),(-0.125,-0.0625),.UNSPECIFIED.);
#132=B_SPLINE_CURVE_WITH_KNOTS('',3,(#19677,#19678,#19679,#19680),
 .UNSPECIFIED.,.F.,.F.,(4,4),(-0.125,-0.0625),.UNSPECIFIED.);
#133=B_SPLINE_CURVE_WITH_KNOTS('',3,(#19691,#19692,#19693,#19694),
 .UNSPECIFIED.,.F.,.F.,(4,4),(-0.0625,0.),.UNSPECIFIED.);
#134=B_SPLINE_CURVE_WITH_KNOTS('',3,(#19696,#19697,#19698,#19699),
 .UNSPECIFIED.,.F.,.F.,(4,4),(-0.0625,0.),.UNSPECIFIED.);
#135=B_SPLINE_CURVE_WITH_KNOTS('',3,(#19710,#19711,#19712,#19713),
 .UNSPECIFIED.,.F.,.F.,(4,4),(-1.,-0.875),.UNSPECIFIED.);
#136=B_SPLINE_CURVE_WITH_KNOTS('',3,(#19715,#19716,#19717,#19718),
 .UNSPECIFIED.,.F.,.F.,(4,4),(-1.,-0.875),.UNSPECIFIED.);
#137=B_SPLINE_CURVE_WITH_KNOTS('',3,(#19735,#19736,#19737,#19738),
 .UNSPECIFIED.,.F.,.F.,(4,4),(-1.,-0.923076923076923),.UNSPECIFIED.);
#138=B_SPLINE_CURVE_WITH_KNOTS('',3,(#19742,#19743,#19744,#19745),
 .UNSPECIFIED.,.F.,.F.,(4,4),(-1.,-0.923076923076923),.UNSPECIFIED.);
#139=B_SPLINE_CURVE_WITH_KNOTS('',3,(#19762,#19763,#19764,#19765),
 .UNSPECIFIED.,.F.,.F.,(4,4),(-0.884615384615385,-0.846153846153846),
 .UNSPECIFIED.);
#140=B_SPLINE_CURVE_WITH_KNOTS('',3,(#19767,#19768,#19769,#19770),
 .UNSPECIFIED.,.F.,.F.,(4,4),(-0.884615384615385,-0.846153846153846),
 .UNSPECIFIED.);
#141=B_SPLINE_CURVE_WITH_KNOTS('',3,(#19781,#19782,#19783,#19784),
 .UNSPECIFIED.,.F.,.F.,(4,4),(-0.846153846153846,-0.807692307692308),
 .UNSPECIFIED.);
#142=B_SPLINE_CURVE_WITH_KNOTS('',3,(#19786,#19787,#19788,#19789),
 .UNSPECIFIED.,.F.,.F.,(4,4),(-0.846153846153846,-0.807692307692308),
 .UNSPECIFIED.);
#143=B_SPLINE_CURVE_WITH_KNOTS('',3,(#19800,#19801,#19802,#19803),
 .UNSPECIFIED.,.F.,.F.,(4,4),(-0.807692307692308,-0.769230769230769),
 .UNSPECIFIED.);
#144=B_SPLINE_CURVE_WITH_KNOTS('',3,(#19805,#19806,#19807,#19808),
 .UNSPECIFIED.,.F.,.F.,(4,4),(-0.807692307692308,-0.769230769230769),
 .UNSPECIFIED.);
#145=B_SPLINE_CURVE_WITH_KNOTS('',3,(#19819,#19820,#19821,#19822),
 .UNSPECIFIED.,.F.,.F.,(4,4),(-0.769230769230769,-0.730769230769231),
 .UNSPECIFIED.);
#146=B_SPLINE_CURVE_WITH_KNOTS('',3,(#19824,#19825,#19826,#19827),
 .UNSPECIFIED.,.F.,.F.,(4,4),(-0.769230769230769,-0.730769230769231),
 .UNSPECIFIED.);
#147=B_SPLINE_CURVE_WITH_KNOTS('',3,(#19838,#19839,#19840,#19841),
 .UNSPECIFIED.,.F.,.F.,(4,4),(-0.730769230769231,-0.692307692307692),
 .UNSPECIFIED.);
#148=B_SPLINE_CURVE_WITH_KNOTS('',3,(#19843,#19844,#19845,#19846),
 .UNSPECIFIED.,.F.,.F.,(4,4),(-0.730769230769231,-0.692307692307692),
 .UNSPECIFIED.);
#149=B_SPLINE_CURVE_WITH_KNOTS('',3,(#19857,#19858,#19859,#19860),
 .UNSPECIFIED.,.F.,.F.,(4,4),(-0.692307692307692,-0.653846153846154),
 .UNSPECIFIED.);
#150=B_SPLINE_CURVE_WITH_KNOTS('',3,(#19862,#19863,#19864,#19865),
 .UNSPECIFIED.,.F.,.F.,(4,4),(-0.692307692307692,-0.653846153846154),
 .UNSPECIFIED.);
#151=B_SPLINE_CURVE_WITH_KNOTS('',3,(#19876,#19877,#19878,#19879),
 .UNSPECIFIED.,.F.,.F.,(4,4),(-0.653846153846154,-0.615384615384615),
 .UNSPECIFIED.);
#152=B_SPLINE_CURVE_WITH_KNOTS('',3,(#19881,#19882,#19883,#19884),
 .UNSPECIFIED.,.F.,.F.,(4,4),(-0.653846153846154,-0.615384615384615),
 .UNSPECIFIED.);
#153=B_SPLINE_CURVE_WITH_KNOTS('',3,(#19895,#19896,#19897,#19898),
 .UNSPECIFIED.,.F.,.F.,(4,4),(-0.615384615384615,-0.576923076923077),
 .UNSPECIFIED.);
#154=B_SPLINE_CURVE_WITH_KNOTS('',3,(#19900,#19901,#19902,#19903),
 .UNSPECIFIED.,.F.,.F.,(4,4),(-0.615384615384615,-0.576923076923077),
 .UNSPECIFIED.);
#155=B_SPLINE_CURVE_WITH_KNOTS('',3,(#19914,#19915,#19916,#19917),
 .UNSPECIFIED.,.F.,.F.,(4,4),(-0.576923076923077,-0.538461538461539),
 .UNSPECIFIED.);
#156=B_SPLINE_CURVE_WITH_KNOTS('',3,(#19919,#19920,#19921,#19922),
 .UNSPECIFIED.,.F.,.F.,(4,4),(-0.576923076923077,-0.538461538461539),
 .UNSPECIFIED.);
#157=B_SPLINE_CURVE_WITH_KNOTS('',3,(#19933,#19934,#19935,#19936),
 .UNSPECIFIED.,.F.,.F.,(4,4),(-0.538461538461538,-0.5),.UNSPECIFIED.);
#158=B_SPLINE_CURVE_WITH_KNOTS('',3,(#19938,#19939,#19940,#19941),
 .UNSPECIFIED.,.F.,.F.,(4,4),(-0.538461538461538,-0.5),.UNSPECIFIED.);
#159=B_SPLINE_CURVE_WITH_KNOTS('',3,(#19952,#19953,#19954,#19955),
 .UNSPECIFIED.,.F.,.F.,(4,4),(-0.5,-0.461538461538462),.UNSPECIFIED.);
#160=B_SPLINE_CURVE_WITH_KNOTS('',3,(#19957,#19958,#19959,#19960),
 .UNSPECIFIED.,.F.,.F.,(4,4),(-0.5,-0.461538461538462),.UNSPECIFIED.);
#161=B_SPLINE_CURVE_WITH_KNOTS('',3,(#19977,#19978,#19979,#19980),
 .UNSPECIFIED.,.F.,.F.,(4,4),(-0.423076923076923,-0.384615384615385),
 .UNSPECIFIED.);
#162=B_SPLINE_CURVE_WITH_KNOTS('',3,(#19982,#19983,#19984,#19985),
 .UNSPECIFIED.,.F.,.F.,(4,4),(-0.423076923076923,-0.384615384615385),
 .UNSPECIFIED.);
#163=B_SPLINE_CURVE_WITH_KNOTS('',3,(#19996,#19997,#19998,#19999),
 .UNSPECIFIED.,.F.,.F.,(4,4),(-0.384615384615385,-0.346153846153846),
 .UNSPECIFIED.);
#164=B_SPLINE_CURVE_WITH_KNOTS('',3,(#20001,#20002,#20003,#20004),
 .UNSPECIFIED.,.F.,.F.,(4,4),(-0.384615384615385,-0.346153846153846),
 .UNSPECIFIED.);
#165=B_SPLINE_CURVE_WITH_KNOTS('',3,(#20015,#20016,#20017,#20018),
 .UNSPECIFIED.,.F.,.F.,(4,4),(-0.346153846153846,-0.307692307692308),
 .UNSPECIFIED.);
#166=B_SPLINE_CURVE_WITH_KNOTS('',3,(#20020,#20021,#20022,#20023),
 .UNSPECIFIED.,.F.,.F.,(4,4),(-0.346153846153846,-0.307692307692308),
 .UNSPECIFIED.);
#167=B_SPLINE_CURVE_WITH_KNOTS('',3,(#20040,#20041,#20042,#20043),
 .UNSPECIFIED.,.F.,.F.,(4,4),(-0.269230769230769,-0.230769230769231),
 .UNSPECIFIED.);
#168=B_SPLINE_CURVE_WITH_KNOTS('',3,(#20045,#20046,#20047,#20048),
 .UNSPECIFIED.,.F.,.F.,(4,4),(-0.269230769230769,-0.230769230769231),
 .UNSPECIFIED.);
#169=B_SPLINE_CURVE_WITH_KNOTS('',3,(#20059,#20060,#20061,#20062),
 .UNSPECIFIED.,.F.,.F.,(4,4),(-0.230769230769231,-0.192307692307692),
 .UNSPECIFIED.);
#170=B_SPLINE_CURVE_WITH_KNOTS('',3,(#20064,#20065,#20066,#20067),
 .UNSPECIFIED.,.F.,.F.,(4,4),(-0.230769230769231,-0.192307692307692),
 .UNSPECIFIED.);
#171=B_SPLINE_CURVE_WITH_KNOTS('',3,(#20078,#20079,#20080,#20081),
 .UNSPECIFIED.,.F.,.F.,(4,4),(-0.192307692307692,-0.153846153846154),
 .UNSPECIFIED.);
#172=B_SPLINE_CURVE_WITH_KNOTS('',3,(#20083,#20084,#20085,#20086),
 .UNSPECIFIED.,.F.,.F.,(4,4),(-0.192307692307692,-0.153846153846154),
 .UNSPECIFIED.);
#173=B_SPLINE_CURVE_WITH_KNOTS('',3,(#20097,#20098,#20099,#20100),
 .UNSPECIFIED.,.F.,.F.,(4,4),(-0.153846153846154,-0.115384615384615),
 .UNSPECIFIED.);
#174=B_SPLINE_CURVE_WITH_KNOTS('',3,(#20102,#20103,#20104,#20105),
 .UNSPECIFIED.,.F.,.F.,(4,4),(-0.153846153846154,-0.115384615384615),
 .UNSPECIFIED.);
#175=B_SPLINE_CURVE_WITH_KNOTS('',3,(#20122,#20123,#20124,#20125),
 .UNSPECIFIED.,.F.,.F.,(4,4),(-0.0769230769230769,-0.0384615384615385),
 .UNSPECIFIED.);
#176=B_SPLINE_CURVE_WITH_KNOTS('',3,(#20127,#20128,#20129,#20130),
 .UNSPECIFIED.,.F.,.F.,(4,4),(-0.0769230769230769,-0.0384615384615385),
 .UNSPECIFIED.);
#177=B_SPLINE_CURVE_WITH_KNOTS('',3,(#20140,#20141,#20142,#20143),
 .UNSPECIFIED.,.F.,.F.,(4,4),(-0.0384615384615385,0.),.UNSPECIFIED.);
#178=B_SPLINE_CURVE_WITH_KNOTS('',3,(#20144,#20145,#20146,#20147),
 .UNSPECIFIED.,.F.,.F.,(4,4),(-0.0384615384615385,0.),.UNSPECIFIED.);
#179=B_SPLINE_SURFACE_WITH_KNOTS('',3,1,((#18626,#18627),(#18628,#18629),
(#18630,#18631),(#18632,#18633)),.UNSPECIFIED.,.F.,.F.,.F.,(4,4),(2,2),
(-1.,-0.5),(0.,0.0002),.UNSPECIFIED.);
#180=B_SPLINE_SURFACE_WITH_KNOTS('',3,1,((#18648,#18649),(#18650,#18651),
(#18652,#18653),(#18654,#18655)),.UNSPECIFIED.,.F.,.F.,.F.,(4,4),(2,2),
(-0.25,0.),(0.,0.0002),.UNSPECIFIED.);
#181=B_SPLINE_SURFACE_WITH_KNOTS('',3,1,((#18667,#18668),(#18669,#18670),
(#18671,#18672),(#18673,#18674)),.UNSPECIFIED.,.F.,.F.,.F.,(4,4),(2,2),
(-0.5,-0.25),(0.,0.0002),.UNSPECIFIED.);
#182=B_SPLINE_SURFACE_WITH_KNOTS('',3,1,((#18683,#18684),(#18685,#18686),
(#18687,#18688),(#18689,#18690)),.UNSPECIFIED.,.F.,.F.,.F.,(4,4),(2,2),
(0.2,0.4),(0.,0.0002),.UNSPECIFIED.);
#183=B_SPLINE_SURFACE_WITH_KNOTS('',3,1,((#18705,#18706),(#18707,#18708),
(#18709,#18710),(#18711,#18712)),.UNSPECIFIED.,.F.,.F.,.F.,(4,4),(2,2),
(0.,0.2),(0.,0.0002),.UNSPECIFIED.);
#184=B_SPLINE_SURFACE_WITH_KNOTS('',3,1,((#18724,#18725),(#18726,#18727),
(#18728,#18729),(#18730,#18731)),.UNSPECIFIED.,.F.,.F.,.F.,(4,4),(2,2),
(0.6,1.),(0.,0.0002),.UNSPECIFIED.);
#185=B_SPLINE_SURFACE_WITH_KNOTS('',3,1,((#18743,#18744),(#18745,#18746),
(#18747,#18748),(#18749,#18750)),.UNSPECIFIED.,.F.,.F.,.F.,(4,4),(2,2),
(0.4,0.6),(0.,0.0002),.UNSPECIFIED.);
#186=B_SPLINE_SURFACE_WITH_KNOTS('',3,1,((#18761,#18762),(#18763,#18764),
(#18765,#18766),(#18767,#18768)),.UNSPECIFIED.,.F.,.F.,.F.,(4,4),(2,2),
(-1.,-0.666666666666667),(0.,0.0002),.UNSPECIFIED.);
#187=B_SPLINE_SURFACE_WITH_KNOTS('',3,1,((#18783,#18784),(#18785,#18786),
(#18787,#18788),(#18789,#18790)),.UNSPECIFIED.,.F.,.F.,.F.,(4,4),(2,2),
(-0.166666666666667,0.),(0.,0.0002),.UNSPECIFIED.);
#188=B_SPLINE_SURFACE_WITH_KNOTS('',3,1,((#18802,#18803),(#18804,#18805),
(#18806,#18807),(#18808,#18809)),.UNSPECIFIED.,.F.,.F.,.F.,(4,4),(2,2),
(-0.333333333333333,-0.166666666666667),(0.,0.0002),.UNSPECIFIED.);
#189=B_SPLINE_SURFACE_WITH_KNOTS('',3,1,((#18827,#18828),(#18829,#18830),
(#18831,#18832),(#18833,#18834)),.UNSPECIFIED.,.F.,.F.,.F.,(4,4),(2,2),
(-0.666666666666667,-0.5),(0.,0.0002),.UNSPECIFIED.);
#190=B_SPLINE_SURFACE_WITH_KNOTS('',3,1,((#18843,#18844),(#18845,#18846),
(#18847,#18848),(#18849,#18850)),.UNSPECIFIED.,.F.,.F.,.F.,(4,4),(2,2),
(-0.636363636363636,-0.545454545454545),(0.,0.0002),.UNSPECIFIED.);
#191=B_SPLINE_SURFACE_WITH_KNOTS('',3,1,((#18865,#18866),(#18867,#18868),
(#18869,#18870),(#18871,#18872)),.UNSPECIFIED.,.F.,.F.,.F.,(4,4),(2,2),
(-0.545454545454545,-0.454545454545454),(0.,0.0002),.UNSPECIFIED.);
#192=B_SPLINE_SURFACE_WITH_KNOTS('',3,1,((#18884,#18885),(#18886,#18887),
(#18888,#18889),(#18890,#18891)),.UNSPECIFIED.,.F.,.F.,.F.,(4,4),(2,2),
(-0.454545454545455,-0.363636363636364),(0.,0.0002),.UNSPECIFIED.);
#193=B_SPLINE_SURFACE_WITH_KNOTS('',3,1,((#18909,#18910),(#18911,#18912),
(#18913,#18914),(#18915,#18916)),.UNSPECIFIED.,.F.,.F.,.F.,(4,4),(2,2),
(-0.272727272727273,-0.181818181818182),(0.,0.0002),.UNSPECIFIED.);
#194=B_SPLINE_SURFACE_WITH_KNOTS('',3,1,((#18928,#18929),(#18930,#18931),
(#18932,#18933),(#18934,#18935)),.UNSPECIFIED.,.F.,.F.,.F.,(4,4),(2,2),
(-0.181818181818182,-0.0909090909090909),(0.,0.0002),.UNSPECIFIED.);
#195=B_SPLINE_SURFACE_WITH_KNOTS('',3,1,((#18947,#18948),(#18949,#18950),
(#18951,#18952),(#18953,#18954)),.UNSPECIFIED.,.F.,.F.,.F.,(4,4),(2,2),
(-0.0909090909090909,0.),(0.,0.0002),.UNSPECIFIED.);
#196=B_SPLINE_SURFACE_WITH_KNOTS('',3,1,((#18966,#18967),(#18968,#18969),
(#18970,#18971),(#18972,#18973)),.UNSPECIFIED.,.F.,.F.,.F.,(4,4),(2,2),
(-1.,-0.818181818181818),(0.,0.0002),.UNSPECIFIED.);
#197=B_SPLINE_SURFACE_WITH_KNOTS('',3,1,((#18985,#18986),(#18987,#18988),
(#18989,#18990),(#18991,#18992)),.UNSPECIFIED.,.F.,.F.,.F.,(4,4),(2,2),
(-0.818181818181818,-0.727272727272727),(0.,0.0002),.UNSPECIFIED.);
#198=B_SPLINE_SURFACE_WITH_KNOTS('',3,1,((#19004,#19005),(#19006,#19007),
(#19008,#19009),(#19010,#19011)),.UNSPECIFIED.,.F.,.F.,.F.,(4,4),(2,2),
(-0.727272727272727,-0.636363636363636),(0.,0.0002),.UNSPECIFIED.);
#199=B_SPLINE_SURFACE_WITH_KNOTS('',3,1,((#19022,#19023),(#19024,#19025),
(#19026,#19027),(#19028,#19029)),.UNSPECIFIED.,.F.,.F.,.F.,(4,4),(2,2),
(-1.,-0.882352941176471),(0.,0.0002),.UNSPECIFIED.);
#200=B_SPLINE_SURFACE_WITH_KNOTS('',3,1,((#19044,#19045),(#19046,#19047),
(#19048,#19049),(#19050,#19051)),.UNSPECIFIED.,.F.,.F.,.F.,(4,4),(2,2),
(-0.882352941176471,-0.823529411764706),(0.,0.0002),.UNSPECIFIED.);
#201=B_SPLINE_SURFACE_WITH_KNOTS('',3,1,((#19063,#19064),(#19065,#19066),
(#19067,#19068),(#19069,#19070)),.UNSPECIFIED.,.F.,.F.,.F.,(4,4),(2,2),
(-0.823529411764706,-0.764705882352941),(0.,0.0002),.UNSPECIFIED.);
#202=B_SPLINE_SURFACE_WITH_KNOTS('',3,1,((#19082,#19083),(#19084,#19085),
(#19086,#19087),(#19088,#19089)),.UNSPECIFIED.,.F.,.F.,.F.,(4,4),(2,2),
(-0.764705882352941,-0.705882352941177),(0.,0.0002),.UNSPECIFIED.);
#203=B_SPLINE_SURFACE_WITH_KNOTS('',3,1,((#19101,#19102),(#19103,#19104),
(#19105,#19106),(#19107,#19108)),.UNSPECIFIED.,.F.,.F.,.F.,(4,4),(2,2),
(-0.705882352941177,-0.647058823529412),(0.,0.0002),.UNSPECIFIED.);
#204=B_SPLINE_SURFACE_WITH_KNOTS('',3,1,((#19120,#19121),(#19122,#19123),
(#19124,#19125),(#19126,#19127)),.UNSPECIFIED.,.F.,.F.,.F.,(4,4),(2,2),
(-0.647058823529412,-0.588235294117647),(0.,0.0002),.UNSPECIFIED.);
#205=B_SPLINE_SURFACE_WITH_KNOTS('',3,1,((#19139,#19140),(#19141,#19142),
(#19143,#19144),(#19145,#19146)),.UNSPECIFIED.,.F.,.F.,.F.,(4,4),(2,2),
(-0.588235294117647,-0.529411764705882),(0.,0.0002),.UNSPECIFIED.);
#206=B_SPLINE_SURFACE_WITH_KNOTS('',3,1,((#19158,#19159),(#19160,#19161),
(#19162,#19163),(#19164,#19165)),.UNSPECIFIED.,.F.,.F.,.F.,(4,4),(2,2),
(-0.529411764705882,-0.470588235294118),(0.,0.0002),.UNSPECIFIED.);
#207=B_SPLINE_SURFACE_WITH_KNOTS('',3,1,((#19177,#19178),(#19179,#19180),
(#19181,#19182),(#19183,#19184)),.UNSPECIFIED.,.F.,.F.,.F.,(4,4),(2,2),
(-0.470588235294118,-0.411764705882353),(0.,0.0002),.UNSPECIFIED.);
#208=B_SPLINE_SURFACE_WITH_KNOTS('',3,1,((#19196,#19197),(#19198,#19199),
(#19200,#19201),(#19202,#19203)),.UNSPECIFIED.,.F.,.F.,.F.,(4,4),(2,2),
(-0.411764705882353,-0.352941176470588),(0.,0.0002),.UNSPECIFIED.);
#209=B_SPLINE_SURFACE_WITH_KNOTS('',3,1,((#19215,#19216),(#19217,#19218),
(#19219,#19220),(#19221,#19222)),.UNSPECIFIED.,.F.,.F.,.F.,(4,4),(2,2),
(-0.352941176470588,-0.294117647058823),(0.,0.0002),.UNSPECIFIED.);
#210=B_SPLINE_SURFACE_WITH_KNOTS('',3,1,((#19234,#19235),(#19236,#19237),
(#19238,#19239),(#19240,#19241)),.UNSPECIFIED.,.F.,.F.,.F.,(4,4),(2,2),
(-0.294117647058823,-0.235294117647059),(0.,0.0002),.UNSPECIFIED.);
#211=B_SPLINE_SURFACE_WITH_KNOTS('',3,1,((#19253,#19254),(#19255,#19256),
(#19257,#19258),(#19259,#19260)),.UNSPECIFIED.,.F.,.F.,.F.,(4,4),(2,2),
(-0.235294117647059,-0.176470588235294),(0.,0.0002),.UNSPECIFIED.);
#212=B_SPLINE_SURFACE_WITH_KNOTS('',3,1,((#19272,#19273),(#19274,#19275),
(#19276,#19277),(#19278,#19279)),.UNSPECIFIED.,.F.,.F.,.F.,(4,4),(2,2),
(-0.176470588235294,-0.117647058823529),(0.,0.0002),.UNSPECIFIED.);
#213=B_SPLINE_SURFACE_WITH_KNOTS('',3,1,((#19291,#19292),(#19293,#19294),
(#19295,#19296),(#19297,#19298)),.UNSPECIFIED.,.F.,.F.,.F.,(4,4),(2,2),
(-0.117647058823529,-0.0588235294117647),(0.,0.0002),.UNSPECIFIED.);
#214=B_SPLINE_SURFACE_WITH_KNOTS('',3,1,((#19310,#19311),(#19312,#19313),
(#19314,#19315),(#19316,#19317)),.UNSPECIFIED.,.F.,.F.,.F.,(4,4),(2,2),
(-0.0588235294117647,0.),(0.,0.0002),.UNSPECIFIED.);
#215=B_SPLINE_SURFACE_WITH_KNOTS('',3,1,((#19328,#19329),(#19330,#19331),
(#19332,#19333),(#19334,#19335)),.UNSPECIFIED.,.F.,.F.,.F.,(4,4),(2,2),
(-1.,-0.5),(0.,0.0002),.UNSPECIFIED.);
#216=B_SPLINE_SURFACE_WITH_KNOTS('',3,1,((#19350,#19351),(#19352,#19353),
(#19354,#19355),(#19356,#19357)),.UNSPECIFIED.,.F.,.F.,.F.,(4,4),(2,2),
(-0.5,-0.25),(0.,0.0002),.UNSPECIFIED.);
#217=B_SPLINE_SURFACE_WITH_KNOTS('',3,1,((#19369,#19370),(#19371,#19372),
(#19373,#19374),(#19375,#19376)),.UNSPECIFIED.,.F.,.F.,.F.,(4,4),(2,2),
(-0.25,0.),(0.,0.0002),.UNSPECIFIED.);
#218=B_SPLINE_SURFACE_WITH_KNOTS('',3,1,((#19387,#19388),(#19389,#19390),
(#19391,#19392),(#19393,#19394)),.UNSPECIFIED.,.F.,.F.,.F.,(4,4),(2,2),
(-1.,-0.714285714285714),(0.,0.0002),.UNSPECIFIED.);
#219=B_SPLINE_SURFACE_WITH_KNOTS('',3,1,((#19415,#19416),(#19417,#19418),
(#19419,#19420),(#19421,#19422)),.UNSPECIFIED.,.F.,.F.,.F.,(4,4),(2,2),
(-0.571428571428571,-0.428571428571428),(0.,0.0002),.UNSPECIFIED.);
#220=B_SPLINE_SURFACE_WITH_KNOTS('',3,1,((#19434,#19435),(#19436,#19437),
(#19438,#19439),(#19440,#19441)),.UNSPECIFIED.,.F.,.F.,.F.,(4,4),(2,2),
(-0.428571428571428,-0.285714285714286),(0.,0.0002),.UNSPECIFIED.);
#221=B_SPLINE_SURFACE_WITH_KNOTS('',3,1,((#19459,#19460),(#19461,#19462),
(#19463,#19464),(#19465,#19466)),.UNSPECIFIED.,.F.,.F.,.F.,(4,4),(2,2),
(-0.142857142857143,0.),(0.,0.0002),.UNSPECIFIED.);
#222=B_SPLINE_SURFACE_WITH_KNOTS('',3,1,((#19477,#19478),(#19479,#19480),
(#19481,#19482),(#19483,#19484)),.UNSPECIFIED.,.F.,.F.,.F.,(4,4),(2,2),
(-0.8125,-0.75),(0.,0.0002),.UNSPECIFIED.);
#223=B_SPLINE_SURFACE_WITH_KNOTS('',3,1,((#19499,#19500),(#19501,#19502),
(#19503,#19504),(#19505,#19506)),.UNSPECIFIED.,.F.,.F.,.F.,(4,4),(2,2),
(-0.75,-0.6875),(0.,0.0002),.UNSPECIFIED.);
#224=B_SPLINE_SURFACE_WITH_KNOTS('',3,1,((#19518,#19519),(#19520,#19521),
(#19522,#19523),(#19524,#19525)),.UNSPECIFIED.,.F.,.F.,.F.,(4,4),(2,2),
(-0.6875,-0.625),(0.,0.0002),.UNSPECIFIED.);
#225=B_SPLINE_SURFACE_WITH_KNOTS('',3,1,((#19537,#19538),(#19539,#19540),
(#19541,#19542),(#19543,#19544)),.UNSPECIFIED.,.F.,.F.,.F.,(4,4),(2,2),
(-0.625,-0.5625),(0.,0.0002),.UNSPECIFIED.);
#226=B_SPLINE_SURFACE_WITH_KNOTS('',3,1,((#19556,#19557),(#19558,#19559),
(#19560,#19561),(#19562,#19563)),.UNSPECIFIED.,.F.,.F.,.F.,(4,4),(2,2),
(-0.5625,-0.5),(0.,0.0002),.UNSPECIFIED.);
#227=B_SPLINE_SURFACE_WITH_KNOTS('',3,1,((#19575,#19576),(#19577,#19578),
(#19579,#19580),(#19581,#19582)),.UNSPECIFIED.,.F.,.F.,.F.,(4,4),(2,2),
(-0.5,-0.4375),(0.,0.0002),.UNSPECIFIED.);
#228=B_SPLINE_SURFACE_WITH_KNOTS('',3,1,((#19600,#19601),(#19602,#19603),
(#19604,#19605),(#19606,#19607)),.UNSPECIFIED.,.F.,.F.,.F.,(4,4),(2,2),
(-0.375,-0.3125),(0.,0.0002),.UNSPECIFIED.);
#229=B_SPLINE_SURFACE_WITH_KNOTS('',3,1,((#19619,#19620),(#19621,#19622),
(#19623,#19624),(#19625,#19626)),.UNSPECIFIED.,.F.,.F.,.F.,(4,4),(2,2),
(-0.3125,-0.25),(0.,0.0002),.UNSPECIFIED.);
#230=B_SPLINE_SURFACE_WITH_KNOTS('',3,1,((#19638,#19639),(#19640,#19641),
(#19642,#19643),(#19644,#19645)),.UNSPECIFIED.,.F.,.F.,.F.,(4,4),(2,2),
(-0.25,-0.1875),(0.,0.0002),.UNSPECIFIED.);
#231=B_SPLINE_SURFACE_WITH_KNOTS('',3,1,((#19663,#19664),(#19665,#19666),
(#19667,#19668),(#19669,#19670)),.UNSPECIFIED.,.F.,.F.,.F.,(4,4),(2,2),
(-0.125,-0.0625),(0.,0.0002),.UNSPECIFIED.);
#232=B_SPLINE_SURFACE_WITH_KNOTS('',3,1,((#19682,#19683),(#19684,#19685),
(#19686,#19687),(#19688,#19689)),.UNSPECIFIED.,.F.,.F.,.F.,(4,4),(2,2),
(-0.0625,0.),(0.,0.0002),.UNSPECIFIED.);
#233=B_SPLINE_SURFACE_WITH_KNOTS('',3,1,((#19701,#19702),(#19703,#19704),
(#19705,#19706),(#19707,#19708)),.UNSPECIFIED.,.F.,.F.,.F.,(4,4),(2,2),
(-1.,-0.875),(0.,0.0002),.UNSPECIFIED.);
#234=B_SPLINE_SURFACE_WITH_KNOTS('',3,1,((#19725,#19726),(#19727,#19728),
(#19729,#19730),(#19731,#19732)),.UNSPECIFIED.,.F.,.F.,.F.,(4,4),(2,2),
(-1.,-0.923076923076923),(0.,0.0002),.UNSPECIFIED.);
#235=B_SPLINE_SURFACE_WITH_KNOTS('',3,1,((#19753,#19754),(#19755,#19756),
(#19757,#19758),(#19759,#19760)),.UNSPECIFIED.,.F.,.F.,.F.,(4,4),(2,2),
(-0.884615384615385,-0.846153846153846),(0.,0.0002),.UNSPECIFIED.);
#236=B_SPLINE_SURFACE_WITH_KNOTS('',3,1,((#19772,#19773),(#19774,#19775),
(#19776,#19777),(#19778,#19779)),.UNSPECIFIED.,.F.,.F.,.F.,(4,4),(2,2),
(-0.846153846153846,-0.807692307692308),(0.,0.0002),.UNSPECIFIED.);
#237=B_SPLINE_SURFACE_WITH_KNOTS('',3,1,((#19791,#19792),(#19793,#19794),
(#19795,#19796),(#19797,#19798)),.UNSPECIFIED.,.F.,.F.,.F.,(4,4),(2,2),
(-0.807692307692308,-0.769230769230769),(0.,0.0002),.UNSPECIFIED.);
#238=B_SPLINE_SURFACE_WITH_KNOTS('',3,1,((#19810,#19811),(#19812,#19813),
(#19814,#19815),(#19816,#19817)),.UNSPECIFIED.,.F.,.F.,.F.,(4,4),(2,2),
(-0.769230769230769,-0.730769230769231),(0.,0.0002),.UNSPECIFIED.);
#239=B_SPLINE_SURFACE_WITH_KNOTS('',3,1,((#19829,#19830),(#19831,#19832),
(#19833,#19834),(#19835,#19836)),.UNSPECIFIED.,.F.,.F.,.F.,(4,4),(2,2),
(-0.730769230769231,-0.692307692307692),(0.,0.0002),.UNSPECIFIED.);
#240=B_SPLINE_SURFACE_WITH_KNOTS('',3,1,((#19848,#19849),(#19850,#19851),
(#19852,#19853),(#19854,#19855)),.UNSPECIFIED.,.F.,.F.,.F.,(4,4),(2,2),
(-0.692307692307692,-0.653846153846154),(0.,0.0002),.UNSPECIFIED.);
#241=B_SPLINE_SURFACE_WITH_KNOTS('',3,1,((#19867,#19868),(#19869,#19870),
(#19871,#19872),(#19873,#19874)),.UNSPECIFIED.,.F.,.F.,.F.,(4,4),(2,2),
(-0.653846153846154,-0.615384615384615),(0.,0.0002),.UNSPECIFIED.);
#242=B_SPLINE_SURFACE_WITH_KNOTS('',3,1,((#19886,#19887),(#19888,#19889),
(#19890,#19891),(#19892,#19893)),.UNSPECIFIED.,.F.,.F.,.F.,(4,4),(2,2),
(-0.615384615384615,-0.576923076923077),(0.,0.0002),.UNSPECIFIED.);
#243=B_SPLINE_SURFACE_WITH_KNOTS('',3,1,((#19905,#19906),(#19907,#19908),
(#19909,#19910),(#19911,#19912)),.UNSPECIFIED.,.F.,.F.,.F.,(4,4),(2,2),
(-0.576923076923077,-0.538461538461539),(0.,0.0002),.UNSPECIFIED.);
#244=B_SPLINE_SURFACE_WITH_KNOTS('',3,1,((#19924,#19925),(#19926,#19927),
(#19928,#19929),(#19930,#19931)),.UNSPECIFIED.,.F.,.F.,.F.,(4,4),(2,2),
(-0.538461538461538,-0.5),(0.,0.0002),.UNSPECIFIED.);
#245=B_SPLINE_SURFACE_WITH_KNOTS('',3,1,((#19943,#19944),(#19945,#19946),
(#19947,#19948),(#19949,#19950)),.UNSPECIFIED.,.F.,.F.,.F.,(4,4),(2,2),
(-0.5,-0.461538461538462),(0.,0.0002),.UNSPECIFIED.);
#246=B_SPLINE_SURFACE_WITH_KNOTS('',3,1,((#19968,#19969),(#19970,#19971),
(#19972,#19973),(#19974,#19975)),.UNSPECIFIED.,.F.,.F.,.F.,(4,4),(2,2),
(-0.423076923076923,-0.384615384615385),(0.,0.0002),.UNSPECIFIED.);
#247=B_SPLINE_SURFACE_WITH_KNOTS('',3,1,((#19987,#19988),(#19989,#19990),
(#19991,#19992),(#19993,#19994)),.UNSPECIFIED.,.F.,.F.,.F.,(4,4),(2,2),
(-0.384615384615385,-0.346153846153846),(0.,0.0002),.UNSPECIFIED.);
#248=B_SPLINE_SURFACE_WITH_KNOTS('',3,1,((#20006,#20007),(#20008,#20009),
(#20010,#20011),(#20012,#20013)),.UNSPECIFIED.,.F.,.F.,.F.,(4,4),(2,2),
(-0.346153846153846,-0.307692307692308),(0.,0.0002),.UNSPECIFIED.);
#249=B_SPLINE_SURFACE_WITH_KNOTS('',3,1,((#20031,#20032),(#20033,#20034),
(#20035,#20036),(#20037,#20038)),.UNSPECIFIED.,.F.,.F.,.F.,(4,4),(2,2),
(-0.269230769230769,-0.230769230769231),(0.,0.0002),.UNSPECIFIED.);
#250=B_SPLINE_SURFACE_WITH_KNOTS('',3,1,((#20050,#20051),(#20052,#20053),
(#20054,#20055),(#20056,#20057)),.UNSPECIFIED.,.F.,.F.,.F.,(4,4),(2,2),
(-0.230769230769231,-0.192307692307692),(0.,0.0002),.UNSPECIFIED.);
#251=B_SPLINE_SURFACE_WITH_KNOTS('',3,1,((#20069,#20070),(#20071,#20072),
(#20073,#20074),(#20075,#20076)),.UNSPECIFIED.,.F.,.F.,.F.,(4,4),(2,2),
(-0.192307692307692,-0.153846153846154),(0.,0.0002),.UNSPECIFIED.);
#252=B_SPLINE_SURFACE_WITH_KNOTS('',3,1,((#20088,#20089),(#20090,#20091),
(#20092,#20093),(#20094,#20095)),.UNSPECIFIED.,.F.,.F.,.F.,(4,4),(2,2),
(-0.153846153846154,-0.115384615384615),(0.,0.0002),.UNSPECIFIED.);
#253=B_SPLINE_SURFACE_WITH_KNOTS('',3,1,((#20113,#20114),(#20115,#20116),
(#20117,#20118),(#20119,#20120)),.UNSPECIFIED.,.F.,.F.,.F.,(4,4),(2,2),
(-0.0769230769230769,-0.0384615384615385),(0.,0.0002),.UNSPECIFIED.);
#254=B_SPLINE_SURFACE_WITH_KNOTS('',3,1,((#20132,#20133),(#20134,#20135),
(#20136,#20137),(#20138,#20139)),.UNSPECIFIED.,.F.,.F.,.F.,(4,4),(2,2),
(-0.0384615384615385,0.),(0.,0.0002),.UNSPECIFIED.);
#255=CONICAL_SURFACE('',#12700,0.709060481831033,9.99999999999999);
#256=CONICAL_SURFACE('',#12702,0.709060481831033,9.99999999999999);
#257=CONICAL_SURFACE('',#12719,0.903020160610345,9.99999999999988);
#258=CONICAL_SURFACE('',#12721,0.903020160610345,9.99999999999988);
#259=CONICAL_SURFACE('',#12724,0.709060481831033,9.99999999999999);
#260=CONICAL_SURFACE('',#12726,0.709060481831033,9.99999999999999);
#261=CONICAL_SURFACE('',#12733,0.903020160610345,9.99999999999988);
#262=CONICAL_SURFACE('',#12734,0.903020160610345,9.99999999999988);
#263=(
BOUNDED_SURFACE()
B_SPLINE_SURFACE(2,2,((#18521,#18522,#18523),(#18524,#18525,#18526),(#18527,
#18528,#18529)),.UNSPECIFIED.,.F.,.F.,.F.)
B_SPLINE_SURFACE_WITH_KNOTS((3,3),(3,3),(-1.5707963267949,-0.174532925199431),
(1.5707963267949,3.14159265358982),.UNSPECIFIED.)
GEOMETRIC_REPRESENTATION_ITEM()
RATIONAL_B_SPLINE_SURFACE(((1.,0.707106781186538,1.),(0.766044443118974,
0.541675220419692,0.766044443118974),(1.,0.707106781186538,1.)))
REPRESENTATION_ITEM('')
SURFACE()
);
#264=(
BOUNDED_SURFACE()
B_SPLINE_SURFACE(2,2,((#18537,#18538,#18539),(#18540,#18541,#18542),(#18543,
#18544,#18545)),.UNSPECIFIED.,.F.,.F.,.F.)
B_SPLINE_SURFACE_WITH_KNOTS((3,3),(3,3),(-1.5707963267949,-0.174532925199431),
(-3.14159265358979,-1.5707963267949),.UNSPECIFIED.)
GEOMETRIC_REPRESENTATION_ITEM()
RATIONAL_B_SPLINE_SURFACE(((1.,0.707106781186548,1.),(0.766044443118967,
0.541675220419694,0.766044443118967),(1.,0.707106781186548,1.)))
REPRESENTATION_ITEM('')
SURFACE()
);
#265=(
BOUNDED_SURFACE()
B_SPLINE_SURFACE(2,2,((#18547,#18548,#18549),(#18550,#18551,#18552),(#18553,
#18554,#18555)),.UNSPECIFIED.,.F.,.F.,.F.)
B_SPLINE_SURFACE_WITH_KNOTS((3,3),(3,3),(-1.57079632679491,-0.174532925199431),
(-1.5707963267949,2.66894850997639E-14),.UNSPECIFIED.)
GEOMETRIC_REPRESENTATION_ITEM()
RATIONAL_B_SPLINE_SURFACE(((1.,0.707106781186538,1.),(0.76604444311898,
0.541675220419696,0.76604444311898),(1.,0.707106781186538,1.)))
REPRESENTATION_ITEM('')
SURFACE()
);
#266=(
BOUNDED_SURFACE()
B_SPLINE_SURFACE(2,2,((#18563,#18564,#18565),(#18566,#18567,#18568),(#18569,
#18570,#18571)),.UNSPECIFIED.,.F.,.F.,.F.)
B_SPLINE_SURFACE_WITH_KNOTS((3,3),(3,3),(-1.5707963267949,-0.174532925199431),
(0.,1.5707963267949),.UNSPECIFIED.)
GEOMETRIC_REPRESENTATION_ITEM()
RATIONAL_B_SPLINE_SURFACE(((1.,0.707106781186548,1.),(0.766044443118967,
0.541675220419694,0.766044443118967),(1.,0.707106781186548,1.)))
REPRESENTATION_ITEM('')
SURFACE()
);
#267=SPHERICAL_SURFACE('',#12579,0.3);
#268=SPHERICAL_SURFACE('',#12588,0.3);
#269=SPHERICAL_SURFACE('',#12599,0.3);
#270=SPHERICAL_SURFACE('',#12601,0.3);
#271=SPHERICAL_SURFACE('',#12632,0.3);
#272=SPHERICAL_SURFACE('',#12641,0.3);
#273=SPHERICAL_SURFACE('',#12652,0.3);
#274=SPHERICAL_SURFACE('',#12654,0.3);
#275=TOROIDAL_SURFACE('',#12573,1.85,0.3);
#276=TOROIDAL_SURFACE('',#12593,1.85,0.3);
#277=TOROIDAL_SURFACE('',#12627,1.85,0.3);
#278=TOROIDAL_SURFACE('',#12646,1.85,0.3);
#279=TOROIDAL_SURFACE('',#12704,0.554310431867506,0.3);
#280=TOROIDAL_SURFACE('',#12709,0.554310431867506,0.3);
#281=TOROIDAL_SURFACE('',#12711,0.554310431867506,0.3);
#282=TOROIDAL_SURFACE('',#12716,0.554310431867506,0.3);
#283=ELLIPSE('',#12565,0.301145951263003,0.3);
#284=ELLIPSE('',#12568,0.301145951263003,0.3);
#285=ELLIPSE('',#12583,0.301145951263004,0.3);
#286=ELLIPSE('',#12585,0.301145951263008,0.3);
#287=ELLIPSE('',#12619,0.301145951263001,0.3);
#288=ELLIPSE('',#12622,0.301145951263004,0.3);
#289=ELLIPSE('',#12636,0.301145951263003,0.3);
#290=ELLIPSE('',#12638,0.301145951263006,0.3);
#291=FACE_BOUND('',#1767,.T.);
#292=FACE_BOUND('',#1770,.T.);
#293=FACE_BOUND('',#1773,.T.);
#294=FACE_BOUND('',#1776,.T.);
#295=FACE_BOUND('',#1784,.T.);
#296=FACE_BOUND('',#1787,.T.);
#297=FACE_BOUND('',#1790,.T.);
#298=FACE_BOUND('',#1793,.T.);
#299=FACE_BOUND('',#1818,.T.);
#300=FACE_BOUND('',#1819,.T.);
#301=FACE_BOUND('',#1820,.T.);
#302=FACE_BOUND('',#1821,.T.);
#303=FACE_BOUND('',#1822,.T.);
#304=FACE_BOUND('',#1854,.T.);
#305=FACE_BOUND('',#1855,.T.);
#306=FACE_BOUND('',#1856,.T.);
#307=FACE_BOUND('',#1857,.T.);
#308=FACE_BOUND('',#1858,.T.);
#309=FACE_BOUND('',#1859,.T.);
#310=FACE_BOUND('',#1909,.T.);
#311=FACE_BOUND('',#1911,.T.);
#312=FACE_BOUND('',#1928,.T.);
#313=FACE_BOUND('',#1930,.T.);
#314=FACE_BOUND('',#2007,.T.);
#315=SHAPE_REPRESENTATION_RELATIONSHIP('SRR','None',#20194,#319);
#316=SHAPE_REPRESENTATION_RELATIONSHIP('SRR','None',#20195,#320);
#317=SHAPE_REPRESENTATION_RELATIONSHIP('SRR','None',#20196,#321);
#318=SHAPE_REPRESENTATION_RELATIONSHIP('SRR','None',#20197,#322);
#319=ADVANCED_BREP_SHAPE_REPRESENTATION($,(#352,#353,#354,#355,#356,#357,
#358,#359,#360,#361,#362,#363,#364,#365,#366,#367,#368,#369,#370),#20168);
#320=ADVANCED_BREP_SHAPE_REPRESENTATION($,(#371),#20169);
#321=ADVANCED_BREP_SHAPE_REPRESENTATION($,(#372),#20170);
#322=ADVANCED_BREP_SHAPE_REPRESENTATION($,(#373,#374,#375,#376,#377,#378,
#379,#380),#20171);
#323=STYLED_ITEM('',(#20223),#352);
#324=STYLED_ITEM('',(#20223),#353);
#325=STYLED_ITEM('',(#20223),#354);
#326=STYLED_ITEM('',(#20223),#355);
#327=STYLED_ITEM('',(#20223),#356);
#328=STYLED_ITEM('',(#20223),#357);
#329=STYLED_ITEM('',(#20223),#358);
#330=STYLED_ITEM('',(#20223),#359);
#331=STYLED_ITEM('',(#20223),#360);
#332=STYLED_ITEM('',(#20223),#361);
#333=STYLED_ITEM('',(#20223),#362);
#334=STYLED_ITEM('',(#20223),#363);
#335=STYLED_ITEM('',(#20223),#364);
#336=STYLED_ITEM('',(#20223),#365);
#337=STYLED_ITEM('',(#20223),#366);
#338=STYLED_ITEM('',(#20223),#367);
#339=STYLED_ITEM('',(#20223),#368);
#340=STYLED_ITEM('',(#20223),#369);
#341=STYLED_ITEM('',(#20223),#370);
#342=STYLED_ITEM('',(#20224),#371);
#343=STYLED_ITEM('',(#20225),#372);
#344=STYLED_ITEM('',(#20226),#373);
#345=STYLED_ITEM('',(#20226),#374);
#346=STYLED_ITEM('',(#20226),#375);
#347=STYLED_ITEM('',(#20226),#376);
#348=STYLED_ITEM('',(#20226),#377);
#349=STYLED_ITEM('',(#20226),#378);
#350=STYLED_ITEM('',(#20226),#379);
#351=STYLED_ITEM('',(#20226),#380);
#352=MANIFOLD_SOLID_BREP('Solid1',#11955);
#353=MANIFOLD_SOLID_BREP('Solid1',#11956);
#354=MANIFOLD_SOLID_BREP('Solid1',#11957);
#355=MANIFOLD_SOLID_BREP('Solid1',#11958);
#356=MANIFOLD_SOLID_BREP('Solid1',#11959);
#357=MANIFOLD_SOLID_BREP('Solid1',#11960);
#358=MANIFOLD_SOLID_BREP('Solid1',#11961);
#359=MANIFOLD_SOLID_BREP('Solid1',#11962);
#360=MANIFOLD_SOLID_BREP('Solid1',#11963);
#361=MANIFOLD_SOLID_BREP('Solid1',#11964);
#362=MANIFOLD_SOLID_BREP('Solid1',#11965);
#363=MANIFOLD_SOLID_BREP('Solid1',#11966);
#364=MANIFOLD_SOLID_BREP('Solid1',#11967);
#365=MANIFOLD_SOLID_BREP('Solid1',#11968);
#366=MANIFOLD_SOLID_BREP('Solid1',#11969);
#367=MANIFOLD_SOLID_BREP('Solid1',#11970);
#368=MANIFOLD_SOLID_BREP('Solid1',#11971);
#369=MANIFOLD_SOLID_BREP('Solid1',#11972);
#370=MANIFOLD_SOLID_BREP('Solid1',#11973);
#371=MANIFOLD_SOLID_BREP('Solid1',#11974);
#372=MANIFOLD_SOLID_BREP('Solid1',#11975);
#373=MANIFOLD_SOLID_BREP('Solid1',#11976);
#374=MANIFOLD_SOLID_BREP('Solid1',#11977);
#375=MANIFOLD_SOLID_BREP('Solid1',#11978);
#376=MANIFOLD_SOLID_BREP('Solid1',#11979);
#377=MANIFOLD_SOLID_BREP('Solid1',#11980);
#378=MANIFOLD_SOLID_BREP('Solid1',#11981);
#379=MANIFOLD_SOLID_BREP('Solid1',#11982);
#380=MANIFOLD_SOLID_BREP('Solid1',#11983);
#381=CIRCLE('',#11987,0.2);
#382=CIRCLE('',#11988,0.2);
#383=CIRCLE('',#11990,0.2);
#384=CIRCLE('',#11991,0.2);
#385=CIRCLE('',#12001,0.3);
#386=CIRCLE('',#12002,1.);
#387=CIRCLE('',#12005,1.);
#388=CIRCLE('',#12006,0.3);
#389=CIRCLE('',#12016,0.2);
#390=CIRCLE('',#12017,0.2);
#391=CIRCLE('',#12019,0.2);
#392=CIRCLE('',#12020,0.2);
#393=CIRCLE('',#12030,0.3);
#394=CIRCLE('',#12031,1.);
#395=CIRCLE('',#12034,1.);
#396=CIRCLE('',#12035,0.3);
#397=CIRCLE('',#12045,1.);
#398=CIRCLE('',#12046,0.3);
#399=CIRCLE('',#12057,0.3);
#400=CIRCLE('',#12059,1.);
#401=CIRCLE('',#12077,1.);
#402=CIRCLE('',#12078,1.);
#403=CIRCLE('',#12083,0.3);
#404=CIRCLE('',#12085,0.3);
#405=CIRCLE('',#12099,1.);
#406=CIRCLE('',#12100,0.3);
#407=CIRCLE('',#12111,0.3);
#408=CIRCLE('',#12113,1.);
#409=CIRCLE('',#12131,1.);
#410=CIRCLE('',#12132,1.);
#411=CIRCLE('',#12137,0.3);
#412=CIRCLE('',#12139,0.3);
#413=CIRCLE('',#12153,1.);
#414=CIRCLE('',#12154,0.3);
#415=CIRCLE('',#12165,0.3);
#416=CIRCLE('',#12167,1.);
#417=CIRCLE('',#12185,1.);
#418=CIRCLE('',#12186,1.);
#419=CIRCLE('',#12191,0.3);
#420=CIRCLE('',#12193,0.3);
#421=CIRCLE('',#12207,1.);
#422=CIRCLE('',#12208,0.3);
#423=CIRCLE('',#12219,0.3);
#424=CIRCLE('',#12221,1.);
#425=CIRCLE('',#12239,1.);
#426=CIRCLE('',#12240,1.);
#427=CIRCLE('',#12245,0.3);
#428=CIRCLE('',#12247,0.3);
#429=CIRCLE('',#12261,1.);
#430=CIRCLE('',#12262,0.3);
#431=CIRCLE('',#12273,0.3);
#432=CIRCLE('',#12275,1.);
#433=CIRCLE('',#12293,1.);
#434=CIRCLE('',#12294,1.);
#435=CIRCLE('',#12299,0.3);
#436=CIRCLE('',#12301,0.3);
#437=CIRCLE('',#12315,1.);
#438=CIRCLE('',#12316,0.3);
#439=CIRCLE('',#12327,0.3);
#440=CIRCLE('',#12329,1.);
#441=CIRCLE('',#12342,0.2);
#442=CIRCLE('',#12343,0.2);
#443=CIRCLE('',#12345,0.2);
#444=CIRCLE('',#12346,0.2);
#445=CIRCLE('',#12356,0.3);
#446=CIRCLE('',#12357,1.);
#447=CIRCLE('',#12360,1.);
#448=CIRCLE('',#12361,0.3);
#449=CIRCLE('',#12371,1.);
#450=CIRCLE('',#12372,0.3);
#451=CIRCLE('',#12383,0.3);
#452=CIRCLE('',#12385,1.);
#453=CIRCLE('',#12398,0.2);
#454=CIRCLE('',#12399,0.2);
#455=CIRCLE('',#12401,0.2);
#456=CIRCLE('',#12402,0.2);
#457=CIRCLE('',#12412,0.3);
#458=CIRCLE('',#12413,1.);
#459=CIRCLE('',#12416,1.);
#460=CIRCLE('',#12417,0.3);
#461=CIRCLE('',#12427,1.);
#462=CIRCLE('',#12428,0.3);
#463=CIRCLE('',#12439,0.3);
#464=CIRCLE('',#12441,1.);
#465=CIRCLE('',#12454,0.2);
#466=CIRCLE('',#12455,0.2);
#467=CIRCLE('',#12457,0.2);
#468=CIRCLE('',#12458,0.2);
#469=CIRCLE('',#12468,0.3);
#470=CIRCLE('',#12469,1.);
#471=CIRCLE('',#12472,1.);
#472=CIRCLE('',#12473,0.3);
#473=CIRCLE('',#12483,1.);
#474=CIRCLE('',#12484,0.3);
#475=CIRCLE('',#12495,0.3);
#476=CIRCLE('',#12497,1.);
#477=CIRCLE('',#12522,0.999999999999999);
#478=CIRCLE('',#12523,0.999999999999999);
#479=CIRCLE('',#12526,1.);
#480=CIRCLE('',#12527,1.);
#481=CIRCLE('',#12530,1.);
#482=CIRCLE('',#12531,1.);
#483=CIRCLE('',#12534,1.);
#484=CIRCLE('',#12535,1.);
#485=CIRCLE('',#12543,1.);
#486=CIRCLE('',#12544,1.);
#487=CIRCLE('',#12547,0.999999999999999);
#488=CIRCLE('',#12548,0.999999999999999);
#489=CIRCLE('',#12551,1.);
#490=CIRCLE('',#12552,1.);
#491=CIRCLE('',#12555,1.);
#492=CIRCLE('',#12556,1.);
#493=CIRCLE('',#12564,0.299999999999998);
#494=CIRCLE('',#12567,0.300000000000001);
#495=CIRCLE('',#12571,0.3);
#496=CIRCLE('',#12572,0.3);
#497=CIRCLE('',#12574,0.3);
#498=CIRCLE('',#12575,1.85);
#499=CIRCLE('',#12576,1.55);
#500=CIRCLE('',#12578,0.3);
#501=CIRCLE('',#12580,0.300000000000001);
#502=CIRCLE('',#12582,0.299999999999998);
#503=CIRCLE('',#12587,0.3);
#504=CIRCLE('',#12589,0.300000000000001);
#505=CIRCLE('',#12591,0.3);
#506=CIRCLE('',#12592,0.3);
#507=CIRCLE('',#12594,0.3);
#508=CIRCLE('',#12595,1.85);
#509=CIRCLE('',#12596,1.55);
#510=CIRCLE('',#12598,0.3);
#511=CIRCLE('',#12600,0.3);
#512=CIRCLE('',#12602,0.3);
#513=CIRCLE('',#12605,0.554310431867506);
#514=CIRCLE('',#12606,0.554310431867506);
#515=CIRCLE('',#12607,1.85);
#516=CIRCLE('',#12608,0.554310431867506);
#517=CIRCLE('',#12609,0.554310431867506);
#518=CIRCLE('',#12611,0.3);
#519=CIRCLE('',#12616,0.3);
#520=CIRCLE('',#12618,0.300000000000003);
#521=CIRCLE('',#12621,0.300000000000001);
#522=CIRCLE('',#12625,0.3);
#523=CIRCLE('',#12626,0.3);
#524=CIRCLE('',#12628,0.3);
#525=CIRCLE('',#12629,1.55);
#526=CIRCLE('',#12631,0.3);
#527=CIRCLE('',#12633,0.300000000000001);
#528=CIRCLE('',#12635,0.299999999999998);
#529=CIRCLE('',#12640,0.3);
#530=CIRCLE('',#12642,0.300000000000001);
#531=CIRCLE('',#12644,0.3);
#532=CIRCLE('',#12645,0.3);
#533=CIRCLE('',#12647,0.3);
#534=CIRCLE('',#12648,1.85);
#535=CIRCLE('',#12649,1.55);
#536=CIRCLE('',#12651,0.3);
#537=CIRCLE('',#12653,0.3);
#538=CIRCLE('',#12655,0.3);
#539=CIRCLE('',#12658,0.3);
#540=CIRCLE('',#12663,0.299999999999998);
#541=CIRCLE('',#12668,0.166391074308882);
#542=CIRCLE('',#12669,0.166391074308882);
#543=CIRCLE('',#12670,0.166391074308882);
#544=CIRCLE('',#12671,0.166391074308882);
#545=CIRCLE('',#12673,0.3);
#546=CIRCLE('',#12678,0.299999999999998);
#547=CIRCLE('',#12682,0.3);
#548=CIRCLE('',#12687,0.3);
#549=CIRCLE('',#12689,0.3);
#550=CIRCLE('',#12690,0.461833400212543);
#551=CIRCLE('',#12692,0.3);
#552=CIRCLE('',#12693,0.461833400212543);
#553=CIRCLE('',#12694,0.3);
#554=CIRCLE('',#12695,0.461833400212543);
#555=CIRCLE('',#12697,0.3);
#556=CIRCLE('',#12698,0.461833400212543);
#557=CIRCLE('',#12701,1.);
#558=CIRCLE('',#12703,1.);
#559=CIRCLE('',#12705,0.3);
#560=CIRCLE('',#12706,0.84975275777117);
#561=CIRCLE('',#12708,0.3);
#562=CIRCLE('',#12710,0.84975275777117);
#563=CIRCLE('',#12712,0.3);
#564=CIRCLE('',#12713,0.84975275777117);
#565=CIRCLE('',#12715,0.3);
#566=CIRCLE('',#12717,0.84975275777117);
#567=CIRCLE('',#12720,1.);
#568=CIRCLE('',#12722,1.);
#569=CIRCLE('',#12725,1.);
#570=CIRCLE('',#12727,1.);
#571=CIRCLE('',#12729,1.);
#572=CIRCLE('',#12731,1.);
#573=CIRCLE('',#12764,0.836119288875774);
#574=CIRCLE('',#12765,0.836119288875774);
#575=CYLINDRICAL_SURFACE('',#11986,0.2);
#576=CYLINDRICAL_SURFACE('',#11989,0.2);
#577=CYLINDRICAL_SURFACE('',#12008,0.3);
#578=CYLINDRICAL_SURFACE('',#12009,1.);
#579=CYLINDRICAL_SURFACE('',#12015,0.2);
#580=CYLINDRICAL_SURFACE('',#12018,0.2);
#581=CYLINDRICAL_SURFACE('',#12037,0.3);
#582=CYLINDRICAL_SURFACE('',#12038,1.);
#583=CYLINDRICAL_SURFACE('',#12056,0.3);
#584=CYLINDRICAL_SURFACE('',#12063,1.);
#585=CYLINDRICAL_SURFACE('',#12076,1.);
#586=CYLINDRICAL_SURFACE('',#12084,0.3);
#587=CYLINDRICAL_SURFACE('',#12110,0.3);
#588=CYLINDRICAL_SURFACE('',#12117,1.);
#589=CYLINDRICAL_SURFACE('',#12130,1.);
#590=CYLINDRICAL_SURFACE('',#12138,0.3);
#591=CYLINDRICAL_SURFACE('',#12164,0.3);
#592=CYLINDRICAL_SURFACE('',#12171,1.);
#593=CYLINDRICAL_SURFACE('',#12184,1.);
#594=CYLINDRICAL_SURFACE('',#12192,0.3);
#595=CYLINDRICAL_SURFACE('',#12218,0.3);
#596=CYLINDRICAL_SURFACE('',#12225,1.);
#597=CYLINDRICAL_SURFACE('',#12238,1.);
#598=CYLINDRICAL_SURFACE('',#12246,0.3);
#599=CYLINDRICAL_SURFACE('',#12272,0.3);
#600=CYLINDRICAL_SURFACE('',#12279,1.);
#601=CYLINDRICAL_SURFACE('',#12292,1.);
#602=CYLINDRICAL_SURFACE('',#12300,0.3);
#603=CYLINDRICAL_SURFACE('',#12326,0.3);
#604=CYLINDRICAL_SURFACE('',#12333,1.);
#605=CYLINDRICAL_SURFACE('',#12341,0.2);
#606=CYLINDRICAL_SURFACE('',#12344,0.2);
#607=CYLINDRICAL_SURFACE('',#12363,0.3);
#608=CYLINDRICAL_SURFACE('',#12364,1.);
#609=CYLINDRICAL_SURFACE('',#12382,0.3);
#610=CYLINDRICAL_SURFACE('',#12389,1.);
#611=CYLINDRICAL_SURFACE('',#12397,0.2);
#612=CYLINDRICAL_SURFACE('',#12400,0.2);
#613=CYLINDRICAL_SURFACE('',#12419,0.3);
#614=CYLINDRICAL_SURFACE('',#12420,1.);
#615=CYLINDRICAL_SURFACE('',#12438,0.3);
#616=CYLINDRICAL_SURFACE('',#12445,1.);
#617=CYLINDRICAL_SURFACE('',#12453,0.2);
#618=CYLINDRICAL_SURFACE('',#12456,0.2);
#619=CYLINDRICAL_SURFACE('',#12475,0.3);
#620=CYLINDRICAL_SURFACE('',#12476,1.);
#621=CYLINDRICAL_SURFACE('',#12494,0.3);
#622=CYLINDRICAL_SURFACE('',#12501,1.);
#623=CYLINDRICAL_SURFACE('',#12521,0.999999999999999);
#624=CYLINDRICAL_SURFACE('',#12525,1.);
#625=CYLINDRICAL_SURFACE('',#12529,1.);
#626=CYLINDRICAL_SURFACE('',#12533,1.);
#627=CYLINDRICAL_SURFACE('',#12542,1.);
#628=CYLINDRICAL_SURFACE('',#12546,0.999999999999999);
#629=CYLINDRICAL_SURFACE('',#12550,1.);
#630=CYLINDRICAL_SURFACE('',#12554,1.);
#631=CYLINDRICAL_SURFACE('',#12563,0.3);
#632=CYLINDRICAL_SURFACE('',#12566,0.3);
#633=CYLINDRICAL_SURFACE('',#12569,0.3);
#634=CYLINDRICAL_SURFACE('',#12570,0.3);
#635=CYLINDRICAL_SURFACE('',#12577,0.3);
#636=CYLINDRICAL_SURFACE('',#12581,0.3);
#637=CYLINDRICAL_SURFACE('',#12584,0.3);
#638=CYLINDRICAL_SURFACE('',#12586,0.3);
#639=CYLINDRICAL_SURFACE('',#12590,0.3);
#640=CYLINDRICAL_SURFACE('',#12597,0.3);
#641=CYLINDRICAL_SURFACE('',#12610,0.3);
#642=CYLINDRICAL_SURFACE('',#12615,0.3);
#643=CYLINDRICAL_SURFACE('',#12617,0.3);
#644=CYLINDRICAL_SURFACE('',#12620,0.3);
#645=CYLINDRICAL_SURFACE('',#12623,0.3);
#646=CYLINDRICAL_SURFACE('',#12624,0.3);
#647=CYLINDRICAL_SURFACE('',#12630,0.3);
#648=CYLINDRICAL_SURFACE('',#12634,0.3);
#649=CYLINDRICAL_SURFACE('',#12637,0.3);
#650=CYLINDRICAL_SURFACE('',#12639,0.3);
#651=CYLINDRICAL_SURFACE('',#12643,0.3);
#652=CYLINDRICAL_SURFACE('',#12650,0.3);
#653=CYLINDRICAL_SURFACE('',#12657,0.3);
#654=CYLINDRICAL_SURFACE('',#12662,0.3);
#655=CYLINDRICAL_SURFACE('',#12665,1.55);
#656=CYLINDRICAL_SURFACE('',#12672,0.3);
#657=CYLINDRICAL_SURFACE('',#12677,0.3);
#658=CYLINDRICAL_SURFACE('',#12680,1.55);
#659=CYLINDRICAL_SURFACE('',#12681,0.3);
#660=CYLINDRICAL_SURFACE('',#12686,0.3);
#661=CYLINDRICAL_SURFACE('',#12691,0.3);
#662=CYLINDRICAL_SURFACE('',#12696,0.3);
#663=CYLINDRICAL_SURFACE('',#12707,0.3);
#664=CYLINDRICAL_SURFACE('',#12714,0.3);
#665=CYLINDRICAL_SURFACE('',#12728,1.);
#666=CYLINDRICAL_SURFACE('',#12730,1.);
#667=CYLINDRICAL_SURFACE('',#12735,1.);
#668=CYLINDRICAL_SURFACE('',#12736,1.);
#669=CYLINDRICAL_SURFACE('',#12763,0.836119288875774);
#670=FACE_OUTER_BOUND('',#1328,.T.);
#671=FACE_OUTER_BOUND('',#1329,.T.);
#672=FACE_OUTER_BOUND('',#1330,.T.);
#673=FACE_OUTER_BOUND('',#1331,.T.);
#674=FACE_OUTER_BOUND('',#1332,.T.);
#675=FACE_OUTER_BOUND('',#1333,.T.);
#676=FACE_OUTER_BOUND('',#1334,.T.);
#677=FACE_OUTER_BOUND('',#1335,.T.);
#678=FACE_OUTER_BOUND('',#1336,.T.);
#679=FACE_OUTER_BOUND('',#1337,.T.);
#680=FACE_OUTER_BOUND('',#1338,.T.);
#681=FACE_OUTER_BOUND('',#1339,.T.);
#682=FACE_OUTER_BOUND('',#1340,.T.);
#683=FACE_OUTER_BOUND('',#1341,.T.);
#684=FACE_OUTER_BOUND('',#1342,.T.);
#685=FACE_OUTER_BOUND('',#1343,.T.);
#686=FACE_OUTER_BOUND('',#1344,.T.);
#687=FACE_OUTER_BOUND('',#1345,.T.);
#688=FACE_OUTER_BOUND('',#1346,.T.);
#689=FACE_OUTER_BOUND('',#1347,.T.);
#690=FACE_OUTER_BOUND('',#1348,.T.);
#691=FACE_OUTER_BOUND('',#1349,.T.);
#692=FACE_OUTER_BOUND('',#1350,.T.);
#693=FACE_OUTER_BOUND('',#1351,.T.);
#694=FACE_OUTER_BOUND('',#1352,.T.);
#695=FACE_OUTER_BOUND('',#1353,.T.);
#696=FACE_OUTER_BOUND('',#1354,.T.);
#697=FACE_OUTER_BOUND('',#1355,.T.);
#698=FACE_OUTER_BOUND('',#1356,.T.);
#699=FACE_OUTER_BOUND('',#1357,.T.);
#700=FACE_OUTER_BOUND('',#1358,.T.);
#701=FACE_OUTER_BOUND('',#1359,.T.);
#702=FACE_OUTER_BOUND('',#1360,.T.);
#703=FACE_OUTER_BOUND('',#1361,.T.);
#704=FACE_OUTER_BOUND('',#1362,.T.);
#705=FACE_OUTER_BOUND('',#1363,.T.);
#706=FACE_OUTER_BOUND('',#1364,.T.);
#707=FACE_OUTER_BOUND('',#1365,.T.);
#708=FACE_OUTER_BOUND('',#1366,.T.);
#709=FACE_OUTER_BOUND('',#1367,.T.);
#710=FACE_OUTER_BOUND('',#1368,.T.);
#711=FACE_OUTER_BOUND('',#1369,.T.);
#712=FACE_OUTER_BOUND('',#1370,.T.);
#713=FACE_OUTER_BOUND('',#1371,.T.);
#714=FACE_OUTER_BOUND('',#1372,.T.);
#715=FACE_OUTER_BOUND('',#1373,.T.);
#716=FACE_OUTER_BOUND('',#1374,.T.);
#717=FACE_OUTER_BOUND('',#1375,.T.);
#718=FACE_OUTER_BOUND('',#1376,.T.);
#719=FACE_OUTER_BOUND('',#1377,.T.);
#720=FACE_OUTER_BOUND('',#1378,.T.);
#721=FACE_OUTER_BOUND('',#1379,.T.);
#722=FACE_OUTER_BOUND('',#1380,.T.);
#723=FACE_OUTER_BOUND('',#1381,.T.);
#724=FACE_OUTER_BOUND('',#1382,.T.);
#725=FACE_OUTER_BOUND('',#1383,.T.);
#726=FACE_OUTER_BOUND('',#1384,.T.);
#727=FACE_OUTER_BOUND('',#1385,.T.);
#728=FACE_OUTER_BOUND('',#1386,.T.);
#729=FACE_OUTER_BOUND('',#1387,.T.);
#730=FACE_OUTER_BOUND('',#1388,.T.);
#731=FACE_OUTER_BOUND('',#1389,.T.);
#732=FACE_OUTER_BOUND('',#1390,.T.);
#733=FACE_OUTER_BOUND('',#1391,.T.);
#734=FACE_OUTER_BOUND('',#1392,.T.);
#735=FACE_OUTER_BOUND('',#1393,.T.);
#736=FACE_OUTER_BOUND('',#1394,.T.);
#737=FACE_OUTER_BOUND('',#1395,.T.);
#738=FACE_OUTER_BOUND('',#1396,.T.);
#739=FACE_OUTER_BOUND('',#1397,.T.);
#740=FACE_OUTER_BOUND('',#1398,.T.);
#741=FACE_OUTER_BOUND('',#1399,.T.);
#742=FACE_OUTER_BOUND('',#1400,.T.);
#743=FACE_OUTER_BOUND('',#1401,.T.);
#744=FACE_OUTER_BOUND('',#1402,.T.);
#745=FACE_OUTER_BOUND('',#1403,.T.);
#746=FACE_OUTER_BOUND('',#1404,.T.);
#747=FACE_OUTER_BOUND('',#1405,.T.);
#748=FACE_OUTER_BOUND('',#1406,.T.);
#749=FACE_OUTER_BOUND('',#1407,.T.);
#750=FACE_OUTER_BOUND('',#1408,.T.);
#751=FACE_OUTER_BOUND('',#1409,.T.);
#752=FACE_OUTER_BOUND('',#1410,.T.);
#753=FACE_OUTER_BOUND('',#1411,.T.);
#754=FACE_OUTER_BOUND('',#1412,.T.);
#755=FACE_OUTER_BOUND('',#1413,.T.);
#756=FACE_OUTER_BOUND('',#1414,.T.);
#757=FACE_OUTER_BOUND('',#1415,.T.);
#758=FACE_OUTER_BOUND('',#1416,.T.);
#759=FACE_OUTER_BOUND('',#1417,.T.);
#760=FACE_OUTER_BOUND('',#1418,.T.);
#761=FACE_OUTER_BOUND('',#1419,.T.);
#762=FACE_OUTER_BOUND('',#1420,.T.);
#763=FACE_OUTER_BOUND('',#1421,.T.);
#764=FACE_OUTER_BOUND('',#1422,.T.);
#765=FACE_OUTER_BOUND('',#1423,.T.);
#766=FACE_OUTER_BOUND('',#1424,.T.);
#767=FACE_OUTER_BOUND('',#1425,.T.);
#768=FACE_OUTER_BOUND('',#1426,.T.);
#769=FACE_OUTER_BOUND('',#1427,.T.);
#770=FACE_OUTER_BOUND('',#1428,.T.);
#771=FACE_OUTER_BOUND('',#1429,.T.);
#772=FACE_OUTER_BOUND('',#1430,.T.);
#773=FACE_OUTER_BOUND('',#1431,.T.);
#774=FACE_OUTER_BOUND('',#1432,.T.);
#775=FACE_OUTER_BOUND('',#1433,.T.);
#776=FACE_OUTER_BOUND('',#1434,.T.);
#777=FACE_OUTER_BOUND('',#1435,.T.);
#778=FACE_OUTER_BOUND('',#1436,.T.);
#779=FACE_OUTER_BOUND('',#1437,.T.);
#780=FACE_OUTER_BOUND('',#1438,.T.);
#781=FACE_OUTER_BOUND('',#1439,.T.);
#782=FACE_OUTER_BOUND('',#1440,.T.);
#783=FACE_OUTER_BOUND('',#1441,.T.);
#784=FACE_OUTER_BOUND('',#1442,.T.);
#785=FACE_OUTER_BOUND('',#1443,.T.);
#786=FACE_OUTER_BOUND('',#1444,.T.);
#787=FACE_OUTER_BOUND('',#1445,.T.);
#788=FACE_OUTER_BOUND('',#1446,.T.);
#789=FACE_OUTER_BOUND('',#1447,.T.);
#790=FACE_OUTER_BOUND('',#1448,.T.);
#791=FACE_OUTER_BOUND('',#1449,.T.);
#792=FACE_OUTER_BOUND('',#1450,.T.);
#793=FACE_OUTER_BOUND('',#1451,.T.);
#794=FACE_OUTER_BOUND('',#1452,.T.);
#795=FACE_OUTER_BOUND('',#1453,.T.);
#796=FACE_OUTER_BOUND('',#1454,.T.);
#797=FACE_OUTER_BOUND('',#1455,.T.);
#798=FACE_OUTER_BOUND('',#1456,.T.);
#799=FACE_OUTER_BOUND('',#1457,.T.);
#800=FACE_OUTER_BOUND('',#1458,.T.);
#801=FACE_OUTER_BOUND('',#1459,.T.);
#802=FACE_OUTER_BOUND('',#1460,.T.);
#803=FACE_OUTER_BOUND('',#1461,.T.);
#804=FACE_OUTER_BOUND('',#1462,.T.);
#805=FACE_OUTER_BOUND('',#1463,.T.);
#806=FACE_OUTER_BOUND('',#1464,.T.);
#807=FACE_OUTER_BOUND('',#1465,.T.);
#808=FACE_OUTER_BOUND('',#1466,.T.);
#809=FACE_OUTER_BOUND('',#1467,.T.);
#810=FACE_OUTER_BOUND('',#1468,.T.);
#811=FACE_OUTER_BOUND('',#1469,.T.);
#812=FACE_OUTER_BOUND('',#1470,.T.);
#813=FACE_OUTER_BOUND('',#1471,.T.);
#814=FACE_OUTER_BOUND('',#1472,.T.);
#815=FACE_OUTER_BOUND('',#1473,.T.);
#816=FACE_OUTER_BOUND('',#1474,.T.);
#817=FACE_OUTER_BOUND('',#1475,.T.);
#818=FACE_OUTER_BOUND('',#1476,.T.);
#819=FACE_OUTER_BOUND('',#1477,.T.);
#820=FACE_OUTER_BOUND('',#1478,.T.);
#821=FACE_OUTER_BOUND('',#1479,.T.);
#822=FACE_OUTER_BOUND('',#1480,.T.);
#823=FACE_OUTER_BOUND('',#1481,.T.);
#824=FACE_OUTER_BOUND('',#1482,.T.);
#825=FACE_OUTER_BOUND('',#1483,.T.);
#826=FACE_OUTER_BOUND('',#1484,.T.);
#827=FACE_OUTER_BOUND('',#1485,.T.);
#828=FACE_OUTER_BOUND('',#1486,.T.);
#829=FACE_OUTER_BOUND('',#1487,.T.);
#830=FACE_OUTER_BOUND('',#1488,.T.);
#831=FACE_OUTER_BOUND('',#1489,.T.);
#832=FACE_OUTER_BOUND('',#1490,.T.);
#833=FACE_OUTER_BOUND('',#1491,.T.);
#834=FACE_OUTER_BOUND('',#1492,.T.);
#835=FACE_OUTER_BOUND('',#1493,.T.);
#836=FACE_OUTER_BOUND('',#1494,.T.);
#837=FACE_OUTER_BOUND('',#1495,.T.);
#838=FACE_OUTER_BOUND('',#1496,.T.);
#839=FACE_OUTER_BOUND('',#1497,.T.);
#840=FACE_OUTER_BOUND('',#1498,.T.);
#841=FACE_OUTER_BOUND('',#1499,.T.);
#842=FACE_OUTER_BOUND('',#1500,.T.);
#843=FACE_OUTER_BOUND('',#1501,.T.);
#844=FACE_OUTER_BOUND('',#1502,.T.);
#845=FACE_OUTER_BOUND('',#1503,.T.);
#846=FACE_OUTER_BOUND('',#1504,.T.);
#847=FACE_OUTER_BOUND('',#1505,.T.);
#848=FACE_OUTER_BOUND('',#1506,.T.);
#849=FACE_OUTER_BOUND('',#1507,.T.);
#850=FACE_OUTER_BOUND('',#1508,.T.);
#851=FACE_OUTER_BOUND('',#1509,.T.);
#852=FACE_OUTER_BOUND('',#1510,.T.);
#853=FACE_OUTER_BOUND('',#1511,.T.);
#854=FACE_OUTER_BOUND('',#1512,.T.);
#855=FACE_OUTER_BOUND('',#1513,.T.);
#856=FACE_OUTER_BOUND('',#1514,.T.);
#857=FACE_OUTER_BOUND('',#1515,.T.);
#858=FACE_OUTER_BOUND('',#1516,.T.);
#859=FACE_OUTER_BOUND('',#1517,.T.);
#860=FACE_OUTER_BOUND('',#1518,.T.);
#861=FACE_OUTER_BOUND('',#1519,.T.);
#862=FACE_OUTER_BOUND('',#1520,.T.);
#863=FACE_OUTER_BOUND('',#1521,.T.);
#864=FACE_OUTER_BOUND('',#1522,.T.);
#865=FACE_OUTER_BOUND('',#1523,.T.);
#866=FACE_OUTER_BOUND('',#1524,.T.);
#867=FACE_OUTER_BOUND('',#1525,.T.);
#868=FACE_OUTER_BOUND('',#1526,.T.);
#869=FACE_OUTER_BOUND('',#1527,.T.);
#870=FACE_OUTER_BOUND('',#1528,.T.);
#871=FACE_OUTER_BOUND('',#1529,.T.);
#872=FACE_OUTER_BOUND('',#1530,.T.);
#873=FACE_OUTER_BOUND('',#1531,.T.);
#874=FACE_OUTER_BOUND('',#1532,.T.);
#875=FACE_OUTER_BOUND('',#1533,.T.);
#876=FACE_OUTER_BOUND('',#1534,.T.);
#877=FACE_OUTER_BOUND('',#1535,.T.);
#878=FACE_OUTER_BOUND('',#1536,.T.);
#879=FACE_OUTER_BOUND('',#1537,.T.);
#880=FACE_OUTER_BOUND('',#1538,.T.);
#881=FACE_OUTER_BOUND('',#1539,.T.);
#882=FACE_OUTER_BOUND('',#1540,.T.);
#883=FACE_OUTER_BOUND('',#1541,.T.);
#884=FACE_OUTER_BOUND('',#1542,.T.);
#885=FACE_OUTER_BOUND('',#1543,.T.);
#886=FACE_OUTER_BOUND('',#1544,.T.);
#887=FACE_OUTER_BOUND('',#1545,.T.);
#888=FACE_OUTER_BOUND('',#1546,.T.);
#889=FACE_OUTER_BOUND('',#1547,.T.);
#890=FACE_OUTER_BOUND('',#1548,.T.);
#891=FACE_OUTER_BOUND('',#1549,.T.);
#892=FACE_OUTER_BOUND('',#1550,.T.);
#893=FACE_OUTER_BOUND('',#1551,.T.);
#894=FACE_OUTER_BOUND('',#1552,.T.);
#895=FACE_OUTER_BOUND('',#1553,.T.);
#896=FACE_OUTER_BOUND('',#1554,.T.);
#897=FACE_OUTER_BOUND('',#1555,.T.);
#898=FACE_OUTER_BOUND('',#1556,.T.);
#899=FACE_OUTER_BOUND('',#1557,.T.);
#900=FACE_OUTER_BOUND('',#1558,.T.);
#901=FACE_OUTER_BOUND('',#1559,.T.);
#902=FACE_OUTER_BOUND('',#1560,.T.);
#903=FACE_OUTER_BOUND('',#1561,.T.);
#904=FACE_OUTER_BOUND('',#1562,.T.);
#905=FACE_OUTER_BOUND('',#1563,.T.);
#906=FACE_OUTER_BOUND('',#1564,.T.);
#907=FACE_OUTER_BOUND('',#1565,.T.);
#908=FACE_OUTER_BOUND('',#1566,.T.);
#909=FACE_OUTER_BOUND('',#1567,.T.);
#910=FACE_OUTER_BOUND('',#1568,.T.);
#911=FACE_OUTER_BOUND('',#1569,.T.);
#912=FACE_OUTER_BOUND('',#1570,.T.);
#913=FACE_OUTER_BOUND('',#1571,.T.);
#914=FACE_OUTER_BOUND('',#1572,.T.);
#915=FACE_OUTER_BOUND('',#1573,.T.);
#916=FACE_OUTER_BOUND('',#1574,.T.);
#917=FACE_OUTER_BOUND('',#1575,.T.);
#918=FACE_OUTER_BOUND('',#1576,.T.);
#919=FACE_OUTER_BOUND('',#1577,.T.);
#920=FACE_OUTER_BOUND('',#1578,.T.);
#921=FACE_OUTER_BOUND('',#1579,.T.);
#922=FACE_OUTER_BOUND('',#1580,.T.);
#923=FACE_OUTER_BOUND('',#1581,.T.);
#924=FACE_OUTER_BOUND('',#1582,.T.);
#925=FACE_OUTER_BOUND('',#1583,.T.);
#926=FACE_OUTER_BOUND('',#1584,.T.);
#927=FACE_OUTER_BOUND('',#1585,.T.);
#928=FACE_OUTER_BOUND('',#1586,.T.);
#929=FACE_OUTER_BOUND('',#1587,.T.);
#930=FACE_OUTER_BOUND('',#1588,.T.);
#931=FACE_OUTER_BOUND('',#1589,.T.);
#932=FACE_OUTER_BOUND('',#1590,.T.);
#933=FACE_OUTER_BOUND('',#1591,.T.);
#934=FACE_OUTER_BOUND('',#1592,.T.);
#935=FACE_OUTER_BOUND('',#1593,.T.);
#936=FACE_OUTER_BOUND('',#1594,.T.);
#937=FACE_OUTER_BOUND('',#1595,.T.);
#938=FACE_OUTER_BOUND('',#1596,.T.);
#939=FACE_OUTER_BOUND('',#1597,.T.);
#940=FACE_OUTER_BOUND('',#1598,.T.);
#941=FACE_OUTER_BOUND('',#1599,.T.);
#942=FACE_OUTER_BOUND('',#1600,.T.);
#943=FACE_OUTER_BOUND('',#1601,.T.);
#944=FACE_OUTER_BOUND('',#1602,.T.);
#945=FACE_OUTER_BOUND('',#1603,.T.);
#946=FACE_OUTER_BOUND('',#1604,.T.);
#947=FACE_OUTER_BOUND('',#1605,.T.);
#948=FACE_OUTER_BOUND('',#1606,.T.);
#949=FACE_OUTER_BOUND('',#1607,.T.);
#950=FACE_OUTER_BOUND('',#1608,.T.);
#951=FACE_OUTER_BOUND('',#1609,.T.);
#952=FACE_OUTER_BOUND('',#1610,.T.);
#953=FACE_OUTER_BOUND('',#1611,.T.);
#954=FACE_OUTER_BOUND('',#1612,.T.);
#955=FACE_OUTER_BOUND('',#1613,.T.);
#956=FACE_OUTER_BOUND('',#1614,.T.);
#957=FACE_OUTER_BOUND('',#1615,.T.);
#958=FACE_OUTER_BOUND('',#1616,.T.);
#959=FACE_OUTER_BOUND('',#1617,.T.);
#960=FACE_OUTER_BOUND('',#1618,.T.);
#961=FACE_OUTER_BOUND('',#1619,.T.);
#962=FACE_OUTER_BOUND('',#1620,.T.);
#963=FACE_OUTER_BOUND('',#1621,.T.);
#964=FACE_OUTER_BOUND('',#1622,.T.);
#965=FACE_OUTER_BOUND('',#1623,.T.);
#966=FACE_OUTER_BOUND('',#1624,.T.);
#967=FACE_OUTER_BOUND('',#1625,.T.);
#968=FACE_OUTER_BOUND('',#1626,.T.);
#969=FACE_OUTER_BOUND('',#1627,.T.);
#970=FACE_OUTER_BOUND('',#1628,.T.);
#971=FACE_OUTER_BOUND('',#1629,.T.);
#972=FACE_OUTER_BOUND('',#1630,.T.);
#973=FACE_OUTER_BOUND('',#1631,.T.);
#974=FACE_OUTER_BOUND('',#1632,.T.);
#975=FACE_OUTER_BOUND('',#1633,.T.);
#976=FACE_OUTER_BOUND('',#1634,.T.);
#977=FACE_OUTER_BOUND('',#1635,.T.);
#978=FACE_OUTER_BOUND('',#1636,.T.);
#979=FACE_OUTER_BOUND('',#1637,.T.);
#980=FACE_OUTER_BOUND('',#1638,.T.);
#981=FACE_OUTER_BOUND('',#1639,.T.);
#982=FACE_OUTER_BOUND('',#1640,.T.);
#983=FACE_OUTER_BOUND('',#1641,.T.);
#984=FACE_OUTER_BOUND('',#1642,.T.);
#985=FACE_OUTER_BOUND('',#1643,.T.);
#986=FACE_OUTER_BOUND('',#1644,.T.);
#987=FACE_OUTER_BOUND('',#1645,.T.);
#988=FACE_OUTER_BOUND('',#1646,.T.);
#989=FACE_OUTER_BOUND('',#1647,.T.);
#990=FACE_OUTER_BOUND('',#1648,.T.);
#991=FACE_OUTER_BOUND('',#1649,.T.);
#992=FACE_OUTER_BOUND('',#1650,.T.);
#993=FACE_OUTER_BOUND('',#1651,.T.);
#994=FACE_OUTER_BOUND('',#1652,.T.);
#995=FACE_OUTER_BOUND('',#1653,.T.);
#996=FACE_OUTER_BOUND('',#1654,.T.);
#997=FACE_OUTER_BOUND('',#1655,.T.);
#998=FACE_OUTER_BOUND('',#1656,.T.);
#999=FACE_OUTER_BOUND('',#1657,.T.);
#1000=FACE_OUTER_BOUND('',#1658,.T.);
#1001=FACE_OUTER_BOUND('',#1659,.T.);
#1002=FACE_OUTER_BOUND('',#1660,.T.);
#1003=FACE_OUTER_BOUND('',#1661,.T.);
#1004=FACE_OUTER_BOUND('',#1662,.T.);
#1005=FACE_OUTER_BOUND('',#1663,.T.);
#1006=FACE_OUTER_BOUND('',#1664,.T.);
#1007=FACE_OUTER_BOUND('',#1665,.T.);
#1008=FACE_OUTER_BOUND('',#1666,.T.);
#1009=FACE_OUTER_BOUND('',#1667,.T.);
#1010=FACE_OUTER_BOUND('',#1668,.T.);
#1011=FACE_OUTER_BOUND('',#1669,.T.);
#1012=FACE_OUTER_BOUND('',#1670,.T.);
#1013=FACE_OUTER_BOUND('',#1671,.T.);
#1014=FACE_OUTER_BOUND('',#1672,.T.);
#1015=FACE_OUTER_BOUND('',#1673,.T.);
#1016=FACE_OUTER_BOUND('',#1674,.T.);
#1017=FACE_OUTER_BOUND('',#1675,.T.);
#1018=FACE_OUTER_BOUND('',#1676,.T.);
#1019=FACE_OUTER_BOUND('',#1677,.T.);
#1020=FACE_OUTER_BOUND('',#1678,.T.);
#1021=FACE_OUTER_BOUND('',#1679,.T.);
#1022=FACE_OUTER_BOUND('',#1680,.T.);
#1023=FACE_OUTER_BOUND('',#1681,.T.);
#1024=FACE_OUTER_BOUND('',#1682,.T.);
#1025=FACE_OUTER_BOUND('',#1683,.T.);
#1026=FACE_OUTER_BOUND('',#1684,.T.);
#1027=FACE_OUTER_BOUND('',#1685,.T.);
#1028=FACE_OUTER_BOUND('',#1686,.T.);
#1029=FACE_OUTER_BOUND('',#1687,.T.);
#1030=FACE_OUTER_BOUND('',#1688,.T.);
#1031=FACE_OUTER_BOUND('',#1689,.T.);
#1032=FACE_OUTER_BOUND('',#1690,.T.);
#1033=FACE_OUTER_BOUND('',#1691,.T.);
#1034=FACE_OUTER_BOUND('',#1692,.T.);
#1035=FACE_OUTER_BOUND('',#1693,.T.);
#1036=FACE_OUTER_BOUND('',#1694,.T.);
#1037=FACE_OUTER_BOUND('',#1695,.T.);
#1038=FACE_OUTER_BOUND('',#1696,.T.);
#1039=FACE_OUTER_BOUND('',#1697,.T.);
#1040=FACE_OUTER_BOUND('',#1698,.T.);
#1041=FACE_OUTER_BOUND('',#1699,.T.);
#1042=FACE_OUTER_BOUND('',#1700,.T.);
#1043=FACE_OUTER_BOUND('',#1701,.T.);
#1044=FACE_OUTER_BOUND('',#1702,.T.);
#1045=FACE_OUTER_BOUND('',#1703,.T.);
#1046=FACE_OUTER_BOUND('',#1704,.T.);
#1047=FACE_OUTER_BOUND('',#1705,.T.);
#1048=FACE_OUTER_BOUND('',#1706,.T.);
#1049=FACE_OUTER_BOUND('',#1707,.T.);
#1050=FACE_OUTER_BOUND('',#1708,.T.);
#1051=FACE_OUTER_BOUND('',#1709,.T.);
#1052=FACE_OUTER_BOUND('',#1710,.T.);
#1053=FACE_OUTER_BOUND('',#1711,.T.);
#1054=FACE_OUTER_BOUND('',#1712,.T.);
#1055=FACE_OUTER_BOUND('',#1713,.T.);
#1056=FACE_OUTER_BOUND('',#1714,.T.);
#1057=FACE_OUTER_BOUND('',#1715,.T.);
#1058=FACE_OUTER_BOUND('',#1716,.T.);
#1059=FACE_OUTER_BOUND('',#1717,.T.);
#1060=FACE_OUTER_BOUND('',#1718,.T.);
#1061=FACE_OUTER_BOUND('',#1719,.T.);
#1062=FACE_OUTER_BOUND('',#1720,.T.);
#1063=FACE_OUTER_BOUND('',#1721,.T.);
#1064=FACE_OUTER_BOUND('',#1722,.T.);
#1065=FACE_OUTER_BOUND('',#1723,.T.);
#1066=FACE_OUTER_BOUND('',#1724,.T.);
#1067=FACE_OUTER_BOUND('',#1725,.T.);
#1068=FACE_OUTER_BOUND('',#1726,.T.);
#1069=FACE_OUTER_BOUND('',#1727,.T.);
#1070=FACE_OUTER_BOUND('',#1728,.T.);
#1071=FACE_OUTER_BOUND('',#1729,.T.);
#1072=FACE_OUTER_BOUND('',#1730,.T.);
#1073=FACE_OUTER_BOUND('',#1731,.T.);
#1074=FACE_OUTER_BOUND('',#1732,.T.);
#1075=FACE_OUTER_BOUND('',#1733,.T.);
#1076=FACE_OUTER_BOUND('',#1734,.T.);
#1077=FACE_OUTER_BOUND('',#1735,.T.);
#1078=FACE_OUTER_BOUND('',#1736,.T.);
#1079=FACE_OUTER_BOUND('',#1737,.T.);
#1080=FACE_OUTER_BOUND('',#1738,.T.);
#1081=FACE_OUTER_BOUND('',#1739,.T.);
#1082=FACE_OUTER_BOUND('',#1740,.T.);
#1083=FACE_OUTER_BOUND('',#1741,.T.);
#1084=FACE_OUTER_BOUND('',#1742,.T.);
#1085=FACE_OUTER_BOUND('',#1743,.T.);
#1086=FACE_OUTER_BOUND('',#1744,.T.);
#1087=FACE_OUTER_BOUND('',#1745,.T.);
#1088=FACE_OUTER_BOUND('',#1746,.T.);
#1089=FACE_OUTER_BOUND('',#1747,.T.);
#1090=FACE_OUTER_BOUND('',#1748,.T.);
#1091=FACE_OUTER_BOUND('',#1749,.T.);
#1092=FACE_OUTER_BOUND('',#1750,.T.);
#1093=FACE_OUTER_BOUND('',#1751,.T.);
#1094=FACE_OUTER_BOUND('',#1752,.T.);
#1095=FACE_OUTER_BOUND('',#1753,.T.);
#1096=FACE_OUTER_BOUND('',#1754,.T.);
#1097=FACE_OUTER_BOUND('',#1755,.T.);
#1098=FACE_OUTER_BOUND('',#1756,.T.);
#1099=FACE_OUTER_BOUND('',#1757,.T.);
#1100=FACE_OUTER_BOUND('',#1758,.T.);
#1101=FACE_OUTER_BOUND('',#1759,.T.);
#1102=FACE_OUTER_BOUND('',#1760,.T.);
#1103=FACE_OUTER_BOUND('',#1761,.T.);
#1104=FACE_OUTER_BOUND('',#1762,.T.);
#1105=FACE_OUTER_BOUND('',#1763,.T.);
#1106=FACE_OUTER_BOUND('',#1764,.T.);
#1107=FACE_OUTER_BOUND('',#1765,.T.);
#1108=FACE_OUTER_BOUND('',#1766,.T.);
#1109=FACE_OUTER_BOUND('',#1768,.T.);
#1110=FACE_OUTER_BOUND('',#1769,.T.);
#1111=FACE_OUTER_BOUND('',#1771,.T.);
#1112=FACE_OUTER_BOUND('',#1772,.T.);
#1113=FACE_OUTER_BOUND('',#1774,.T.);
#1114=FACE_OUTER_BOUND('',#1775,.T.);
#1115=FACE_OUTER_BOUND('',#1777,.T.);
#1116=FACE_OUTER_BOUND('',#1778,.T.);
#1117=FACE_OUTER_BOUND('',#1779,.T.);
#1118=FACE_OUTER_BOUND('',#1780,.T.);
#1119=FACE_OUTER_BOUND('',#1781,.T.);
#1120=FACE_OUTER_BOUND('',#1782,.T.);
#1121=FACE_OUTER_BOUND('',#1783,.T.);
#1122=FACE_OUTER_BOUND('',#1785,.T.);
#1123=FACE_OUTER_BOUND('',#1786,.T.);
#1124=FACE_OUTER_BOUND('',#1788,.T.);
#1125=FACE_OUTER_BOUND('',#1789,.T.);
#1126=FACE_OUTER_BOUND('',#1791,.T.);
#1127=FACE_OUTER_BOUND('',#1792,.T.);
#1128=FACE_OUTER_BOUND('',#1794,.T.);
#1129=FACE_OUTER_BOUND('',#1795,.T.);
#1130=FACE_OUTER_BOUND('',#1796,.T.);
#1131=FACE_OUTER_BOUND('',#1797,.T.);
#1132=FACE_OUTER_BOUND('',#1798,.T.);
#1133=FACE_OUTER_BOUND('',#1799,.T.);
#1134=FACE_OUTER_BOUND('',#1800,.T.);
#1135=FACE_OUTER_BOUND('',#1801,.T.);
#1136=FACE_OUTER_BOUND('',#1802,.T.);
#1137=FACE_OUTER_BOUND('',#1803,.T.);
#1138=FACE_OUTER_BOUND('',#1804,.T.);
#1139=FACE_OUTER_BOUND('',#1805,.T.);
#1140=FACE_OUTER_BOUND('',#1806,.T.);
#1141=FACE_OUTER_BOUND('',#1807,.T.);
#1142=FACE_OUTER_BOUND('',#1808,.T.);
#1143=FACE_OUTER_BOUND('',#1809,.T.);
#1144=FACE_OUTER_BOUND('',#1810,.T.);
#1145=FACE_OUTER_BOUND('',#1811,.T.);
#1146=FACE_OUTER_BOUND('',#1812,.T.);
#1147=FACE_OUTER_BOUND('',#1813,.T.);
#1148=FACE_OUTER_BOUND('',#1814,.T.);
#1149=FACE_OUTER_BOUND('',#1815,.T.);
#1150=FACE_OUTER_BOUND('',#1816,.T.);
#1151=FACE_OUTER_BOUND('',#1817,.T.);
#1152=FACE_OUTER_BOUND('',#1823,.T.);
#1153=FACE_OUTER_BOUND('',#1824,.T.);
#1154=FACE_OUTER_BOUND('',#1825,.T.);
#1155=FACE_OUTER_BOUND('',#1826,.T.);
#1156=FACE_OUTER_BOUND('',#1827,.T.);
#1157=FACE_OUTER_BOUND('',#1828,.T.);
#1158=FACE_OUTER_BOUND('',#1829,.T.);
#1159=FACE_OUTER_BOUND('',#1830,.T.);
#1160=FACE_OUTER_BOUND('',#1831,.T.);
#1161=FACE_OUTER_BOUND('',#1832,.T.);
#1162=FACE_OUTER_BOUND('',#1833,.T.);
#1163=FACE_OUTER_BOUND('',#1834,.T.);
#1164=FACE_OUTER_BOUND('',#1835,.T.);
#1165=FACE_OUTER_BOUND('',#1836,.T.);
#1166=FACE_OUTER_BOUND('',#1837,.T.);
#1167=FACE_OUTER_BOUND('',#1838,.T.);
#1168=FACE_OUTER_BOUND('',#1839,.T.);
#1169=FACE_OUTER_BOUND('',#1840,.T.);
#1170=FACE_OUTER_BOUND('',#1841,.T.);
#1171=FACE_OUTER_BOUND('',#1842,.T.);
#1172=FACE_OUTER_BOUND('',#1843,.T.);
#1173=FACE_OUTER_BOUND('',#1844,.T.);
#1174=FACE_OUTER_BOUND('',#1845,.T.);
#1175=FACE_OUTER_BOUND('',#1846,.T.);
#1176=FACE_OUTER_BOUND('',#1847,.T.);
#1177=FACE_OUTER_BOUND('',#1848,.T.);
#1178=FACE_OUTER_BOUND('',#1849,.T.);
#1179=FACE_OUTER_BOUND('',#1850,.T.);
#1180=FACE_OUTER_BOUND('',#1851,.T.);
#1181=FACE_OUTER_BOUND('',#1852,.T.);
#1182=FACE_OUTER_BOUND('',#1853,.T.);
#1183=FACE_OUTER_BOUND('',#1860,.T.);
#1184=FACE_OUTER_BOUND('',#1861,.T.);
#1185=FACE_OUTER_BOUND('',#1862,.T.);
#1186=FACE_OUTER_BOUND('',#1863,.T.);
#1187=FACE_OUTER_BOUND('',#1864,.T.);
#1188=FACE_OUTER_BOUND('',#1865,.T.);
#1189=FACE_OUTER_BOUND('',#1866,.T.);
#1190=FACE_OUTER_BOUND('',#1867,.T.);
#1191=FACE_OUTER_BOUND('',#1868,.T.);
#1192=FACE_OUTER_BOUND('',#1869,.T.);
#1193=FACE_OUTER_BOUND('',#1870,.T.);
#1194=FACE_OUTER_BOUND('',#1871,.T.);
#1195=FACE_OUTER_BOUND('',#1872,.T.);
#1196=FACE_OUTER_BOUND('',#1873,.T.);
#1197=FACE_OUTER_BOUND('',#1874,.T.);
#1198=FACE_OUTER_BOUND('',#1875,.T.);
#1199=FACE_OUTER_BOUND('',#1876,.T.);
#1200=FACE_OUTER_BOUND('',#1877,.T.);
#1201=FACE_OUTER_BOUND('',#1878,.T.);
#1202=FACE_OUTER_BOUND('',#1879,.T.);
#1203=FACE_OUTER_BOUND('',#1880,.T.);
#1204=FACE_OUTER_BOUND('',#1881,.T.);
#1205=FACE_OUTER_BOUND('',#1882,.T.);
#1206=FACE_OUTER_BOUND('',#1883,.T.);
#1207=FACE_OUTER_BOUND('',#1884,.T.);
#1208=FACE_OUTER_BOUND('',#1885,.T.);
#1209=FACE_OUTER_BOUND('',#1886,.T.);
#1210=FACE_OUTER_BOUND('',#1887,.T.);
#1211=FACE_OUTER_BOUND('',#1888,.T.);
#1212=FACE_OUTER_BOUND('',#1889,.T.);
#1213=FACE_OUTER_BOUND('',#1890,.T.);
#1214=FACE_OUTER_BOUND('',#1891,.T.);
#1215=FACE_OUTER_BOUND('',#1892,.T.);
#1216=FACE_OUTER_BOUND('',#1893,.T.);
#1217=FACE_OUTER_BOUND('',#1894,.T.);
#1218=FACE_OUTER_BOUND('',#1895,.T.);
#1219=FACE_OUTER_BOUND('',#1896,.T.);
#1220=FACE_OUTER_BOUND('',#1897,.T.);
#1221=FACE_OUTER_BOUND('',#1898,.T.);
#1222=FACE_OUTER_BOUND('',#1899,.T.);
#1223=FACE_OUTER_BOUND('',#1900,.T.);
#1224=FACE_OUTER_BOUND('',#1901,.T.);
#1225=FACE_OUTER_BOUND('',#1902,.T.);
#1226=FACE_OUTER_BOUND('',#1903,.T.);
#1227=FACE_OUTER_BOUND('',#1904,.T.);
#1228=FACE_OUTER_BOUND('',#1905,.T.);
#1229=FACE_OUTER_BOUND('',#1906,.T.);
#1230=FACE_OUTER_BOUND('',#1907,.T.);
#1231=FACE_OUTER_BOUND('',#1908,.T.);
#1232=FACE_OUTER_BOUND('',#1910,.T.);
#1233=FACE_OUTER_BOUND('',#1912,.T.);
#1234=FACE_OUTER_BOUND('',#1913,.T.);
#1235=FACE_OUTER_BOUND('',#1914,.T.);
#1236=FACE_OUTER_BOUND('',#1915,.T.);
#1237=FACE_OUTER_BOUND('',#1916,.T.);
#1238=FACE_OUTER_BOUND('',#1917,.T.);
#1239=FACE_OUTER_BOUND('',#1918,.T.);
#1240=FACE_OUTER_BOUND('',#1919,.T.);
#1241=FACE_OUTER_BOUND('',#1920,.T.);
#1242=FACE_OUTER_BOUND('',#1921,.T.);
#1243=FACE_OUTER_BOUND('',#1922,.T.);
#1244=FACE_OUTER_BOUND('',#1923,.T.);
#1245=FACE_OUTER_BOUND('',#1924,.T.);
#1246=FACE_OUTER_BOUND('',#1925,.T.);
#1247=FACE_OUTER_BOUND('',#1926,.T.);
#1248=FACE_OUTER_BOUND('',#1927,.T.);
#1249=FACE_OUTER_BOUND('',#1929,.T.);
#1250=FACE_OUTER_BOUND('',#1931,.T.);
#1251=FACE_OUTER_BOUND('',#1932,.T.);
#1252=FACE_OUTER_BOUND('',#1933,.T.);
#1253=FACE_OUTER_BOUND('',#1934,.T.);
#1254=FACE_OUTER_BOUND('',#1935,.T.);
#1255=FACE_OUTER_BOUND('',#1936,.T.);
#1256=FACE_OUTER_BOUND('',#1937,.T.);
#1257=FACE_OUTER_BOUND('',#1938,.T.);
#1258=FACE_OUTER_BOUND('',#1939,.T.);
#1259=FACE_OUTER_BOUND('',#1940,.T.);
#1260=FACE_OUTER_BOUND('',#1941,.T.);
#1261=FACE_OUTER_BOUND('',#1942,.T.);
#1262=FACE_OUTER_BOUND('',#1943,.T.);
#1263=FACE_OUTER_BOUND('',#1944,.T.);
#1264=FACE_OUTER_BOUND('',#1945,.T.);
#1265=FACE_OUTER_BOUND('',#1946,.T.);
#1266=FACE_OUTER_BOUND('',#1947,.T.);
#1267=FACE_OUTER_BOUND('',#1948,.T.);
#1268=FACE_OUTER_BOUND('',#1949,.T.);
#1269=FACE_OUTER_BOUND('',#1950,.T.);
#1270=FACE_OUTER_BOUND('',#1951,.T.);
#1271=FACE_OUTER_BOUND('',#1952,.T.);
#1272=FACE_OUTER_BOUND('',#1953,.T.);
#1273=FACE_OUTER_BOUND('',#1954,.T.);
#1274=FACE_OUTER_BOUND('',#1955,.T.);
#1275=FACE_OUTER_BOUND('',#1956,.T.);
#1276=FACE_OUTER_BOUND('',#1957,.T.);
#1277=FACE_OUTER_BOUND('',#1958,.T.);
#1278=FACE_OUTER_BOUND('',#1959,.T.);
#1279=FACE_OUTER_BOUND('',#1960,.T.);
#1280=FACE_OUTER_BOUND('',#1961,.T.);
#1281=FACE_OUTER_BOUND('',#1962,.T.);
#1282=FACE_OUTER_BOUND('',#1963,.T.);
#1283=FACE_OUTER_BOUND('',#1964,.T.);
#1284=FACE_OUTER_BOUND('',#1965,.T.);
#1285=FACE_OUTER_BOUND('',#1966,.T.);
#1286=FACE_OUTER_BOUND('',#1967,.T.);
#1287=FACE_OUTER_BOUND('',#1968,.T.);
#1288=FACE_OUTER_BOUND('',#1969,.T.);
#1289=FACE_OUTER_BOUND('',#1970,.T.);
#1290=FACE_OUTER_BOUND('',#1971,.T.);
#1291=FACE_OUTER_BOUND('',#1972,.T.);
#1292=FACE_OUTER_BOUND('',#1973,.T.);
#1293=FACE_OUTER_BOUND('',#1974,.T.);
#1294=FACE_OUTER_BOUND('',#1975,.T.);
#1295=FACE_OUTER_BOUND('',#1976,.T.);
#1296=FACE_OUTER_BOUND('',#1977,.T.);
#1297=FACE_OUTER_BOUND('',#1978,.T.);
#1298=FACE_OUTER_BOUND('',#1979,.T.);
#1299=FACE_OUTER_BOUND('',#1980,.T.);
#1300=FACE_OUTER_BOUND('',#1981,.T.);
#1301=FACE_OUTER_BOUND('',#1982,.T.);
#1302=FACE_OUTER_BOUND('',#1983,.T.);
#1303=FACE_OUTER_BOUND('',#1984,.T.);
#1304=FACE_OUTER_BOUND('',#1985,.T.);
#1305=FACE_OUTER_BOUND('',#1986,.T.);
#1306=FACE_OUTER_BOUND('',#1987,.T.);
#1307=FACE_OUTER_BOUND('',#1988,.T.);
#1308=FACE_OUTER_BOUND('',#1989,.T.);
#1309=FACE_OUTER_BOUND('',#1990,.T.);
#1310=FACE_OUTER_BOUND('',#1991,.T.);
#1311=FACE_OUTER_BOUND('',#1992,.T.);
#1312=FACE_OUTER_BOUND('',#1993,.T.);
#1313=FACE_OUTER_BOUND('',#1994,.T.);
#1314=FACE_OUTER_BOUND('',#1995,.T.);
#1315=FACE_OUTER_BOUND('',#1996,.T.);
#1316=FACE_OUTER_BOUND('',#1997,.T.);
#1317=FACE_OUTER_BOUND('',#1998,.T.);
#1318=FACE_OUTER_BOUND('',#1999,.T.);
#1319=FACE_OUTER_BOUND('',#2000,.T.);
#1320=FACE_OUTER_BOUND('',#2001,.T.);
#1321=FACE_OUTER_BOUND('',#2002,.T.);
#1322=FACE_OUTER_BOUND('',#2003,.T.);
#1323=FACE_OUTER_BOUND('',#2004,.T.);
#1324=FACE_OUTER_BOUND('',#2005,.T.);
#1325=FACE_OUTER_BOUND('',#2006,.T.);
#1326=FACE_OUTER_BOUND('',#2008,.T.);
#1327=FACE_OUTER_BOUND('',#2009,.T.);
#1328=EDGE_LOOP('',(#7466,#7467,#7468,#7469));
#1329=EDGE_LOOP('',(#7470,#7471,#7472,#7473));
#1330=EDGE_LOOP('',(#7474,#7475,#7476,#7477));
#1331=EDGE_LOOP('',(#7478,#7479,#7480,#7481));
#1332=EDGE_LOOP('',(#7482,#7483,#7484,#7485,#7486,#7487,#7488,#7489,#7490,
#7491,#7492,#7493,#7494,#7495));
#1333=EDGE_LOOP('',(#7496,#7497,#7498,#7499));
#1334=EDGE_LOOP('',(#7500,#7501,#7502,#7503));
#1335=EDGE_LOOP('',(#7504,#7505,#7506,#7507));
#1336=EDGE_LOOP('',(#7508,#7509,#7510,#7511));
#1337=EDGE_LOOP('',(#7512,#7513,#7514,#7515));
#1338=EDGE_LOOP('',(#7516,#7517,#7518,#7519));
#1339=EDGE_LOOP('',(#7520,#7521,#7522,#7523,#7524,#7525,#7526,#7527,#7528));
#1340=EDGE_LOOP('',(#7529,#7530,#7531,#7532));
#1341=EDGE_LOOP('',(#7533,#7534,#7535,#7536,#7537,#7538,#7539,#7540,#7541));
#1342=EDGE_LOOP('',(#7542,#7543,#7544,#7545,#7546,#7547,#7548,#7549,#7550,
#7551,#7552,#7553,#7554,#7555));
#1343=EDGE_LOOP('',(#7556,#7557,#7558,#7559));
#1344=EDGE_LOOP('',(#7560,#7561,#7562,#7563));
#1345=EDGE_LOOP('',(#7564,#7565,#7566,#7567));
#1346=EDGE_LOOP('',(#7568,#7569,#7570,#7571));
#1347=EDGE_LOOP('',(#7572,#7573,#7574,#7575));
#1348=EDGE_LOOP('',(#7576,#7577,#7578,#7579));
#1349=EDGE_LOOP('',(#7580,#7581,#7582,#7583));
#1350=EDGE_LOOP('',(#7584,#7585,#7586,#7587));
#1351=EDGE_LOOP('',(#7588,#7589,#7590,#7591));
#1352=EDGE_LOOP('',(#7592,#7593,#7594,#7595));
#1353=EDGE_LOOP('',(#7596,#7597,#7598,#7599,#7600,#7601,#7602,#7603,#7604,
#7605,#7606,#7607,#7608,#7609));
#1354=EDGE_LOOP('',(#7610,#7611,#7612,#7613));
#1355=EDGE_LOOP('',(#7614,#7615,#7616,#7617));
#1356=EDGE_LOOP('',(#7618,#7619,#7620,#7621));
#1357=EDGE_LOOP('',(#7622,#7623,#7624,#7625));
#1358=EDGE_LOOP('',(#7626,#7627,#7628,#7629));
#1359=EDGE_LOOP('',(#7630,#7631,#7632,#7633));
#1360=EDGE_LOOP('',(#7634,#7635,#7636,#7637,#7638,#7639,#7640,#7641,#7642));
#1361=EDGE_LOOP('',(#7643,#7644,#7645,#7646));
#1362=EDGE_LOOP('',(#7647,#7648,#7649,#7650,#7651,#7652,#7653,#7654,#7655));
#1363=EDGE_LOOP('',(#7656,#7657,#7658,#7659,#7660,#7661,#7662,#7663,#7664,
#7665,#7666,#7667,#7668,#7669));
#1364=EDGE_LOOP('',(#7670,#7671,#7672,#7673));
#1365=EDGE_LOOP('',(#7674,#7675,#7676,#7677));
#1366=EDGE_LOOP('',(#7678,#7679,#7680,#7681));
#1367=EDGE_LOOP('',(#7682,#7683,#7684,#7685));
#1368=EDGE_LOOP('',(#7686,#7687,#7688,#7689));
#1369=EDGE_LOOP('',(#7690,#7691,#7692,#7693));
#1370=EDGE_LOOP('',(#7694,#7695,#7696,#7697));
#1371=EDGE_LOOP('',(#7698,#7699,#7700,#7701,#7702,#7703,#7704));
#1372=EDGE_LOOP('',(#7705,#7706,#7707,#7708,#7709,#7710,#7711,#7712,#7713,
#7714));
#1373=EDGE_LOOP('',(#7715,#7716,#7717,#7718));
#1374=EDGE_LOOP('',(#7719,#7720,#7721,#7722));
#1375=EDGE_LOOP('',(#7723,#7724,#7725,#7726));
#1376=EDGE_LOOP('',(#7727,#7728,#7729,#7730));
#1377=EDGE_LOOP('',(#7731,#7732,#7733,#7734));
#1378=EDGE_LOOP('',(#7735,#7736,#7737,#7738));
#1379=EDGE_LOOP('',(#7739,#7740,#7741,#7742,#7743,#7744,#7745,#7746));
#1380=EDGE_LOOP('',(#7747,#7748,#7749,#7750,#7751,#7752,#7753,#7754,#7755,
#7756));
#1381=EDGE_LOOP('',(#7757,#7758,#7759,#7760));
#1382=EDGE_LOOP('',(#7761,#7762,#7763,#7764,#7765,#7766,#7767));
#1383=EDGE_LOOP('',(#7768,#7769,#7770,#7771));
#1384=EDGE_LOOP('',(#7772,#7773,#7774,#7775));
#1385=EDGE_LOOP('',(#7776,#7777,#7778,#7779,#7780,#7781,#7782,#7783,#7784,
#7785,#7786,#7787));
#1386=EDGE_LOOP('',(#7788,#7789,#7790,#7791));
#1387=EDGE_LOOP('',(#7792,#7793,#7794,#7795));
#1388=EDGE_LOOP('',(#7796,#7797,#7798,#7799,#7800,#7801,#7802,#7803));
#1389=EDGE_LOOP('',(#7804,#7805,#7806,#7807));
#1390=EDGE_LOOP('',(#7808,#7809,#7810,#7811));
#1391=EDGE_LOOP('',(#7812,#7813,#7814,#7815));
#1392=EDGE_LOOP('',(#7816,#7817,#7818,#7819));
#1393=EDGE_LOOP('',(#7820,#7821,#7822,#7823));
#1394=EDGE_LOOP('',(#7824,#7825,#7826,#7827));
#1395=EDGE_LOOP('',(#7828,#7829,#7830,#7831));
#1396=EDGE_LOOP('',(#7832,#7833,#7834,#7835));
#1397=EDGE_LOOP('',(#7836,#7837,#7838,#7839,#7840,#7841,#7842,#7843));
#1398=EDGE_LOOP('',(#7844,#7845,#7846,#7847));
#1399=EDGE_LOOP('',(#7848,#7849,#7850,#7851));
#1400=EDGE_LOOP('',(#7852,#7853,#7854,#7855,#7856,#7857,#7858,#7859,#7860,
#7861,#7862,#7863));
#1401=EDGE_LOOP('',(#7864,#7865,#7866,#7867));
#1402=EDGE_LOOP('',(#7868,#7869,#7870,#7871));
#1403=EDGE_LOOP('',(#7872,#7873,#7874,#7875,#7876,#7877,#7878));
#1404=EDGE_LOOP('',(#7879,#7880,#7881,#7882));
#1405=EDGE_LOOP('',(#7883,#7884,#7885,#7886,#7887,#7888,#7889,#7890,#7891,
#7892));
#1406=EDGE_LOOP('',(#7893,#7894,#7895,#7896,#7897,#7898,#7899,#7900));
#1407=EDGE_LOOP('',(#7901,#7902,#7903,#7904));
#1408=EDGE_LOOP('',(#7905,#7906,#7907,#7908));
#1409=EDGE_LOOP('',(#7909,#7910,#7911,#7912));
#1410=EDGE_LOOP('',(#7913,#7914,#7915,#7916));
#1411=EDGE_LOOP('',(#7917,#7918,#7919,#7920));
#1412=EDGE_LOOP('',(#7921,#7922,#7923,#7924));
#1413=EDGE_LOOP('',(#7925,#7926,#7927,#7928,#7929,#7930,#7931,#7932,#7933,
#7934));
#1414=EDGE_LOOP('',(#7935,#7936,#7937,#7938,#7939,#7940,#7941));
#1415=EDGE_LOOP('',(#7942,#7943,#7944,#7945));
#1416=EDGE_LOOP('',(#7946,#7947,#7948,#7949));
#1417=EDGE_LOOP('',(#7950,#7951,#7952,#7953,#7954,#7955,#7956));
#1418=EDGE_LOOP('',(#7957,#7958,#7959,#7960,#7961,#7962,#7963,#7964,#7965,
#7966));
#1419=EDGE_LOOP('',(#7967,#7968,#7969,#7970));
#1420=EDGE_LOOP('',(#7971,#7972,#7973,#7974));
#1421=EDGE_LOOP('',(#7975,#7976,#7977,#7978));
#1422=EDGE_LOOP('',(#7979,#7980,#7981,#7982));
#1423=EDGE_LOOP('',(#7983,#7984,#7985,#7986));
#1424=EDGE_LOOP('',(#7987,#7988,#7989,#7990));
#1425=EDGE_LOOP('',(#7991,#7992,#7993,#7994,#7995,#7996,#7997,#7998));
#1426=EDGE_LOOP('',(#7999,#8000,#8001,#8002,#8003,#8004,#8005,#8006,#8007,
#8008));
#1427=EDGE_LOOP('',(#8009,#8010,#8011,#8012));
#1428=EDGE_LOOP('',(#8013,#8014,#8015,#8016,#8017,#8018,#8019));
#1429=EDGE_LOOP('',(#8020,#8021,#8022,#8023));
#1430=EDGE_LOOP('',(#8024,#8025,#8026,#8027));
#1431=EDGE_LOOP('',(#8028,#8029,#8030,#8031,#8032,#8033,#8034,#8035,#8036,
#8037,#8038,#8039));
#1432=EDGE_LOOP('',(#8040,#8041,#8042,#8043));
#1433=EDGE_LOOP('',(#8044,#8045,#8046,#8047));
#1434=EDGE_LOOP('',(#8048,#8049,#8050,#8051,#8052,#8053,#8054,#8055));
#1435=EDGE_LOOP('',(#8056,#8057,#8058,#8059));
#1436=EDGE_LOOP('',(#8060,#8061,#8062,#8063));
#1437=EDGE_LOOP('',(#8064,#8065,#8066,#8067));
#1438=EDGE_LOOP('',(#8068,#8069,#8070,#8071));
#1439=EDGE_LOOP('',(#8072,#8073,#8074,#8075));
#1440=EDGE_LOOP('',(#8076,#8077,#8078,#8079));
#1441=EDGE_LOOP('',(#8080,#8081,#8082,#8083));
#1442=EDGE_LOOP('',(#8084,#8085,#8086,#8087));
#1443=EDGE_LOOP('',(#8088,#8089,#8090,#8091,#8092,#8093,#8094,#8095));
#1444=EDGE_LOOP('',(#8096,#8097,#8098,#8099));
#1445=EDGE_LOOP('',(#8100,#8101,#8102,#8103));
#1446=EDGE_LOOP('',(#8104,#8105,#8106,#8107,#8108,#8109,#8110,#8111,#8112,
#8113,#8114,#8115));
#1447=EDGE_LOOP('',(#8116,#8117,#8118,#8119));
#1448=EDGE_LOOP('',(#8120,#8121,#8122,#8123));
#1449=EDGE_LOOP('',(#8124,#8125,#8126,#8127,#8128,#8129,#8130));
#1450=EDGE_LOOP('',(#8131,#8132,#8133,#8134));
#1451=EDGE_LOOP('',(#8135,#8136,#8137,#8138,#8139,#8140,#8141,#8142,#8143,
#8144));
#1452=EDGE_LOOP('',(#8145,#8146,#8147,#8148,#8149,#8150,#8151,#8152));
#1453=EDGE_LOOP('',(#8153,#8154,#8155,#8156));
#1454=EDGE_LOOP('',(#8157,#8158,#8159,#8160));
#1455=EDGE_LOOP('',(#8161,#8162,#8163,#8164));
#1456=EDGE_LOOP('',(#8165,#8166,#8167,#8168));
#1457=EDGE_LOOP('',(#8169,#8170,#8171,#8172));
#1458=EDGE_LOOP('',(#8173,#8174,#8175,#8176));
#1459=EDGE_LOOP('',(#8177,#8178,#8179,#8180,#8181,#8182,#8183,#8184,#8185,
#8186));
#1460=EDGE_LOOP('',(#8187,#8188,#8189,#8190,#8191,#8192,#8193));
#1461=EDGE_LOOP('',(#8194,#8195,#8196,#8197));
#1462=EDGE_LOOP('',(#8198,#8199,#8200,#8201));
#1463=EDGE_LOOP('',(#8202,#8203,#8204,#8205,#8206,#8207,#8208));
#1464=EDGE_LOOP('',(#8209,#8210,#8211,#8212,#8213,#8214,#8215,#8216,#8217,
#8218));
#1465=EDGE_LOOP('',(#8219,#8220,#8221,#8222));
#1466=EDGE_LOOP('',(#8223,#8224,#8225,#8226));
#1467=EDGE_LOOP('',(#8227,#8228,#8229,#8230));
#1468=EDGE_LOOP('',(#8231,#8232,#8233,#8234));
#1469=EDGE_LOOP('',(#8235,#8236,#8237,#8238));
#1470=EDGE_LOOP('',(#8239,#8240,#8241,#8242));
#1471=EDGE_LOOP('',(#8243,#8244,#8245,#8246,#8247,#8248,#8249,#8250));
#1472=EDGE_LOOP('',(#8251,#8252,#8253,#8254,#8255,#8256,#8257,#8258,#8259,
#8260));
#1473=EDGE_LOOP('',(#8261,#8262,#8263,#8264));
#1474=EDGE_LOOP('',(#8265,#8266,#8267,#8268,#8269,#8270,#8271));
#1475=EDGE_LOOP('',(#8272,#8273,#8274,#8275));
#1476=EDGE_LOOP('',(#8276,#8277,#8278,#8279));
#1477=EDGE_LOOP('',(#8280,#8281,#8282,#8283,#8284,#8285,#8286,#8287,#8288,
#8289,#8290,#8291));
#1478=EDGE_LOOP('',(#8292,#8293,#8294,#8295));
#1479=EDGE_LOOP('',(#8296,#8297,#8298,#8299));
#1480=EDGE_LOOP('',(#8300,#8301,#8302,#8303,#8304,#8305,#8306,#8307));
#1481=EDGE_LOOP('',(#8308,#8309,#8310,#8311));
#1482=EDGE_LOOP('',(#8312,#8313,#8314,#8315));
#1483=EDGE_LOOP('',(#8316,#8317,#8318,#8319));
#1484=EDGE_LOOP('',(#8320,#8321,#8322,#8323));
#1485=EDGE_LOOP('',(#8324,#8325,#8326,#8327));
#1486=EDGE_LOOP('',(#8328,#8329,#8330,#8331));
#1487=EDGE_LOOP('',(#8332,#8333,#8334,#8335));
#1488=EDGE_LOOP('',(#8336,#8337,#8338,#8339));
#1489=EDGE_LOOP('',(#8340,#8341,#8342,#8343,#8344,#8345,#8346,#8347));
#1490=EDGE_LOOP('',(#8348,#8349,#8350,#8351));
#1491=EDGE_LOOP('',(#8352,#8353,#8354,#8355));
#1492=EDGE_LOOP('',(#8356,#8357,#8358,#8359,#8360,#8361,#8362,#8363,#8364,
#8365,#8366,#8367));
#1493=EDGE_LOOP('',(#8368,#8369,#8370,#8371));
#1494=EDGE_LOOP('',(#8372,#8373,#8374,#8375));
#1495=EDGE_LOOP('',(#8376,#8377,#8378,#8379,#8380,#8381,#8382));
#1496=EDGE_LOOP('',(#8383,#8384,#8385,#8386));
#1497=EDGE_LOOP('',(#8387,#8388,#8389,#8390,#8391,#8392,#8393,#8394,#8395,
#8396));
#1498=EDGE_LOOP('',(#8397,#8398,#8399,#8400,#8401,#8402,#8403,#8404));
#1499=EDGE_LOOP('',(#8405,#8406,#8407,#8408));
#1500=EDGE_LOOP('',(#8409,#8410,#8411,#8412));
#1501=EDGE_LOOP('',(#8413,#8414,#8415,#8416));
#1502=EDGE_LOOP('',(#8417,#8418,#8419,#8420));
#1503=EDGE_LOOP('',(#8421,#8422,#8423,#8424));
#1504=EDGE_LOOP('',(#8425,#8426,#8427,#8428));
#1505=EDGE_LOOP('',(#8429,#8430,#8431,#8432,#8433,#8434,#8435,#8436,#8437,
#8438));
#1506=EDGE_LOOP('',(#8439,#8440,#8441,#8442,#8443,#8444,#8445));
#1507=EDGE_LOOP('',(#8446,#8447,#8448,#8449));
#1508=EDGE_LOOP('',(#8450,#8451,#8452,#8453));
#1509=EDGE_LOOP('',(#8454,#8455,#8456,#8457,#8458,#8459,#8460));
#1510=EDGE_LOOP('',(#8461,#8462,#8463,#8464,#8465,#8466,#8467,#8468,#8469,
#8470));
#1511=EDGE_LOOP('',(#8471,#8472,#8473,#8474));
#1512=EDGE_LOOP('',(#8475,#8476,#8477,#8478));
#1513=EDGE_LOOP('',(#8479,#8480,#8481,#8482));
#1514=EDGE_LOOP('',(#8483,#8484,#8485,#8486));
#1515=EDGE_LOOP('',(#8487,#8488,#8489,#8490));
#1516=EDGE_LOOP('',(#8491,#8492,#8493,#8494));
#1517=EDGE_LOOP('',(#8495,#8496,#8497,#8498,#8499,#8500,#8501,#8502));
#1518=EDGE_LOOP('',(#8503,#8504,#8505,#8506,#8507,#8508,#8509,#8510,#8511,
#8512));
#1519=EDGE_LOOP('',(#8513,#8514,#8515,#8516));
#1520=EDGE_LOOP('',(#8517,#8518,#8519,#8520,#8521,#8522,#8523));
#1521=EDGE_LOOP('',(#8524,#8525,#8526,#8527));
#1522=EDGE_LOOP('',(#8528,#8529,#8530,#8531));
#1523=EDGE_LOOP('',(#8532,#8533,#8534,#8535,#8536,#8537,#8538,#8539,#8540,
#8541,#8542,#8543));
#1524=EDGE_LOOP('',(#8544,#8545,#8546,#8547));
#1525=EDGE_LOOP('',(#8548,#8549,#8550,#8551));
#1526=EDGE_LOOP('',(#8552,#8553,#8554,#8555,#8556,#8557,#8558,#8559));
#1527=EDGE_LOOP('',(#8560,#8561,#8562,#8563));
#1528=EDGE_LOOP('',(#8564,#8565,#8566,#8567));
#1529=EDGE_LOOP('',(#8568,#8569,#8570,#8571));
#1530=EDGE_LOOP('',(#8572,#8573,#8574,#8575));
#1531=EDGE_LOOP('',(#8576,#8577,#8578,#8579));
#1532=EDGE_LOOP('',(#8580,#8581,#8582,#8583));
#1533=EDGE_LOOP('',(#8584,#8585,#8586,#8587));
#1534=EDGE_LOOP('',(#8588,#8589,#8590,#8591));
#1535=EDGE_LOOP('',(#8592,#8593,#8594,#8595,#8596,#8597,#8598,#8599));
#1536=EDGE_LOOP('',(#8600,#8601,#8602,#8603));
#1537=EDGE_LOOP('',(#8604,#8605,#8606,#8607));
#1538=EDGE_LOOP('',(#8608,#8609,#8610,#8611,#8612,#8613,#8614,#8615,#8616,
#8617,#8618,#8619));
#1539=EDGE_LOOP('',(#8620,#8621,#8622,#8623));
#1540=EDGE_LOOP('',(#8624,#8625,#8626,#8627));
#1541=EDGE_LOOP('',(#8628,#8629,#8630,#8631,#8632,#8633,#8634));
#1542=EDGE_LOOP('',(#8635,#8636,#8637,#8638));
#1543=EDGE_LOOP('',(#8639,#8640,#8641,#8642,#8643,#8644,#8645,#8646,#8647,
#8648));
#1544=EDGE_LOOP('',(#8649,#8650,#8651,#8652,#8653,#8654,#8655,#8656));
#1545=EDGE_LOOP('',(#8657,#8658,#8659,#8660));
#1546=EDGE_LOOP('',(#8661,#8662,#8663,#8664));
#1547=EDGE_LOOP('',(#8665,#8666,#8667,#8668));
#1548=EDGE_LOOP('',(#8669,#8670,#8671,#8672));
#1549=EDGE_LOOP('',(#8673,#8674,#8675,#8676));
#1550=EDGE_LOOP('',(#8677,#8678,#8679,#8680));
#1551=EDGE_LOOP('',(#8681,#8682,#8683,#8684,#8685,#8686,#8687,#8688,#8689,
#8690));
#1552=EDGE_LOOP('',(#8691,#8692,#8693,#8694,#8695,#8696,#8697));
#1553=EDGE_LOOP('',(#8698,#8699,#8700,#8701));
#1554=EDGE_LOOP('',(#8702,#8703,#8704,#8705));
#1555=EDGE_LOOP('',(#8706,#8707,#8708,#8709,#8710,#8711,#8712));
#1556=EDGE_LOOP('',(#8713,#8714,#8715,#8716,#8717,#8718,#8719,#8720,#8721,
#8722));
#1557=EDGE_LOOP('',(#8723,#8724,#8725,#8726));
#1558=EDGE_LOOP('',(#8727,#8728,#8729,#8730));
#1559=EDGE_LOOP('',(#8731,#8732,#8733,#8734));
#1560=EDGE_LOOP('',(#8735,#8736,#8737,#8738));
#1561=EDGE_LOOP('',(#8739,#8740,#8741,#8742));
#1562=EDGE_LOOP('',(#8743,#8744,#8745,#8746));
#1563=EDGE_LOOP('',(#8747,#8748,#8749,#8750,#8751,#8752,#8753,#8754));
#1564=EDGE_LOOP('',(#8755,#8756,#8757,#8758,#8759,#8760,#8761,#8762,#8763,
#8764));
#1565=EDGE_LOOP('',(#8765,#8766,#8767,#8768));
#1566=EDGE_LOOP('',(#8769,#8770,#8771,#8772,#8773,#8774,#8775));
#1567=EDGE_LOOP('',(#8776,#8777,#8778,#8779));
#1568=EDGE_LOOP('',(#8780,#8781,#8782,#8783));
#1569=EDGE_LOOP('',(#8784,#8785,#8786,#8787,#8788,#8789,#8790,#8791,#8792,
#8793,#8794,#8795));
#1570=EDGE_LOOP('',(#8796,#8797,#8798,#8799));
#1571=EDGE_LOOP('',(#8800,#8801,#8802,#8803));
#1572=EDGE_LOOP('',(#8804,#8805,#8806,#8807,#8808,#8809,#8810,#8811));
#1573=EDGE_LOOP('',(#8812,#8813,#8814,#8815));
#1574=EDGE_LOOP('',(#8816,#8817,#8818,#8819));
#1575=EDGE_LOOP('',(#8820,#8821,#8822,#8823));
#1576=EDGE_LOOP('',(#8824,#8825,#8826,#8827));
#1577=EDGE_LOOP('',(#8828,#8829,#8830,#8831));
#1578=EDGE_LOOP('',(#8832,#8833,#8834,#8835));
#1579=EDGE_LOOP('',(#8836,#8837,#8838,#8839));
#1580=EDGE_LOOP('',(#8840,#8841,#8842,#8843));
#1581=EDGE_LOOP('',(#8844,#8845,#8846,#8847,#8848,#8849,#8850,#8851));
#1582=EDGE_LOOP('',(#8852,#8853,#8854,#8855));
#1583=EDGE_LOOP('',(#8856,#8857,#8858,#8859));
#1584=EDGE_LOOP('',(#8860,#8861,#8862,#8863,#8864,#8865,#8866,#8867,#8868,
#8869,#8870,#8871));
#1585=EDGE_LOOP('',(#8872,#8873,#8874,#8875));
#1586=EDGE_LOOP('',(#8876,#8877,#8878,#8879));
#1587=EDGE_LOOP('',(#8880,#8881,#8882,#8883,#8884,#8885,#8886));
#1588=EDGE_LOOP('',(#8887,#8888,#8889,#8890));
#1589=EDGE_LOOP('',(#8891,#8892,#8893,#8894,#8895,#8896,#8897,#8898,#8899,
#8900));
#1590=EDGE_LOOP('',(#8901,#8902,#8903,#8904,#8905,#8906,#8907,#8908));
#1591=EDGE_LOOP('',(#8909,#8910,#8911,#8912));
#1592=EDGE_LOOP('',(#8913,#8914,#8915,#8916));
#1593=EDGE_LOOP('',(#8917,#8918,#8919,#8920));
#1594=EDGE_LOOP('',(#8921,#8922,#8923,#8924));
#1595=EDGE_LOOP('',(#8925,#8926,#8927,#8928));
#1596=EDGE_LOOP('',(#8929,#8930,#8931,#8932));
#1597=EDGE_LOOP('',(#8933,#8934,#8935,#8936,#8937,#8938,#8939,#8940,#8941,
#8942));
#1598=EDGE_LOOP('',(#8943,#8944,#8945,#8946,#8947,#8948,#8949));
#1599=EDGE_LOOP('',(#8950,#8951,#8952,#8953));
#1600=EDGE_LOOP('',(#8954,#8955,#8956,#8957));
#1601=EDGE_LOOP('',(#8958,#8959,#8960,#8961,#8962,#8963,#8964));
#1602=EDGE_LOOP('',(#8965,#8966,#8967,#8968,#8969,#8970,#8971,#8972,#8973,
#8974));
#1603=EDGE_LOOP('',(#8975,#8976,#8977,#8978));
#1604=EDGE_LOOP('',(#8979,#8980,#8981,#8982));
#1605=EDGE_LOOP('',(#8983,#8984,#8985,#8986));
#1606=EDGE_LOOP('',(#8987,#8988,#8989,#8990));
#1607=EDGE_LOOP('',(#8991,#8992,#8993,#8994));
#1608=EDGE_LOOP('',(#8995,#8996,#8997,#8998));
#1609=EDGE_LOOP('',(#8999,#9000,#9001,#9002,#9003,#9004,#9005,#9006));
#1610=EDGE_LOOP('',(#9007,#9008,#9009,#9010,#9011,#9012,#9013,#9014,#9015,
#9016));
#1611=EDGE_LOOP('',(#9017,#9018,#9019,#9020));
#1612=EDGE_LOOP('',(#9021,#9022,#9023,#9024,#9025,#9026,#9027));
#1613=EDGE_LOOP('',(#9028,#9029,#9030,#9031));
#1614=EDGE_LOOP('',(#9032,#9033,#9034,#9035));
#1615=EDGE_LOOP('',(#9036,#9037,#9038,#9039,#9040,#9041,#9042,#9043,#9044,
#9045,#9046,#9047));
#1616=EDGE_LOOP('',(#9048,#9049,#9050,#9051));
#1617=EDGE_LOOP('',(#9052,#9053,#9054,#9055));
#1618=EDGE_LOOP('',(#9056,#9057,#9058,#9059,#9060,#9061,#9062,#9063));
#1619=EDGE_LOOP('',(#9064,#9065,#9066,#9067));
#1620=EDGE_LOOP('',(#9068,#9069,#9070,#9071));
#1621=EDGE_LOOP('',(#9072,#9073,#9074,#9075));
#1622=EDGE_LOOP('',(#9076,#9077,#9078,#9079));
#1623=EDGE_LOOP('',(#9080,#9081,#9082,#9083));
#1624=EDGE_LOOP('',(#9084,#9085,#9086,#9087));
#1625=EDGE_LOOP('',(#9088,#9089,#9090,#9091));
#1626=EDGE_LOOP('',(#9092,#9093,#9094,#9095));
#1627=EDGE_LOOP('',(#9096,#9097,#9098,#9099,#9100,#9101,#9102,#9103,#9104,
#9105,#9106,#9107,#9108,#9109));
#1628=EDGE_LOOP('',(#9110,#9111,#9112,#9113));
#1629=EDGE_LOOP('',(#9114,#9115,#9116,#9117));
#1630=EDGE_LOOP('',(#9118,#9119,#9120,#9121));
#1631=EDGE_LOOP('',(#9122,#9123,#9124,#9125));
#1632=EDGE_LOOP('',(#9126,#9127,#9128,#9129));
#1633=EDGE_LOOP('',(#9130,#9131,#9132,#9133));
#1634=EDGE_LOOP('',(#9134,#9135,#9136,#9137,#9138,#9139,#9140,#9141,#9142));
#1635=EDGE_LOOP('',(#9143,#9144,#9145,#9146));
#1636=EDGE_LOOP('',(#9147,#9148,#9149,#9150,#9151,#9152,#9153,#9154,#9155));
#1637=EDGE_LOOP('',(#9156,#9157,#9158,#9159,#9160,#9161,#9162,#9163,#9164,
#9165,#9166,#9167,#9168,#9169));
#1638=EDGE_LOOP('',(#9170,#9171,#9172,#9173));
#1639=EDGE_LOOP('',(#9174,#9175,#9176,#9177));
#1640=EDGE_LOOP('',(#9178,#9179,#9180,#9181));
#1641=EDGE_LOOP('',(#9182,#9183,#9184,#9185));
#1642=EDGE_LOOP('',(#9186,#9187,#9188,#9189));
#1643=EDGE_LOOP('',(#9190,#9191,#9192,#9193));
#1644=EDGE_LOOP('',(#9194,#9195,#9196,#9197));
#1645=EDGE_LOOP('',(#9198,#9199,#9200,#9201,#9202,#9203,#9204));
#1646=EDGE_LOOP('',(#9205,#9206,#9207,#9208,#9209,#9210,#9211,#9212,#9213,
#9214));
#1647=EDGE_LOOP('',(#9215,#9216,#9217,#9218));
#1648=EDGE_LOOP('',(#9219,#9220,#9221,#9222));
#1649=EDGE_LOOP('',(#9223,#9224,#9225,#9226));
#1650=EDGE_LOOP('',(#9227,#9228,#9229,#9230));
#1651=EDGE_LOOP('',(#9231,#9232,#9233,#9234));
#1652=EDGE_LOOP('',(#9235,#9236,#9237,#9238));
#1653=EDGE_LOOP('',(#9239,#9240,#9241,#9242,#9243,#9244,#9245,#9246));
#1654=EDGE_LOOP('',(#9247,#9248,#9249,#9250,#9251,#9252,#9253,#9254,#9255,
#9256));
#1655=EDGE_LOOP('',(#9257,#9258,#9259,#9260));
#1656=EDGE_LOOP('',(#9261,#9262,#9263,#9264,#9265,#9266,#9267));
#1657=EDGE_LOOP('',(#9268,#9269,#9270,#9271));
#1658=EDGE_LOOP('',(#9272,#9273,#9274,#9275));
#1659=EDGE_LOOP('',(#9276,#9277,#9278,#9279,#9280,#9281,#9282,#9283,#9284,
#9285,#9286,#9287));
#1660=EDGE_LOOP('',(#9288,#9289,#9290,#9291));
#1661=EDGE_LOOP('',(#9292,#9293,#9294,#9295));
#1662=EDGE_LOOP('',(#9296,#9297,#9298,#9299,#9300,#9301,#9302,#9303));
#1663=EDGE_LOOP('',(#9304,#9305,#9306,#9307));
#1664=EDGE_LOOP('',(#9308,#9309,#9310,#9311));
#1665=EDGE_LOOP('',(#9312,#9313,#9314,#9315));
#1666=EDGE_LOOP('',(#9316,#9317,#9318,#9319));
#1667=EDGE_LOOP('',(#9320,#9321,#9322,#9323));
#1668=EDGE_LOOP('',(#9324,#9325,#9326,#9327));
#1669=EDGE_LOOP('',(#9328,#9329,#9330,#9331));
#1670=EDGE_LOOP('',(#9332,#9333,#9334,#9335));
#1671=EDGE_LOOP('',(#9336,#9337,#9338,#9339,#9340,#9341,#9342,#9343,#9344,
#9345,#9346,#9347,#9348,#9349));
#1672=EDGE_LOOP('',(#9350,#9351,#9352,#9353));
#1673=EDGE_LOOP('',(#9354,#9355,#9356,#9357));
#1674=EDGE_LOOP('',(#9358,#9359,#9360,#9361));
#1675=EDGE_LOOP('',(#9362,#9363,#9364,#9365));
#1676=EDGE_LOOP('',(#9366,#9367,#9368,#9369));
#1677=EDGE_LOOP('',(#9370,#9371,#9372,#9373));
#1678=EDGE_LOOP('',(#9374,#9375,#9376,#9377,#9378,#9379,#9380,#9381,#9382));
#1679=EDGE_LOOP('',(#9383,#9384,#9385,#9386));
#1680=EDGE_LOOP('',(#9387,#9388,#9389,#9390,#9391,#9392,#9393,#9394,#9395));
#1681=EDGE_LOOP('',(#9396,#9397,#9398,#9399,#9400,#9401,#9402,#9403,#9404,
#9405,#9406,#9407,#9408,#9409));
#1682=EDGE_LOOP('',(#9410,#9411,#9412,#9413));
#1683=EDGE_LOOP('',(#9414,#9415,#9416,#9417));
#1684=EDGE_LOOP('',(#9418,#9419,#9420,#9421));
#1685=EDGE_LOOP('',(#9422,#9423,#9424,#9425));
#1686=EDGE_LOOP('',(#9426,#9427,#9428,#9429));
#1687=EDGE_LOOP('',(#9430,#9431,#9432,#9433));
#1688=EDGE_LOOP('',(#9434,#9435,#9436,#9437));
#1689=EDGE_LOOP('',(#9438,#9439,#9440,#9441,#9442,#9443,#9444));
#1690=EDGE_LOOP('',(#9445,#9446,#9447,#9448,#9449,#9450,#9451,#9452,#9453,
#9454));
#1691=EDGE_LOOP('',(#9455,#9456,#9457,#9458));
#1692=EDGE_LOOP('',(#9459,#9460,#9461,#9462));
#1693=EDGE_LOOP('',(#9463,#9464,#9465,#9466));
#1694=EDGE_LOOP('',(#9467,#9468,#9469,#9470));
#1695=EDGE_LOOP('',(#9471,#9472,#9473,#9474));
#1696=EDGE_LOOP('',(#9475,#9476,#9477,#9478));
#1697=EDGE_LOOP('',(#9479,#9480,#9481,#9482,#9483,#9484,#9485,#9486));
#1698=EDGE_LOOP('',(#9487,#9488,#9489,#9490,#9491,#9492,#9493,#9494,#9495,
#9496));
#1699=EDGE_LOOP('',(#9497,#9498,#9499,#9500));
#1700=EDGE_LOOP('',(#9501,#9502,#9503,#9504,#9505,#9506,#9507));
#1701=EDGE_LOOP('',(#9508,#9509,#9510,#9511));
#1702=EDGE_LOOP('',(#9512,#9513,#9514,#9515));
#1703=EDGE_LOOP('',(#9516,#9517,#9518,#9519,#9520,#9521,#9522,#9523,#9524,
#9525,#9526,#9527));
#1704=EDGE_LOOP('',(#9528,#9529,#9530,#9531));
#1705=EDGE_LOOP('',(#9532,#9533,#9534,#9535));
#1706=EDGE_LOOP('',(#9536,#9537,#9538,#9539,#9540,#9541,#9542,#9543));
#1707=EDGE_LOOP('',(#9544,#9545,#9546,#9547));
#1708=EDGE_LOOP('',(#9548,#9549,#9550,#9551));
#1709=EDGE_LOOP('',(#9552,#9553,#9554,#9555));
#1710=EDGE_LOOP('',(#9556,#9557,#9558,#9559));
#1711=EDGE_LOOP('',(#9560,#9561,#9562,#9563));
#1712=EDGE_LOOP('',(#9564,#9565,#9566,#9567));
#1713=EDGE_LOOP('',(#9568,#9569,#9570,#9571));
#1714=EDGE_LOOP('',(#9572,#9573,#9574,#9575));
#1715=EDGE_LOOP('',(#9576,#9577,#9578,#9579,#9580,#9581,#9582,#9583,#9584,
#9585,#9586,#9587,#9588,#9589));
#1716=EDGE_LOOP('',(#9590,#9591,#9592,#9593));
#1717=EDGE_LOOP('',(#9594,#9595,#9596,#9597));
#1718=EDGE_LOOP('',(#9598,#9599,#9600,#9601));
#1719=EDGE_LOOP('',(#9602,#9603,#9604,#9605));
#1720=EDGE_LOOP('',(#9606,#9607,#9608,#9609));
#1721=EDGE_LOOP('',(#9610,#9611,#9612,#9613));
#1722=EDGE_LOOP('',(#9614,#9615,#9616,#9617,#9618,#9619,#9620,#9621,#9622));
#1723=EDGE_LOOP('',(#9623,#9624,#9625,#9626));
#1724=EDGE_LOOP('',(#9627,#9628,#9629,#9630,#9631,#9632,#9633,#9634,#9635));
#1725=EDGE_LOOP('',(#9636,#9637,#9638,#9639,#9640,#9641,#9642,#9643,#9644,
#9645,#9646,#9647,#9648,#9649));
#1726=EDGE_LOOP('',(#9650,#9651,#9652,#9653));
#1727=EDGE_LOOP('',(#9654,#9655,#9656,#9657));
#1728=EDGE_LOOP('',(#9658,#9659,#9660,#9661));
#1729=EDGE_LOOP('',(#9662,#9663,#9664,#9665));
#1730=EDGE_LOOP('',(#9666,#9667,#9668,#9669));
#1731=EDGE_LOOP('',(#9670,#9671,#9672,#9673));
#1732=EDGE_LOOP('',(#9674,#9675,#9676,#9677));
#1733=EDGE_LOOP('',(#9678,#9679,#9680,#9681,#9682,#9683,#9684));
#1734=EDGE_LOOP('',(#9685,#9686,#9687,#9688,#9689,#9690,#9691,#9692,#9693,
#9694));
#1735=EDGE_LOOP('',(#9695,#9696,#9697,#9698));
#1736=EDGE_LOOP('',(#9699,#9700,#9701,#9702));
#1737=EDGE_LOOP('',(#9703,#9704,#9705,#9706));
#1738=EDGE_LOOP('',(#9707,#9708,#9709,#9710));
#1739=EDGE_LOOP('',(#9711,#9712,#9713,#9714));
#1740=EDGE_LOOP('',(#9715,#9716,#9717,#9718));
#1741=EDGE_LOOP('',(#9719,#9720,#9721,#9722,#9723,#9724,#9725,#9726));
#1742=EDGE_LOOP('',(#9727,#9728,#9729,#9730,#9731,#9732,#9733,#9734,#9735,
#9736));
#1743=EDGE_LOOP('',(#9737,#9738,#9739,#9740));
#1744=EDGE_LOOP('',(#9741,#9742,#9743,#9744,#9745,#9746,#9747));
#1745=EDGE_LOOP('',(#9748,#9749,#9750,#9751));
#1746=EDGE_LOOP('',(#9752,#9753,#9754,#9755));
#1747=EDGE_LOOP('',(#9756,#9757,#9758,#9759,#9760,#9761,#9762,#9763,#9764,
#9765,#9766,#9767));
#1748=EDGE_LOOP('',(#9768,#9769,#9770,#9771));
#1749=EDGE_LOOP('',(#9772,#9773,#9774,#9775));
#1750=EDGE_LOOP('',(#9776,#9777,#9778,#9779,#9780,#9781,#9782,#9783));
#1751=EDGE_LOOP('',(#9784,#9785,#9786,#9787));
#1752=EDGE_LOOP('',(#9788,#9789,#9790,#9791));
#1753=EDGE_LOOP('',(#9792,#9793,#9794,#9795));
#1754=EDGE_LOOP('',(#9796,#9797,#9798,#9799));
#1755=EDGE_LOOP('',(#9800,#9801,#9802,#9803));
#1756=EDGE_LOOP('',(#9804,#9805,#9806,#9807));
#1757=EDGE_LOOP('',(#9808,#9809,#9810,#9811));
#1758=EDGE_LOOP('',(#9812,#9813,#9814,#9815));
#1759=EDGE_LOOP('',(#9816,#9817,#9818,#9819));
#1760=EDGE_LOOP('',(#9820,#9821,#9822,#9823));
#1761=EDGE_LOOP('',(#9824,#9825,#9826,#9827));
#1762=EDGE_LOOP('',(#9828,#9829,#9830,#9831));
#1763=EDGE_LOOP('',(#9832,#9833,#9834,#9835));
#1764=EDGE_LOOP('',(#9836,#9837,#9838,#9839));
#1765=EDGE_LOOP('',(#9840,#9841,#9842,#9843));
#1766=EDGE_LOOP('',(#9844));
#1767=EDGE_LOOP('',(#9845));
#1768=EDGE_LOOP('',(#9846));
#1769=EDGE_LOOP('',(#9847));
#1770=EDGE_LOOP('',(#9848));
#1771=EDGE_LOOP('',(#9849));
#1772=EDGE_LOOP('',(#9850));
#1773=EDGE_LOOP('',(#9851));
#1774=EDGE_LOOP('',(#9852));
#1775=EDGE_LOOP('',(#9853));
#1776=EDGE_LOOP('',(#9854));
#1777=EDGE_LOOP('',(#9855));
#1778=EDGE_LOOP('',(#9856,#9857,#9858,#9859));
#1779=EDGE_LOOP('',(#9860,#9861,#9862,#9863));
#1780=EDGE_LOOP('',(#9864,#9865,#9866,#9867));
#1781=EDGE_LOOP('',(#9868,#9869,#9870,#9871));
#1782=EDGE_LOOP('',(#9872,#9873,#9874,#9875));
#1783=EDGE_LOOP('',(#9876));
#1784=EDGE_LOOP('',(#9877));
#1785=EDGE_LOOP('',(#9878));
#1786=EDGE_LOOP('',(#9879));
#1787=EDGE_LOOP('',(#9880));
#1788=EDGE_LOOP('',(#9881));
#1789=EDGE_LOOP('',(#9882));
#1790=EDGE_LOOP('',(#9883));
#1791=EDGE_LOOP('',(#9884));
#1792=EDGE_LOOP('',(#9885));
#1793=EDGE_LOOP('',(#9886));
#1794=EDGE_LOOP('',(#9887));
#1795=EDGE_LOOP('',(#9888,#9889,#9890,#9891));
#1796=EDGE_LOOP('',(#9892,#9893,#9894,#9895));
#1797=EDGE_LOOP('',(#9896,#9897,#9898,#9899));
#1798=EDGE_LOOP('',(#9900,#9901,#9902,#9903));
#1799=EDGE_LOOP('',(#9904,#9905,#9906,#9907));
#1800=EDGE_LOOP('',(#9908,#9909,#9910,#9911));
#1801=EDGE_LOOP('',(#9912,#9913,#9914,#9915));
#1802=EDGE_LOOP('',(#9916,#9917,#9918,#9919));
#1803=EDGE_LOOP('',(#9920,#9921,#9922,#9923));
#1804=EDGE_LOOP('',(#9924,#9925,#9926,#9927));
#1805=EDGE_LOOP('',(#9928,#9929,#9930,#9931));
#1806=EDGE_LOOP('',(#9932,#9933,#9934));
#1807=EDGE_LOOP('',(#9935,#9936,#9937,#9938));
#1808=EDGE_LOOP('',(#9939,#9940,#9941,#9942));
#1809=EDGE_LOOP('',(#9943,#9944,#9945,#9946));
#1810=EDGE_LOOP('',(#9947,#9948,#9949));
#1811=EDGE_LOOP('',(#9950,#9951,#9952,#9953));
#1812=EDGE_LOOP('',(#9954,#9955,#9956,#9957));
#1813=EDGE_LOOP('',(#9958,#9959,#9960,#9961));
#1814=EDGE_LOOP('',(#9962,#9963,#9964));
#1815=EDGE_LOOP('',(#9965,#9966,#9967));
#1816=EDGE_LOOP('',(#9968,#9969,#9970,#9971,#9972,#9973));
#1817=EDGE_LOOP('',(#9974,#9975,#9976,#9977,#9978,#9979,#9980,#9981,#9982,
#9983,#9984,#9985,#9986,#9987,#9988,#9989));
#1818=EDGE_LOOP('',(#9990));
#1819=EDGE_LOOP('',(#9991));
#1820=EDGE_LOOP('',(#9992));
#1821=EDGE_LOOP('',(#9993));
#1822=EDGE_LOOP('',(#9994,#9995,#9996,#9997));
#1823=EDGE_LOOP('',(#9998,#9999,#10000,#10001));
#1824=EDGE_LOOP('',(#10002,#10003,#10004,#10005));
#1825=EDGE_LOOP('',(#10006,#10007,#10008,#10009));
#1826=EDGE_LOOP('',(#10010,#10011,#10012,#10013));
#1827=EDGE_LOOP('',(#10014,#10015,#10016,#10017));
#1828=EDGE_LOOP('',(#10018,#10019,#10020,#10021));
#1829=EDGE_LOOP('',(#10022,#10023,#10024,#10025));
#1830=EDGE_LOOP('',(#10026,#10027,#10028,#10029));
#1831=EDGE_LOOP('',(#10030,#10031,#10032,#10033));
#1832=EDGE_LOOP('',(#10034,#10035,#10036,#10037));
#1833=EDGE_LOOP('',(#10038,#10039,#10040,#10041));
#1834=EDGE_LOOP('',(#10042,#10043,#10044));
#1835=EDGE_LOOP('',(#10045,#10046,#10047,#10048));
#1836=EDGE_LOOP('',(#10049,#10050,#10051,#10052));
#1837=EDGE_LOOP('',(#10053,#10054,#10055,#10056));
#1838=EDGE_LOOP('',(#10057,#10058,#10059));
#1839=EDGE_LOOP('',(#10060,#10061,#10062,#10063));
#1840=EDGE_LOOP('',(#10064,#10065,#10066,#10067));
#1841=EDGE_LOOP('',(#10068,#10069,#10070,#10071));
#1842=EDGE_LOOP('',(#10072,#10073,#10074));
#1843=EDGE_LOOP('',(#10075,#10076,#10077));
#1844=EDGE_LOOP('',(#10078,#10079,#10080,#10081,#10082,#10083));
#1845=EDGE_LOOP('',(#10084,#10085,#10086,#10087));
#1846=EDGE_LOOP('',(#10088,#10089,#10090,#10091));
#1847=EDGE_LOOP('',(#10092,#10093,#10094,#10095));
#1848=EDGE_LOOP('',(#10096,#10097,#10098,#10099));
#1849=EDGE_LOOP('',(#10100,#10101,#10102,#10103));
#1850=EDGE_LOOP('',(#10104,#10105,#10106,#10107));
#1851=EDGE_LOOP('',(#10108,#10109,#10110,#10111));
#1852=EDGE_LOOP('',(#10112,#10113,#10114,#10115,#10116,#10117));
#1853=EDGE_LOOP('',(#10118,#10119,#10120,#10121,#10122,#10123,#10124,#10125,
#10126,#10127,#10128,#10129,#10130,#10131,#10132,#10133));
#1854=EDGE_LOOP('',(#10134,#10135,#10136,#10137));
#1855=EDGE_LOOP('',(#10138));
#1856=EDGE_LOOP('',(#10139));
#1857=EDGE_LOOP('',(#10140));
#1858=EDGE_LOOP('',(#10141));
#1859=EDGE_LOOP('',(#10142,#10143,#10144,#10145));
#1860=EDGE_LOOP('',(#10146,#10147,#10148,#10149));
#1861=EDGE_LOOP('',(#10150,#10151,#10152,#10153));
#1862=EDGE_LOOP('',(#10154,#10155,#10156,#10157));
#1863=EDGE_LOOP('',(#10158,#10159,#10160,#10161));
#1864=EDGE_LOOP('',(#10162,#10163,#10164,#10165));
#1865=EDGE_LOOP('',(#10166,#10167,#10168,#10169,#10170,#10171));
#1866=EDGE_LOOP('',(#10172,#10173,#10174,#10175));
#1867=EDGE_LOOP('',(#10176,#10177,#10178,#10179));
#1868=EDGE_LOOP('',(#10180,#10181,#10182,#10183));
#1869=EDGE_LOOP('',(#10184,#10185,#10186,#10187));
#1870=EDGE_LOOP('',(#10188,#10189,#10190,#10191));
#1871=EDGE_LOOP('',(#10192,#10193,#10194,#10195));
#1872=EDGE_LOOP('',(#10196,#10197,#10198,#10199));
#1873=EDGE_LOOP('',(#10200,#10201,#10202,#10203));
#1874=EDGE_LOOP('',(#10204,#10205,#10206,#10207));
#1875=EDGE_LOOP('',(#10208,#10209,#10210,#10211));
#1876=EDGE_LOOP('',(#10212,#10213,#10214,#10215));
#1877=EDGE_LOOP('',(#10216,#10217,#10218,#10219));
#1878=EDGE_LOOP('',(#10220,#10221,#10222,#10223));
#1879=EDGE_LOOP('',(#10224,#10225,#10226,#10227));
#1880=EDGE_LOOP('',(#10228,#10229,#10230,#10231));
#1881=EDGE_LOOP('',(#10232,#10233,#10234,#10235));
#1882=EDGE_LOOP('',(#10236,#10237,#10238,#10239));
#1883=EDGE_LOOP('',(#10240,#10241,#10242,#10243));
#1884=EDGE_LOOP('',(#10244,#10245,#10246,#10247));
#1885=EDGE_LOOP('',(#10248,#10249,#10250,#10251));
#1886=EDGE_LOOP('',(#10252,#10253,#10254,#10255));
#1887=EDGE_LOOP('',(#10256,#10257,#10258,#10259));
#1888=EDGE_LOOP('',(#10260,#10261,#10262,#10263));
#1889=EDGE_LOOP('',(#10264,#10265,#10266,#10267));
#1890=EDGE_LOOP('',(#10268,#10269,#10270,#10271));
#1891=EDGE_LOOP('',(#10272,#10273,#10274,#10275));
#1892=EDGE_LOOP('',(#10276,#10277,#10278,#10279));
#1893=EDGE_LOOP('',(#10280,#10281,#10282,#10283));
#1894=EDGE_LOOP('',(#10284,#10285,#10286,#10287));
#1895=EDGE_LOOP('',(#10288,#10289,#10290,#10291));
#1896=EDGE_LOOP('',(#10292,#10293,#10294,#10295));
#1897=EDGE_LOOP('',(#10296,#10297,#10298,#10299));
#1898=EDGE_LOOP('',(#10300,#10301,#10302,#10303));
#1899=EDGE_LOOP('',(#10304,#10305,#10306,#10307));
#1900=EDGE_LOOP('',(#10308,#10309,#10310,#10311));
#1901=EDGE_LOOP('',(#10312,#10313,#10314,#10315));
#1902=EDGE_LOOP('',(#10316,#10317,#10318,#10319));
#1903=EDGE_LOOP('',(#10320,#10321,#10322,#10323));
#1904=EDGE_LOOP('',(#10324,#10325,#10326,#10327));
#1905=EDGE_LOOP('',(#10328,#10329,#10330,#10331));
#1906=EDGE_LOOP('',(#10332,#10333,#10334,#10335));
#1907=EDGE_LOOP('',(#10336,#10337,#10338,#10339));
#1908=EDGE_LOOP('',(#10340,#10341,#10342,#10343));
#1909=EDGE_LOOP('',(#10344,#10345,#10346));
#1910=EDGE_LOOP('',(#10347,#10348,#10349,#10350));
#1911=EDGE_LOOP('',(#10351,#10352,#10353));
#1912=EDGE_LOOP('',(#10354,#10355,#10356,#10357));
#1913=EDGE_LOOP('',(#10358,#10359,#10360,#10361));
#1914=EDGE_LOOP('',(#10362,#10363,#10364,#10365));
#1915=EDGE_LOOP('',(#10366,#10367,#10368,#10369));
#1916=EDGE_LOOP('',(#10370,#10371,#10372,#10373));
#1917=EDGE_LOOP('',(#10374,#10375,#10376,#10377));
#1918=EDGE_LOOP('',(#10378,#10379,#10380,#10381));
#1919=EDGE_LOOP('',(#10382,#10383,#10384,#10385));
#1920=EDGE_LOOP('',(#10386,#10387,#10388,#10389));
#1921=EDGE_LOOP('',(#10390,#10391,#10392,#10393));
#1922=EDGE_LOOP('',(#10394,#10395,#10396,#10397));
#1923=EDGE_LOOP('',(#10398,#10399,#10400,#10401));
#1924=EDGE_LOOP('',(#10402,#10403,#10404,#10405));
#1925=EDGE_LOOP('',(#10406,#10407,#10408,#10409));
#1926=EDGE_LOOP('',(#10410,#10411,#10412,#10413));
#1927=EDGE_LOOP('',(#10414,#10415,#10416,#10417,#10418,#10419,#10420,#10421,
#10422,#10423));
#1928=EDGE_LOOP('',(#10424,#10425,#10426,#10427,#10428));
#1929=EDGE_LOOP('',(#10429,#10430,#10431,#10432,#10433,#10434,#10435,#10436,
#10437,#10438));
#1930=EDGE_LOOP('',(#10439,#10440,#10441,#10442,#10443));
#1931=EDGE_LOOP('',(#10444,#10445,#10446,#10447));
#1932=EDGE_LOOP('',(#10448,#10449,#10450,#10451));
#1933=EDGE_LOOP('',(#10452,#10453,#10454,#10455));
#1934=EDGE_LOOP('',(#10456,#10457,#10458,#10459));
#1935=EDGE_LOOP('',(#10460,#10461,#10462,#10463));
#1936=EDGE_LOOP('',(#10464,#10465,#10466,#10467));
#1937=EDGE_LOOP('',(#10468,#10469,#10470,#10471));
#1938=EDGE_LOOP('',(#10472,#10473,#10474,#10475));
#1939=EDGE_LOOP('',(#10476,#10477,#10478,#10479));
#1940=EDGE_LOOP('',(#10480,#10481,#10482,#10483));
#1941=EDGE_LOOP('',(#10484,#10485,#10486,#10487));
#1942=EDGE_LOOP('',(#10488,#10489,#10490,#10491));
#1943=EDGE_LOOP('',(#10492,#10493,#10494,#10495));
#1944=EDGE_LOOP('',(#10496,#10497,#10498,#10499));
#1945=EDGE_LOOP('',(#10500,#10501,#10502,#10503));
#1946=EDGE_LOOP('',(#10504,#10505,#10506,#10507));
#1947=EDGE_LOOP('',(#10508,#10509,#10510,#10511,#10512,#10513,#10514,#10515,
#10516,#10517,#10518,#10519,#10520,#10521,#10522,#10523));
#1948=EDGE_LOOP('',(#10524,#10525,#10526,#10527,#10528,#10529,#10530,#10531,
#10532,#10533,#10534,#10535,#10536,#10537,#10538,#10539));
#1949=EDGE_LOOP('',(#10540,#10541,#10542,#10543));
#1950=EDGE_LOOP('',(#10544,#10545,#10546,#10547));
#1951=EDGE_LOOP('',(#10548,#10549,#10550,#10551));
#1952=EDGE_LOOP('',(#10552,#10553,#10554));
#1953=EDGE_LOOP('',(#10555,#10556,#10557));
#1954=EDGE_LOOP('',(#10558,#10559,#10560,#10561));
#1955=EDGE_LOOP('',(#10562,#10563,#10564,#10565));
#1956=EDGE_LOOP('',(#10566,#10567,#10568,#10569));
#1957=EDGE_LOOP('',(#10570,#10571,#10572,#10573));
#1958=EDGE_LOOP('',(#10574,#10575,#10576,#10577));
#1959=EDGE_LOOP('',(#10578,#10579,#10580,#10581));
#1960=EDGE_LOOP('',(#10582,#10583,#10584,#10585,#10586,#10587));
#1961=EDGE_LOOP('',(#10588,#10589,#10590,#10591,#10592,#10593));
#1962=EDGE_LOOP('',(#10594,#10595,#10596,#10597));
#1963=EDGE_LOOP('',(#10598,#10599,#10600,#10601));
#1964=EDGE_LOOP('',(#10602,#10603,#10604,#10605));
#1965=EDGE_LOOP('',(#10606,#10607,#10608,#10609));
#1966=EDGE_LOOP('',(#10610,#10611,#10612,#10613));
#1967=EDGE_LOOP('',(#10614,#10615,#10616,#10617));
#1968=EDGE_LOOP('',(#10618,#10619,#10620,#10621));
#1969=EDGE_LOOP('',(#10622,#10623,#10624,#10625));
#1970=EDGE_LOOP('',(#10626,#10627,#10628,#10629));
#1971=EDGE_LOOP('',(#10630,#10631,#10632,#10633));
#1972=EDGE_LOOP('',(#10634,#10635,#10636,#10637));
#1973=EDGE_LOOP('',(#10638,#10639,#10640,#10641));
#1974=EDGE_LOOP('',(#10642,#10643,#10644,#10645));
#1975=EDGE_LOOP('',(#10646,#10647,#10648,#10649));
#1976=EDGE_LOOP('',(#10650,#10651,#10652,#10653));
#1977=EDGE_LOOP('',(#10654,#10655,#10656,#10657,#10658,#10659,#10660,#10661,
#10662,#10663,#10664,#10665,#10666,#10667,#10668));
#1978=EDGE_LOOP('',(#10669,#10670,#10671,#10672,#10673,#10674,#10675,#10676,
#10677,#10678,#10679,#10680,#10681,#10682,#10683));
#1979=EDGE_LOOP('',(#10684,#10685,#10686,#10687));
#1980=EDGE_LOOP('',(#10688,#10689,#10690,#10691));
#1981=EDGE_LOOP('',(#10692,#10693,#10694,#10695));
#1982=EDGE_LOOP('',(#10696,#10697,#10698,#10699));
#1983=EDGE_LOOP('',(#10700,#10701,#10702,#10703));
#1984=EDGE_LOOP('',(#10704,#10705,#10706,#10707));
#1985=EDGE_LOOP('',(#10708,#10709,#10710,#10711));
#1986=EDGE_LOOP('',(#10712,#10713,#10714,#10715));
#1987=EDGE_LOOP('',(#10716,#10717,#10718,#10719));
#1988=EDGE_LOOP('',(#10720,#10721,#10722,#10723));
#1989=EDGE_LOOP('',(#10724,#10725,#10726,#10727));
#1990=EDGE_LOOP('',(#10728,#10729,#10730,#10731));
#1991=EDGE_LOOP('',(#10732,#10733,#10734,#10735));
#1992=EDGE_LOOP('',(#10736,#10737,#10738,#10739));
#1993=EDGE_LOOP('',(#10740,#10741,#10742,#10743));
#1994=EDGE_LOOP('',(#10744,#10745,#10746,#10747));
#1995=EDGE_LOOP('',(#10748,#10749,#10750,#10751));
#1996=EDGE_LOOP('',(#10752,#10753,#10754,#10755));
#1997=EDGE_LOOP('',(#10756,#10757,#10758,#10759));
#1998=EDGE_LOOP('',(#10760,#10761,#10762,#10763));
#1999=EDGE_LOOP('',(#10764,#10765,#10766,#10767));
#2000=EDGE_LOOP('',(#10768,#10769,#10770,#10771));
#2001=EDGE_LOOP('',(#10772,#10773,#10774,#10775));
#2002=EDGE_LOOP('',(#10776,#10777,#10778,#10779));
#2003=EDGE_LOOP('',(#10780,#10781,#10782,#10783));
#2004=EDGE_LOOP('',(#10784,#10785,#10786,#10787,#10788,#10789,#10790,#10791,
#10792,#10793,#10794,#10795,#10796,#10797,#10798,#10799,#10800,#10801,#10802,
#10803,#10804,#10805,#10806,#10807,#10808));
#2005=EDGE_LOOP('',(#10809,#10810,#10811,#10812,#10813,#10814,#10815,#10816,
#10817,#10818,#10819,#10820,#10821,#10822,#10823,#10824,#10825,#10826,#10827,
#10828,#10829,#10830,#10831,#10832,#10833));
#2006=EDGE_LOOP('',(#10834));
#2007=EDGE_LOOP('',(#10835));
#2008=EDGE_LOOP('',(#10836));
#2009=EDGE_LOOP('',(#10837));
#2010=LINE('',#15687,#3342);
#2011=LINE('',#15689,#3343);
#2012=LINE('',#15691,#3344);
#2013=LINE('',#15692,#3345);
#2014=LINE('',#15698,#3346);
#2015=LINE('',#15701,#3347);
#2016=LINE('',#15705,#3348);
#2017=LINE('',#15709,#3349);
#2018=LINE('',#15712,#3350);
#2019=LINE('',#15713,#3351);
#2020=LINE('',#15716,#3352);
#2021=LINE('',#15718,#3353);
#2022=LINE('',#15720,#3354);
#2023=LINE('',#15722,#3355);
#2024=LINE('',#15724,#3356);
#2025=LINE('',#15726,#3357);
#2026=LINE('',#15728,#3358);
#2027=LINE('',#15730,#3359);
#2028=LINE('',#15732,#3360);
#2029=LINE('',#15734,#3361);
#2030=LINE('',#15735,#3362);
#2031=LINE('',#15738,#3363);
#2032=LINE('',#15740,#3364);
#2033=LINE('',#15741,#3365);
#2034=LINE('',#15744,#3366);
#2035=LINE('',#15746,#3367);
#2036=LINE('',#15747,#3368);
#2037=LINE('',#15750,#3369);
#2038=LINE('',#15752,#3370);
#2039=LINE('',#15753,#3371);
#2040=LINE('',#15755,#3372);
#2041=LINE('',#15758,#3373);
#2042=LINE('',#15760,#3374);
#2043=LINE('',#15761,#3375);
#2044=LINE('',#15763,#3376);
#2045=LINE('',#15766,#3377);
#2046=LINE('',#15769,#3378);
#2047=LINE('',#15771,#3379);
#2048=LINE('',#15773,#3380);
#2049=LINE('',#15776,#3381);
#2050=LINE('',#15781,#3382);
#2051=LINE('',#15782,#3383);
#2052=LINE('',#15784,#3384);
#2053=LINE('',#15787,#3385);
#2054=LINE('',#15789,#3386);
#2055=LINE('',#15790,#3387);
#2056=LINE('',#15792,#3388);
#2057=LINE('',#15794,#3389);
#2058=LINE('',#15797,#3390);
#2059=LINE('',#15803,#3391);
#2060=LINE('',#15805,#3392);
#2061=LINE('',#15807,#3393);
#2062=LINE('',#15808,#3394);
#2063=LINE('',#15814,#3395);
#2064=LINE('',#15817,#3396);
#2065=LINE('',#15821,#3397);
#2066=LINE('',#15825,#3398);
#2067=LINE('',#15828,#3399);
#2068=LINE('',#15829,#3400);
#2069=LINE('',#15832,#3401);
#2070=LINE('',#15834,#3402);
#2071=LINE('',#15836,#3403);
#2072=LINE('',#15838,#3404);
#2073=LINE('',#15840,#3405);
#2074=LINE('',#15842,#3406);
#2075=LINE('',#15844,#3407);
#2076=LINE('',#15846,#3408);
#2077=LINE('',#15848,#3409);
#2078=LINE('',#15850,#3410);
#2079=LINE('',#15851,#3411);
#2080=LINE('',#15854,#3412);
#2081=LINE('',#15856,#3413);
#2082=LINE('',#15857,#3414);
#2083=LINE('',#15860,#3415);
#2084=LINE('',#15862,#3416);
#2085=LINE('',#15863,#3417);
#2086=LINE('',#15866,#3418);
#2087=LINE('',#15868,#3419);
#2088=LINE('',#15869,#3420);
#2089=LINE('',#15871,#3421);
#2090=LINE('',#15874,#3422);
#2091=LINE('',#15876,#3423);
#2092=LINE('',#15877,#3424);
#2093=LINE('',#15879,#3425);
#2094=LINE('',#15882,#3426);
#2095=LINE('',#15885,#3427);
#2096=LINE('',#15887,#3428);
#2097=LINE('',#15889,#3429);
#2098=LINE('',#15892,#3430);
#2099=LINE('',#15897,#3431);
#2100=LINE('',#15898,#3432);
#2101=LINE('',#15900,#3433);
#2102=LINE('',#15903,#3434);
#2103=LINE('',#15905,#3435);
#2104=LINE('',#15906,#3436);
#2105=LINE('',#15908,#3437);
#2106=LINE('',#15910,#3438);
#2107=LINE('',#15913,#3439);
#2108=LINE('',#15919,#3440);
#2109=LINE('',#15921,#3441);
#2110=LINE('',#15923,#3442);
#2111=LINE('',#15924,#3443);
#2112=LINE('',#15928,#3444);
#2113=LINE('',#15932,#3445);
#2114=LINE('',#15934,#3446);
#2115=LINE('',#15936,#3447);
#2116=LINE('',#15939,#3448);
#2117=LINE('',#15942,#3449);
#2118=LINE('',#15944,#3450);
#2119=LINE('',#15946,#3451);
#2120=LINE('',#15948,#3452);
#2121=LINE('',#15949,#3453);
#2122=LINE('',#15951,#3454);
#2123=LINE('',#15953,#3455);
#2124=LINE('',#15954,#3456);
#2125=LINE('',#15957,#3457);
#2126=LINE('',#15959,#3458);
#2127=LINE('',#15960,#3459);
#2128=LINE('',#15963,#3460);
#2129=LINE('',#15964,#3461);
#2130=LINE('',#15966,#3462);
#2131=LINE('',#15969,#3463);
#2132=LINE('',#15970,#3464);
#2133=LINE('',#15973,#3465);
#2134=LINE('',#15974,#3466);
#2135=LINE('',#15976,#3467);
#2136=LINE('',#15980,#3468);
#2137=LINE('',#15982,#3469);
#2138=LINE('',#15984,#3470);
#2139=LINE('',#15986,#3471);
#2140=LINE('',#15988,#3472);
#2141=LINE('',#15990,#3473);
#2142=LINE('',#15992,#3474);
#2143=LINE('',#15993,#3475);
#2144=LINE('',#15996,#3476);
#2145=LINE('',#15997,#3477);
#2146=LINE('',#16001,#3478);
#2147=LINE('',#16005,#3479);
#2148=LINE('',#16006,#3480);
#2149=LINE('',#16010,#3481);
#2150=LINE('',#16012,#3482);
#2151=LINE('',#16013,#3483);
#2152=LINE('',#16016,#3484);
#2153=LINE('',#16018,#3485);
#2154=LINE('',#16019,#3486);
#2155=LINE('',#16021,#3487);
#2156=LINE('',#16023,#3488);
#2157=LINE('',#16025,#3489);
#2158=LINE('',#16026,#3490);
#2159=LINE('',#16028,#3491);
#2160=LINE('',#16030,#3492);
#2161=LINE('',#16031,#3493);
#2162=LINE('',#16033,#3494);
#2163=LINE('',#16035,#3495);
#2164=LINE('',#16036,#3496);
#2165=LINE('',#16038,#3497);
#2166=LINE('',#16040,#3498);
#2167=LINE('',#16047,#3499);
#2168=LINE('',#16049,#3500);
#2169=LINE('',#16051,#3501);
#2170=LINE('',#16052,#3502);
#2171=LINE('',#16056,#3503);
#2172=LINE('',#16058,#3504);
#2173=LINE('',#16060,#3505);
#2174=LINE('',#16061,#3506);
#2175=LINE('',#16065,#3507);
#2176=LINE('',#16067,#3508);
#2177=LINE('',#16069,#3509);
#2178=LINE('',#16070,#3510);
#2179=LINE('',#16073,#3511);
#2180=LINE('',#16075,#3512);
#2181=LINE('',#16076,#3513);
#2182=LINE('',#16080,#3514);
#2183=LINE('',#16082,#3515);
#2184=LINE('',#16084,#3516);
#2185=LINE('',#16085,#3517);
#2186=LINE('',#16087,#3518);
#2187=LINE('',#16089,#3519);
#2188=LINE('',#16090,#3520);
#2189=LINE('',#16092,#3521);
#2190=LINE('',#16093,#3522);
#2191=LINE('',#16098,#3523);
#2192=LINE('',#16101,#3524);
#2193=LINE('',#16102,#3525);
#2194=LINE('',#16104,#3526);
#2195=LINE('',#16106,#3527);
#2196=LINE('',#16107,#3528);
#2197=LINE('',#16109,#3529);
#2198=LINE('',#16111,#3530);
#2199=LINE('',#16116,#3531);
#2200=LINE('',#16118,#3532);
#2201=LINE('',#16119,#3533);
#2202=LINE('',#16123,#3534);
#2203=LINE('',#16126,#3535);
#2204=LINE('',#16128,#3536);
#2205=LINE('',#16130,#3537);
#2206=LINE('',#16132,#3538);
#2207=LINE('',#16134,#3539);
#2208=LINE('',#16136,#3540);
#2209=LINE('',#16138,#3541);
#2210=LINE('',#16139,#3542);
#2211=LINE('',#16143,#3543);
#2212=LINE('',#16145,#3544);
#2213=LINE('',#16146,#3545);
#2214=LINE('',#16149,#3546);
#2215=LINE('',#16150,#3547);
#2216=LINE('',#16153,#3548);
#2217=LINE('',#16154,#3549);
#2218=LINE('',#16157,#3550);
#2219=LINE('',#16159,#3551);
#2220=LINE('',#16160,#3552);
#2221=LINE('',#16163,#3553);
#2222=LINE('',#16164,#3554);
#2223=LINE('',#16166,#3555);
#2224=LINE('',#16168,#3556);
#2225=LINE('',#16169,#3557);
#2226=LINE('',#16175,#3558);
#2227=LINE('',#16177,#3559);
#2228=LINE('',#16179,#3560);
#2229=LINE('',#16180,#3561);
#2230=LINE('',#16184,#3562);
#2231=LINE('',#16188,#3563);
#2232=LINE('',#16190,#3564);
#2233=LINE('',#16192,#3565);
#2234=LINE('',#16195,#3566);
#2235=LINE('',#16198,#3567);
#2236=LINE('',#16200,#3568);
#2237=LINE('',#16202,#3569);
#2238=LINE('',#16204,#3570);
#2239=LINE('',#16205,#3571);
#2240=LINE('',#16207,#3572);
#2241=LINE('',#16209,#3573);
#2242=LINE('',#16210,#3574);
#2243=LINE('',#16213,#3575);
#2244=LINE('',#16215,#3576);
#2245=LINE('',#16216,#3577);
#2246=LINE('',#16219,#3578);
#2247=LINE('',#16220,#3579);
#2248=LINE('',#16222,#3580);
#2249=LINE('',#16225,#3581);
#2250=LINE('',#16226,#3582);
#2251=LINE('',#16229,#3583);
#2252=LINE('',#16230,#3584);
#2253=LINE('',#16232,#3585);
#2254=LINE('',#16236,#3586);
#2255=LINE('',#16238,#3587);
#2256=LINE('',#16240,#3588);
#2257=LINE('',#16242,#3589);
#2258=LINE('',#16244,#3590);
#2259=LINE('',#16246,#3591);
#2260=LINE('',#16248,#3592);
#2261=LINE('',#16249,#3593);
#2262=LINE('',#16252,#3594);
#2263=LINE('',#16253,#3595);
#2264=LINE('',#16257,#3596);
#2265=LINE('',#16261,#3597);
#2266=LINE('',#16262,#3598);
#2267=LINE('',#16266,#3599);
#2268=LINE('',#16268,#3600);
#2269=LINE('',#16269,#3601);
#2270=LINE('',#16272,#3602);
#2271=LINE('',#16274,#3603);
#2272=LINE('',#16275,#3604);
#2273=LINE('',#16277,#3605);
#2274=LINE('',#16279,#3606);
#2275=LINE('',#16281,#3607);
#2276=LINE('',#16282,#3608);
#2277=LINE('',#16284,#3609);
#2278=LINE('',#16286,#3610);
#2279=LINE('',#16287,#3611);
#2280=LINE('',#16289,#3612);
#2281=LINE('',#16291,#3613);
#2282=LINE('',#16292,#3614);
#2283=LINE('',#16294,#3615);
#2284=LINE('',#16296,#3616);
#2285=LINE('',#16303,#3617);
#2286=LINE('',#16305,#3618);
#2287=LINE('',#16307,#3619);
#2288=LINE('',#16308,#3620);
#2289=LINE('',#16312,#3621);
#2290=LINE('',#16314,#3622);
#2291=LINE('',#16316,#3623);
#2292=LINE('',#16317,#3624);
#2293=LINE('',#16321,#3625);
#2294=LINE('',#16323,#3626);
#2295=LINE('',#16325,#3627);
#2296=LINE('',#16326,#3628);
#2297=LINE('',#16329,#3629);
#2298=LINE('',#16331,#3630);
#2299=LINE('',#16332,#3631);
#2300=LINE('',#16336,#3632);
#2301=LINE('',#16338,#3633);
#2302=LINE('',#16340,#3634);
#2303=LINE('',#16341,#3635);
#2304=LINE('',#16343,#3636);
#2305=LINE('',#16345,#3637);
#2306=LINE('',#16346,#3638);
#2307=LINE('',#16348,#3639);
#2308=LINE('',#16349,#3640);
#2309=LINE('',#16354,#3641);
#2310=LINE('',#16357,#3642);
#2311=LINE('',#16358,#3643);
#2312=LINE('',#16360,#3644);
#2313=LINE('',#16362,#3645);
#2314=LINE('',#16363,#3646);
#2315=LINE('',#16365,#3647);
#2316=LINE('',#16367,#3648);
#2317=LINE('',#16372,#3649);
#2318=LINE('',#16374,#3650);
#2319=LINE('',#16375,#3651);
#2320=LINE('',#16379,#3652);
#2321=LINE('',#16382,#3653);
#2322=LINE('',#16384,#3654);
#2323=LINE('',#16386,#3655);
#2324=LINE('',#16388,#3656);
#2325=LINE('',#16390,#3657);
#2326=LINE('',#16392,#3658);
#2327=LINE('',#16394,#3659);
#2328=LINE('',#16395,#3660);
#2329=LINE('',#16399,#3661);
#2330=LINE('',#16401,#3662);
#2331=LINE('',#16402,#3663);
#2332=LINE('',#16405,#3664);
#2333=LINE('',#16406,#3665);
#2334=LINE('',#16409,#3666);
#2335=LINE('',#16410,#3667);
#2336=LINE('',#16413,#3668);
#2337=LINE('',#16415,#3669);
#2338=LINE('',#16416,#3670);
#2339=LINE('',#16419,#3671);
#2340=LINE('',#16420,#3672);
#2341=LINE('',#16422,#3673);
#2342=LINE('',#16424,#3674);
#2343=LINE('',#16425,#3675);
#2344=LINE('',#16431,#3676);
#2345=LINE('',#16433,#3677);
#2346=LINE('',#16435,#3678);
#2347=LINE('',#16436,#3679);
#2348=LINE('',#16440,#3680);
#2349=LINE('',#16444,#3681);
#2350=LINE('',#16446,#3682);
#2351=LINE('',#16448,#3683);
#2352=LINE('',#16451,#3684);
#2353=LINE('',#16454,#3685);
#2354=LINE('',#16456,#3686);
#2355=LINE('',#16458,#3687);
#2356=LINE('',#16460,#3688);
#2357=LINE('',#16461,#3689);
#2358=LINE('',#16463,#3690);
#2359=LINE('',#16465,#3691);
#2360=LINE('',#16466,#3692);
#2361=LINE('',#16469,#3693);
#2362=LINE('',#16471,#3694);
#2363=LINE('',#16472,#3695);
#2364=LINE('',#16475,#3696);
#2365=LINE('',#16476,#3697);
#2366=LINE('',#16478,#3698);
#2367=LINE('',#16481,#3699);
#2368=LINE('',#16482,#3700);
#2369=LINE('',#16485,#3701);
#2370=LINE('',#16486,#3702);
#2371=LINE('',#16488,#3703);
#2372=LINE('',#16492,#3704);
#2373=LINE('',#16494,#3705);
#2374=LINE('',#16496,#3706);
#2375=LINE('',#16498,#3707);
#2376=LINE('',#16500,#3708);
#2377=LINE('',#16502,#3709);
#2378=LINE('',#16504,#3710);
#2379=LINE('',#16505,#3711);
#2380=LINE('',#16508,#3712);
#2381=LINE('',#16509,#3713);
#2382=LINE('',#16513,#3714);
#2383=LINE('',#16517,#3715);
#2384=LINE('',#16518,#3716);
#2385=LINE('',#16522,#3717);
#2386=LINE('',#16524,#3718);
#2387=LINE('',#16525,#3719);
#2388=LINE('',#16528,#3720);
#2389=LINE('',#16530,#3721);
#2390=LINE('',#16531,#3722);
#2391=LINE('',#16533,#3723);
#2392=LINE('',#16535,#3724);
#2393=LINE('',#16537,#3725);
#2394=LINE('',#16538,#3726);
#2395=LINE('',#16540,#3727);
#2396=LINE('',#16542,#3728);
#2397=LINE('',#16543,#3729);
#2398=LINE('',#16545,#3730);
#2399=LINE('',#16547,#3731);
#2400=LINE('',#16548,#3732);
#2401=LINE('',#16550,#3733);
#2402=LINE('',#16552,#3734);
#2403=LINE('',#16559,#3735);
#2404=LINE('',#16561,#3736);
#2405=LINE('',#16563,#3737);
#2406=LINE('',#16564,#3738);
#2407=LINE('',#16568,#3739);
#2408=LINE('',#16570,#3740);
#2409=LINE('',#16572,#3741);
#2410=LINE('',#16573,#3742);
#2411=LINE('',#16577,#3743);
#2412=LINE('',#16579,#3744);
#2413=LINE('',#16581,#3745);
#2414=LINE('',#16582,#3746);
#2415=LINE('',#16585,#3747);
#2416=LINE('',#16587,#3748);
#2417=LINE('',#16588,#3749);
#2418=LINE('',#16592,#3750);
#2419=LINE('',#16594,#3751);
#2420=LINE('',#16596,#3752);
#2421=LINE('',#16597,#3753);
#2422=LINE('',#16599,#3754);
#2423=LINE('',#16601,#3755);
#2424=LINE('',#16602,#3756);
#2425=LINE('',#16604,#3757);
#2426=LINE('',#16605,#3758);
#2427=LINE('',#16610,#3759);
#2428=LINE('',#16613,#3760);
#2429=LINE('',#16614,#3761);
#2430=LINE('',#16616,#3762);
#2431=LINE('',#16618,#3763);
#2432=LINE('',#16619,#3764);
#2433=LINE('',#16621,#3765);
#2434=LINE('',#16623,#3766);
#2435=LINE('',#16628,#3767);
#2436=LINE('',#16630,#3768);
#2437=LINE('',#16631,#3769);
#2438=LINE('',#16635,#3770);
#2439=LINE('',#16638,#3771);
#2440=LINE('',#16640,#3772);
#2441=LINE('',#16642,#3773);
#2442=LINE('',#16644,#3774);
#2443=LINE('',#16646,#3775);
#2444=LINE('',#16648,#3776);
#2445=LINE('',#16650,#3777);
#2446=LINE('',#16651,#3778);
#2447=LINE('',#16655,#3779);
#2448=LINE('',#16657,#3780);
#2449=LINE('',#16658,#3781);
#2450=LINE('',#16661,#3782);
#2451=LINE('',#16662,#3783);
#2452=LINE('',#16665,#3784);
#2453=LINE('',#16666,#3785);
#2454=LINE('',#16669,#3786);
#2455=LINE('',#16671,#3787);
#2456=LINE('',#16672,#3788);
#2457=LINE('',#16675,#3789);
#2458=LINE('',#16676,#3790);
#2459=LINE('',#16678,#3791);
#2460=LINE('',#16680,#3792);
#2461=LINE('',#16681,#3793);
#2462=LINE('',#16687,#3794);
#2463=LINE('',#16689,#3795);
#2464=LINE('',#16691,#3796);
#2465=LINE('',#16692,#3797);
#2466=LINE('',#16696,#3798);
#2467=LINE('',#16700,#3799);
#2468=LINE('',#16702,#3800);
#2469=LINE('',#16704,#3801);
#2470=LINE('',#16707,#3802);
#2471=LINE('',#16710,#3803);
#2472=LINE('',#16712,#3804);
#2473=LINE('',#16714,#3805);
#2474=LINE('',#16716,#3806);
#2475=LINE('',#16717,#3807);
#2476=LINE('',#16719,#3808);
#2477=LINE('',#16721,#3809);
#2478=LINE('',#16722,#3810);
#2479=LINE('',#16725,#3811);
#2480=LINE('',#16727,#3812);
#2481=LINE('',#16728,#3813);
#2482=LINE('',#16731,#3814);
#2483=LINE('',#16732,#3815);
#2484=LINE('',#16734,#3816);
#2485=LINE('',#16737,#3817);
#2486=LINE('',#16738,#3818);
#2487=LINE('',#16741,#3819);
#2488=LINE('',#16742,#3820);
#2489=LINE('',#16744,#3821);
#2490=LINE('',#16748,#3822);
#2491=LINE('',#16750,#3823);
#2492=LINE('',#16752,#3824);
#2493=LINE('',#16754,#3825);
#2494=LINE('',#16756,#3826);
#2495=LINE('',#16758,#3827);
#2496=LINE('',#16760,#3828);
#2497=LINE('',#16761,#3829);
#2498=LINE('',#16764,#3830);
#2499=LINE('',#16765,#3831);
#2500=LINE('',#16769,#3832);
#2501=LINE('',#16773,#3833);
#2502=LINE('',#16774,#3834);
#2503=LINE('',#16778,#3835);
#2504=LINE('',#16780,#3836);
#2505=LINE('',#16781,#3837);
#2506=LINE('',#16784,#3838);
#2507=LINE('',#16786,#3839);
#2508=LINE('',#16787,#3840);
#2509=LINE('',#16789,#3841);
#2510=LINE('',#16791,#3842);
#2511=LINE('',#16793,#3843);
#2512=LINE('',#16794,#3844);
#2513=LINE('',#16796,#3845);
#2514=LINE('',#16798,#3846);
#2515=LINE('',#16799,#3847);
#2516=LINE('',#16801,#3848);
#2517=LINE('',#16803,#3849);
#2518=LINE('',#16804,#3850);
#2519=LINE('',#16806,#3851);
#2520=LINE('',#16808,#3852);
#2521=LINE('',#16815,#3853);
#2522=LINE('',#16817,#3854);
#2523=LINE('',#16819,#3855);
#2524=LINE('',#16820,#3856);
#2525=LINE('',#16824,#3857);
#2526=LINE('',#16826,#3858);
#2527=LINE('',#16828,#3859);
#2528=LINE('',#16829,#3860);
#2529=LINE('',#16833,#3861);
#2530=LINE('',#16835,#3862);
#2531=LINE('',#16837,#3863);
#2532=LINE('',#16838,#3864);
#2533=LINE('',#16841,#3865);
#2534=LINE('',#16843,#3866);
#2535=LINE('',#16844,#3867);
#2536=LINE('',#16848,#3868);
#2537=LINE('',#16850,#3869);
#2538=LINE('',#16852,#3870);
#2539=LINE('',#16853,#3871);
#2540=LINE('',#16855,#3872);
#2541=LINE('',#16857,#3873);
#2542=LINE('',#16858,#3874);
#2543=LINE('',#16860,#3875);
#2544=LINE('',#16861,#3876);
#2545=LINE('',#16866,#3877);
#2546=LINE('',#16869,#3878);
#2547=LINE('',#16870,#3879);
#2548=LINE('',#16872,#3880);
#2549=LINE('',#16874,#3881);
#2550=LINE('',#16875,#3882);
#2551=LINE('',#16877,#3883);
#2552=LINE('',#16879,#3884);
#2553=LINE('',#16884,#3885);
#2554=LINE('',#16886,#3886);
#2555=LINE('',#16887,#3887);
#2556=LINE('',#16891,#3888);
#2557=LINE('',#16894,#3889);
#2558=LINE('',#16896,#3890);
#2559=LINE('',#16898,#3891);
#2560=LINE('',#16900,#3892);
#2561=LINE('',#16902,#3893);
#2562=LINE('',#16904,#3894);
#2563=LINE('',#16906,#3895);
#2564=LINE('',#16907,#3896);
#2565=LINE('',#16911,#3897);
#2566=LINE('',#16913,#3898);
#2567=LINE('',#16914,#3899);
#2568=LINE('',#16917,#3900);
#2569=LINE('',#16918,#3901);
#2570=LINE('',#16921,#3902);
#2571=LINE('',#16922,#3903);
#2572=LINE('',#16925,#3904);
#2573=LINE('',#16927,#3905);
#2574=LINE('',#16928,#3906);
#2575=LINE('',#16931,#3907);
#2576=LINE('',#16932,#3908);
#2577=LINE('',#16934,#3909);
#2578=LINE('',#16936,#3910);
#2579=LINE('',#16937,#3911);
#2580=LINE('',#16943,#3912);
#2581=LINE('',#16945,#3913);
#2582=LINE('',#16947,#3914);
#2583=LINE('',#16948,#3915);
#2584=LINE('',#16952,#3916);
#2585=LINE('',#16956,#3917);
#2586=LINE('',#16958,#3918);
#2587=LINE('',#16960,#3919);
#2588=LINE('',#16963,#3920);
#2589=LINE('',#16966,#3921);
#2590=LINE('',#16968,#3922);
#2591=LINE('',#16970,#3923);
#2592=LINE('',#16972,#3924);
#2593=LINE('',#16973,#3925);
#2594=LINE('',#16975,#3926);
#2595=LINE('',#16977,#3927);
#2596=LINE('',#16978,#3928);
#2597=LINE('',#16981,#3929);
#2598=LINE('',#16983,#3930);
#2599=LINE('',#16984,#3931);
#2600=LINE('',#16987,#3932);
#2601=LINE('',#16988,#3933);
#2602=LINE('',#16990,#3934);
#2603=LINE('',#16993,#3935);
#2604=LINE('',#16994,#3936);
#2605=LINE('',#16997,#3937);
#2606=LINE('',#16998,#3938);
#2607=LINE('',#17000,#3939);
#2608=LINE('',#17004,#3940);
#2609=LINE('',#17006,#3941);
#2610=LINE('',#17008,#3942);
#2611=LINE('',#17010,#3943);
#2612=LINE('',#17012,#3944);
#2613=LINE('',#17014,#3945);
#2614=LINE('',#17016,#3946);
#2615=LINE('',#17017,#3947);
#2616=LINE('',#17020,#3948);
#2617=LINE('',#17021,#3949);
#2618=LINE('',#17025,#3950);
#2619=LINE('',#17029,#3951);
#2620=LINE('',#17030,#3952);
#2621=LINE('',#17034,#3953);
#2622=LINE('',#17036,#3954);
#2623=LINE('',#17037,#3955);
#2624=LINE('',#17040,#3956);
#2625=LINE('',#17042,#3957);
#2626=LINE('',#17043,#3958);
#2627=LINE('',#17045,#3959);
#2628=LINE('',#17047,#3960);
#2629=LINE('',#17049,#3961);
#2630=LINE('',#17050,#3962);
#2631=LINE('',#17052,#3963);
#2632=LINE('',#17054,#3964);
#2633=LINE('',#17055,#3965);
#2634=LINE('',#17057,#3966);
#2635=LINE('',#17059,#3967);
#2636=LINE('',#17060,#3968);
#2637=LINE('',#17062,#3969);
#2638=LINE('',#17064,#3970);
#2639=LINE('',#17071,#3971);
#2640=LINE('',#17073,#3972);
#2641=LINE('',#17075,#3973);
#2642=LINE('',#17076,#3974);
#2643=LINE('',#17080,#3975);
#2644=LINE('',#17082,#3976);
#2645=LINE('',#17084,#3977);
#2646=LINE('',#17085,#3978);
#2647=LINE('',#17089,#3979);
#2648=LINE('',#17091,#3980);
#2649=LINE('',#17093,#3981);
#2650=LINE('',#17094,#3982);
#2651=LINE('',#17097,#3983);
#2652=LINE('',#17099,#3984);
#2653=LINE('',#17100,#3985);
#2654=LINE('',#17104,#3986);
#2655=LINE('',#17106,#3987);
#2656=LINE('',#17108,#3988);
#2657=LINE('',#17109,#3989);
#2658=LINE('',#17111,#3990);
#2659=LINE('',#17113,#3991);
#2660=LINE('',#17114,#3992);
#2661=LINE('',#17116,#3993);
#2662=LINE('',#17117,#3994);
#2663=LINE('',#17122,#3995);
#2664=LINE('',#17125,#3996);
#2665=LINE('',#17126,#3997);
#2666=LINE('',#17128,#3998);
#2667=LINE('',#17130,#3999);
#2668=LINE('',#17131,#4000);
#2669=LINE('',#17133,#4001);
#2670=LINE('',#17135,#4002);
#2671=LINE('',#17140,#4003);
#2672=LINE('',#17142,#4004);
#2673=LINE('',#17143,#4005);
#2674=LINE('',#17147,#4006);
#2675=LINE('',#17150,#4007);
#2676=LINE('',#17152,#4008);
#2677=LINE('',#17154,#4009);
#2678=LINE('',#17156,#4010);
#2679=LINE('',#17158,#4011);
#2680=LINE('',#17160,#4012);
#2681=LINE('',#17162,#4013);
#2682=LINE('',#17163,#4014);
#2683=LINE('',#17167,#4015);
#2684=LINE('',#17169,#4016);
#2685=LINE('',#17170,#4017);
#2686=LINE('',#17173,#4018);
#2687=LINE('',#17174,#4019);
#2688=LINE('',#17177,#4020);
#2689=LINE('',#17178,#4021);
#2690=LINE('',#17181,#4022);
#2691=LINE('',#17183,#4023);
#2692=LINE('',#17184,#4024);
#2693=LINE('',#17187,#4025);
#2694=LINE('',#17188,#4026);
#2695=LINE('',#17190,#4027);
#2696=LINE('',#17192,#4028);
#2697=LINE('',#17193,#4029);
#2698=LINE('',#17199,#4030);
#2699=LINE('',#17201,#4031);
#2700=LINE('',#17203,#4032);
#2701=LINE('',#17204,#4033);
#2702=LINE('',#17208,#4034);
#2703=LINE('',#17212,#4035);
#2704=LINE('',#17214,#4036);
#2705=LINE('',#17216,#4037);
#2706=LINE('',#17219,#4038);
#2707=LINE('',#17222,#4039);
#2708=LINE('',#17224,#4040);
#2709=LINE('',#17226,#4041);
#2710=LINE('',#17228,#4042);
#2711=LINE('',#17229,#4043);
#2712=LINE('',#17231,#4044);
#2713=LINE('',#17233,#4045);
#2714=LINE('',#17234,#4046);
#2715=LINE('',#17237,#4047);
#2716=LINE('',#17239,#4048);
#2717=LINE('',#17240,#4049);
#2718=LINE('',#17243,#4050);
#2719=LINE('',#17244,#4051);
#2720=LINE('',#17246,#4052);
#2721=LINE('',#17249,#4053);
#2722=LINE('',#17250,#4054);
#2723=LINE('',#17253,#4055);
#2724=LINE('',#17254,#4056);
#2725=LINE('',#17256,#4057);
#2726=LINE('',#17260,#4058);
#2727=LINE('',#17262,#4059);
#2728=LINE('',#17264,#4060);
#2729=LINE('',#17266,#4061);
#2730=LINE('',#17268,#4062);
#2731=LINE('',#17270,#4063);
#2732=LINE('',#17272,#4064);
#2733=LINE('',#17273,#4065);
#2734=LINE('',#17276,#4066);
#2735=LINE('',#17277,#4067);
#2736=LINE('',#17281,#4068);
#2737=LINE('',#17285,#4069);
#2738=LINE('',#17286,#4070);
#2739=LINE('',#17290,#4071);
#2740=LINE('',#17292,#4072);
#2741=LINE('',#17293,#4073);
#2742=LINE('',#17296,#4074);
#2743=LINE('',#17298,#4075);
#2744=LINE('',#17299,#4076);
#2745=LINE('',#17301,#4077);
#2746=LINE('',#17303,#4078);
#2747=LINE('',#17305,#4079);
#2748=LINE('',#17306,#4080);
#2749=LINE('',#17308,#4081);
#2750=LINE('',#17310,#4082);
#2751=LINE('',#17311,#4083);
#2752=LINE('',#17313,#4084);
#2753=LINE('',#17315,#4085);
#2754=LINE('',#17316,#4086);
#2755=LINE('',#17318,#4087);
#2756=LINE('',#17320,#4088);
#2757=LINE('',#17327,#4089);
#2758=LINE('',#17329,#4090);
#2759=LINE('',#17331,#4091);
#2760=LINE('',#17332,#4092);
#2761=LINE('',#17338,#4093);
#2762=LINE('',#17341,#4094);
#2763=LINE('',#17345,#4095);
#2764=LINE('',#17349,#4096);
#2765=LINE('',#17352,#4097);
#2766=LINE('',#17353,#4098);
#2767=LINE('',#17356,#4099);
#2768=LINE('',#17358,#4100);
#2769=LINE('',#17360,#4101);
#2770=LINE('',#17362,#4102);
#2771=LINE('',#17364,#4103);
#2772=LINE('',#17366,#4104);
#2773=LINE('',#17368,#4105);
#2774=LINE('',#17370,#4106);
#2775=LINE('',#17372,#4107);
#2776=LINE('',#17374,#4108);
#2777=LINE('',#17375,#4109);
#2778=LINE('',#17378,#4110);
#2779=LINE('',#17380,#4111);
#2780=LINE('',#17381,#4112);
#2781=LINE('',#17384,#4113);
#2782=LINE('',#17386,#4114);
#2783=LINE('',#17387,#4115);
#2784=LINE('',#17390,#4116);
#2785=LINE('',#17392,#4117);
#2786=LINE('',#17393,#4118);
#2787=LINE('',#17395,#4119);
#2788=LINE('',#17398,#4120);
#2789=LINE('',#17400,#4121);
#2790=LINE('',#17401,#4122);
#2791=LINE('',#17403,#4123);
#2792=LINE('',#17406,#4124);
#2793=LINE('',#17409,#4125);
#2794=LINE('',#17411,#4126);
#2795=LINE('',#17413,#4127);
#2796=LINE('',#17416,#4128);
#2797=LINE('',#17421,#4129);
#2798=LINE('',#17422,#4130);
#2799=LINE('',#17424,#4131);
#2800=LINE('',#17427,#4132);
#2801=LINE('',#17429,#4133);
#2802=LINE('',#17430,#4134);
#2803=LINE('',#17432,#4135);
#2804=LINE('',#17434,#4136);
#2805=LINE('',#17437,#4137);
#2806=LINE('',#17443,#4138);
#2807=LINE('',#17445,#4139);
#2808=LINE('',#17447,#4140);
#2809=LINE('',#17448,#4141);
#2810=LINE('',#17452,#4142);
#2811=LINE('',#17456,#4143);
#2812=LINE('',#17458,#4144);
#2813=LINE('',#17460,#4145);
#2814=LINE('',#17463,#4146);
#2815=LINE('',#17466,#4147);
#2816=LINE('',#17468,#4148);
#2817=LINE('',#17470,#4149);
#2818=LINE('',#17472,#4150);
#2819=LINE('',#17473,#4151);
#2820=LINE('',#17475,#4152);
#2821=LINE('',#17477,#4153);
#2822=LINE('',#17478,#4154);
#2823=LINE('',#17481,#4155);
#2824=LINE('',#17483,#4156);
#2825=LINE('',#17484,#4157);
#2826=LINE('',#17487,#4158);
#2827=LINE('',#17488,#4159);
#2828=LINE('',#17490,#4160);
#2829=LINE('',#17493,#4161);
#2830=LINE('',#17494,#4162);
#2831=LINE('',#17497,#4163);
#2832=LINE('',#17498,#4164);
#2833=LINE('',#17500,#4165);
#2834=LINE('',#17504,#4166);
#2835=LINE('',#17506,#4167);
#2836=LINE('',#17508,#4168);
#2837=LINE('',#17510,#4169);
#2838=LINE('',#17512,#4170);
#2839=LINE('',#17514,#4171);
#2840=LINE('',#17516,#4172);
#2841=LINE('',#17517,#4173);
#2842=LINE('',#17520,#4174);
#2843=LINE('',#17521,#4175);
#2844=LINE('',#17525,#4176);
#2845=LINE('',#17529,#4177);
#2846=LINE('',#17530,#4178);
#2847=LINE('',#17534,#4179);
#2848=LINE('',#17536,#4180);
#2849=LINE('',#17537,#4181);
#2850=LINE('',#17540,#4182);
#2851=LINE('',#17542,#4183);
#2852=LINE('',#17543,#4184);
#2853=LINE('',#17545,#4185);
#2854=LINE('',#17547,#4186);
#2855=LINE('',#17549,#4187);
#2856=LINE('',#17550,#4188);
#2857=LINE('',#17552,#4189);
#2858=LINE('',#17554,#4190);
#2859=LINE('',#17555,#4191);
#2860=LINE('',#17557,#4192);
#2861=LINE('',#17559,#4193);
#2862=LINE('',#17560,#4194);
#2863=LINE('',#17562,#4195);
#2864=LINE('',#17564,#4196);
#2865=LINE('',#17571,#4197);
#2866=LINE('',#17573,#4198);
#2867=LINE('',#17575,#4199);
#2868=LINE('',#17576,#4200);
#2869=LINE('',#17582,#4201);
#2870=LINE('',#17585,#4202);
#2871=LINE('',#17589,#4203);
#2872=LINE('',#17593,#4204);
#2873=LINE('',#17596,#4205);
#2874=LINE('',#17597,#4206);
#2875=LINE('',#17600,#4207);
#2876=LINE('',#17602,#4208);
#2877=LINE('',#17604,#4209);
#2878=LINE('',#17606,#4210);
#2879=LINE('',#17608,#4211);
#2880=LINE('',#17610,#4212);
#2881=LINE('',#17612,#4213);
#2882=LINE('',#17614,#4214);
#2883=LINE('',#17616,#4215);
#2884=LINE('',#17618,#4216);
#2885=LINE('',#17619,#4217);
#2886=LINE('',#17622,#4218);
#2887=LINE('',#17624,#4219);
#2888=LINE('',#17625,#4220);
#2889=LINE('',#17628,#4221);
#2890=LINE('',#17630,#4222);
#2891=LINE('',#17631,#4223);
#2892=LINE('',#17634,#4224);
#2893=LINE('',#17636,#4225);
#2894=LINE('',#17637,#4226);
#2895=LINE('',#17639,#4227);
#2896=LINE('',#17642,#4228);
#2897=LINE('',#17644,#4229);
#2898=LINE('',#17645,#4230);
#2899=LINE('',#17647,#4231);
#2900=LINE('',#17650,#4232);
#2901=LINE('',#17653,#4233);
#2902=LINE('',#17655,#4234);
#2903=LINE('',#17657,#4235);
#2904=LINE('',#17660,#4236);
#2905=LINE('',#17665,#4237);
#2906=LINE('',#17666,#4238);
#2907=LINE('',#17668,#4239);
#2908=LINE('',#17671,#4240);
#2909=LINE('',#17673,#4241);
#2910=LINE('',#17674,#4242);
#2911=LINE('',#17676,#4243);
#2912=LINE('',#17678,#4244);
#2913=LINE('',#17681,#4245);
#2914=LINE('',#17687,#4246);
#2915=LINE('',#17689,#4247);
#2916=LINE('',#17691,#4248);
#2917=LINE('',#17692,#4249);
#2918=LINE('',#17696,#4250);
#2919=LINE('',#17700,#4251);
#2920=LINE('',#17702,#4252);
#2921=LINE('',#17704,#4253);
#2922=LINE('',#17707,#4254);
#2923=LINE('',#17710,#4255);
#2924=LINE('',#17712,#4256);
#2925=LINE('',#17714,#4257);
#2926=LINE('',#17716,#4258);
#2927=LINE('',#17717,#4259);
#2928=LINE('',#17719,#4260);
#2929=LINE('',#17721,#4261);
#2930=LINE('',#17722,#4262);
#2931=LINE('',#17725,#4263);
#2932=LINE('',#17727,#4264);
#2933=LINE('',#17728,#4265);
#2934=LINE('',#17731,#4266);
#2935=LINE('',#17732,#4267);
#2936=LINE('',#17734,#4268);
#2937=LINE('',#17737,#4269);
#2938=LINE('',#17738,#4270);
#2939=LINE('',#17741,#4271);
#2940=LINE('',#17742,#4272);
#2941=LINE('',#17744,#4273);
#2942=LINE('',#17748,#4274);
#2943=LINE('',#17750,#4275);
#2944=LINE('',#17752,#4276);
#2945=LINE('',#17754,#4277);
#2946=LINE('',#17756,#4278);
#2947=LINE('',#17758,#4279);
#2948=LINE('',#17760,#4280);
#2949=LINE('',#17761,#4281);
#2950=LINE('',#17764,#4282);
#2951=LINE('',#17765,#4283);
#2952=LINE('',#17769,#4284);
#2953=LINE('',#17773,#4285);
#2954=LINE('',#17774,#4286);
#2955=LINE('',#17778,#4287);
#2956=LINE('',#17780,#4288);
#2957=LINE('',#17781,#4289);
#2958=LINE('',#17784,#4290);
#2959=LINE('',#17786,#4291);
#2960=LINE('',#17787,#4292);
#2961=LINE('',#17789,#4293);
#2962=LINE('',#17791,#4294);
#2963=LINE('',#17793,#4295);
#2964=LINE('',#17794,#4296);
#2965=LINE('',#17796,#4297);
#2966=LINE('',#17798,#4298);
#2967=LINE('',#17799,#4299);
#2968=LINE('',#17801,#4300);
#2969=LINE('',#17803,#4301);
#2970=LINE('',#17804,#4302);
#2971=LINE('',#17806,#4303);
#2972=LINE('',#17808,#4304);
#2973=LINE('',#17815,#4305);
#2974=LINE('',#17817,#4306);
#2975=LINE('',#17819,#4307);
#2976=LINE('',#17820,#4308);
#2977=LINE('',#17826,#4309);
#2978=LINE('',#17829,#4310);
#2979=LINE('',#17833,#4311);
#2980=LINE('',#17837,#4312);
#2981=LINE('',#17840,#4313);
#2982=LINE('',#17841,#4314);
#2983=LINE('',#17844,#4315);
#2984=LINE('',#17846,#4316);
#2985=LINE('',#17848,#4317);
#2986=LINE('',#17850,#4318);
#2987=LINE('',#17852,#4319);
#2988=LINE('',#17854,#4320);
#2989=LINE('',#17856,#4321);
#2990=LINE('',#17858,#4322);
#2991=LINE('',#17860,#4323);
#2992=LINE('',#17862,#4324);
#2993=LINE('',#17863,#4325);
#2994=LINE('',#17866,#4326);
#2995=LINE('',#17868,#4327);
#2996=LINE('',#17869,#4328);
#2997=LINE('',#17872,#4329);
#2998=LINE('',#17874,#4330);
#2999=LINE('',#17875,#4331);
#3000=LINE('',#17878,#4332);
#3001=LINE('',#17880,#4333);
#3002=LINE('',#17881,#4334);
#3003=LINE('',#17883,#4335);
#3004=LINE('',#17886,#4336);
#3005=LINE('',#17888,#4337);
#3006=LINE('',#17889,#4338);
#3007=LINE('',#17891,#4339);
#3008=LINE('',#17894,#4340);
#3009=LINE('',#17897,#4341);
#3010=LINE('',#17899,#4342);
#3011=LINE('',#17901,#4343);
#3012=LINE('',#17904,#4344);
#3013=LINE('',#17909,#4345);
#3014=LINE('',#17910,#4346);
#3015=LINE('',#17912,#4347);
#3016=LINE('',#17915,#4348);
#3017=LINE('',#17917,#4349);
#3018=LINE('',#17918,#4350);
#3019=LINE('',#17920,#4351);
#3020=LINE('',#17922,#4352);
#3021=LINE('',#17925,#4353);
#3022=LINE('',#17931,#4354);
#3023=LINE('',#17933,#4355);
#3024=LINE('',#17935,#4356);
#3025=LINE('',#17936,#4357);
#3026=LINE('',#17940,#4358);
#3027=LINE('',#17944,#4359);
#3028=LINE('',#17946,#4360);
#3029=LINE('',#17948,#4361);
#3030=LINE('',#17951,#4362);
#3031=LINE('',#17954,#4363);
#3032=LINE('',#17956,#4364);
#3033=LINE('',#17958,#4365);
#3034=LINE('',#17960,#4366);
#3035=LINE('',#17961,#4367);
#3036=LINE('',#17963,#4368);
#3037=LINE('',#17965,#4369);
#3038=LINE('',#17966,#4370);
#3039=LINE('',#17969,#4371);
#3040=LINE('',#17971,#4372);
#3041=LINE('',#17972,#4373);
#3042=LINE('',#17975,#4374);
#3043=LINE('',#17976,#4375);
#3044=LINE('',#17978,#4376);
#3045=LINE('',#17981,#4377);
#3046=LINE('',#17982,#4378);
#3047=LINE('',#17985,#4379);
#3048=LINE('',#17986,#4380);
#3049=LINE('',#17988,#4381);
#3050=LINE('',#17992,#4382);
#3051=LINE('',#17994,#4383);
#3052=LINE('',#17996,#4384);
#3053=LINE('',#17998,#4385);
#3054=LINE('',#18000,#4386);
#3055=LINE('',#18002,#4387);
#3056=LINE('',#18004,#4388);
#3057=LINE('',#18005,#4389);
#3058=LINE('',#18008,#4390);
#3059=LINE('',#18009,#4391);
#3060=LINE('',#18013,#4392);
#3061=LINE('',#18017,#4393);
#3062=LINE('',#18018,#4394);
#3063=LINE('',#18022,#4395);
#3064=LINE('',#18024,#4396);
#3065=LINE('',#18025,#4397);
#3066=LINE('',#18028,#4398);
#3067=LINE('',#18030,#4399);
#3068=LINE('',#18031,#4400);
#3069=LINE('',#18033,#4401);
#3070=LINE('',#18035,#4402);
#3071=LINE('',#18037,#4403);
#3072=LINE('',#18038,#4404);
#3073=LINE('',#18040,#4405);
#3074=LINE('',#18042,#4406);
#3075=LINE('',#18043,#4407);
#3076=LINE('',#18045,#4408);
#3077=LINE('',#18047,#4409);
#3078=LINE('',#18048,#4410);
#3079=LINE('',#18050,#4411);
#3080=LINE('',#18052,#4412);
#3081=LINE('',#18060,#4413);
#3082=LINE('',#18062,#4414);
#3083=LINE('',#18064,#4415);
#3084=LINE('',#18065,#4416);
#3085=LINE('',#18068,#4417);
#3086=LINE('',#18070,#4418);
#3087=LINE('',#18071,#4419);
#3088=LINE('',#18074,#4420);
#3089=LINE('',#18076,#4421);
#3090=LINE('',#18077,#4422);
#3091=LINE('',#18079,#4423);
#3092=LINE('',#18080,#4424);
#3093=LINE('',#18087,#4425);
#3094=LINE('',#18089,#4426);
#3095=LINE('',#18091,#4427);
#3096=LINE('',#18092,#4428);
#3097=LINE('',#18095,#4429);
#3098=LINE('',#18097,#4430);
#3099=LINE('',#18098,#4431);
#3100=LINE('',#18101,#4432);
#3101=LINE('',#18103,#4433);
#3102=LINE('',#18104,#4434);
#3103=LINE('',#18106,#4435);
#3104=LINE('',#18107,#4436);
#3105=LINE('',#18136,#4437);
#3106=LINE('',#18138,#4438);
#3107=LINE('',#18140,#4439);
#3108=LINE('',#18141,#4440);
#3109=LINE('',#18144,#4441);
#3110=LINE('',#18146,#4442);
#3111=LINE('',#18147,#4443);
#3112=LINE('',#18150,#4444);
#3113=LINE('',#18152,#4445);
#3114=LINE('',#18153,#4446);
#3115=LINE('',#18155,#4447);
#3116=LINE('',#18156,#4448);
#3117=LINE('',#18185,#4449);
#3118=LINE('',#18187,#4450);
#3119=LINE('',#18189,#4451);
#3120=LINE('',#18190,#4452);
#3121=LINE('',#18193,#4453);
#3122=LINE('',#18195,#4454);
#3123=LINE('',#18196,#4455);
#3124=LINE('',#18199,#4456);
#3125=LINE('',#18201,#4457);
#3126=LINE('',#18202,#4458);
#3127=LINE('',#18204,#4459);
#3128=LINE('',#18205,#4460);
#3129=LINE('',#18210,#4461);
#3130=LINE('',#18214,#4462);
#3131=LINE('',#18219,#4463);
#3132=LINE('',#18223,#4464);
#3133=LINE('',#18226,#4465);
#3134=LINE('',#18227,#4466);
#3135=LINE('',#18232,#4467);
#3136=LINE('',#18235,#4468);
#3137=LINE('',#18246,#4469);
#3138=LINE('',#18247,#4470);
#3139=LINE('',#18253,#4471);
#3140=LINE('',#18256,#4472);
#3141=LINE('',#18260,#4473);
#3142=LINE('',#18262,#4474);
#3143=LINE('',#18266,#4475);
#3144=LINE('',#18269,#4476);
#3145=LINE('',#18276,#4477);
#3146=LINE('',#18279,#4478);
#3147=LINE('',#18289,#4479);
#3148=LINE('',#18290,#4480);
#3149=LINE('',#18296,#4481);
#3150=LINE('',#18299,#4482);
#3151=LINE('',#18303,#4483);
#3152=LINE('',#18307,#4484);
#3153=LINE('',#18309,#4485);
#3154=LINE('',#18313,#4486);
#3155=LINE('',#18315,#4487);
#3156=LINE('',#18319,#4488);
#3157=LINE('',#18322,#4489);
#3158=LINE('',#18325,#4490);
#3159=LINE('',#18329,#4491);
#3160=LINE('',#18330,#4492);
#3161=LINE('',#18333,#4493);
#3162=LINE('',#18334,#4494);
#3163=LINE('',#18337,#4495);
#3164=LINE('',#18338,#4496);
#3165=LINE('',#18341,#4497);
#3166=LINE('',#18346,#4498);
#3167=LINE('',#18350,#4499);
#3168=LINE('',#18355,#4500);
#3169=LINE('',#18359,#4501);
#3170=LINE('',#18362,#4502);
#3171=LINE('',#18363,#4503);
#3172=LINE('',#18367,#4504);
#3173=LINE('',#18376,#4505);
#3174=LINE('',#18382,#4506);
#3175=LINE('',#18385,#4507);
#3176=LINE('',#18389,#4508);
#3177=LINE('',#18391,#4509);
#3178=LINE('',#18395,#4510);
#3179=LINE('',#18398,#4511);
#3180=LINE('',#18405,#4512);
#3181=LINE('',#18408,#4513);
#3182=LINE('',#18418,#4514);
#3183=LINE('',#18419,#4515);
#3184=LINE('',#18425,#4516);
#3185=LINE('',#18428,#4517);
#3186=LINE('',#18432,#4518);
#3187=LINE('',#18433,#4519);
#3188=LINE('',#18436,#4520);
#3189=LINE('',#18437,#4521);
#3190=LINE('',#18440,#4522);
#3191=LINE('',#18441,#4523);
#3192=LINE('',#18444,#4524);
#3193=LINE('',#18449,#4525);
#3194=LINE('',#18451,#4526);
#3195=LINE('',#18453,#4527);
#3196=LINE('',#18454,#4528);
#3197=LINE('',#18456,#4529);
#3198=LINE('',#18460,#4530);
#3199=LINE('',#18464,#4531);
#3200=LINE('',#18467,#4532);
#3201=LINE('',#18471,#4533);
#3202=LINE('',#18475,#4534);
#3203=LINE('',#18479,#4535);
#3204=LINE('',#18480,#4536);
#3205=LINE('',#18483,#4537);
#3206=LINE('',#18484,#4538);
#3207=LINE('',#18487,#4539);
#3208=LINE('',#18488,#4540);
#3209=LINE('',#18492,#4541);
#3210=LINE('',#18496,#4542);
#3211=LINE('',#18500,#4543);
#3212=LINE('',#18501,#4544);
#3213=LINE('',#18504,#4545);
#3214=LINE('',#18505,#4546);
#3215=LINE('',#18508,#4547);
#3216=LINE('',#18509,#4548);
#3217=LINE('',#18515,#4549);
#3218=LINE('',#18517,#4550);
#3219=LINE('',#18519,#4551);
#3220=LINE('',#18520,#4552);
#3221=LINE('',#18536,#4553);
#3222=LINE('',#18562,#4554);
#3223=LINE('',#18574,#4555);
#3224=LINE('',#18575,#4556);
#3225=LINE('',#18579,#4557);
#3226=LINE('',#18588,#4558);
#3227=LINE('',#18598,#4559);
#3228=LINE('',#18602,#4560);
#3229=LINE('',#18603,#4561);
#3230=LINE('',#18607,#4562);
#3231=LINE('',#18610,#4563);
#3232=LINE('',#18620,#4564);
#3233=LINE('',#18641,#4565);
#3234=LINE('',#18647,#4566);
#3235=LINE('',#18662,#4567);
#3236=LINE('',#18698,#4568);
#3237=LINE('',#18704,#4569);
#3238=LINE('',#18723,#4570);
#3239=LINE('',#18742,#4571);
#3240=LINE('',#18776,#4572);
#3241=LINE('',#18782,#4573);
#3242=LINE('',#18797,#4574);
#3243=LINE('',#18816,#4575);
#3244=LINE('',#18823,#4576);
#3245=LINE('',#18825,#4577);
#3246=LINE('',#18826,#4578);
#3247=LINE('',#18858,#4579);
#3248=LINE('',#18864,#4580);
#3249=LINE('',#18883,#4581);
#3250=LINE('',#18902,#4582);
#3251=LINE('',#18905,#4583);
#3252=LINE('',#18907,#4584);
#3253=LINE('',#18908,#4585);
#3254=LINE('',#18927,#4586);
#3255=LINE('',#18946,#4587);
#3256=LINE('',#18965,#4588);
#3257=LINE('',#18984,#4589);
#3258=LINE('',#19003,#4590);
#3259=LINE('',#19037,#4591);
#3260=LINE('',#19043,#4592);
#3261=LINE('',#19062,#4593);
#3262=LINE('',#19081,#4594);
#3263=LINE('',#19100,#4595);
#3264=LINE('',#19119,#4596);
#3265=LINE('',#19138,#4597);
#3266=LINE('',#19157,#4598);
#3267=LINE('',#19176,#4599);
#3268=LINE('',#19195,#4600);
#3269=LINE('',#19214,#4601);
#3270=LINE('',#19233,#4602);
#3271=LINE('',#19252,#4603);
#3272=LINE('',#19271,#4604);
#3273=LINE('',#19290,#4605);
#3274=LINE('',#19309,#4606);
#3275=LINE('',#19343,#4607);
#3276=LINE('',#19349,#4608);
#3277=LINE('',#19368,#4609);
#3278=LINE('',#19402,#4610);
#3279=LINE('',#19408,#4611);
#3280=LINE('',#19411,#4612);
#3281=LINE('',#19413,#4613);
#3282=LINE('',#19414,#4614);
#3283=LINE('',#19433,#4615);
#3284=LINE('',#19452,#4616);
#3285=LINE('',#19455,#4617);
#3286=LINE('',#19457,#4618);
#3287=LINE('',#19458,#4619);
#3288=LINE('',#19492,#4620);
#3289=LINE('',#19498,#4621);
#3290=LINE('',#19517,#4622);
#3291=LINE('',#19536,#4623);
#3292=LINE('',#19555,#4624);
#3293=LINE('',#19574,#4625);
#3294=LINE('',#19593,#4626);
#3295=LINE('',#19596,#4627);
#3296=LINE('',#19598,#4628);
#3297=LINE('',#19599,#4629);
#3298=LINE('',#19618,#4630);
#3299=LINE('',#19637,#4631);
#3300=LINE('',#19656,#4632);
#3301=LINE('',#19659,#4633);
#3302=LINE('',#19661,#4634);
#3303=LINE('',#19662,#4635);
#3304=LINE('',#19681,#4636);
#3305=LINE('',#19700,#4637);
#3306=LINE('',#19719,#4638);
#3307=LINE('',#19721,#4639);
#3308=LINE('',#19722,#4640);
#3309=LINE('',#19740,#4641);
#3310=LINE('',#19746,#4642);
#3311=LINE('',#19749,#4643);
#3312=LINE('',#19751,#4644);
#3313=LINE('',#19752,#4645);
#3314=LINE('',#19771,#4646);
#3315=LINE('',#19790,#4647);
#3316=LINE('',#19809,#4648);
#3317=LINE('',#19828,#4649);
#3318=LINE('',#19847,#4650);
#3319=LINE('',#19866,#4651);
#3320=LINE('',#19885,#4652);
#3321=LINE('',#19904,#4653);
#3322=LINE('',#19923,#4654);
#3323=LINE('',#19942,#4655);
#3324=LINE('',#19961,#4656);
#3325=LINE('',#19964,#4657);
#3326=LINE('',#19966,#4658);
#3327=LINE('',#19967,#4659);
#3328=LINE('',#19986,#4660);
#3329=LINE('',#20005,#4661);
#3330=LINE('',#20024,#4662);
#3331=LINE('',#20027,#4663);
#3332=LINE('',#20029,#4664);
#3333=LINE('',#20030,#4665);
#3334=LINE('',#20049,#4666);
#3335=LINE('',#20068,#4667);
#3336=LINE('',#20087,#4668);
#3337=LINE('',#20106,#4669);
#3338=LINE('',#20109,#4670);
#3339=LINE('',#20111,#4671);
#3340=LINE('',#20112,#4672);
#3341=LINE('',#20131,#4673);
#3342=VECTOR('',#12777,4.);
#3343=VECTOR('',#12778,0.8);
#3344=VECTOR('',#12779,4.);
#3345=VECTOR('',#12780,0.8);
#3346=VECTOR('',#12785,0.800000000000005);
#3347=VECTOR('',#12788,0.800000000000001);
#3348=VECTOR('',#12791,0.800000000000001);
#3349=VECTOR('',#12794,0.800000000000005);
#3350=VECTOR('',#12799,3.6);
#3351=VECTOR('',#12800,3.6);
#3352=VECTOR('',#12803,6.74278212304538);
#3353=VECTOR('',#12804,0.1);
#3354=VECTOR('',#12805,0.6);
#3355=VECTOR('',#12806,0.100000000000001);
#3356=VECTOR('',#12807,2.16721787695464);
#3357=VECTOR('',#12808,4.);
#3358=VECTOR('',#12809,2.16721787695464);
#3359=VECTOR('',#12810,0.1);
#3360=VECTOR('',#12811,0.6);
#3361=VECTOR('',#12812,0.1);
#3362=VECTOR('',#12813,6.74278212304538);
#3363=VECTOR('',#12816,0.800000000000001);
#3364=VECTOR('',#12817,0.800000000000005);
#3365=VECTOR('',#12818,0.1);
#3366=VECTOR('',#12821,0.800000000000001);
#3367=VECTOR('',#12822,0.1);
#3368=VECTOR('',#12823,0.800000000000005);
#3369=VECTOR('',#12826,0.800000000000005);
#3370=VECTOR('',#12827,0.800000000000005);
#3371=VECTOR('',#12828,0.100000000000001);
#3372=VECTOR('',#12831,0.6);
#3373=VECTOR('',#12834,0.800000000000005);
#3374=VECTOR('',#12835,0.1);
#3375=VECTOR('',#12836,0.800000000000005);
#3376=VECTOR('',#12839,0.6);
#3377=VECTOR('',#12842,2.06721787695468);
#3378=VECTOR('',#12845,3.47);
#3379=VECTOR('',#12846,3.6033869687219);
#3380=VECTOR('',#12847,0.000557500243481002);
#3381=VECTOR('',#12852,6.74278212304538);
#3382=VECTOR('',#12857,0.000557500243481002);
#3383=VECTOR('',#12858,3.6033869687219);
#3384=VECTOR('',#12859,3.47);
#3385=VECTOR('',#12862,2.06721787695468);
#3386=VECTOR('',#12865,6.74278212304538);
#3387=VECTOR('',#12866,4.);
#3388=VECTOR('',#12869,4.);
#3389=VECTOR('',#12872,4.);
#3390=VECTOR('',#12877,4.);
#3391=VECTOR('',#12884,0.8);
#3392=VECTOR('',#12885,4.);
#3393=VECTOR('',#12886,0.8);
#3394=VECTOR('',#12887,4.);
#3395=VECTOR('',#12892,0.800000000000005);
#3396=VECTOR('',#12895,0.800000000000001);
#3397=VECTOR('',#12898,0.800000000000001);
#3398=VECTOR('',#12901,0.800000000000005);
#3399=VECTOR('',#12906,3.6);
#3400=VECTOR('',#12907,3.6);
#3401=VECTOR('',#12910,6.74278212304538);
#3402=VECTOR('',#12911,0.1);
#3403=VECTOR('',#12912,0.6);
#3404=VECTOR('',#12913,0.100000000000001);
#3405=VECTOR('',#12914,2.16721787695464);
#3406=VECTOR('',#12915,4.);
#3407=VECTOR('',#12916,2.16721787695464);
#3408=VECTOR('',#12917,0.1);
#3409=VECTOR('',#12918,0.6);
#3410=VECTOR('',#12919,0.1);
#3411=VECTOR('',#12920,6.74278212304538);
#3412=VECTOR('',#12923,0.800000000000001);
#3413=VECTOR('',#12924,0.800000000000005);
#3414=VECTOR('',#12925,0.1);
#3415=VECTOR('',#12928,0.800000000000001);
#3416=VECTOR('',#12929,0.1);
#3417=VECTOR('',#12930,0.800000000000005);
#3418=VECTOR('',#12933,0.800000000000005);
#3419=VECTOR('',#12934,0.800000000000005);
#3420=VECTOR('',#12935,0.100000000000001);
#3421=VECTOR('',#12938,0.6);
#3422=VECTOR('',#12941,0.800000000000005);
#3423=VECTOR('',#12942,0.1);
#3424=VECTOR('',#12943,0.800000000000005);
#3425=VECTOR('',#12946,0.6);
#3426=VECTOR('',#12949,2.06721787695468);
#3427=VECTOR('',#12952,3.47);
#3428=VECTOR('',#12953,3.6033869687219);
#3429=VECTOR('',#12954,0.000557500243481002);
#3430=VECTOR('',#12959,6.74278212304538);
#3431=VECTOR('',#12964,0.000557500243481002);
#3432=VECTOR('',#12965,3.6033869687219);
#3433=VECTOR('',#12966,3.47);
#3434=VECTOR('',#12969,2.06721787695468);
#3435=VECTOR('',#12972,6.74278212304538);
#3436=VECTOR('',#12973,4.);
#3437=VECTOR('',#12976,4.);
#3438=VECTOR('',#12979,4.);
#3439=VECTOR('',#12984,4.);
#3440=VECTOR('',#12991,0.800000000000005);
#3441=VECTOR('',#12992,0.499999999999998);
#3442=VECTOR('',#12993,0.800000000000005);
#3443=VECTOR('',#12994,0.499999999999998);
#3444=VECTOR('',#12997,0.799442499756519);
#3445=VECTOR('',#13000,9.18111924054165);
#3446=VECTOR('',#13001,0.800000000000001);
#3447=VECTOR('',#13002,9.08111924054169);
#3448=VECTOR('',#13005,0.133386968721936);
#3449=VECTOR('',#13008,0.800000000000001);
#3450=VECTOR('',#13009,9.18529191007635);
#3451=VECTOR('',#13010,0.014502609298844);
#3452=VECTOR('',#13011,0.321058904340416);
#3453=VECTOR('',#13012,0.248653771950058);
#3454=VECTOR('',#13013,0.248653771950058);
#3455=VECTOR('',#13014,0.324752108089434);
#3456=VECTOR('',#13015,0.0116176526665793);
#3457=VECTOR('',#13018,0.800000000000001);
#3458=VECTOR('',#13019,0.321058904340417);
#3459=VECTOR('',#13020,0.800000000000001);
#3460=VECTOR('',#13023,0.800000000000001);
#3461=VECTOR('',#13024,0.0145026092988442);
#3462=VECTOR('',#13027,0.248653771950058);
#3463=VECTOR('',#13030,0.248653771950058);
#3464=VECTOR('',#13031,0.800000000000001);
#3465=VECTOR('',#13034,0.324752108089434);
#3466=VECTOR('',#13035,0.800000000000001);
#3467=VECTOR('',#13038,0.0116176526665791);
#3468=VECTOR('',#13041,0.603386968721904);
#3469=VECTOR('',#13042,0.800000000000001);
#3470=VECTOR('',#13043,0.603386968721904);
#3471=VECTOR('',#13044,0.299999999999998);
#3472=VECTOR('',#13045,3.);
#3473=VECTOR('',#13046,1.4);
#3474=VECTOR('',#13047,3.);
#3475=VECTOR('',#13048,0.300000000000001);
#3476=VECTOR('',#13051,0.800000000000001);
#3477=VECTOR('',#13052,9.08529191007639);
#3478=VECTOR('',#13057,0.800000000000001);
#3479=VECTOR('',#13060,0.799442499756519);
#3480=VECTOR('',#13061,0.133386968721936);
#3481=VECTOR('',#13066,0.8);
#3482=VECTOR('',#13067,0.8);
#3483=VECTOR('',#13068,0.603386968721935);
#3484=VECTOR('',#13071,0.800000000000165);
#3485=VECTOR('',#13072,0.603386968721935);
#3486=VECTOR('',#13073,0.8);
#3487=VECTOR('',#13076,0.800000000000001);
#3488=VECTOR('',#13077,0.300000000000001);
#3489=VECTOR('',#13078,3.);
#3490=VECTOR('',#13079,0.299999999999998);
#3491=VECTOR('',#13080,0.300000000000001);
#3492=VECTOR('',#13081,3.);
#3493=VECTOR('',#13082,0.299999999999998);
#3494=VECTOR('',#13085,0.800000000000001);
#3495=VECTOR('',#13088,0.8);
#3496=VECTOR('',#13089,0.8);
#3497=VECTOR('',#13092,0.8);
#3498=VECTOR('',#13095,0.8);
#3499=VECTOR('',#13104,0.8);
#3500=VECTOR('',#13105,0.800000000000001);
#3501=VECTOR('',#13106,0.8);
#3502=VECTOR('',#13107,0.800000000000001);
#3503=VECTOR('',#13110,0.8);
#3504=VECTOR('',#13111,0.299999999999998);
#3505=VECTOR('',#13112,0.8);
#3506=VECTOR('',#13113,0.299999999999998);
#3507=VECTOR('',#13116,0.800000000000165);
#3508=VECTOR('',#13117,0.300000000000001);
#3509=VECTOR('',#13118,0.8);
#3510=VECTOR('',#13119,0.300000000000001);
#3511=VECTOR('',#13122,3.);
#3512=VECTOR('',#13123,3.);
#3513=VECTOR('',#13124,0.8);
#3514=VECTOR('',#13127,0.799442499756519);
#3515=VECTOR('',#13128,0.299999999999998);
#3516=VECTOR('',#13129,0.8);
#3517=VECTOR('',#13130,1.4);
#3518=VECTOR('',#13131,0.300000000000001);
#3519=VECTOR('',#13132,0.799442499756519);
#3520=VECTOR('',#13133,0.800000000000001);
#3521=VECTOR('',#13136,3.);
#3522=VECTOR('',#13137,3.);
#3523=VECTOR('',#13142,0.800000000000001);
#3524=VECTOR('',#13147,0.603386968721935);
#3525=VECTOR('',#13148,0.603386968721935);
#3526=VECTOR('',#13149,0.133386968721936);
#3527=VECTOR('',#13150,0.800000000000001);
#3528=VECTOR('',#13151,0.133386968721936);
#3529=VECTOR('',#13154,0.603386968721904);
#3530=VECTOR('',#13157,0.603386968721904);
#3531=VECTOR('',#13162,9.08529191007639);
#3532=VECTOR('',#13163,0.800000000000001);
#3533=VECTOR('',#13164,9.18529191007635);
#3534=VECTOR('',#13169,0.800000000000001);
#3535=VECTOR('',#13172,9.08111924054169);
#3536=VECTOR('',#13173,0.0116176526665791);
#3537=VECTOR('',#13174,0.324752108089434);
#3538=VECTOR('',#13175,0.248653771950058);
#3539=VECTOR('',#13176,0.499999999999998);
#3540=VECTOR('',#13177,0.248653771950058);
#3541=VECTOR('',#13178,0.321058904340417);
#3542=VECTOR('',#13179,0.0145026092988442);
#3543=VECTOR('',#13184,0.800000000000001);
#3544=VECTOR('',#13185,0.0116176526665793);
#3545=VECTOR('',#13186,0.800000000000001);
#3546=VECTOR('',#13189,0.324752108089434);
#3547=VECTOR('',#13190,0.800000000000001);
#3548=VECTOR('',#13193,0.800000000000005);
#3549=VECTOR('',#13194,0.248653771950058);
#3550=VECTOR('',#13197,0.800000000000005);
#3551=VECTOR('',#13198,0.248653771950058);
#3552=VECTOR('',#13199,0.800000000000001);
#3553=VECTOR('',#13202,0.800000000000001);
#3554=VECTOR('',#13203,0.014502609298844);
#3555=VECTOR('',#13206,0.321058904340416);
#3556=VECTOR('',#13209,0.499999999999998);
#3557=VECTOR('',#13210,9.18111924054165);
#3558=VECTOR('',#13217,0.800000000000005);
#3559=VECTOR('',#13218,0.499999999999998);
#3560=VECTOR('',#13219,0.800000000000005);
#3561=VECTOR('',#13220,0.499999999999998);
#3562=VECTOR('',#13223,0.799442499756519);
#3563=VECTOR('',#13226,9.18111924054165);
#3564=VECTOR('',#13227,0.800000000000001);
#3565=VECTOR('',#13228,9.08111924054169);
#3566=VECTOR('',#13231,0.133386968721936);
#3567=VECTOR('',#13234,0.800000000000001);
#3568=VECTOR('',#13235,9.18529191007635);
#3569=VECTOR('',#13236,0.014502609298844);
#3570=VECTOR('',#13237,0.321058904340416);
#3571=VECTOR('',#13238,0.248653771950058);
#3572=VECTOR('',#13239,0.248653771950058);
#3573=VECTOR('',#13240,0.324752108089434);
#3574=VECTOR('',#13241,0.0116176526665793);
#3575=VECTOR('',#13244,0.800000000000001);
#3576=VECTOR('',#13245,0.321058904340417);
#3577=VECTOR('',#13246,0.800000000000001);
#3578=VECTOR('',#13249,0.800000000000001);
#3579=VECTOR('',#13250,0.0145026092988442);
#3580=VECTOR('',#13253,0.248653771950058);
#3581=VECTOR('',#13256,0.248653771950058);
#3582=VECTOR('',#13257,0.800000000000001);
#3583=VECTOR('',#13260,0.324752108089434);
#3584=VECTOR('',#13261,0.800000000000001);
#3585=VECTOR('',#13264,0.0116176526665791);
#3586=VECTOR('',#13267,0.603386968721904);
#3587=VECTOR('',#13268,0.800000000000001);
#3588=VECTOR('',#13269,0.603386968721904);
#3589=VECTOR('',#13270,0.299999999999998);
#3590=VECTOR('',#13271,3.);
#3591=VECTOR('',#13272,1.4);
#3592=VECTOR('',#13273,3.);
#3593=VECTOR('',#13274,0.300000000000001);
#3594=VECTOR('',#13277,0.800000000000001);
#3595=VECTOR('',#13278,9.08529191007639);
#3596=VECTOR('',#13283,0.800000000000001);
#3597=VECTOR('',#13286,0.799442499756519);
#3598=VECTOR('',#13287,0.133386968721936);
#3599=VECTOR('',#13292,0.8);
#3600=VECTOR('',#13293,0.8);
#3601=VECTOR('',#13294,0.603386968721935);
#3602=VECTOR('',#13297,0.800000000000165);
#3603=VECTOR('',#13298,0.603386968721935);
#3604=VECTOR('',#13299,0.8);
#3605=VECTOR('',#13302,0.800000000000001);
#3606=VECTOR('',#13303,0.300000000000001);
#3607=VECTOR('',#13304,3.);
#3608=VECTOR('',#13305,0.299999999999998);
#3609=VECTOR('',#13306,0.300000000000001);
#3610=VECTOR('',#13307,3.);
#3611=VECTOR('',#13308,0.299999999999998);
#3612=VECTOR('',#13311,0.800000000000001);
#3613=VECTOR('',#13314,0.8);
#3614=VECTOR('',#13315,0.8);
#3615=VECTOR('',#13318,0.8);
#3616=VECTOR('',#13321,0.8);
#3617=VECTOR('',#13330,0.8);
#3618=VECTOR('',#13331,0.800000000000001);
#3619=VECTOR('',#13332,0.8);
#3620=VECTOR('',#13333,0.800000000000001);
#3621=VECTOR('',#13336,0.8);
#3622=VECTOR('',#13337,0.299999999999998);
#3623=VECTOR('',#13338,0.8);
#3624=VECTOR('',#13339,0.299999999999998);
#3625=VECTOR('',#13342,0.800000000000165);
#3626=VECTOR('',#13343,0.300000000000001);
#3627=VECTOR('',#13344,0.8);
#3628=VECTOR('',#13345,0.300000000000001);
#3629=VECTOR('',#13348,3.);
#3630=VECTOR('',#13349,3.);
#3631=VECTOR('',#13350,0.8);
#3632=VECTOR('',#13353,0.799442499756519);
#3633=VECTOR('',#13354,0.299999999999998);
#3634=VECTOR('',#13355,0.8);
#3635=VECTOR('',#13356,1.4);
#3636=VECTOR('',#13357,0.300000000000001);
#3637=VECTOR('',#13358,0.799442499756519);
#3638=VECTOR('',#13359,0.800000000000001);
#3639=VECTOR('',#13362,3.);
#3640=VECTOR('',#13363,3.);
#3641=VECTOR('',#13368,0.800000000000001);
#3642=VECTOR('',#13373,0.603386968721935);
#3643=VECTOR('',#13374,0.603386968721935);
#3644=VECTOR('',#13375,0.133386968721936);
#3645=VECTOR('',#13376,0.800000000000001);
#3646=VECTOR('',#13377,0.133386968721936);
#3647=VECTOR('',#13380,0.603386968721904);
#3648=VECTOR('',#13383,0.603386968721904);
#3649=VECTOR('',#13388,9.08529191007639);
#3650=VECTOR('',#13389,0.800000000000001);
#3651=VECTOR('',#13390,9.18529191007635);
#3652=VECTOR('',#13395,0.800000000000001);
#3653=VECTOR('',#13398,9.08111924054169);
#3654=VECTOR('',#13399,0.0116176526665791);
#3655=VECTOR('',#13400,0.324752108089434);
#3656=VECTOR('',#13401,0.248653771950058);
#3657=VECTOR('',#13402,0.499999999999998);
#3658=VECTOR('',#13403,0.248653771950058);
#3659=VECTOR('',#13404,0.321058904340417);
#3660=VECTOR('',#13405,0.0145026092988442);
#3661=VECTOR('',#13410,0.800000000000001);
#3662=VECTOR('',#13411,0.0116176526665793);
#3663=VECTOR('',#13412,0.800000000000001);
#3664=VECTOR('',#13415,0.324752108089434);
#3665=VECTOR('',#13416,0.800000000000001);
#3666=VECTOR('',#13419,0.800000000000005);
#3667=VECTOR('',#13420,0.248653771950058);
#3668=VECTOR('',#13423,0.800000000000005);
#3669=VECTOR('',#13424,0.248653771950058);
#3670=VECTOR('',#13425,0.800000000000001);
#3671=VECTOR('',#13428,0.800000000000001);
#3672=VECTOR('',#13429,0.014502609298844);
#3673=VECTOR('',#13432,0.321058904340416);
#3674=VECTOR('',#13435,0.499999999999998);
#3675=VECTOR('',#13436,9.18111924054165);
#3676=VECTOR('',#13443,0.800000000000005);
#3677=VECTOR('',#13444,0.499999999999998);
#3678=VECTOR('',#13445,0.800000000000005);
#3679=VECTOR('',#13446,0.499999999999998);
#3680=VECTOR('',#13449,0.799442499756519);
#3681=VECTOR('',#13452,9.18111924054165);
#3682=VECTOR('',#13453,0.800000000000001);
#3683=VECTOR('',#13454,9.08111924054169);
#3684=VECTOR('',#13457,0.133386968721936);
#3685=VECTOR('',#13460,0.800000000000001);
#3686=VECTOR('',#13461,9.18529191007635);
#3687=VECTOR('',#13462,0.014502609298844);
#3688=VECTOR('',#13463,0.321058904340416);
#3689=VECTOR('',#13464,0.248653771950058);
#3690=VECTOR('',#13465,0.248653771950058);
#3691=VECTOR('',#13466,0.324752108089434);
#3692=VECTOR('',#13467,0.0116176526665793);
#3693=VECTOR('',#13470,0.800000000000001);
#3694=VECTOR('',#13471,0.321058904340417);
#3695=VECTOR('',#13472,0.800000000000001);
#3696=VECTOR('',#13475,0.800000000000001);
#3697=VECTOR('',#13476,0.0145026092988442);
#3698=VECTOR('',#13479,0.248653771950058);
#3699=VECTOR('',#13482,0.248653771950058);
#3700=VECTOR('',#13483,0.800000000000001);
#3701=VECTOR('',#13486,0.324752108089434);
#3702=VECTOR('',#13487,0.800000000000001);
#3703=VECTOR('',#13490,0.0116176526665791);
#3704=VECTOR('',#13493,0.603386968721904);
#3705=VECTOR('',#13494,0.800000000000001);
#3706=VECTOR('',#13495,0.603386968721904);
#3707=VECTOR('',#13496,0.299999999999998);
#3708=VECTOR('',#13497,3.);
#3709=VECTOR('',#13498,1.4);
#3710=VECTOR('',#13499,3.);
#3711=VECTOR('',#13500,0.300000000000001);
#3712=VECTOR('',#13503,0.800000000000001);
#3713=VECTOR('',#13504,9.08529191007639);
#3714=VECTOR('',#13509,0.800000000000001);
#3715=VECTOR('',#13512,0.799442499756519);
#3716=VECTOR('',#13513,0.133386968721936);
#3717=VECTOR('',#13518,0.8);
#3718=VECTOR('',#13519,0.8);
#3719=VECTOR('',#13520,0.603386968721935);
#3720=VECTOR('',#13523,0.800000000000165);
#3721=VECTOR('',#13524,0.603386968721935);
#3722=VECTOR('',#13525,0.8);
#3723=VECTOR('',#13528,0.800000000000001);
#3724=VECTOR('',#13529,0.300000000000001);
#3725=VECTOR('',#13530,3.);
#3726=VECTOR('',#13531,0.299999999999998);
#3727=VECTOR('',#13532,0.300000000000001);
#3728=VECTOR('',#13533,3.);
#3729=VECTOR('',#13534,0.299999999999998);
#3730=VECTOR('',#13537,0.800000000000001);
#3731=VECTOR('',#13540,0.8);
#3732=VECTOR('',#13541,0.8);
#3733=VECTOR('',#13544,0.8);
#3734=VECTOR('',#13547,0.8);
#3735=VECTOR('',#13556,0.8);
#3736=VECTOR('',#13557,0.800000000000001);
#3737=VECTOR('',#13558,0.8);
#3738=VECTOR('',#13559,0.800000000000001);
#3739=VECTOR('',#13562,0.8);
#3740=VECTOR('',#13563,0.299999999999998);
#3741=VECTOR('',#13564,0.8);
#3742=VECTOR('',#13565,0.299999999999998);
#3743=VECTOR('',#13568,0.800000000000165);
#3744=VECTOR('',#13569,0.300000000000001);
#3745=VECTOR('',#13570,0.8);
#3746=VECTOR('',#13571,0.300000000000001);
#3747=VECTOR('',#13574,3.);
#3748=VECTOR('',#13575,3.);
#3749=VECTOR('',#13576,0.8);
#3750=VECTOR('',#13579,0.799442499756519);
#3751=VECTOR('',#13580,0.3);
#3752=VECTOR('',#13581,0.8);
#3753=VECTOR('',#13582,1.4);
#3754=VECTOR('',#13583,0.299999999999999);
#3755=VECTOR('',#13584,0.799442499756519);
#3756=VECTOR('',#13585,0.800000000000001);
#3757=VECTOR('',#13588,3.);
#3758=VECTOR('',#13589,3.);
#3759=VECTOR('',#13594,0.800000000000001);
#3760=VECTOR('',#13599,0.603386968721935);
#3761=VECTOR('',#13600,0.603386968721935);
#3762=VECTOR('',#13601,0.133386968721936);
#3763=VECTOR('',#13602,0.800000000000001);
#3764=VECTOR('',#13603,0.133386968721936);
#3765=VECTOR('',#13606,0.603386968721904);
#3766=VECTOR('',#13609,0.603386968721904);
#3767=VECTOR('',#13614,9.08529191007639);
#3768=VECTOR('',#13615,0.800000000000001);
#3769=VECTOR('',#13616,9.18529191007635);
#3770=VECTOR('',#13621,0.800000000000001);
#3771=VECTOR('',#13624,9.0811192405417);
#3772=VECTOR('',#13625,0.0116176526665821);
#3773=VECTOR('',#13626,0.324752108089434);
#3774=VECTOR('',#13627,0.248653771950058);
#3775=VECTOR('',#13628,0.5);
#3776=VECTOR('',#13629,0.248653771950058);
#3777=VECTOR('',#13630,0.321058904340417);
#3778=VECTOR('',#13631,0.0145026092988442);
#3779=VECTOR('',#13636,0.800000000000001);
#3780=VECTOR('',#13637,0.011617652666582);
#3781=VECTOR('',#13638,0.800000000000001);
#3782=VECTOR('',#13641,0.324752108089434);
#3783=VECTOR('',#13642,0.800000000000001);
#3784=VECTOR('',#13645,0.800000000000005);
#3785=VECTOR('',#13646,0.248653771950058);
#3786=VECTOR('',#13649,0.800000000000005);
#3787=VECTOR('',#13650,0.248653771950058);
#3788=VECTOR('',#13651,0.800000000000001);
#3789=VECTOR('',#13654,0.800000000000001);
#3790=VECTOR('',#13655,0.014502609298844);
#3791=VECTOR('',#13658,0.321058904340416);
#3792=VECTOR('',#13661,0.5);
#3793=VECTOR('',#13662,9.18111924054165);
#3794=VECTOR('',#13669,0.800000000000005);
#3795=VECTOR('',#13670,0.5);
#3796=VECTOR('',#13671,0.800000000000005);
#3797=VECTOR('',#13672,0.5);
#3798=VECTOR('',#13675,0.799442499756519);
#3799=VECTOR('',#13678,9.18111924054165);
#3800=VECTOR('',#13679,0.800000000000001);
#3801=VECTOR('',#13680,9.0811192405417);
#3802=VECTOR('',#13683,0.133386968721936);
#3803=VECTOR('',#13686,0.800000000000001);
#3804=VECTOR('',#13687,9.18529191007635);
#3805=VECTOR('',#13688,0.014502609298844);
#3806=VECTOR('',#13689,0.321058904340416);
#3807=VECTOR('',#13690,0.248653771950058);
#3808=VECTOR('',#13691,0.248653771950058);
#3809=VECTOR('',#13692,0.324752108089434);
#3810=VECTOR('',#13693,0.011617652666582);
#3811=VECTOR('',#13696,0.800000000000001);
#3812=VECTOR('',#13697,0.321058904340417);
#3813=VECTOR('',#13698,0.800000000000001);
#3814=VECTOR('',#13701,0.800000000000001);
#3815=VECTOR('',#13702,0.0145026092988442);
#3816=VECTOR('',#13705,0.248653771950058);
#3817=VECTOR('',#13708,0.248653771950058);
#3818=VECTOR('',#13709,0.800000000000001);
#3819=VECTOR('',#13712,0.324752108089434);
#3820=VECTOR('',#13713,0.800000000000001);
#3821=VECTOR('',#13716,0.0116176526665821);
#3822=VECTOR('',#13719,0.603386968721904);
#3823=VECTOR('',#13720,0.800000000000001);
#3824=VECTOR('',#13721,0.603386968721904);
#3825=VECTOR('',#13722,0.299999999999998);
#3826=VECTOR('',#13723,3.);
#3827=VECTOR('',#13724,1.4);
#3828=VECTOR('',#13725,3.);
#3829=VECTOR('',#13726,0.300000000000001);
#3830=VECTOR('',#13729,0.800000000000001);
#3831=VECTOR('',#13730,9.08529191007639);
#3832=VECTOR('',#13735,0.800000000000001);
#3833=VECTOR('',#13738,0.799442499756519);
#3834=VECTOR('',#13739,0.133386968721936);
#3835=VECTOR('',#13744,0.8);
#3836=VECTOR('',#13745,0.8);
#3837=VECTOR('',#13746,0.603386968721935);
#3838=VECTOR('',#13749,0.800000000000165);
#3839=VECTOR('',#13750,0.603386968721935);
#3840=VECTOR('',#13751,0.8);
#3841=VECTOR('',#13754,0.800000000000001);
#3842=VECTOR('',#13755,0.300000000000001);
#3843=VECTOR('',#13756,3.);
#3844=VECTOR('',#13757,0.3);
#3845=VECTOR('',#13758,0.299999999999999);
#3846=VECTOR('',#13759,3.);
#3847=VECTOR('',#13760,0.299999999999998);
#3848=VECTOR('',#13763,0.800000000000001);
#3849=VECTOR('',#13766,0.8);
#3850=VECTOR('',#13767,0.8);
#3851=VECTOR('',#13770,0.8);
#3852=VECTOR('',#13773,0.8);
#3853=VECTOR('',#13782,0.8);
#3854=VECTOR('',#13783,0.800000000000001);
#3855=VECTOR('',#13784,0.8);
#3856=VECTOR('',#13785,0.800000000000001);
#3857=VECTOR('',#13788,0.8);
#3858=VECTOR('',#13789,0.299999999999999);
#3859=VECTOR('',#13790,0.8);
#3860=VECTOR('',#13791,0.299999999999999);
#3861=VECTOR('',#13794,0.800000000000165);
#3862=VECTOR('',#13795,0.3);
#3863=VECTOR('',#13796,0.8);
#3864=VECTOR('',#13797,0.3);
#3865=VECTOR('',#13800,3.);
#3866=VECTOR('',#13801,3.);
#3867=VECTOR('',#13802,0.8);
#3868=VECTOR('',#13805,0.799442499756519);
#3869=VECTOR('',#13806,0.3);
#3870=VECTOR('',#13807,0.8);
#3871=VECTOR('',#13808,1.4);
#3872=VECTOR('',#13809,0.299999999999999);
#3873=VECTOR('',#13810,0.799442499756519);
#3874=VECTOR('',#13811,0.800000000000001);
#3875=VECTOR('',#13814,3.);
#3876=VECTOR('',#13815,3.);
#3877=VECTOR('',#13820,0.800000000000001);
#3878=VECTOR('',#13825,0.603386968721935);
#3879=VECTOR('',#13826,0.603386968721935);
#3880=VECTOR('',#13827,0.133386968721936);
#3881=VECTOR('',#13828,0.800000000000001);
#3882=VECTOR('',#13829,0.133386968721936);
#3883=VECTOR('',#13832,0.603386968721904);
#3884=VECTOR('',#13835,0.603386968721904);
#3885=VECTOR('',#13840,9.08529191007639);
#3886=VECTOR('',#13841,0.800000000000001);
#3887=VECTOR('',#13842,9.18529191007636);
#3888=VECTOR('',#13847,0.800000000000001);
#3889=VECTOR('',#13850,9.0811192405417);
#3890=VECTOR('',#13851,0.0116176526665826);
#3891=VECTOR('',#13852,0.324752108089434);
#3892=VECTOR('',#13853,0.248653771950058);
#3893=VECTOR('',#13854,0.499999999999999);
#3894=VECTOR('',#13855,0.248653771950058);
#3895=VECTOR('',#13856,0.321058904340416);
#3896=VECTOR('',#13857,0.0145026092988457);
#3897=VECTOR('',#13862,0.800000000000001);
#3898=VECTOR('',#13863,0.0116176526665826);
#3899=VECTOR('',#13864,0.800000000000001);
#3900=VECTOR('',#13867,0.324752108089433);
#3901=VECTOR('',#13868,0.800000000000001);
#3902=VECTOR('',#13871,0.800000000000005);
#3903=VECTOR('',#13872,0.248653771950058);
#3904=VECTOR('',#13875,0.800000000000005);
#3905=VECTOR('',#13876,0.248653771950058);
#3906=VECTOR('',#13877,0.800000000000001);
#3907=VECTOR('',#13880,0.800000000000001);
#3908=VECTOR('',#13881,0.0145026092988457);
#3909=VECTOR('',#13884,0.321058904340416);
#3910=VECTOR('',#13887,0.499999999999999);
#3911=VECTOR('',#13888,9.18111924054165);
#3912=VECTOR('',#13895,0.800000000000005);
#3913=VECTOR('',#13896,0.499999999999999);
#3914=VECTOR('',#13897,0.800000000000005);
#3915=VECTOR('',#13898,0.499999999999999);
#3916=VECTOR('',#13901,0.799442499756519);
#3917=VECTOR('',#13904,9.18111924054165);
#3918=VECTOR('',#13905,0.800000000000001);
#3919=VECTOR('',#13906,9.0811192405417);
#3920=VECTOR('',#13909,0.133386968721936);
#3921=VECTOR('',#13912,0.800000000000001);
#3922=VECTOR('',#13913,9.18529191007636);
#3923=VECTOR('',#13914,0.0145026092988457);
#3924=VECTOR('',#13915,0.321058904340416);
#3925=VECTOR('',#13916,0.248653771950058);
#3926=VECTOR('',#13917,0.248653771950058);
#3927=VECTOR('',#13918,0.324752108089433);
#3928=VECTOR('',#13919,0.0116176526665826);
#3929=VECTOR('',#13922,0.800000000000001);
#3930=VECTOR('',#13923,0.321058904340416);
#3931=VECTOR('',#13924,0.800000000000001);
#3932=VECTOR('',#13927,0.800000000000001);
#3933=VECTOR('',#13928,0.0145026092988457);
#3934=VECTOR('',#13931,0.248653771950058);
#3935=VECTOR('',#13934,0.248653771950058);
#3936=VECTOR('',#13935,0.800000000000001);
#3937=VECTOR('',#13938,0.324752108089434);
#3938=VECTOR('',#13939,0.800000000000001);
#3939=VECTOR('',#13942,0.0116176526665826);
#3940=VECTOR('',#13945,0.603386968721904);
#3941=VECTOR('',#13946,0.800000000000001);
#3942=VECTOR('',#13947,0.603386968721904);
#3943=VECTOR('',#13948,0.299999999999999);
#3944=VECTOR('',#13949,3.);
#3945=VECTOR('',#13950,1.4);
#3946=VECTOR('',#13951,3.);
#3947=VECTOR('',#13952,0.3);
#3948=VECTOR('',#13955,0.800000000000001);
#3949=VECTOR('',#13956,9.08529191007639);
#3950=VECTOR('',#13961,0.800000000000001);
#3951=VECTOR('',#13964,0.799442499756519);
#3952=VECTOR('',#13965,0.133386968721936);
#3953=VECTOR('',#13970,0.8);
#3954=VECTOR('',#13971,0.8);
#3955=VECTOR('',#13972,0.603386968721935);
#3956=VECTOR('',#13975,0.800000000000165);
#3957=VECTOR('',#13976,0.603386968721935);
#3958=VECTOR('',#13977,0.8);
#3959=VECTOR('',#13980,0.800000000000001);
#3960=VECTOR('',#13981,0.3);
#3961=VECTOR('',#13982,3.);
#3962=VECTOR('',#13983,0.3);
#3963=VECTOR('',#13984,0.299999999999999);
#3964=VECTOR('',#13985,3.);
#3965=VECTOR('',#13986,0.299999999999999);
#3966=VECTOR('',#13989,0.800000000000001);
#3967=VECTOR('',#13992,0.8);
#3968=VECTOR('',#13993,0.8);
#3969=VECTOR('',#13996,0.8);
#3970=VECTOR('',#13999,0.8);
#3971=VECTOR('',#14008,0.8);
#3972=VECTOR('',#14009,0.800000000000001);
#3973=VECTOR('',#14010,0.8);
#3974=VECTOR('',#14011,0.800000000000001);
#3975=VECTOR('',#14014,0.8);
#3976=VECTOR('',#14015,0.299999999999998);
#3977=VECTOR('',#14016,0.8);
#3978=VECTOR('',#14017,0.299999999999998);
#3979=VECTOR('',#14020,0.800000000000165);
#3980=VECTOR('',#14021,0.300000000000001);
#3981=VECTOR('',#14022,0.8);
#3982=VECTOR('',#14023,0.300000000000001);
#3983=VECTOR('',#14026,3.);
#3984=VECTOR('',#14027,3.);
#3985=VECTOR('',#14028,0.8);
#3986=VECTOR('',#14031,0.799442499756519);
#3987=VECTOR('',#14032,0.3);
#3988=VECTOR('',#14033,0.8);
#3989=VECTOR('',#14034,1.4);
#3990=VECTOR('',#14035,0.299999999999999);
#3991=VECTOR('',#14036,0.799442499756519);
#3992=VECTOR('',#14037,0.800000000000001);
#3993=VECTOR('',#14040,3.);
#3994=VECTOR('',#14041,3.);
#3995=VECTOR('',#14046,0.800000000000001);
#3996=VECTOR('',#14051,0.603386968721935);
#3997=VECTOR('',#14052,0.603386968721935);
#3998=VECTOR('',#14053,0.133386968721936);
#3999=VECTOR('',#14054,0.800000000000001);
#4000=VECTOR('',#14055,0.133386968721936);
#4001=VECTOR('',#14058,0.603386968721904);
#4002=VECTOR('',#14061,0.603386968721904);
#4003=VECTOR('',#14066,9.08529191007639);
#4004=VECTOR('',#14067,0.800000000000001);
#4005=VECTOR('',#14068,9.18529191007635);
#4006=VECTOR('',#14073,0.800000000000001);
#4007=VECTOR('',#14076,9.0811192405417);
#4008=VECTOR('',#14077,0.0116176526665821);
#4009=VECTOR('',#14078,0.324752108089434);
#4010=VECTOR('',#14079,0.248653771950058);
#4011=VECTOR('',#14080,0.5);
#4012=VECTOR('',#14081,0.248653771950058);
#4013=VECTOR('',#14082,0.321058904340417);
#4014=VECTOR('',#14083,0.0145026092988442);
#4015=VECTOR('',#14088,0.800000000000001);
#4016=VECTOR('',#14089,0.011617652666582);
#4017=VECTOR('',#14090,0.800000000000001);
#4018=VECTOR('',#14093,0.324752108089434);
#4019=VECTOR('',#14094,0.800000000000001);
#4020=VECTOR('',#14097,0.800000000000005);
#4021=VECTOR('',#14098,0.248653771950058);
#4022=VECTOR('',#14101,0.800000000000005);
#4023=VECTOR('',#14102,0.248653771950058);
#4024=VECTOR('',#14103,0.800000000000001);
#4025=VECTOR('',#14106,0.800000000000001);
#4026=VECTOR('',#14107,0.014502609298844);
#4027=VECTOR('',#14110,0.321058904340416);
#4028=VECTOR('',#14113,0.5);
#4029=VECTOR('',#14114,9.18111924054165);
#4030=VECTOR('',#14121,0.800000000000005);
#4031=VECTOR('',#14122,0.499999999999998);
#4032=VECTOR('',#14123,0.800000000000005);
#4033=VECTOR('',#14124,0.499999999999998);
#4034=VECTOR('',#14127,0.799442499756519);
#4035=VECTOR('',#14130,9.18111924054165);
#4036=VECTOR('',#14131,0.800000000000001);
#4037=VECTOR('',#14132,9.0811192405417);
#4038=VECTOR('',#14135,0.133386968721936);
#4039=VECTOR('',#14138,0.800000000000001);
#4040=VECTOR('',#14139,9.18529191007635);
#4041=VECTOR('',#14140,0.014502609298844);
#4042=VECTOR('',#14141,0.321058904340416);
#4043=VECTOR('',#14142,0.248653771950058);
#4044=VECTOR('',#14143,0.248653771950058);
#4045=VECTOR('',#14144,0.324752108089434);
#4046=VECTOR('',#14145,0.0116176526665832);
#4047=VECTOR('',#14148,0.800000000000001);
#4048=VECTOR('',#14149,0.321058904340417);
#4049=VECTOR('',#14150,0.800000000000001);
#4050=VECTOR('',#14153,0.800000000000001);
#4051=VECTOR('',#14154,0.0145026092988442);
#4052=VECTOR('',#14157,0.248653771950058);
#4053=VECTOR('',#14160,0.248653771950058);
#4054=VECTOR('',#14161,0.800000000000001);
#4055=VECTOR('',#14164,0.324752108089434);
#4056=VECTOR('',#14165,0.800000000000001);
#4057=VECTOR('',#14168,0.0116176526665831);
#4058=VECTOR('',#14171,0.603386968721904);
#4059=VECTOR('',#14172,0.800000000000001);
#4060=VECTOR('',#14173,0.603386968721904);
#4061=VECTOR('',#14174,0.299999999999998);
#4062=VECTOR('',#14175,3.);
#4063=VECTOR('',#14176,1.4);
#4064=VECTOR('',#14177,3.);
#4065=VECTOR('',#14178,0.300000000000001);
#4066=VECTOR('',#14181,0.800000000000001);
#4067=VECTOR('',#14182,9.08529191007639);
#4068=VECTOR('',#14187,0.800000000000001);
#4069=VECTOR('',#14190,0.799442499756519);
#4070=VECTOR('',#14191,0.133386968721936);
#4071=VECTOR('',#14196,0.8);
#4072=VECTOR('',#14197,0.8);
#4073=VECTOR('',#14198,0.603386968721935);
#4074=VECTOR('',#14201,0.800000000000165);
#4075=VECTOR('',#14202,0.603386968721935);
#4076=VECTOR('',#14203,0.8);
#4077=VECTOR('',#14206,0.800000000000001);
#4078=VECTOR('',#14207,0.300000000000001);
#4079=VECTOR('',#14208,3.);
#4080=VECTOR('',#14209,0.3);
#4081=VECTOR('',#14210,0.299999999999999);
#4082=VECTOR('',#14211,3.);
#4083=VECTOR('',#14212,0.299999999999998);
#4084=VECTOR('',#14215,0.800000000000001);
#4085=VECTOR('',#14218,0.8);
#4086=VECTOR('',#14219,0.8);
#4087=VECTOR('',#14222,0.8);
#4088=VECTOR('',#14225,0.8);
#4089=VECTOR('',#14234,0.8);
#4090=VECTOR('',#14235,4.);
#4091=VECTOR('',#14236,0.8);
#4092=VECTOR('',#14237,4.);
#4093=VECTOR('',#14242,0.800000000000005);
#4094=VECTOR('',#14245,0.800000000000001);
#4095=VECTOR('',#14248,0.800000000000001);
#4096=VECTOR('',#14251,0.800000000000005);
#4097=VECTOR('',#14256,3.6);
#4098=VECTOR('',#14257,3.6);
#4099=VECTOR('',#14260,6.74278212304538);
#4100=VECTOR('',#14261,0.1);
#4101=VECTOR('',#14262,0.6);
#4102=VECTOR('',#14263,0.100000000000001);
#4103=VECTOR('',#14264,2.16721787695464);
#4104=VECTOR('',#14265,4.);
#4105=VECTOR('',#14266,2.16721787695464);
#4106=VECTOR('',#14267,0.1);
#4107=VECTOR('',#14268,0.6);
#4108=VECTOR('',#14269,0.1);
#4109=VECTOR('',#14270,6.74278212304538);
#4110=VECTOR('',#14273,0.800000000000001);
#4111=VECTOR('',#14274,0.800000000000005);
#4112=VECTOR('',#14275,0.1);
#4113=VECTOR('',#14278,0.800000000000001);
#4114=VECTOR('',#14279,0.1);
#4115=VECTOR('',#14280,0.800000000000005);
#4116=VECTOR('',#14283,0.800000000000005);
#4117=VECTOR('',#14284,0.800000000000005);
#4118=VECTOR('',#14285,0.100000000000001);
#4119=VECTOR('',#14288,0.6);
#4120=VECTOR('',#14291,0.800000000000005);
#4121=VECTOR('',#14292,0.1);
#4122=VECTOR('',#14293,0.800000000000005);
#4123=VECTOR('',#14296,0.6);
#4124=VECTOR('',#14299,2.06721787695468);
#4125=VECTOR('',#14302,3.47);
#4126=VECTOR('',#14303,3.6033869687219);
#4127=VECTOR('',#14304,0.000557500243481002);
#4128=VECTOR('',#14309,6.74278212304538);
#4129=VECTOR('',#14314,0.000557500243481002);
#4130=VECTOR('',#14315,3.6033869687219);
#4131=VECTOR('',#14316,3.47);
#4132=VECTOR('',#14319,2.06721787695468);
#4133=VECTOR('',#14322,6.74278212304538);
#4134=VECTOR('',#14323,4.);
#4135=VECTOR('',#14326,4.);
#4136=VECTOR('',#14329,4.);
#4137=VECTOR('',#14334,4.);
#4138=VECTOR('',#14341,0.800000000000005);
#4139=VECTOR('',#14342,0.499999999999998);
#4140=VECTOR('',#14343,0.800000000000005);
#4141=VECTOR('',#14344,0.499999999999998);
#4142=VECTOR('',#14347,0.799442499756519);
#4143=VECTOR('',#14350,9.18111924054165);
#4144=VECTOR('',#14351,0.800000000000001);
#4145=VECTOR('',#14352,9.0811192405417);
#4146=VECTOR('',#14355,0.133386968721936);
#4147=VECTOR('',#14358,0.800000000000001);
#4148=VECTOR('',#14359,9.18529191007635);
#4149=VECTOR('',#14360,0.014502609298844);
#4150=VECTOR('',#14361,0.321058904340416);
#4151=VECTOR('',#14362,0.248653771950058);
#4152=VECTOR('',#14363,0.248653771950058);
#4153=VECTOR('',#14364,0.324752108089434);
#4154=VECTOR('',#14365,0.011617652666582);
#4155=VECTOR('',#14368,0.800000000000001);
#4156=VECTOR('',#14369,0.321058904340417);
#4157=VECTOR('',#14370,0.800000000000001);
#4158=VECTOR('',#14373,0.800000000000001);
#4159=VECTOR('',#14374,0.0145026092988442);
#4160=VECTOR('',#14377,0.248653771950058);
#4161=VECTOR('',#14380,0.248653771950058);
#4162=VECTOR('',#14381,0.800000000000001);
#4163=VECTOR('',#14384,0.324752108089435);
#4164=VECTOR('',#14385,0.800000000000001);
#4165=VECTOR('',#14388,0.0116176526665821);
#4166=VECTOR('',#14391,0.603386968721904);
#4167=VECTOR('',#14392,0.800000000000001);
#4168=VECTOR('',#14393,0.603386968721904);
#4169=VECTOR('',#14394,0.299999999999998);
#4170=VECTOR('',#14395,3.);
#4171=VECTOR('',#14396,1.4);
#4172=VECTOR('',#14397,3.);
#4173=VECTOR('',#14398,0.300000000000001);
#4174=VECTOR('',#14401,0.800000000000001);
#4175=VECTOR('',#14402,9.08529191007639);
#4176=VECTOR('',#14407,0.800000000000001);
#4177=VECTOR('',#14410,0.799442499756519);
#4178=VECTOR('',#14411,0.133386968721936);
#4179=VECTOR('',#14416,0.8);
#4180=VECTOR('',#14417,0.8);
#4181=VECTOR('',#14418,0.603386968721935);
#4182=VECTOR('',#14421,0.800000000000165);
#4183=VECTOR('',#14422,0.603386968721935);
#4184=VECTOR('',#14423,0.8);
#4185=VECTOR('',#14426,0.800000000000001);
#4186=VECTOR('',#14427,0.300000000000001);
#4187=VECTOR('',#14428,3.);
#4188=VECTOR('',#14429,0.3);
#4189=VECTOR('',#14430,0.299999999999999);
#4190=VECTOR('',#14431,3.);
#4191=VECTOR('',#14432,0.299999999999998);
#4192=VECTOR('',#14435,0.800000000000001);
#4193=VECTOR('',#14438,0.8);
#4194=VECTOR('',#14439,0.8);
#4195=VECTOR('',#14442,0.8);
#4196=VECTOR('',#14445,0.8);
#4197=VECTOR('',#14454,0.8);
#4198=VECTOR('',#14455,4.);
#4199=VECTOR('',#14456,0.8);
#4200=VECTOR('',#14457,4.);
#4201=VECTOR('',#14462,0.800000000000005);
#4202=VECTOR('',#14465,0.800000000000001);
#4203=VECTOR('',#14468,0.800000000000001);
#4204=VECTOR('',#14471,0.800000000000005);
#4205=VECTOR('',#14476,3.6);
#4206=VECTOR('',#14477,3.6);
#4207=VECTOR('',#14480,6.74278212304538);
#4208=VECTOR('',#14481,0.1);
#4209=VECTOR('',#14482,0.6);
#4210=VECTOR('',#14483,0.100000000000001);
#4211=VECTOR('',#14484,2.16721787695464);
#4212=VECTOR('',#14485,4.);
#4213=VECTOR('',#14486,2.16721787695464);
#4214=VECTOR('',#14487,0.1);
#4215=VECTOR('',#14488,0.6);
#4216=VECTOR('',#14489,0.1);
#4217=VECTOR('',#14490,6.74278212304538);
#4218=VECTOR('',#14493,0.800000000000001);
#4219=VECTOR('',#14494,0.800000000000005);
#4220=VECTOR('',#14495,0.1);
#4221=VECTOR('',#14498,0.800000000000001);
#4222=VECTOR('',#14499,0.1);
#4223=VECTOR('',#14500,0.800000000000005);
#4224=VECTOR('',#14503,0.800000000000005);
#4225=VECTOR('',#14504,0.800000000000005);
#4226=VECTOR('',#14505,0.100000000000001);
#4227=VECTOR('',#14508,0.6);
#4228=VECTOR('',#14511,0.800000000000005);
#4229=VECTOR('',#14512,0.1);
#4230=VECTOR('',#14513,0.800000000000005);
#4231=VECTOR('',#14516,0.6);
#4232=VECTOR('',#14519,2.06721787695468);
#4233=VECTOR('',#14522,3.47);
#4234=VECTOR('',#14523,3.6033869687219);
#4235=VECTOR('',#14524,0.000557500243481002);
#4236=VECTOR('',#14529,6.74278212304538);
#4237=VECTOR('',#14534,0.000557500243481002);
#4238=VECTOR('',#14535,3.6033869687219);
#4239=VECTOR('',#14536,3.47);
#4240=VECTOR('',#14539,2.06721787695468);
#4241=VECTOR('',#14542,6.74278212304538);
#4242=VECTOR('',#14543,4.);
#4243=VECTOR('',#14546,4.);
#4244=VECTOR('',#14549,4.);
#4245=VECTOR('',#14554,4.);
#4246=VECTOR('',#14561,0.800000000000005);
#4247=VECTOR('',#14562,0.5);
#4248=VECTOR('',#14563,0.800000000000005);
#4249=VECTOR('',#14564,0.5);
#4250=VECTOR('',#14567,0.799442499756519);
#4251=VECTOR('',#14570,9.18111924054165);
#4252=VECTOR('',#14571,0.800000000000001);
#4253=VECTOR('',#14572,9.0811192405417);
#4254=VECTOR('',#14575,0.133386968721936);
#4255=VECTOR('',#14578,0.800000000000001);
#4256=VECTOR('',#14579,9.18529191007635);
#4257=VECTOR('',#14580,0.014502609298844);
#4258=VECTOR('',#14581,0.321058904340416);
#4259=VECTOR('',#14582,0.248653771950058);
#4260=VECTOR('',#14583,0.248653771950058);
#4261=VECTOR('',#14584,0.324752108089434);
#4262=VECTOR('',#14585,0.011617652666582);
#4263=VECTOR('',#14588,0.800000000000001);
#4264=VECTOR('',#14589,0.321058904340417);
#4265=VECTOR('',#14590,0.800000000000001);
#4266=VECTOR('',#14593,0.800000000000001);
#4267=VECTOR('',#14594,0.0145026092988442);
#4268=VECTOR('',#14597,0.248653771950058);
#4269=VECTOR('',#14600,0.248653771950058);
#4270=VECTOR('',#14601,0.800000000000001);
#4271=VECTOR('',#14604,0.324752108089434);
#4272=VECTOR('',#14605,0.800000000000001);
#4273=VECTOR('',#14608,0.0116176526665821);
#4274=VECTOR('',#14611,0.603386968721904);
#4275=VECTOR('',#14612,0.800000000000001);
#4276=VECTOR('',#14613,0.603386968721904);
#4277=VECTOR('',#14614,0.299999999999998);
#4278=VECTOR('',#14615,3.);
#4279=VECTOR('',#14616,1.4);
#4280=VECTOR('',#14617,3.);
#4281=VECTOR('',#14618,0.300000000000001);
#4282=VECTOR('',#14621,0.800000000000001);
#4283=VECTOR('',#14622,9.08529191007639);
#4284=VECTOR('',#14627,0.800000000000001);
#4285=VECTOR('',#14630,0.799442499756519);
#4286=VECTOR('',#14631,0.133386968721936);
#4287=VECTOR('',#14636,0.8);
#4288=VECTOR('',#14637,0.8);
#4289=VECTOR('',#14638,0.603386968721935);
#4290=VECTOR('',#14641,0.800000000000165);
#4291=VECTOR('',#14642,0.603386968721935);
#4292=VECTOR('',#14643,0.8);
#4293=VECTOR('',#14646,0.800000000000001);
#4294=VECTOR('',#14647,0.300000000000001);
#4295=VECTOR('',#14648,3.);
#4296=VECTOR('',#14649,0.3);
#4297=VECTOR('',#14650,0.299999999999999);
#4298=VECTOR('',#14651,3.);
#4299=VECTOR('',#14652,0.299999999999998);
#4300=VECTOR('',#14655,0.800000000000001);
#4301=VECTOR('',#14658,0.8);
#4302=VECTOR('',#14659,0.8);
#4303=VECTOR('',#14662,0.8);
#4304=VECTOR('',#14665,0.8);
#4305=VECTOR('',#14674,0.8);
#4306=VECTOR('',#14675,4.);
#4307=VECTOR('',#14676,0.8);
#4308=VECTOR('',#14677,4.);
#4309=VECTOR('',#14682,0.800000000000005);
#4310=VECTOR('',#14685,0.800000000000001);
#4311=VECTOR('',#14688,0.800000000000001);
#4312=VECTOR('',#14691,0.800000000000005);
#4313=VECTOR('',#14696,3.6);
#4314=VECTOR('',#14697,3.6);
#4315=VECTOR('',#14700,6.74278212304538);
#4316=VECTOR('',#14701,0.1);
#4317=VECTOR('',#14702,0.6);
#4318=VECTOR('',#14703,0.100000000000001);
#4319=VECTOR('',#14704,2.16721787695464);
#4320=VECTOR('',#14705,4.);
#4321=VECTOR('',#14706,2.16721787695464);
#4322=VECTOR('',#14707,0.1);
#4323=VECTOR('',#14708,0.6);
#4324=VECTOR('',#14709,0.1);
#4325=VECTOR('',#14710,6.74278212304538);
#4326=VECTOR('',#14713,0.800000000000001);
#4327=VECTOR('',#14714,0.800000000000005);
#4328=VECTOR('',#14715,0.1);
#4329=VECTOR('',#14718,0.800000000000001);
#4330=VECTOR('',#14719,0.1);
#4331=VECTOR('',#14720,0.800000000000005);
#4332=VECTOR('',#14723,0.800000000000005);
#4333=VECTOR('',#14724,0.800000000000005);
#4334=VECTOR('',#14725,0.100000000000001);
#4335=VECTOR('',#14728,0.6);
#4336=VECTOR('',#14731,0.800000000000005);
#4337=VECTOR('',#14732,0.1);
#4338=VECTOR('',#14733,0.800000000000005);
#4339=VECTOR('',#14736,0.6);
#4340=VECTOR('',#14739,2.06721787695468);
#4341=VECTOR('',#14742,3.47);
#4342=VECTOR('',#14743,3.6033869687219);
#4343=VECTOR('',#14744,0.000557500243481002);
#4344=VECTOR('',#14749,6.74278212304538);
#4345=VECTOR('',#14754,0.000557500243481002);
#4346=VECTOR('',#14755,3.6033869687219);
#4347=VECTOR('',#14756,3.47);
#4348=VECTOR('',#14759,2.06721787695468);
#4349=VECTOR('',#14762,6.74278212304538);
#4350=VECTOR('',#14763,4.);
#4351=VECTOR('',#14766,4.);
#4352=VECTOR('',#14769,4.);
#4353=VECTOR('',#14774,4.);
#4354=VECTOR('',#14781,0.800000000000005);
#4355=VECTOR('',#14782,0.5);
#4356=VECTOR('',#14783,0.800000000000005);
#4357=VECTOR('',#14784,0.5);
#4358=VECTOR('',#14787,0.799442499756519);
#4359=VECTOR('',#14790,9.18111924054165);
#4360=VECTOR('',#14791,0.800000000000001);
#4361=VECTOR('',#14792,9.0811192405417);
#4362=VECTOR('',#14795,0.133386968721936);
#4363=VECTOR('',#14798,0.8);
#4364=VECTOR('',#14799,9.18529191007636);
#4365=VECTOR('',#14800,0.0145026092988454);
#4366=VECTOR('',#14801,0.321058904340416);
#4367=VECTOR('',#14802,0.248653771950058);
#4368=VECTOR('',#14803,0.248653771950058);
#4369=VECTOR('',#14804,0.324752108089434);
#4370=VECTOR('',#14805,0.0116176526665826);
#4371=VECTOR('',#14808,0.800000000000001);
#4372=VECTOR('',#14809,0.321058904340416);
#4373=VECTOR('',#14810,0.800000000000001);
#4374=VECTOR('',#14813,0.800000000000001);
#4375=VECTOR('',#14814,0.0145026092988455);
#4376=VECTOR('',#14817,0.248653771950058);
#4377=VECTOR('',#14820,0.248653771950058);
#4378=VECTOR('',#14821,0.800000000000001);
#4379=VECTOR('',#14824,0.324752108089434);
#4380=VECTOR('',#14825,0.800000000000001);
#4381=VECTOR('',#14828,0.0116176526665825);
#4382=VECTOR('',#14831,0.603386968721904);
#4383=VECTOR('',#14832,0.800000000000001);
#4384=VECTOR('',#14833,0.603386968721904);
#4385=VECTOR('',#14834,0.3);
#4386=VECTOR('',#14835,3.);
#4387=VECTOR('',#14836,1.4);
#4388=VECTOR('',#14837,3.);
#4389=VECTOR('',#14838,0.3);
#4390=VECTOR('',#14841,0.8);
#4391=VECTOR('',#14842,9.08529191007639);
#4392=VECTOR('',#14847,0.8);
#4393=VECTOR('',#14850,0.799442499756519);
#4394=VECTOR('',#14851,0.133386968721936);
#4395=VECTOR('',#14856,0.8);
#4396=VECTOR('',#14857,0.8);
#4397=VECTOR('',#14858,0.603386968721935);
#4398=VECTOR('',#14861,0.800000000000165);
#4399=VECTOR('',#14862,0.603386968721935);
#4400=VECTOR('',#14863,0.8);
#4401=VECTOR('',#14866,0.800000000000001);
#4402=VECTOR('',#14867,0.3);
#4403=VECTOR('',#14868,3.);
#4404=VECTOR('',#14869,0.3);
#4405=VECTOR('',#14870,0.3);
#4406=VECTOR('',#14871,3.);
#4407=VECTOR('',#14872,0.3);
#4408=VECTOR('',#14875,0.8);
#4409=VECTOR('',#14878,0.8);
#4410=VECTOR('',#14879,0.8);
#4411=VECTOR('',#14882,0.8);
#4412=VECTOR('',#14885,0.8);
#4413=VECTOR('',#14896,29.0126283374436);
#4414=VECTOR('',#14897,0.2);
#4415=VECTOR('',#14898,29.0126283374436);
#4416=VECTOR('',#14899,0.2);
#4417=VECTOR('',#14902,20.6714973553008);
#4418=VECTOR('',#14903,20.6714973553008);
#4419=VECTOR('',#14904,0.2);
#4420=VECTOR('',#14907,29.0126283374436);
#4421=VECTOR('',#14908,29.0126283374436);
#4422=VECTOR('',#14909,0.2);
#4423=VECTOR('',#14912,20.6714973553008);
#4424=VECTOR('',#14913,20.6714973553008);
#4425=VECTOR('',#14922,18.0443713873174);
#4426=VECTOR('',#14923,0.2);
#4427=VECTOR('',#14924,18.0443713873174);
#4428=VECTOR('',#14925,0.2);
#4429=VECTOR('',#14928,5.70634038748257);
#4430=VECTOR('',#14929,0.2);
#4431=VECTOR('',#14930,5.70634038748257);
#4432=VECTOR('',#14933,18.0443713873174);
#4433=VECTOR('',#14934,0.2);
#4434=VECTOR('',#14935,18.0443713873174);
#4435=VECTOR('',#14938,5.70634038748257);
#4436=VECTOR('',#14939,5.70634038748257);
#4437=VECTOR('',#14976,29.0126283374436);
#4438=VECTOR('',#14977,0.2);
#4439=VECTOR('',#14978,29.0126283374436);
#4440=VECTOR('',#14979,0.2);
#4441=VECTOR('',#14982,6.94014371450583);
#4442=VECTOR('',#14983,0.2);
#4443=VECTOR('',#14984,6.94014371450583);
#4444=VECTOR('',#14987,29.0126283374436);
#4445=VECTOR('',#14988,0.2);
#4446=VECTOR('',#14989,29.0126283374436);
#4447=VECTOR('',#14992,6.94014371450583);
#4448=VECTOR('',#14993,6.94014371450583);
#4449=VECTOR('',#15030,29.0126283374436);
#4450=VECTOR('',#15031,0.2);
#4451=VECTOR('',#15032,29.0126283374436);
#4452=VECTOR('',#15033,0.2);
#4453=VECTOR('',#15036,20.6714973553008);
#4454=VECTOR('',#15037,0.2);
#4455=VECTOR('',#15038,20.6714973553008);
#4456=VECTOR('',#15041,29.0126283374436);
#4457=VECTOR('',#15042,0.2);
#4458=VECTOR('',#15043,29.0126283374436);
#4459=VECTOR('',#15046,20.6714973553008);
#4460=VECTOR('',#15047,20.6714973553008);
#4461=VECTOR('',#15052,3.09917792986977);
#4462=VECTOR('',#15055,3.07293133081201);
#4463=VECTOR('',#15060,0.838992784663369);
#4464=VECTOR('',#15063,0.865239383721135);
#4465=VECTOR('',#15068,0.747506801884419);
#4466=VECTOR('',#15069,0.8);
#4467=VECTOR('',#15074,1.4543104318675);
#4468=VECTOR('',#15077,1.4543104318675);
#4469=VECTOR('',#15090,1.4543104318675);
#4470=VECTOR('',#15091,1.4543104318675);
#4471=VECTOR('',#15098,0.865239383721135);
#4472=VECTOR('',#15101,0.838992784663365);
#4473=VECTOR('',#15106,0.8);
#4474=VECTOR('',#15107,0.747506801884398);
#4475=VECTOR('',#15112,3.07293133081204);
#4476=VECTOR('',#15115,3.09917792986977);
#4477=VECTOR('',#15124,1.06639107430888);
#4478=VECTOR('',#15127,1.06639107430888);
#4479=VECTOR('',#15140,1.06639107430888);
#4480=VECTOR('',#15141,1.06639107430888);
#4481=VECTOR('',#15152,4.6);
#4482=VECTOR('',#15155,11.65);
#4483=VECTOR('',#15158,42.);
#4484=VECTOR('',#15161,11.65);
#4485=VECTOR('',#15162,1.4543104318675);
#4486=VECTOR('',#15165,1.4543104318675);
#4487=VECTOR('',#15166,11.65);
#4488=VECTOR('',#15169,42.);
#4489=VECTOR('',#15172,11.65);
#4490=VECTOR('',#15175,11.65);
#4491=VECTOR('',#15180,11.65);
#4492=VECTOR('',#15181,0.865239383721135);
#4493=VECTOR('',#15184,11.65);
#4494=VECTOR('',#15185,0.8);
#4495=VECTOR('',#15188,11.65);
#4496=VECTOR('',#15189,3.09917792986977);
#4497=VECTOR('',#15192,11.65);
#4498=VECTOR('',#15197,3.09917792986977);
#4499=VECTOR('',#15200,3.07293133081204);
#4500=VECTOR('',#15205,0.838992784663366);
#4501=VECTOR('',#15208,0.865239383721135);
#4502=VECTOR('',#15213,0.747506801884398);
#4503=VECTOR('',#15214,0.8);
#4504=VECTOR('',#15219,1.4543104318675);
#4505=VECTOR('',#15232,1.4543104318675);
#4506=VECTOR('',#15239,0.865239383721135);
#4507=VECTOR('',#15242,0.838992784663369);
#4508=VECTOR('',#15247,0.8);
#4509=VECTOR('',#15248,0.747506801884419);
#4510=VECTOR('',#15253,3.07293133081201);
#4511=VECTOR('',#15256,3.09917792986977);
#4512=VECTOR('',#15265,1.06639107430888);
#4513=VECTOR('',#15268,1.06639107430888);
#4514=VECTOR('',#15281,1.06639107430888);
#4515=VECTOR('',#15282,1.06639107430888);
#4516=VECTOR('',#15293,4.6);
#4517=VECTOR('',#15296,11.65);
#4518=VECTOR('',#15301,11.65);
#4519=VECTOR('',#15302,0.865239383721135);
#4520=VECTOR('',#15305,11.65);
#4521=VECTOR('',#15306,0.8);
#4522=VECTOR('',#15309,11.65);
#4523=VECTOR('',#15310,3.09917792986977);
#4524=VECTOR('',#15313,11.65);
#4525=VECTOR('',#15318,42.);
#4526=VECTOR('',#15319,0.8);
#4527=VECTOR('',#15320,42.);
#4528=VECTOR('',#15321,0.8);
#4529=VECTOR('',#15324,4.6);
#4530=VECTOR('',#15329,11.65);
#4531=VECTOR('',#15332,42.);
#4532=VECTOR('',#15335,11.65);
#4533=VECTOR('',#15338,42.);
#4534=VECTOR('',#15343,11.65);
#4535=VECTOR('',#15348,11.65);
#4536=VECTOR('',#15349,3.09917792986977);
#4537=VECTOR('',#15352,11.65);
#4538=VECTOR('',#15353,0.8);
#4539=VECTOR('',#15356,11.65);
#4540=VECTOR('',#15357,0.865239383721134);
#4541=VECTOR('',#15364,4.6);
#4542=VECTOR('',#15369,11.65);
#4543=VECTOR('',#15374,11.65);
#4544=VECTOR('',#15375,3.09917792986977);
#4545=VECTOR('',#15378,11.65);
#4546=VECTOR('',#15379,0.8);
#4547=VECTOR('',#15382,11.65);
#4548=VECTOR('',#15383,0.865239383721135);
#4549=VECTOR('',#15390,42.);
#4550=VECTOR('',#15391,0.8);
#4551=VECTOR('',#15392,42.);
#4552=VECTOR('',#15393,0.8);
#4553=VECTOR('',#15402,42.);
#4554=VECTOR('',#15413,42.);
#4555=VECTOR('',#15418,3.09917792986977);
#4556=VECTOR('',#15419,3.09917792986977);
#4557=VECTOR('',#15426,3.09917792986977);
#4558=VECTOR('',#15439,42.);
#4559=VECTOR('',#15454,42.);
#4560=VECTOR('',#15461,0.865239383721135);
#4561=VECTOR('',#15462,0.865239383721135);
#4562=VECTOR('',#15469,0.865239383721135);
#4563=VECTOR('',#15474,3.09917792986977);
#4564=VECTOR('',#15493,0.865239383721135);
#4565=VECTOR('',#15504,0.002);
#4566=VECTOR('',#15505,0.002);
#4567=VECTOR('',#15506,0.002);
#4568=VECTOR('',#15507,0.002);
#4569=VECTOR('',#15508,0.002);
#4570=VECTOR('',#15509,0.002);
#4571=VECTOR('',#15510,0.002);
#4572=VECTOR('',#15515,0.002);
#4573=VECTOR('',#15516,0.002);
#4574=VECTOR('',#15517,0.002);
#4575=VECTOR('',#15518,0.002);
#4576=VECTOR('',#15521,0.591500000000004);
#4577=VECTOR('',#15522,0.002);
#4578=VECTOR('',#15523,0.591500000000004);
#4579=VECTOR('',#15524,0.002);
#4580=VECTOR('',#15525,0.002);
#4581=VECTOR('',#15526,0.002);
#4582=VECTOR('',#15527,0.002);
#4583=VECTOR('',#15530,0.691250000000001);
#4584=VECTOR('',#15531,0.691250000000001);
#4585=VECTOR('',#15532,0.002);
#4586=VECTOR('',#15533,0.002);
#4587=VECTOR('',#15534,0.002);
#4588=VECTOR('',#15535,0.002);
#4589=VECTOR('',#15536,0.002);
#4590=VECTOR('',#15537,0.002);
#4591=VECTOR('',#15542,0.002);
#4592=VECTOR('',#15543,0.002);
#4593=VECTOR('',#15544,0.002);
#4594=VECTOR('',#15545,0.002);
#4595=VECTOR('',#15546,0.002);
#4596=VECTOR('',#15547,0.002);
#4597=VECTOR('',#15548,0.002);
#4598=VECTOR('',#15549,0.002);
#4599=VECTOR('',#15550,0.002);
#4600=VECTOR('',#15551,0.002);
#4601=VECTOR('',#15552,0.002);
#4602=VECTOR('',#15553,0.002);
#4603=VECTOR('',#15554,0.002);
#4604=VECTOR('',#15555,0.002);
#4605=VECTOR('',#15556,0.002);
#4606=VECTOR('',#15557,0.002);
#4607=VECTOR('',#15562,0.002);
#4608=VECTOR('',#15563,0.002);
#4609=VECTOR('',#15564,0.002);
#4610=VECTOR('',#15569,0.002);
#4611=VECTOR('',#15570,0.002);
#4612=VECTOR('',#15573,0.320116092222801);
#4613=VECTOR('',#15574,0.320116092222801);
#4614=VECTOR('',#15575,0.002);
#4615=VECTOR('',#15576,0.002);
#4616=VECTOR('',#15577,0.002);
#4617=VECTOR('',#15580,0.0805760510325484);
#4618=VECTOR('',#15581,0.0805760510325484);
#4619=VECTOR('',#15582,0.002);
#4620=VECTOR('',#15587,0.002);
#4621=VECTOR('',#15588,0.002);
#4622=VECTOR('',#15589,0.002);
#4623=VECTOR('',#15590,0.002);
#4624=VECTOR('',#15591,0.002);
#4625=VECTOR('',#15592,0.002);
#4626=VECTOR('',#15593,0.002);
#4627=VECTOR('',#15596,0.489999999999994);
#4628=VECTOR('',#15597,0.489999999999994);
#4629=VECTOR('',#15598,0.002);
#4630=VECTOR('',#15599,0.002);
#4631=VECTOR('',#15600,0.002);
#4632=VECTOR('',#15601,0.002);
#4633=VECTOR('',#15604,0.603750000000005);
#4634=VECTOR('',#15605,0.603750000000005);
#4635=VECTOR('',#15606,0.002);
#4636=VECTOR('',#15607,0.002);
#4637=VECTOR('',#15608,0.002);
#4638=VECTOR('',#15609,0.002);
#4639=VECTOR('',#15612,0.103283363253722);
#4640=VECTOR('',#15613,0.103283363253722);
#4641=VECTOR('',#15618,0.002);
#4642=VECTOR('',#15619,0.002);
#4643=VECTOR('',#15622,0.516250000000003);
#4644=VECTOR('',#15623,0.516250000000003);
#4645=VECTOR('',#15624,0.002);
#4646=VECTOR('',#15625,0.002);
#4647=VECTOR('',#15626,0.002);
#4648=VECTOR('',#15627,0.002);
#4649=VECTOR('',#15628,0.002);
#4650=VECTOR('',#15629,0.002);
#4651=VECTOR('',#15630,0.002);
#4652=VECTOR('',#15631,0.002);
#4653=VECTOR('',#15632,0.002);
#4654=VECTOR('',#15633,0.002);
#4655=VECTOR('',#15634,0.002);
#4656=VECTOR('',#15635,0.002);
#4657=VECTOR('',#15638,0.393749999999998);
#4658=VECTOR('',#15639,0.393749999999998);
#4659=VECTOR('',#15640,0.002);
#4660=VECTOR('',#15641,0.002);
#4661=VECTOR('',#15642,0.002);
#4662=VECTOR('',#15643,0.002);
#4663=VECTOR('',#15646,0.454999999999983);
#4664=VECTOR('',#15647,0.454999999999983);
#4665=VECTOR('',#15648,0.002);
#4666=VECTOR('',#15649,0.002);
#4667=VECTOR('',#15650,0.002);
#4668=VECTOR('',#15651,0.002);
#4669=VECTOR('',#15652,0.002);
#4670=VECTOR('',#15655,0.454999999999983);
#4671=VECTOR('',#15656,0.454999999999983);
#4672=VECTOR('',#15657,0.002);
#4673=VECTOR('',#15658,0.002);
#4674=VERTEX_POINT('',#15685);
#4675=VERTEX_POINT('',#15686);
#4676=VERTEX_POINT('',#15688);
#4677=VERTEX_POINT('',#15690);
#4678=VERTEX_POINT('',#15694);
#4679=VERTEX_POINT('',#15695);
#4680=VERTEX_POINT('',#15697);
#4681=VERTEX_POINT('',#15699);
#4682=VERTEX_POINT('',#15703);
#4683=VERTEX_POINT('',#15704);
#4684=VERTEX_POINT('',#15706);
#4685=VERTEX_POINT('',#15708);
#4686=VERTEX_POINT('',#15715);
#4687=VERTEX_POINT('',#15717);
#4688=VERTEX_POINT('',#15719);
#4689=VERTEX_POINT('',#15721);
#4690=VERTEX_POINT('',#15723);
#4691=VERTEX_POINT('',#15725);
#4692=VERTEX_POINT('',#15727);
#4693=VERTEX_POINT('',#15729);
#4694=VERTEX_POINT('',#15731);
#4695=VERTEX_POINT('',#15733);
#4696=VERTEX_POINT('',#15737);
#4697=VERTEX_POINT('',#15739);
#4698=VERTEX_POINT('',#15743);
#4699=VERTEX_POINT('',#15745);
#4700=VERTEX_POINT('',#15749);
#4701=VERTEX_POINT('',#15751);
#4702=VERTEX_POINT('',#15757);
#4703=VERTEX_POINT('',#15759);
#4704=VERTEX_POINT('',#15765);
#4705=VERTEX_POINT('',#15767);
#4706=VERTEX_POINT('',#15770);
#4707=VERTEX_POINT('',#15772);
#4708=VERTEX_POINT('',#15778);
#4709=VERTEX_POINT('',#15780);
#4710=VERTEX_POINT('',#15783);
#4711=VERTEX_POINT('',#15785);
#4712=VERTEX_POINT('',#15801);
#4713=VERTEX_POINT('',#15802);
#4714=VERTEX_POINT('',#15804);
#4715=VERTEX_POINT('',#15806);
#4716=VERTEX_POINT('',#15810);
#4717=VERTEX_POINT('',#15811);
#4718=VERTEX_POINT('',#15813);
#4719=VERTEX_POINT('',#15815);
#4720=VERTEX_POINT('',#15819);
#4721=VERTEX_POINT('',#15820);
#4722=VERTEX_POINT('',#15822);
#4723=VERTEX_POINT('',#15824);
#4724=VERTEX_POINT('',#15831);
#4725=VERTEX_POINT('',#15833);
#4726=VERTEX_POINT('',#15835);
#4727=VERTEX_POINT('',#15837);
#4728=VERTEX_POINT('',#15839);
#4729=VERTEX_POINT('',#15841);
#4730=VERTEX_POINT('',#15843);
#4731=VERTEX_POINT('',#15845);
#4732=VERTEX_POINT('',#15847);
#4733=VERTEX_POINT('',#15849);
#4734=VERTEX_POINT('',#15853);
#4735=VERTEX_POINT('',#15855);
#4736=VERTEX_POINT('',#15859);
#4737=VERTEX_POINT('',#15861);
#4738=VERTEX_POINT('',#15865);
#4739=VERTEX_POINT('',#15867);
#4740=VERTEX_POINT('',#15873);
#4741=VERTEX_POINT('',#15875);
#4742=VERTEX_POINT('',#15881);
#4743=VERTEX_POINT('',#15883);
#4744=VERTEX_POINT('',#15886);
#4745=VERTEX_POINT('',#15888);
#4746=VERTEX_POINT('',#15894);
#4747=VERTEX_POINT('',#15896);
#4748=VERTEX_POINT('',#15899);
#4749=VERTEX_POINT('',#15901);
#4750=VERTEX_POINT('',#15917);
#4751=VERTEX_POINT('',#15918);
#4752=VERTEX_POINT('',#15920);
#4753=VERTEX_POINT('',#15922);
#4754=VERTEX_POINT('',#15926);
#4755=VERTEX_POINT('',#15927);
#4756=VERTEX_POINT('',#15929);
#4757=VERTEX_POINT('',#15931);
#4758=VERTEX_POINT('',#15933);
#4759=VERTEX_POINT('',#15935);
#4760=VERTEX_POINT('',#15937);
#4761=VERTEX_POINT('',#15941);
#4762=VERTEX_POINT('',#15943);
#4763=VERTEX_POINT('',#15945);
#4764=VERTEX_POINT('',#15947);
#4765=VERTEX_POINT('',#15950);
#4766=VERTEX_POINT('',#15952);
#4767=VERTEX_POINT('',#15956);
#4768=VERTEX_POINT('',#15958);
#4769=VERTEX_POINT('',#15962);
#4770=VERTEX_POINT('',#15968);
#4771=VERTEX_POINT('',#15972);
#4772=VERTEX_POINT('',#15978);
#4773=VERTEX_POINT('',#15979);
#4774=VERTEX_POINT('',#15981);
#4775=VERTEX_POINT('',#15983);
#4776=VERTEX_POINT('',#15985);
#4777=VERTEX_POINT('',#15987);
#4778=VERTEX_POINT('',#15989);
#4779=VERTEX_POINT('',#15991);
#4780=VERTEX_POINT('',#15995);
#4781=VERTEX_POINT('',#15999);
#4782=VERTEX_POINT('',#16003);
#4783=VERTEX_POINT('',#16004);
#4784=VERTEX_POINT('',#16009);
#4785=VERTEX_POINT('',#16011);
#4786=VERTEX_POINT('',#16015);
#4787=VERTEX_POINT('',#16017);
#4788=VERTEX_POINT('',#16022);
#4789=VERTEX_POINT('',#16024);
#4790=VERTEX_POINT('',#16027);
#4791=VERTEX_POINT('',#16029);
#4792=VERTEX_POINT('',#16045);
#4793=VERTEX_POINT('',#16046);
#4794=VERTEX_POINT('',#16048);
#4795=VERTEX_POINT('',#16050);
#4796=VERTEX_POINT('',#16054);
#4797=VERTEX_POINT('',#16055);
#4798=VERTEX_POINT('',#16057);
#4799=VERTEX_POINT('',#16059);
#4800=VERTEX_POINT('',#16063);
#4801=VERTEX_POINT('',#16064);
#4802=VERTEX_POINT('',#16066);
#4803=VERTEX_POINT('',#16068);
#4804=VERTEX_POINT('',#16072);
#4805=VERTEX_POINT('',#16074);
#4806=VERTEX_POINT('',#16078);
#4807=VERTEX_POINT('',#16079);
#4808=VERTEX_POINT('',#16081);
#4809=VERTEX_POINT('',#16083);
#4810=VERTEX_POINT('',#16086);
#4811=VERTEX_POINT('',#16088);
#4812=VERTEX_POINT('',#16095);
#4813=VERTEX_POINT('',#16097);
#4814=VERTEX_POINT('',#16103);
#4815=VERTEX_POINT('',#16105);
#4816=VERTEX_POINT('',#16113);
#4817=VERTEX_POINT('',#16115);
#4818=VERTEX_POINT('',#16117);
#4819=VERTEX_POINT('',#16121);
#4820=VERTEX_POINT('',#16125);
#4821=VERTEX_POINT('',#16127);
#4822=VERTEX_POINT('',#16129);
#4823=VERTEX_POINT('',#16131);
#4824=VERTEX_POINT('',#16133);
#4825=VERTEX_POINT('',#16135);
#4826=VERTEX_POINT('',#16137);
#4827=VERTEX_POINT('',#16142);
#4828=VERTEX_POINT('',#16144);
#4829=VERTEX_POINT('',#16148);
#4830=VERTEX_POINT('',#16152);
#4831=VERTEX_POINT('',#16156);
#4832=VERTEX_POINT('',#16158);
#4833=VERTEX_POINT('',#16162);
#4834=VERTEX_POINT('',#16173);
#4835=VERTEX_POINT('',#16174);
#4836=VERTEX_POINT('',#16176);
#4837=VERTEX_POINT('',#16178);
#4838=VERTEX_POINT('',#16182);
#4839=VERTEX_POINT('',#16183);
#4840=VERTEX_POINT('',#16185);
#4841=VERTEX_POINT('',#16187);
#4842=VERTEX_POINT('',#16189);
#4843=VERTEX_POINT('',#16191);
#4844=VERTEX_POINT('',#16193);
#4845=VERTEX_POINT('',#16197);
#4846=VERTEX_POINT('',#16199);
#4847=VERTEX_POINT('',#16201);
#4848=VERTEX_POINT('',#16203);
#4849=VERTEX_POINT('',#16206);
#4850=VERTEX_POINT('',#16208);
#4851=VERTEX_POINT('',#16212);
#4852=VERTEX_POINT('',#16214);
#4853=VERTEX_POINT('',#16218);
#4854=VERTEX_POINT('',#16224);
#4855=VERTEX_POINT('',#16228);
#4856=VERTEX_POINT('',#16234);
#4857=VERTEX_POINT('',#16235);
#4858=VERTEX_POINT('',#16237);
#4859=VERTEX_POINT('',#16239);
#4860=VERTEX_POINT('',#16241);
#4861=VERTEX_POINT('',#16243);
#4862=VERTEX_POINT('',#16245);
#4863=VERTEX_POINT('',#16247);
#4864=VERTEX_POINT('',#16251);
#4865=VERTEX_POINT('',#16255);
#4866=VERTEX_POINT('',#16259);
#4867=VERTEX_POINT('',#16260);
#4868=VERTEX_POINT('',#16265);
#4869=VERTEX_POINT('',#16267);
#4870=VERTEX_POINT('',#16271);
#4871=VERTEX_POINT('',#16273);
#4872=VERTEX_POINT('',#16278);
#4873=VERTEX_POINT('',#16280);
#4874=VERTEX_POINT('',#16283);
#4875=VERTEX_POINT('',#16285);
#4876=VERTEX_POINT('',#16301);
#4877=VERTEX_POINT('',#16302);
#4878=VERTEX_POINT('',#16304);
#4879=VERTEX_POINT('',#16306);
#4880=VERTEX_POINT('',#16310);
#4881=VERTEX_POINT('',#16311);
#4882=VERTEX_POINT('',#16313);
#4883=VERTEX_POINT('',#16315);
#4884=VERTEX_POINT('',#16319);
#4885=VERTEX_POINT('',#16320);
#4886=VERTEX_POINT('',#16322);
#4887=VERTEX_POINT('',#16324);
#4888=VERTEX_POINT('',#16328);
#4889=VERTEX_POINT('',#16330);
#4890=VERTEX_POINT('',#16334);
#4891=VERTEX_POINT('',#16335);
#4892=VERTEX_POINT('',#16337);
#4893=VERTEX_POINT('',#16339);
#4894=VERTEX_POINT('',#16342);
#4895=VERTEX_POINT('',#16344);
#4896=VERTEX_POINT('',#16351);
#4897=VERTEX_POINT('',#16353);
#4898=VERTEX_POINT('',#16359);
#4899=VERTEX_POINT('',#16361);
#4900=VERTEX_POINT('',#16369);
#4901=VERTEX_POINT('',#16371);
#4902=VERTEX_POINT('',#16373);
#4903=VERTEX_POINT('',#16377);
#4904=VERTEX_POINT('',#16381);
#4905=VERTEX_POINT('',#16383);
#4906=VERTEX_POINT('',#16385);
#4907=VERTEX_POINT('',#16387);
#4908=VERTEX_POINT('',#16389);
#4909=VERTEX_POINT('',#16391);
#4910=VERTEX_POINT('',#16393);
#4911=VERTEX_POINT('',#16398);
#4912=VERTEX_POINT('',#16400);
#4913=VERTEX_POINT('',#16404);
#4914=VERTEX_POINT('',#16408);
#4915=VERTEX_POINT('',#16412);
#4916=VERTEX_POINT('',#16414);
#4917=VERTEX_POINT('',#16418);
#4918=VERTEX_POINT('',#16429);
#4919=VERTEX_POINT('',#16430);
#4920=VERTEX_POINT('',#16432);
#4921=VERTEX_POINT('',#16434);
#4922=VERTEX_POINT('',#16438);
#4923=VERTEX_POINT('',#16439);
#4924=VERTEX_POINT('',#16441);
#4925=VERTEX_POINT('',#16443);
#4926=VERTEX_POINT('',#16445);
#4927=VERTEX_POINT('',#16447);
#4928=VERTEX_POINT('',#16449);
#4929=VERTEX_POINT('',#16453);
#4930=VERTEX_POINT('',#16455);
#4931=VERTEX_POINT('',#16457);
#4932=VERTEX_POINT('',#16459);
#4933=VERTEX_POINT('',#16462);
#4934=VERTEX_POINT('',#16464);
#4935=VERTEX_POINT('',#16468);
#4936=VERTEX_POINT('',#16470);
#4937=VERTEX_POINT('',#16474);
#4938=VERTEX_POINT('',#16480);
#4939=VERTEX_POINT('',#16484);
#4940=VERTEX_POINT('',#16490);
#4941=VERTEX_POINT('',#16491);
#4942=VERTEX_POINT('',#16493);
#4943=VERTEX_POINT('',#16495);
#4944=VERTEX_POINT('',#16497);
#4945=VERTEX_POINT('',#16499);
#4946=VERTEX_POINT('',#16501);
#4947=VERTEX_POINT('',#16503);
#4948=VERTEX_POINT('',#16507);
#4949=VERTEX_POINT('',#16511);
#4950=VERTEX_POINT('',#16515);
#4951=VERTEX_POINT('',#16516);
#4952=VERTEX_POINT('',#16521);
#4953=VERTEX_POINT('',#16523);
#4954=VERTEX_POINT('',#16527);
#4955=VERTEX_POINT('',#16529);
#4956=VERTEX_POINT('',#16534);
#4957=VERTEX_POINT('',#16536);
#4958=VERTEX_POINT('',#16539);
#4959=VERTEX_POINT('',#16541);
#4960=VERTEX_POINT('',#16557);
#4961=VERTEX_POINT('',#16558);
#4962=VERTEX_POINT('',#16560);
#4963=VERTEX_POINT('',#16562);
#4964=VERTEX_POINT('',#16566);
#4965=VERTEX_POINT('',#16567);
#4966=VERTEX_POINT('',#16569);
#4967=VERTEX_POINT('',#16571);
#4968=VERTEX_POINT('',#16575);
#4969=VERTEX_POINT('',#16576);
#4970=VERTEX_POINT('',#16578);
#4971=VERTEX_POINT('',#16580);
#4972=VERTEX_POINT('',#16584);
#4973=VERTEX_POINT('',#16586);
#4974=VERTEX_POINT('',#16590);
#4975=VERTEX_POINT('',#16591);
#4976=VERTEX_POINT('',#16593);
#4977=VERTEX_POINT('',#16595);
#4978=VERTEX_POINT('',#16598);
#4979=VERTEX_POINT('',#16600);
#4980=VERTEX_POINT('',#16607);
#4981=VERTEX_POINT('',#16609);
#4982=VERTEX_POINT('',#16615);
#4983=VERTEX_POINT('',#16617);
#4984=VERTEX_POINT('',#16625);
#4985=VERTEX_POINT('',#16627);
#4986=VERTEX_POINT('',#16629);
#4987=VERTEX_POINT('',#16633);
#4988=VERTEX_POINT('',#16637);
#4989=VERTEX_POINT('',#16639);
#4990=VERTEX_POINT('',#16641);
#4991=VERTEX_POINT('',#16643);
#4992=VERTEX_POINT('',#16645);
#4993=VERTEX_POINT('',#16647);
#4994=VERTEX_POINT('',#16649);
#4995=VERTEX_POINT('',#16654);
#4996=VERTEX_POINT('',#16656);
#4997=VERTEX_POINT('',#16660);
#4998=VERTEX_POINT('',#16664);
#4999=VERTEX_POINT('',#16668);
#5000=VERTEX_POINT('',#16670);
#5001=VERTEX_POINT('',#16674);
#5002=VERTEX_POINT('',#16685);
#5003=VERTEX_POINT('',#16686);
#5004=VERTEX_POINT('',#16688);
#5005=VERTEX_POINT('',#16690);
#5006=VERTEX_POINT('',#16694);
#5007=VERTEX_POINT('',#16695);
#5008=VERTEX_POINT('',#16697);
#5009=VERTEX_POINT('',#16699);
#5010=VERTEX_POINT('',#16701);
#5011=VERTEX_POINT('',#16703);
#5012=VERTEX_POINT('',#16705);
#5013=VERTEX_POINT('',#16709);
#5014=VERTEX_POINT('',#16711);
#5015=VERTEX_POINT('',#16713);
#5016=VERTEX_POINT('',#16715);
#5017=VERTEX_POINT('',#16718);
#5018=VERTEX_POINT('',#16720);
#5019=VERTEX_POINT('',#16724);
#5020=VERTEX_POINT('',#16726);
#5021=VERTEX_POINT('',#16730);
#5022=VERTEX_POINT('',#16736);
#5023=VERTEX_POINT('',#16740);
#5024=VERTEX_POINT('',#16746);
#5025=VERTEX_POINT('',#16747);
#5026=VERTEX_POINT('',#16749);
#5027=VERTEX_POINT('',#16751);
#5028=VERTEX_POINT('',#16753);
#5029=VERTEX_POINT('',#16755);
#5030=VERTEX_POINT('',#16757);
#5031=VERTEX_POINT('',#16759);
#5032=VERTEX_POINT('',#16763);
#5033=VERTEX_POINT('',#16767);
#5034=VERTEX_POINT('',#16771);
#5035=VERTEX_POINT('',#16772);
#5036=VERTEX_POINT('',#16777);
#5037=VERTEX_POINT('',#16779);
#5038=VERTEX_POINT('',#16783);
#5039=VERTEX_POINT('',#16785);
#5040=VERTEX_POINT('',#16790);
#5041=VERTEX_POINT('',#16792);
#5042=VERTEX_POINT('',#16795);
#5043=VERTEX_POINT('',#16797);
#5044=VERTEX_POINT('',#16813);
#5045=VERTEX_POINT('',#16814);
#5046=VERTEX_POINT('',#16816);
#5047=VERTEX_POINT('',#16818);
#5048=VERTEX_POINT('',#16822);
#5049=VERTEX_POINT('',#16823);
#5050=VERTEX_POINT('',#16825);
#5051=VERTEX_POINT('',#16827);
#5052=VERTEX_POINT('',#16831);
#5053=VERTEX_POINT('',#16832);
#5054=VERTEX_POINT('',#16834);
#5055=VERTEX_POINT('',#16836);
#5056=VERTEX_POINT('',#16840);
#5057=VERTEX_POINT('',#16842);
#5058=VERTEX_POINT('',#16846);
#5059=VERTEX_POINT('',#16847);
#5060=VERTEX_POINT('',#16849);
#5061=VERTEX_POINT('',#16851);
#5062=VERTEX_POINT('',#16854);
#5063=VERTEX_POINT('',#16856);
#5064=VERTEX_POINT('',#16863);
#5065=VERTEX_POINT('',#16865);
#5066=VERTEX_POINT('',#16871);
#5067=VERTEX_POINT('',#16873);
#5068=VERTEX_POINT('',#16881);
#5069=VERTEX_POINT('',#16883);
#5070=VERTEX_POINT('',#16885);
#5071=VERTEX_POINT('',#16889);
#5072=VERTEX_POINT('',#16893);
#5073=VERTEX_POINT('',#16895);
#5074=VERTEX_POINT('',#16897);
#5075=VERTEX_POINT('',#16899);
#5076=VERTEX_POINT('',#16901);
#5077=VERTEX_POINT('',#16903);
#5078=VERTEX_POINT('',#16905);
#5079=VERTEX_POINT('',#16910);
#5080=VERTEX_POINT('',#16912);
#5081=VERTEX_POINT('',#16916);
#5082=VERTEX_POINT('',#16920);
#5083=VERTEX_POINT('',#16924);
#5084=VERTEX_POINT('',#16926);
#5085=VERTEX_POINT('',#16930);
#5086=VERTEX_POINT('',#16941);
#5087=VERTEX_POINT('',#16942);
#5088=VERTEX_POINT('',#16944);
#5089=VERTEX_POINT('',#16946);
#5090=VERTEX_POINT('',#16950);
#5091=VERTEX_POINT('',#16951);
#5092=VERTEX_POINT('',#16953);
#5093=VERTEX_POINT('',#16955);
#5094=VERTEX_POINT('',#16957);
#5095=VERTEX_POINT('',#16959);
#5096=VERTEX_POINT('',#16961);
#5097=VERTEX_POINT('',#16965);
#5098=VERTEX_POINT('',#16967);
#5099=VERTEX_POINT('',#16969);
#5100=VERTEX_POINT('',#16971);
#5101=VERTEX_POINT('',#16974);
#5102=VERTEX_POINT('',#16976);
#5103=VERTEX_POINT('',#16980);
#5104=VERTEX_POINT('',#16982);
#5105=VERTEX_POINT('',#16986);
#5106=VERTEX_POINT('',#16992);
#5107=VERTEX_POINT('',#16996);
#5108=VERTEX_POINT('',#17002);
#5109=VERTEX_POINT('',#17003);
#5110=VERTEX_POINT('',#17005);
#5111=VERTEX_POINT('',#17007);
#5112=VERTEX_POINT('',#17009);
#5113=VERTEX_POINT('',#17011);
#5114=VERTEX_POINT('',#17013);
#5115=VERTEX_POINT('',#17015);
#5116=VERTEX_POINT('',#17019);
#5117=VERTEX_POINT('',#17023);
#5118=VERTEX_POINT('',#17027);
#5119=VERTEX_POINT('',#17028);
#5120=VERTEX_POINT('',#17033);
#5121=VERTEX_POINT('',#17035);
#5122=VERTEX_POINT('',#17039);
#5123=VERTEX_POINT('',#17041);
#5124=VERTEX_POINT('',#17046);
#5125=VERTEX_POINT('',#17048);
#5126=VERTEX_POINT('',#17051);
#5127=VERTEX_POINT('',#17053);
#5128=VERTEX_POINT('',#17069);
#5129=VERTEX_POINT('',#17070);
#5130=VERTEX_POINT('',#17072);
#5131=VERTEX_POINT('',#17074);
#5132=VERTEX_POINT('',#17078);
#5133=VERTEX_POINT('',#17079);
#5134=VERTEX_POINT('',#17081);
#5135=VERTEX_POINT('',#17083);
#5136=VERTEX_POINT('',#17087);
#5137=VERTEX_POINT('',#17088);
#5138=VERTEX_POINT('',#17090);
#5139=VERTEX_POINT('',#17092);
#5140=VERTEX_POINT('',#17096);
#5141=VERTEX_POINT('',#17098);
#5142=VERTEX_POINT('',#17102);
#5143=VERTEX_POINT('',#17103);
#5144=VERTEX_POINT('',#17105);
#5145=VERTEX_POINT('',#17107);
#5146=VERTEX_POINT('',#17110);
#5147=VERTEX_POINT('',#17112);
#5148=VERTEX_POINT('',#17119);
#5149=VERTEX_POINT('',#17121);
#5150=VERTEX_POINT('',#17127);
#5151=VERTEX_POINT('',#17129);
#5152=VERTEX_POINT('',#17137);
#5153=VERTEX_POINT('',#17139);
#5154=VERTEX_POINT('',#17141);
#5155=VERTEX_POINT('',#17145);
#5156=VERTEX_POINT('',#17149);
#5157=VERTEX_POINT('',#17151);
#5158=VERTEX_POINT('',#17153);
#5159=VERTEX_POINT('',#17155);
#5160=VERTEX_POINT('',#17157);
#5161=VERTEX_POINT('',#17159);
#5162=VERTEX_POINT('',#17161);
#5163=VERTEX_POINT('',#17166);
#5164=VERTEX_POINT('',#17168);
#5165=VERTEX_POINT('',#17172);
#5166=VERTEX_POINT('',#17176);
#5167=VERTEX_POINT('',#17180);
#5168=VERTEX_POINT('',#17182);
#5169=VERTEX_POINT('',#17186);
#5170=VERTEX_POINT('',#17197);
#5171=VERTEX_POINT('',#17198);
#5172=VERTEX_POINT('',#17200);
#5173=VERTEX_POINT('',#17202);
#5174=VERTEX_POINT('',#17206);
#5175=VERTEX_POINT('',#17207);
#5176=VERTEX_POINT('',#17209);
#5177=VERTEX_POINT('',#17211);
#5178=VERTEX_POINT('',#17213);
#5179=VERTEX_POINT('',#17215);
#5180=VERTEX_POINT('',#17217);
#5181=VERTEX_POINT('',#17221);
#5182=VERTEX_POINT('',#17223);
#5183=VERTEX_POINT('',#17225);
#5184=VERTEX_POINT('',#17227);
#5185=VERTEX_POINT('',#17230);
#5186=VERTEX_POINT('',#17232);
#5187=VERTEX_POINT('',#17236);
#5188=VERTEX_POINT('',#17238);
#5189=VERTEX_POINT('',#17242);
#5190=VERTEX_POINT('',#17248);
#5191=VERTEX_POINT('',#17252);
#5192=VERTEX_POINT('',#17258);
#5193=VERTEX_POINT('',#17259);
#5194=VERTEX_POINT('',#17261);
#5195=VERTEX_POINT('',#17263);
#5196=VERTEX_POINT('',#17265);
#5197=VERTEX_POINT('',#17267);
#5198=VERTEX_POINT('',#17269);
#5199=VERTEX_POINT('',#17271);
#5200=VERTEX_POINT('',#17275);
#5201=VERTEX_POINT('',#17279);
#5202=VERTEX_POINT('',#17283);
#5203=VERTEX_POINT('',#17284);
#5204=VERTEX_POINT('',#17289);
#5205=VERTEX_POINT('',#17291);
#5206=VERTEX_POINT('',#17295);
#5207=VERTEX_POINT('',#17297);
#5208=VERTEX_POINT('',#17302);
#5209=VERTEX_POINT('',#17304);
#5210=VERTEX_POINT('',#17307);
#5211=VERTEX_POINT('',#17309);
#5212=VERTEX_POINT('',#17325);
#5213=VERTEX_POINT('',#17326);
#5214=VERTEX_POINT('',#17328);
#5215=VERTEX_POINT('',#17330);
#5216=VERTEX_POINT('',#17334);
#5217=VERTEX_POINT('',#17335);
#5218=VERTEX_POINT('',#17337);
#5219=VERTEX_POINT('',#17339);
#5220=VERTEX_POINT('',#17343);
#5221=VERTEX_POINT('',#17344);
#5222=VERTEX_POINT('',#17346);
#5223=VERTEX_POINT('',#17348);
#5224=VERTEX_POINT('',#17355);
#5225=VERTEX_POINT('',#17357);
#5226=VERTEX_POINT('',#17359);
#5227=VERTEX_POINT('',#17361);
#5228=VERTEX_POINT('',#17363);
#5229=VERTEX_POINT('',#17365);
#5230=VERTEX_POINT('',#17367);
#5231=VERTEX_POINT('',#17369);
#5232=VERTEX_POINT('',#17371);
#5233=VERTEX_POINT('',#17373);
#5234=VERTEX_POINT('',#17377);
#5235=VERTEX_POINT('',#17379);
#5236=VERTEX_POINT('',#17383);
#5237=VERTEX_POINT('',#17385);
#5238=VERTEX_POINT('',#17389);
#5239=VERTEX_POINT('',#17391);
#5240=VERTEX_POINT('',#17397);
#5241=VERTEX_POINT('',#17399);
#5242=VERTEX_POINT('',#17405);
#5243=VERTEX_POINT('',#17407);
#5244=VERTEX_POINT('',#17410);
#5245=VERTEX_POINT('',#17412);
#5246=VERTEX_POINT('',#17418);
#5247=VERTEX_POINT('',#17420);
#5248=VERTEX_POINT('',#17423);
#5249=VERTEX_POINT('',#17425);
#5250=VERTEX_POINT('',#17441);
#5251=VERTEX_POINT('',#17442);
#5252=VERTEX_POINT('',#17444);
#5253=VERTEX_POINT('',#17446);
#5254=VERTEX_POINT('',#17450);
#5255=VERTEX_POINT('',#17451);
#5256=VERTEX_POINT('',#17453);
#5257=VERTEX_POINT('',#17455);
#5258=VERTEX_POINT('',#17457);
#5259=VERTEX_POINT('',#17459);
#5260=VERTEX_POINT('',#17461);
#5261=VERTEX_POINT('',#17465);
#5262=VERTEX_POINT('',#17467);
#5263=VERTEX_POINT('',#17469);
#5264=VERTEX_POINT('',#17471);
#5265=VERTEX_POINT('',#17474);
#5266=VERTEX_POINT('',#17476);
#5267=VERTEX_POINT('',#17480);
#5268=VERTEX_POINT('',#17482);
#5269=VERTEX_POINT('',#17486);
#5270=VERTEX_POINT('',#17492);
#5271=VERTEX_POINT('',#17496);
#5272=VERTEX_POINT('',#17502);
#5273=VERTEX_POINT('',#17503);
#5274=VERTEX_POINT('',#17505);
#5275=VERTEX_POINT('',#17507);
#5276=VERTEX_POINT('',#17509);
#5277=VERTEX_POINT('',#17511);
#5278=VERTEX_POINT('',#17513);
#5279=VERTEX_POINT('',#17515);
#5280=VERTEX_POINT('',#17519);
#5281=VERTEX_POINT('',#17523);
#5282=VERTEX_POINT('',#17527);
#5283=VERTEX_POINT('',#17528);
#5284=VERTEX_POINT('',#17533);
#5285=VERTEX_POINT('',#17535);
#5286=VERTEX_POINT('',#17539);
#5287=VERTEX_POINT('',#17541);
#5288=VERTEX_POINT('',#17546);
#5289=VERTEX_POINT('',#17548);
#5290=VERTEX_POINT('',#17551);
#5291=VERTEX_POINT('',#17553);
#5292=VERTEX_POINT('',#17569);
#5293=VERTEX_POINT('',#17570);
#5294=VERTEX_POINT('',#17572);
#5295=VERTEX_POINT('',#17574);
#5296=VERTEX_POINT('',#17578);
#5297=VERTEX_POINT('',#17579);
#5298=VERTEX_POINT('',#17581);
#5299=VERTEX_POINT('',#17583);
#5300=VERTEX_POINT('',#17587);
#5301=VERTEX_POINT('',#17588);
#5302=VERTEX_POINT('',#17590);
#5303=VERTEX_POINT('',#17592);
#5304=VERTEX_POINT('',#17599);
#5305=VERTEX_POINT('',#17601);
#5306=VERTEX_POINT('',#17603);
#5307=VERTEX_POINT('',#17605);
#5308=VERTEX_POINT('',#17607);
#5309=VERTEX_POINT('',#17609);
#5310=VERTEX_POINT('',#17611);
#5311=VERTEX_POINT('',#17613);
#5312=VERTEX_POINT('',#17615);
#5313=VERTEX_POINT('',#17617);
#5314=VERTEX_POINT('',#17621);
#5315=VERTEX_POINT('',#17623);
#5316=VERTEX_POINT('',#17627);
#5317=VERTEX_POINT('',#17629);
#5318=VERTEX_POINT('',#17633);
#5319=VERTEX_POINT('',#17635);
#5320=VERTEX_POINT('',#17641);
#5321=VERTEX_POINT('',#17643);
#5322=VERTEX_POINT('',#17649);
#5323=VERTEX_POINT('',#17651);
#5324=VERTEX_POINT('',#17654);
#5325=VERTEX_POINT('',#17656);
#5326=VERTEX_POINT('',#17662);
#5327=VERTEX_POINT('',#17664);
#5328=VERTEX_POINT('',#17667);
#5329=VERTEX_POINT('',#17669);
#5330=VERTEX_POINT('',#17685);
#5331=VERTEX_POINT('',#17686);
#5332=VERTEX_POINT('',#17688);
#5333=VERTEX_POINT('',#17690);
#5334=VERTEX_POINT('',#17694);
#5335=VERTEX_POINT('',#17695);
#5336=VERTEX_POINT('',#17697);
#5337=VERTEX_POINT('',#17699);
#5338=VERTEX_POINT('',#17701);
#5339=VERTEX_POINT('',#17703);
#5340=VERTEX_POINT('',#17705);
#5341=VERTEX_POINT('',#17709);
#5342=VERTEX_POINT('',#17711);
#5343=VERTEX_POINT('',#17713);
#5344=VERTEX_POINT('',#17715);
#5345=VERTEX_POINT('',#17718);
#5346=VERTEX_POINT('',#17720);
#5347=VERTEX_POINT('',#17724);
#5348=VERTEX_POINT('',#17726);
#5349=VERTEX_POINT('',#17730);
#5350=VERTEX_POINT('',#17736);
#5351=VERTEX_POINT('',#17740);
#5352=VERTEX_POINT('',#17746);
#5353=VERTEX_POINT('',#17747);
#5354=VERTEX_POINT('',#17749);
#5355=VERTEX_POINT('',#17751);
#5356=VERTEX_POINT('',#17753);
#5357=VERTEX_POINT('',#17755);
#5358=VERTEX_POINT('',#17757);
#5359=VERTEX_POINT('',#17759);
#5360=VERTEX_POINT('',#17763);
#5361=VERTEX_POINT('',#17767);
#5362=VERTEX_POINT('',#17771);
#5363=VERTEX_POINT('',#17772);
#5364=VERTEX_POINT('',#17777);
#5365=VERTEX_POINT('',#17779);
#5366=VERTEX_POINT('',#17783);
#5367=VERTEX_POINT('',#17785);
#5368=VERTEX_POINT('',#17790);
#5369=VERTEX_POINT('',#17792);
#5370=VERTEX_POINT('',#17795);
#5371=VERTEX_POINT('',#17797);
#5372=VERTEX_POINT('',#17813);
#5373=VERTEX_POINT('',#17814);
#5374=VERTEX_POINT('',#17816);
#5375=VERTEX_POINT('',#17818);
#5376=VERTEX_POINT('',#17822);
#5377=VERTEX_POINT('',#17823);
#5378=VERTEX_POINT('',#17825);
#5379=VERTEX_POINT('',#17827);
#5380=VERTEX_POINT('',#17831);
#5381=VERTEX_POINT('',#17832);
#5382=VERTEX_POINT('',#17834);
#5383=VERTEX_POINT('',#17836);
#5384=VERTEX_POINT('',#17843);
#5385=VERTEX_POINT('',#17845);
#5386=VERTEX_POINT('',#17847);
#5387=VERTEX_POINT('',#17849);
#5388=VERTEX_POINT('',#17851);
#5389=VERTEX_POINT('',#17853);
#5390=VERTEX_POINT('',#17855);
#5391=VERTEX_POINT('',#17857);
#5392=VERTEX_POINT('',#17859);
#5393=VERTEX_POINT('',#17861);
#5394=VERTEX_POINT('',#17865);
#5395=VERTEX_POINT('',#17867);
#5396=VERTEX_POINT('',#17871);
#5397=VERTEX_POINT('',#17873);
#5398=VERTEX_POINT('',#17877);
#5399=VERTEX_POINT('',#17879);
#5400=VERTEX_POINT('',#17885);
#5401=VERTEX_POINT('',#17887);
#5402=VERTEX_POINT('',#17893);
#5403=VERTEX_POINT('',#17895);
#5404=VERTEX_POINT('',#17898);
#5405=VERTEX_POINT('',#17900);
#5406=VERTEX_POINT('',#17906);
#5407=VERTEX_POINT('',#17908);
#5408=VERTEX_POINT('',#17911);
#5409=VERTEX_POINT('',#17913);
#5410=VERTEX_POINT('',#17929);
#5411=VERTEX_POINT('',#17930);
#5412=VERTEX_POINT('',#17932);
#5413=VERTEX_POINT('',#17934);
#5414=VERTEX_POINT('',#17938);
#5415=VERTEX_POINT('',#17939);
#5416=VERTEX_POINT('',#17941);
#5417=VERTEX_POINT('',#17943);
#5418=VERTEX_POINT('',#17945);
#5419=VERTEX_POINT('',#17947);
#5420=VERTEX_POINT('',#17949);
#5421=VERTEX_POINT('',#17953);
#5422=VERTEX_POINT('',#17955);
#5423=VERTEX_POINT('',#17957);
#5424=VERTEX_POINT('',#17959);
#5425=VERTEX_POINT('',#17962);
#5426=VERTEX_POINT('',#17964);
#5427=VERTEX_POINT('',#17968);
#5428=VERTEX_POINT('',#17970);
#5429=VERTEX_POINT('',#17974);
#5430=VERTEX_POINT('',#17980);
#5431=VERTEX_POINT('',#17984);
#5432=VERTEX_POINT('',#17990);
#5433=VERTEX_POINT('',#17991);
#5434=VERTEX_POINT('',#17993);
#5435=VERTEX_POINT('',#17995);
#5436=VERTEX_POINT('',#17997);
#5437=VERTEX_POINT('',#17999);
#5438=VERTEX_POINT('',#18001);
#5439=VERTEX_POINT('',#18003);
#5440=VERTEX_POINT('',#18007);
#5441=VERTEX_POINT('',#18011);
#5442=VERTEX_POINT('',#18015);
#5443=VERTEX_POINT('',#18016);
#5444=VERTEX_POINT('',#18021);
#5445=VERTEX_POINT('',#18023);
#5446=VERTEX_POINT('',#18027);
#5447=VERTEX_POINT('',#18029);
#5448=VERTEX_POINT('',#18034);
#5449=VERTEX_POINT('',#18036);
#5450=VERTEX_POINT('',#18039);
#5451=VERTEX_POINT('',#18041);
#5452=VERTEX_POINT('',#18058);
#5453=VERTEX_POINT('',#18059);
#5454=VERTEX_POINT('',#18061);
#5455=VERTEX_POINT('',#18063);
#5456=VERTEX_POINT('',#18067);
#5457=VERTEX_POINT('',#18069);
#5458=VERTEX_POINT('',#18073);
#5459=VERTEX_POINT('',#18075);
#5460=VERTEX_POINT('',#18085);
#5461=VERTEX_POINT('',#18086);
#5462=VERTEX_POINT('',#18088);
#5463=VERTEX_POINT('',#18090);
#5464=VERTEX_POINT('',#18094);
#5465=VERTEX_POINT('',#18096);
#5466=VERTEX_POINT('',#18100);
#5467=VERTEX_POINT('',#18102);
#5468=VERTEX_POINT('',#18110);
#5469=VERTEX_POINT('',#18112);
#5470=VERTEX_POINT('',#18116);
#5471=VERTEX_POINT('',#18118);
#5472=VERTEX_POINT('',#18122);
#5473=VERTEX_POINT('',#18124);
#5474=VERTEX_POINT('',#18128);
#5475=VERTEX_POINT('',#18130);
#5476=VERTEX_POINT('',#18134);
#5477=VERTEX_POINT('',#18135);
#5478=VERTEX_POINT('',#18137);
#5479=VERTEX_POINT('',#18139);
#5480=VERTEX_POINT('',#18143);
#5481=VERTEX_POINT('',#18145);
#5482=VERTEX_POINT('',#18149);
#5483=VERTEX_POINT('',#18151);
#5484=VERTEX_POINT('',#18159);
#5485=VERTEX_POINT('',#18161);
#5486=VERTEX_POINT('',#18165);
#5487=VERTEX_POINT('',#18167);
#5488=VERTEX_POINT('',#18171);
#5489=VERTEX_POINT('',#18173);
#5490=VERTEX_POINT('',#18177);
#5491=VERTEX_POINT('',#18179);
#5492=VERTEX_POINT('',#18183);
#5493=VERTEX_POINT('',#18184);
#5494=VERTEX_POINT('',#18186);
#5495=VERTEX_POINT('',#18188);
#5496=VERTEX_POINT('',#18192);
#5497=VERTEX_POINT('',#18194);
#5498=VERTEX_POINT('',#18198);
#5499=VERTEX_POINT('',#18200);
#5500=VERTEX_POINT('',#18208);
#5501=VERTEX_POINT('',#18209);
#5502=VERTEX_POINT('',#18211);
#5503=VERTEX_POINT('',#18213);
#5504=VERTEX_POINT('',#18217);
#5505=VERTEX_POINT('',#18218);
#5506=VERTEX_POINT('',#18220);
#5507=VERTEX_POINT('',#18222);
#5508=VERTEX_POINT('',#18229);
#5509=VERTEX_POINT('',#18231);
#5510=VERTEX_POINT('',#18233);
#5511=VERTEX_POINT('',#18237);
#5512=VERTEX_POINT('',#18238);
#5513=VERTEX_POINT('',#18243);
#5514=VERTEX_POINT('',#18244);
#5515=VERTEX_POINT('',#18251);
#5516=VERTEX_POINT('',#18252);
#5517=VERTEX_POINT('',#18255);
#5518=VERTEX_POINT('',#18259);
#5519=VERTEX_POINT('',#18261);
#5520=VERTEX_POINT('',#18265);
#5521=VERTEX_POINT('',#18267);
#5522=VERTEX_POINT('',#18273);
#5523=VERTEX_POINT('',#18275);
#5524=VERTEX_POINT('',#18277);
#5525=VERTEX_POINT('',#18281);
#5526=VERTEX_POINT('',#18282);
#5527=VERTEX_POINT('',#18287);
#5528=VERTEX_POINT('',#18298);
#5529=VERTEX_POINT('',#18300);
#5530=VERTEX_POINT('',#18302);
#5531=VERTEX_POINT('',#18304);
#5532=VERTEX_POINT('',#18306);
#5533=VERTEX_POINT('',#18308);
#5534=VERTEX_POINT('',#18310);
#5535=VERTEX_POINT('',#18312);
#5536=VERTEX_POINT('',#18314);
#5537=VERTEX_POINT('',#18316);
#5538=VERTEX_POINT('',#18318);
#5539=VERTEX_POINT('',#18320);
#5540=VERTEX_POINT('',#18324);
#5541=VERTEX_POINT('',#18328);
#5542=VERTEX_POINT('',#18332);
#5543=VERTEX_POINT('',#18336);
#5544=VERTEX_POINT('',#18340);
#5545=VERTEX_POINT('',#18344);
#5546=VERTEX_POINT('',#18345);
#5547=VERTEX_POINT('',#18347);
#5548=VERTEX_POINT('',#18349);
#5549=VERTEX_POINT('',#18353);
#5550=VERTEX_POINT('',#18354);
#5551=VERTEX_POINT('',#18356);
#5552=VERTEX_POINT('',#18358);
#5553=VERTEX_POINT('',#18366);
#5554=VERTEX_POINT('',#18370);
#5555=VERTEX_POINT('',#18374);
#5556=VERTEX_POINT('',#18380);
#5557=VERTEX_POINT('',#18381);
#5558=VERTEX_POINT('',#18384);
#5559=VERTEX_POINT('',#18388);
#5560=VERTEX_POINT('',#18390);
#5561=VERTEX_POINT('',#18394);
#5562=VERTEX_POINT('',#18396);
#5563=VERTEX_POINT('',#18402);
#5564=VERTEX_POINT('',#18404);
#5565=VERTEX_POINT('',#18406);
#5566=VERTEX_POINT('',#18410);
#5567=VERTEX_POINT('',#18411);
#5568=VERTEX_POINT('',#18416);
#5569=VERTEX_POINT('',#18427);
#5570=VERTEX_POINT('',#18431);
#5571=VERTEX_POINT('',#18435);
#5572=VERTEX_POINT('',#18439);
#5573=VERTEX_POINT('',#18443);
#5574=VERTEX_POINT('',#18447);
#5575=VERTEX_POINT('',#18448);
#5576=VERTEX_POINT('',#18450);
#5577=VERTEX_POINT('',#18452);
#5578=VERTEX_POINT('',#18459);
#5579=VERTEX_POINT('',#18461);
#5580=VERTEX_POINT('',#18463);
#5581=VERTEX_POINT('',#18466);
#5582=VERTEX_POINT('',#18468);
#5583=VERTEX_POINT('',#18470);
#5584=VERTEX_POINT('',#18474);
#5585=VERTEX_POINT('',#18478);
#5586=VERTEX_POINT('',#18482);
#5587=VERTEX_POINT('',#18486);
#5588=VERTEX_POINT('',#18495);
#5589=VERTEX_POINT('',#18499);
#5590=VERTEX_POINT('',#18503);
#5591=VERTEX_POINT('',#18507);
#5592=VERTEX_POINT('',#18513);
#5593=VERTEX_POINT('',#18514);
#5594=VERTEX_POINT('',#18516);
#5595=VERTEX_POINT('',#18518);
#5596=VERTEX_POINT('',#18530);
#5597=VERTEX_POINT('',#18534);
#5598=VERTEX_POINT('',#18556);
#5599=VERTEX_POINT('',#18560);
#5600=VERTEX_POINT('',#18582);
#5601=VERTEX_POINT('',#18586);
#5602=VERTEX_POINT('',#18592);
#5603=VERTEX_POINT('',#18596);
#5604=VERTEX_POINT('',#18634);
#5605=VERTEX_POINT('',#18635);
#5606=VERTEX_POINT('',#18640);
#5607=VERTEX_POINT('',#18642);
#5608=VERTEX_POINT('',#18656);
#5609=VERTEX_POINT('',#18661);
#5610=VERTEX_POINT('',#18691);
#5611=VERTEX_POINT('',#18692);
#5612=VERTEX_POINT('',#18697);
#5613=VERTEX_POINT('',#18699);
#5614=VERTEX_POINT('',#18713);
#5615=VERTEX_POINT('',#18718);
#5616=VERTEX_POINT('',#18732);
#5617=VERTEX_POINT('',#18737);
#5618=VERTEX_POINT('',#18769);
#5619=VERTEX_POINT('',#18770);
#5620=VERTEX_POINT('',#18775);
#5621=VERTEX_POINT('',#18777);
#5622=VERTEX_POINT('',#18791);
#5623=VERTEX_POINT('',#18796);
#5624=VERTEX_POINT('',#18810);
#5625=VERTEX_POINT('',#18815);
#5626=VERTEX_POINT('',#18822);
#5627=VERTEX_POINT('',#18824);
#5628=VERTEX_POINT('',#18851);
#5629=VERTEX_POINT('',#18852);
#5630=VERTEX_POINT('',#18857);
#5631=VERTEX_POINT('',#18859);
#5632=VERTEX_POINT('',#18873);
#5633=VERTEX_POINT('',#18878);
#5634=VERTEX_POINT('',#18892);
#5635=VERTEX_POINT('',#18897);
#5636=VERTEX_POINT('',#18904);
#5637=VERTEX_POINT('',#18906);
#5638=VERTEX_POINT('',#18917);
#5639=VERTEX_POINT('',#18922);
#5640=VERTEX_POINT('',#18936);
#5641=VERTEX_POINT('',#18941);
#5642=VERTEX_POINT('',#18955);
#5643=VERTEX_POINT('',#18960);
#5644=VERTEX_POINT('',#18974);
#5645=VERTEX_POINT('',#18979);
#5646=VERTEX_POINT('',#18993);
#5647=VERTEX_POINT('',#18998);
#5648=VERTEX_POINT('',#19030);
#5649=VERTEX_POINT('',#19031);
#5650=VERTEX_POINT('',#19036);
#5651=VERTEX_POINT('',#19038);
#5652=VERTEX_POINT('',#19052);
#5653=VERTEX_POINT('',#19057);
#5654=VERTEX_POINT('',#19071);
#5655=VERTEX_POINT('',#19076);
#5656=VERTEX_POINT('',#19090);
#5657=VERTEX_POINT('',#19095);
#5658=VERTEX_POINT('',#19109);
#5659=VERTEX_POINT('',#19114);
#5660=VERTEX_POINT('',#19128);
#5661=VERTEX_POINT('',#19133);
#5662=VERTEX_POINT('',#19147);
#5663=VERTEX_POINT('',#19152);
#5664=VERTEX_POINT('',#19166);
#5665=VERTEX_POINT('',#19171);
#5666=VERTEX_POINT('',#19185);
#5667=VERTEX_POINT('',#19190);
#5668=VERTEX_POINT('',#19204);
#5669=VERTEX_POINT('',#19209);
#5670=VERTEX_POINT('',#19223);
#5671=VERTEX_POINT('',#19228);
#5672=VERTEX_POINT('',#19242);
#5673=VERTEX_POINT('',#19247);
#5674=VERTEX_POINT('',#19261);
#5675=VERTEX_POINT('',#19266);
#5676=VERTEX_POINT('',#19280);
#5677=VERTEX_POINT('',#19285);
#5678=VERTEX_POINT('',#19299);
#5679=VERTEX_POINT('',#19304);
#5680=VERTEX_POINT('',#19336);
#5681=VERTEX_POINT('',#19337);
#5682=VERTEX_POINT('',#19342);
#5683=VERTEX_POINT('',#19344);
#5684=VERTEX_POINT('',#19358);
#5685=VERTEX_POINT('',#19363);
#5686=VERTEX_POINT('',#19395);
#5687=VERTEX_POINT('',#19396);
#5688=VERTEX_POINT('',#19401);
#5689=VERTEX_POINT('',#19403);
#5690=VERTEX_POINT('',#19410);
#5691=VERTEX_POINT('',#19412);
#5692=VERTEX_POINT('',#19423);
#5693=VERTEX_POINT('',#19428);
#5694=VERTEX_POINT('',#19442);
#5695=VERTEX_POINT('',#19447);
#5696=VERTEX_POINT('',#19454);
#5697=VERTEX_POINT('',#19456);
#5698=VERTEX_POINT('',#19485);
#5699=VERTEX_POINT('',#19486);
#5700=VERTEX_POINT('',#19491);
#5701=VERTEX_POINT('',#19493);
#5702=VERTEX_POINT('',#19507);
#5703=VERTEX_POINT('',#19512);
#5704=VERTEX_POINT('',#19526);
#5705=VERTEX_POINT('',#19531);
#5706=VERTEX_POINT('',#19545);
#5707=VERTEX_POINT('',#19550);
#5708=VERTEX_POINT('',#19564);
#5709=VERTEX_POINT('',#19569);
#5710=VERTEX_POINT('',#19583);
#5711=VERTEX_POINT('',#19588);
#5712=VERTEX_POINT('',#19595);
#5713=VERTEX_POINT('',#19597);
#5714=VERTEX_POINT('',#19608);
#5715=VERTEX_POINT('',#19613);
#5716=VERTEX_POINT('',#19627);
#5717=VERTEX_POINT('',#19632);
#5718=VERTEX_POINT('',#19646);
#5719=VERTEX_POINT('',#19651);
#5720=VERTEX_POINT('',#19658);
#5721=VERTEX_POINT('',#19660);
#5722=VERTEX_POINT('',#19671);
#5723=VERTEX_POINT('',#19676);
#5724=VERTEX_POINT('',#19690);
#5725=VERTEX_POINT('',#19695);
#5726=VERTEX_POINT('',#19709);
#5727=VERTEX_POINT('',#19714);
#5728=VERTEX_POINT('',#19733);
#5729=VERTEX_POINT('',#19734);
#5730=VERTEX_POINT('',#19739);
#5731=VERTEX_POINT('',#19741);
#5732=VERTEX_POINT('',#19748);
#5733=VERTEX_POINT('',#19750);
#5734=VERTEX_POINT('',#19761);
#5735=VERTEX_POINT('',#19766);
#5736=VERTEX_POINT('',#19780);
#5737=VERTEX_POINT('',#19785);
#5738=VERTEX_POINT('',#19799);
#5739=VERTEX_POINT('',#19804);
#5740=VERTEX_POINT('',#19818);
#5741=VERTEX_POINT('',#19823);
#5742=VERTEX_POINT('',#19837);
#5743=VERTEX_POINT('',#19842);
#5744=VERTEX_POINT('',#19856);
#5745=VERTEX_POINT('',#19861);
#5746=VERTEX_POINT('',#19875);
#5747=VERTEX_POINT('',#19880);
#5748=VERTEX_POINT('',#19894);
#5749=VERTEX_POINT('',#19899);
#5750=VERTEX_POINT('',#19913);
#5751=VERTEX_POINT('',#19918);
#5752=VERTEX_POINT('',#19932);
#5753=VERTEX_POINT('',#19937);
#5754=VERTEX_POINT('',#19951);
#5755=VERTEX_POINT('',#19956);
#5756=VERTEX_POINT('',#19963);
#5757=VERTEX_POINT('',#19965);
#5758=VERTEX_POINT('',#19976);
#5759=VERTEX_POINT('',#19981);
#5760=VERTEX_POINT('',#19995);
#5761=VERTEX_POINT('',#20000);
#5762=VERTEX_POINT('',#20014);
#5763=VERTEX_POINT('',#20019);
#5764=VERTEX_POINT('',#20026);
#5765=VERTEX_POINT('',#20028);
#5766=VERTEX_POINT('',#20039);
#5767=VERTEX_POINT('',#20044);
#5768=VERTEX_POINT('',#20058);
#5769=VERTEX_POINT('',#20063);
#5770=VERTEX_POINT('',#20077);
#5771=VERTEX_POINT('',#20082);
#5772=VERTEX_POINT('',#20096);
#5773=VERTEX_POINT('',#20101);
#5774=VERTEX_POINT('',#20108);
#5775=VERTEX_POINT('',#20110);
#5776=VERTEX_POINT('',#20121);
#5777=VERTEX_POINT('',#20126);
#5778=VERTEX_POINT('',#20151);
#5779=VERTEX_POINT('',#20153);
#5780=EDGE_CURVE('',#4674,#4675,#2010,.T.);
#5781=EDGE_CURVE('',#4675,#4676,#2011,.T.);
#5782=EDGE_CURVE('',#4676,#4677,#2012,.T.);
#5783=EDGE_CURVE('',#4677,#4674,#2013,.T.);
#5784=EDGE_CURVE('',#4678,#4679,#381,.T.);
#5785=EDGE_CURVE('',#4680,#4678,#2014,.T.);
#5786=EDGE_CURVE('',#4681,#4680,#382,.T.);
#5787=EDGE_CURVE('',#4679,#4681,#2015,.T.);
#5788=EDGE_CURVE('',#4682,#4683,#2016,.T.);
#5789=EDGE_CURVE('',#4684,#4682,#383,.T.);
#5790=EDGE_CURVE('',#4685,#4684,#2017,.T.);
#5791=EDGE_CURVE('',#4683,#4685,#384,.T.);
#5792=EDGE_CURVE('',#4685,#4678,#2018,.T.);
#5793=EDGE_CURVE('',#4684,#4680,#2019,.T.);
#5794=EDGE_CURVE('',#4686,#4682,#2020,.T.);
#5795=EDGE_CURVE('',#4687,#4686,#2021,.T.);
#5796=EDGE_CURVE('',#4688,#4687,#2022,.T.);
#5797=EDGE_CURVE('',#4689,#4688,#2023,.T.);
#5798=EDGE_CURVE('',#4690,#4689,#2024,.T.);
#5799=EDGE_CURVE('',#4690,#4691,#2025,.T.);
#5800=EDGE_CURVE('',#4692,#4691,#2026,.T.);
#5801=EDGE_CURVE('',#4693,#4692,#2027,.T.);
#5802=EDGE_CURVE('',#4694,#4693,#2028,.T.);
#5803=EDGE_CURVE('',#4695,#4694,#2029,.T.);
#5804=EDGE_CURVE('',#4681,#4695,#2030,.T.);
#5805=EDGE_CURVE('',#4695,#4696,#2031,.T.);
#5806=EDGE_CURVE('',#4694,#4697,#2032,.T.);
#5807=EDGE_CURVE('',#4696,#4697,#2033,.T.);
#5808=EDGE_CURVE('',#4698,#4692,#2034,.T.);
#5809=EDGE_CURVE('',#4699,#4698,#2035,.T.);
#5810=EDGE_CURVE('',#4693,#4699,#2036,.T.);
#5811=EDGE_CURVE('',#4689,#4700,#2037,.T.);
#5812=EDGE_CURVE('',#4688,#4701,#2038,.T.);
#5813=EDGE_CURVE('',#4700,#4701,#2039,.T.);
#5814=EDGE_CURVE('',#4697,#4699,#2040,.T.);
#5815=EDGE_CURVE('',#4702,#4686,#2041,.T.);
#5816=EDGE_CURVE('',#4703,#4702,#2042,.T.);
#5817=EDGE_CURVE('',#4687,#4703,#2043,.T.);
#5818=EDGE_CURVE('',#4701,#4703,#2044,.T.);
#5819=EDGE_CURVE('',#4700,#4704,#2045,.T.);
#5820=EDGE_CURVE('',#4704,#4705,#385,.T.);
#5821=EDGE_CURVE('',#4705,#4676,#2046,.T.);
#5822=EDGE_CURVE('',#4675,#4706,#2047,.T.);
#5823=EDGE_CURVE('',#4706,#4707,#2048,.T.);
#5824=EDGE_CURVE('',#4707,#4690,#386,.T.);
#5825=EDGE_CURVE('',#4683,#4702,#2049,.T.);
#5826=EDGE_CURVE('',#4691,#4708,#387,.T.);
#5827=EDGE_CURVE('',#4708,#4709,#2050,.T.);
#5828=EDGE_CURVE('',#4709,#4674,#2051,.T.);
#5829=EDGE_CURVE('',#4677,#4710,#2052,.T.);
#5830=EDGE_CURVE('',#4710,#4711,#388,.T.);
#5831=EDGE_CURVE('',#4711,#4698,#2053,.T.);
#5832=EDGE_CURVE('',#4696,#4679,#2054,.T.);
#5833=EDGE_CURVE('',#4704,#4711,#2055,.T.);
#5834=EDGE_CURVE('',#4710,#4705,#2056,.T.);
#5835=EDGE_CURVE('',#4708,#4707,#2057,.T.);
#5836=EDGE_CURVE('',#4706,#4709,#2058,.T.);
#5837=EDGE_CURVE('',#4712,#4713,#2059,.T.);
#5838=EDGE_CURVE('',#4713,#4714,#2060,.T.);
#5839=EDGE_CURVE('',#4714,#4715,#2061,.T.);
#5840=EDGE_CURVE('',#4715,#4712,#2062,.T.);
#5841=EDGE_CURVE('',#4716,#4717,#389,.T.);
#5842=EDGE_CURVE('',#4718,#4716,#2063,.T.);
#5843=EDGE_CURVE('',#4719,#4718,#390,.T.);
#5844=EDGE_CURVE('',#4717,#4719,#2064,.T.);
#5845=EDGE_CURVE('',#4720,#4721,#2065,.T.);
#5846=EDGE_CURVE('',#4722,#4720,#391,.T.);
#5847=EDGE_CURVE('',#4723,#4722,#2066,.T.);
#5848=EDGE_CURVE('',#4721,#4723,#392,.T.);
#5849=EDGE_CURVE('',#4723,#4716,#2067,.T.);
#5850=EDGE_CURVE('',#4722,#4718,#2068,.T.);
#5851=EDGE_CURVE('',#4724,#4720,#2069,.T.);
#5852=EDGE_CURVE('',#4725,#4724,#2070,.T.);
#5853=EDGE_CURVE('',#4726,#4725,#2071,.T.);
#5854=EDGE_CURVE('',#4727,#4726,#2072,.T.);
#5855=EDGE_CURVE('',#4728,#4727,#2073,.T.);
#5856=EDGE_CURVE('',#4728,#4729,#2074,.T.);
#5857=EDGE_CURVE('',#4730,#4729,#2075,.T.);
#5858=EDGE_CURVE('',#4731,#4730,#2076,.T.);
#5859=EDGE_CURVE('',#4732,#4731,#2077,.T.);
#5860=EDGE_CURVE('',#4733,#4732,#2078,.T.);
#5861=EDGE_CURVE('',#4719,#4733,#2079,.T.);
#5862=EDGE_CURVE('',#4733,#4734,#2080,.T.);
#5863=EDGE_CURVE('',#4732,#4735,#2081,.T.);
#5864=EDGE_CURVE('',#4734,#4735,#2082,.T.);
#5865=EDGE_CURVE('',#4736,#4730,#2083,.T.);
#5866=EDGE_CURVE('',#4737,#4736,#2084,.T.);
#5867=EDGE_CURVE('',#4731,#4737,#2085,.T.);
#5868=EDGE_CURVE('',#4727,#4738,#2086,.T.);
#5869=EDGE_CURVE('',#4726,#4739,#2087,.T.);
#5870=EDGE_CURVE('',#4738,#4739,#2088,.T.);
#5871=EDGE_CURVE('',#4735,#4737,#2089,.T.);
#5872=EDGE_CURVE('',#4740,#4724,#2090,.T.);
#5873=EDGE_CURVE('',#4741,#4740,#2091,.T.);
#5874=EDGE_CURVE('',#4725,#4741,#2092,.T.);
#5875=EDGE_CURVE('',#4739,#4741,#2093,.T.);
#5876=EDGE_CURVE('',#4738,#4742,#2094,.T.);
#5877=EDGE_CURVE('',#4742,#4743,#393,.T.);
#5878=EDGE_CURVE('',#4743,#4715,#2095,.T.);
#5879=EDGE_CURVE('',#4714,#4744,#2096,.T.);
#5880=EDGE_CURVE('',#4744,#4745,#2097,.T.);
#5881=EDGE_CURVE('',#4745,#4728,#394,.T.);
#5882=EDGE_CURVE('',#4721,#4740,#2098,.T.);
#5883=EDGE_CURVE('',#4729,#4746,#395,.T.);
#5884=EDGE_CURVE('',#4746,#4747,#2099,.T.);
#5885=EDGE_CURVE('',#4747,#4713,#2100,.T.);
#5886=EDGE_CURVE('',#4712,#4748,#2101,.T.);
#5887=EDGE_CURVE('',#4748,#4749,#396,.T.);
#5888=EDGE_CURVE('',#4749,#4736,#2102,.T.);
#5889=EDGE_CURVE('',#4734,#4717,#2103,.T.);
#5890=EDGE_CURVE('',#4742,#4749,#2104,.T.);
#5891=EDGE_CURVE('',#4748,#4743,#2105,.T.);
#5892=EDGE_CURVE('',#4746,#4745,#2106,.T.);
#5893=EDGE_CURVE('',#4744,#4747,#2107,.T.);
#5894=EDGE_CURVE('',#4750,#4751,#2108,.T.);
#5895=EDGE_CURVE('',#4752,#4751,#2109,.T.);
#5896=EDGE_CURVE('',#4752,#4753,#2110,.T.);
#5897=EDGE_CURVE('',#4753,#4750,#2111,.T.);
#5898=EDGE_CURVE('',#4754,#4755,#2112,.T.);
#5899=EDGE_CURVE('',#4756,#4755,#397,.T.);
#5900=EDGE_CURVE('',#4756,#4757,#2113,.T.);
#5901=EDGE_CURVE('',#4757,#4758,#2114,.T.);
#5902=EDGE_CURVE('',#4758,#4759,#2115,.T.);
#5903=EDGE_CURVE('',#4760,#4759,#398,.T.);
#5904=EDGE_CURVE('',#4760,#4754,#2116,.T.);
#5905=EDGE_CURVE('',#4761,#4756,#2117,.T.);
#5906=EDGE_CURVE('',#4762,#4761,#2118,.T.);
#5907=EDGE_CURVE('',#4762,#4763,#2119,.T.);
#5908=EDGE_CURVE('',#4763,#4764,#2120,.T.);
#5909=EDGE_CURVE('',#4764,#4752,#2121,.T.);
#5910=EDGE_CURVE('',#4751,#4765,#2122,.T.);
#5911=EDGE_CURVE('',#4765,#4766,#2123,.T.);
#5912=EDGE_CURVE('',#4766,#4757,#2124,.T.);
#5913=EDGE_CURVE('',#4763,#4767,#2125,.T.);
#5914=EDGE_CURVE('',#4768,#4767,#2126,.T.);
#5915=EDGE_CURVE('',#4764,#4768,#2127,.T.);
#5916=EDGE_CURVE('',#4769,#4762,#2128,.T.);
#5917=EDGE_CURVE('',#4767,#4769,#2129,.T.);
#5918=EDGE_CURVE('',#4753,#4768,#2130,.T.);
#5919=EDGE_CURVE('',#4770,#4750,#2131,.T.);
#5920=EDGE_CURVE('',#4765,#4770,#2132,.T.);
#5921=EDGE_CURVE('',#4771,#4770,#2133,.T.);
#5922=EDGE_CURVE('',#4766,#4771,#2134,.T.);
#5923=EDGE_CURVE('',#4758,#4771,#2135,.T.);
#5924=EDGE_CURVE('',#4772,#4773,#2136,.T.);
#5925=EDGE_CURVE('',#4774,#4772,#2137,.T.);
#5926=EDGE_CURVE('',#4775,#4774,#2138,.T.);
#5927=EDGE_CURVE('',#4776,#4775,#2139,.T.);
#5928=EDGE_CURVE('',#4777,#4776,#2140,.T.);
#5929=EDGE_CURVE('',#4778,#4777,#2141,.T.);
#5930=EDGE_CURVE('',#4779,#4778,#2142,.T.);
#5931=EDGE_CURVE('',#4773,#4779,#2143,.T.);
#5932=EDGE_CURVE('',#4759,#4780,#2144,.T.);
#5933=EDGE_CURVE('',#4780,#4769,#2145,.T.);
#5934=EDGE_CURVE('',#4780,#4781,#399,.T.);
#5935=EDGE_CURVE('',#4781,#4760,#2146,.T.);
#5936=EDGE_CURVE('',#4782,#4783,#2147,.T.);
#5937=EDGE_CURVE('',#4783,#4781,#2148,.T.);
#5938=EDGE_CURVE('',#4782,#4761,#400,.T.);
#5939=EDGE_CURVE('',#4784,#4775,#2149,.T.);
#5940=EDGE_CURVE('',#4785,#4774,#2150,.T.);
#5941=EDGE_CURVE('',#4785,#4784,#2151,.T.);
#5942=EDGE_CURVE('',#4773,#4786,#2152,.T.);
#5943=EDGE_CURVE('',#4786,#4787,#2153,.T.);
#5944=EDGE_CURVE('',#4772,#4787,#2154,.T.);
#5945=EDGE_CURVE('',#4787,#4785,#2155,.T.);
#5946=EDGE_CURVE('',#4786,#4788,#2156,.T.);
#5947=EDGE_CURVE('',#4788,#4789,#2157,.T.);
#5948=EDGE_CURVE('',#4789,#4754,#2158,.T.);
#5949=EDGE_CURVE('',#4783,#4790,#2159,.T.);
#5950=EDGE_CURVE('',#4790,#4791,#2160,.T.);
#5951=EDGE_CURVE('',#4791,#4784,#2161,.T.);
#5952=EDGE_CURVE('',#4755,#4782,#2162,.T.);
#5953=EDGE_CURVE('',#4778,#4789,#2163,.T.);
#5954=EDGE_CURVE('',#4779,#4788,#2164,.T.);
#5955=EDGE_CURVE('',#4777,#4790,#2165,.T.);
#5956=EDGE_CURVE('',#4776,#4791,#2166,.T.);
#5957=EDGE_CURVE('',#4792,#4793,#2167,.T.);
#5958=EDGE_CURVE('',#4793,#4794,#2168,.T.);
#5959=EDGE_CURVE('',#4794,#4795,#2169,.T.);
#5960=EDGE_CURVE('',#4795,#4792,#2170,.T.);
#5961=EDGE_CURVE('',#4796,#4797,#2171,.T.);
#5962=EDGE_CURVE('',#4798,#4796,#2172,.T.);
#5963=EDGE_CURVE('',#4799,#4798,#2173,.T.);
#5964=EDGE_CURVE('',#4799,#4797,#2174,.T.);
#5965=EDGE_CURVE('',#4800,#4801,#2175,.T.);
#5966=EDGE_CURVE('',#4800,#4802,#2176,.T.);
#5967=EDGE_CURVE('',#4802,#4803,#2177,.T.);
#5968=EDGE_CURVE('',#4801,#4803,#2178,.T.);
#5969=EDGE_CURVE('',#4804,#4799,#2179,.T.);
#5970=EDGE_CURVE('',#4805,#4798,#2180,.T.);
#5971=EDGE_CURVE('',#4804,#4805,#2181,.T.);
#5972=EDGE_CURVE('',#4806,#4807,#2182,.T.);
#5973=EDGE_CURVE('',#4808,#4806,#2183,.T.);
#5974=EDGE_CURVE('',#4809,#4808,#2184,.T.);
#5975=EDGE_CURVE('',#4809,#4804,#2185,.T.);
#5976=EDGE_CURVE('',#4810,#4805,#2186,.T.);
#5977=EDGE_CURVE('',#4811,#4810,#2187,.T.);
#5978=EDGE_CURVE('',#4807,#4811,#2188,.T.);
#5979=EDGE_CURVE('',#4802,#4809,#2189,.T.);
#5980=EDGE_CURVE('',#4803,#4808,#2190,.T.);
#5981=EDGE_CURVE('',#4811,#4812,#401,.T.);
#5982=EDGE_CURVE('',#4812,#4813,#2191,.T.);
#5983=EDGE_CURVE('',#4813,#4807,#402,.T.);
#5984=EDGE_CURVE('',#4792,#4796,#2192,.T.);
#5985=EDGE_CURVE('',#4801,#4795,#2193,.T.);
#5986=EDGE_CURVE('',#4814,#4806,#2194,.T.);
#5987=EDGE_CURVE('',#4815,#4814,#2195,.T.);
#5988=EDGE_CURVE('',#4810,#4815,#2196,.T.);
#5989=EDGE_CURVE('',#4794,#4800,#2197,.T.);
#5990=EDGE_CURVE('',#4797,#4793,#2198,.T.);
#5991=EDGE_CURVE('',#4816,#4815,#403,.T.);
#5992=EDGE_CURVE('',#4816,#4817,#2199,.T.);
#5993=EDGE_CURVE('',#4817,#4818,#2200,.T.);
#5994=EDGE_CURVE('',#4818,#4812,#2201,.T.);
#5995=EDGE_CURVE('',#4814,#4819,#404,.T.);
#5996=EDGE_CURVE('',#4819,#4816,#2202,.T.);
#5997=EDGE_CURVE('',#4820,#4819,#2203,.T.);
#5998=EDGE_CURVE('',#4820,#4821,#2204,.T.);
#5999=EDGE_CURVE('',#4821,#4822,#2205,.T.);
#6000=EDGE_CURVE('',#4822,#4823,#2206,.T.);
#6001=EDGE_CURVE('',#4824,#4823,#2207,.T.);
#6002=EDGE_CURVE('',#4824,#4825,#2208,.T.);
#6003=EDGE_CURVE('',#4825,#4826,#2209,.T.);
#6004=EDGE_CURVE('',#4826,#4817,#2210,.T.);
#6005=EDGE_CURVE('',#4827,#4820,#2211,.T.);
#6006=EDGE_CURVE('',#4828,#4827,#2212,.T.);
#6007=EDGE_CURVE('',#4828,#4821,#2213,.T.);
#6008=EDGE_CURVE('',#4829,#4828,#2214,.T.);
#6009=EDGE_CURVE('',#4829,#4822,#2215,.T.);
#6010=EDGE_CURVE('',#4823,#4830,#2216,.T.);
#6011=EDGE_CURVE('',#4830,#4829,#2217,.T.);
#6012=EDGE_CURVE('',#4831,#4824,#2218,.T.);
#6013=EDGE_CURVE('',#4832,#4831,#2219,.T.);
#6014=EDGE_CURVE('',#4832,#4825,#2220,.T.);
#6015=EDGE_CURVE('',#4833,#4826,#2221,.T.);
#6016=EDGE_CURVE('',#4818,#4833,#2222,.T.);
#6017=EDGE_CURVE('',#4833,#4832,#2223,.T.);
#6018=EDGE_CURVE('',#4831,#4830,#2224,.T.);
#6019=EDGE_CURVE('',#4813,#4827,#2225,.T.);
#6020=EDGE_CURVE('',#4834,#4835,#2226,.T.);
#6021=EDGE_CURVE('',#4836,#4835,#2227,.T.);
#6022=EDGE_CURVE('',#4836,#4837,#2228,.T.);
#6023=EDGE_CURVE('',#4837,#4834,#2229,.T.);
#6024=EDGE_CURVE('',#4838,#4839,#2230,.T.);
#6025=EDGE_CURVE('',#4840,#4839,#405,.T.);
#6026=EDGE_CURVE('',#4840,#4841,#2231,.T.);
#6027=EDGE_CURVE('',#4841,#4842,#2232,.T.);
#6028=EDGE_CURVE('',#4842,#4843,#2233,.T.);
#6029=EDGE_CURVE('',#4844,#4843,#406,.T.);
#6030=EDGE_CURVE('',#4844,#4838,#2234,.T.);
#6031=EDGE_CURVE('',#4845,#4840,#2235,.T.);
#6032=EDGE_CURVE('',#4846,#4845,#2236,.T.);
#6033=EDGE_CURVE('',#4846,#4847,#2237,.T.);
#6034=EDGE_CURVE('',#4847,#4848,#2238,.T.);
#6035=EDGE_CURVE('',#4848,#4836,#2239,.T.);
#6036=EDGE_CURVE('',#4835,#4849,#2240,.T.);
#6037=EDGE_CURVE('',#4849,#4850,#2241,.T.);
#6038=EDGE_CURVE('',#4850,#4841,#2242,.T.);
#6039=EDGE_CURVE('',#4847,#4851,#2243,.T.);
#6040=EDGE_CURVE('',#4852,#4851,#2244,.T.);
#6041=EDGE_CURVE('',#4848,#4852,#2245,.T.);
#6042=EDGE_CURVE('',#4853,#4846,#2246,.T.);
#6043=EDGE_CURVE('',#4851,#4853,#2247,.T.);
#6044=EDGE_CURVE('',#4837,#4852,#2248,.T.);
#6045=EDGE_CURVE('',#4854,#4834,#2249,.T.);
#6046=EDGE_CURVE('',#4849,#4854,#2250,.T.);
#6047=EDGE_CURVE('',#4855,#4854,#2251,.T.);
#6048=EDGE_CURVE('',#4850,#4855,#2252,.T.);
#6049=EDGE_CURVE('',#4842,#4855,#2253,.T.);
#6050=EDGE_CURVE('',#4856,#4857,#2254,.T.);
#6051=EDGE_CURVE('',#4858,#4856,#2255,.T.);
#6052=EDGE_CURVE('',#4859,#4858,#2256,.T.);
#6053=EDGE_CURVE('',#4860,#4859,#2257,.T.);
#6054=EDGE_CURVE('',#4861,#4860,#2258,.T.);
#6055=EDGE_CURVE('',#4862,#4861,#2259,.T.);
#6056=EDGE_CURVE('',#4863,#4862,#2260,.T.);
#6057=EDGE_CURVE('',#4857,#4863,#2261,.T.);
#6058=EDGE_CURVE('',#4843,#4864,#2262,.T.);
#6059=EDGE_CURVE('',#4864,#4853,#2263,.T.);
#6060=EDGE_CURVE('',#4864,#4865,#407,.T.);
#6061=EDGE_CURVE('',#4865,#4844,#2264,.T.);
#6062=EDGE_CURVE('',#4866,#4867,#2265,.T.);
#6063=EDGE_CURVE('',#4867,#4865,#2266,.T.);
#6064=EDGE_CURVE('',#4866,#4845,#408,.T.);
#6065=EDGE_CURVE('',#4868,#4859,#2267,.T.);
#6066=EDGE_CURVE('',#4869,#4858,#2268,.T.);
#6067=EDGE_CURVE('',#4869,#4868,#2269,.T.);
#6068=EDGE_CURVE('',#4857,#4870,#2270,.T.);
#6069=EDGE_CURVE('',#4870,#4871,#2271,.T.);
#6070=EDGE_CURVE('',#4856,#4871,#2272,.T.);
#6071=EDGE_CURVE('',#4871,#4869,#2273,.T.);
#6072=EDGE_CURVE('',#4870,#4872,#2274,.T.);
#6073=EDGE_CURVE('',#4872,#4873,#2275,.T.);
#6074=EDGE_CURVE('',#4873,#4838,#2276,.T.);
#6075=EDGE_CURVE('',#4867,#4874,#2277,.T.);
#6076=EDGE_CURVE('',#4874,#4875,#2278,.T.);
#6077=EDGE_CURVE('',#4875,#4868,#2279,.T.);
#6078=EDGE_CURVE('',#4839,#4866,#2280,.T.);
#6079=EDGE_CURVE('',#4862,#4873,#2281,.T.);
#6080=EDGE_CURVE('',#4863,#4872,#2282,.T.);
#6081=EDGE_CURVE('',#4861,#4874,#2283,.T.);
#6082=EDGE_CURVE('',#4860,#4875,#2284,.T.);
#6083=EDGE_CURVE('',#4876,#4877,#2285,.T.);
#6084=EDGE_CURVE('',#4877,#4878,#2286,.T.);
#6085=EDGE_CURVE('',#4878,#4879,#2287,.T.);
#6086=EDGE_CURVE('',#4879,#4876,#2288,.T.);
#6087=EDGE_CURVE('',#4880,#4881,#2289,.T.);
#6088=EDGE_CURVE('',#4882,#4880,#2290,.T.);
#6089=EDGE_CURVE('',#4883,#4882,#2291,.T.);
#6090=EDGE_CURVE('',#4883,#4881,#2292,.T.);
#6091=EDGE_CURVE('',#4884,#4885,#2293,.T.);
#6092=EDGE_CURVE('',#4884,#4886,#2294,.T.);
#6093=EDGE_CURVE('',#4886,#4887,#2295,.T.);
#6094=EDGE_CURVE('',#4885,#4887,#2296,.T.);
#6095=EDGE_CURVE('',#4888,#4883,#2297,.T.);
#6096=EDGE_CURVE('',#4889,#4882,#2298,.T.);
#6097=EDGE_CURVE('',#4888,#4889,#2299,.T.);
#6098=EDGE_CURVE('',#4890,#4891,#2300,.T.);
#6099=EDGE_CURVE('',#4892,#4890,#2301,.T.);
#6100=EDGE_CURVE('',#4893,#4892,#2302,.T.);
#6101=EDGE_CURVE('',#4893,#4888,#2303,.T.);
#6102=EDGE_CURVE('',#4894,#4889,#2304,.T.);
#6103=EDGE_CURVE('',#4895,#4894,#2305,.T.);
#6104=EDGE_CURVE('',#4891,#4895,#2306,.T.);
#6105=EDGE_CURVE('',#4886,#4893,#2307,.T.);
#6106=EDGE_CURVE('',#4887,#4892,#2308,.T.);
#6107=EDGE_CURVE('',#4895,#4896,#409,.T.);
#6108=EDGE_CURVE('',#4896,#4897,#2309,.T.);
#6109=EDGE_CURVE('',#4897,#4891,#410,.T.);
#6110=EDGE_CURVE('',#4876,#4880,#2310,.T.);
#6111=EDGE_CURVE('',#4885,#4879,#2311,.T.);
#6112=EDGE_CURVE('',#4898,#4890,#2312,.T.);
#6113=EDGE_CURVE('',#4899,#4898,#2313,.T.);
#6114=EDGE_CURVE('',#4894,#4899,#2314,.T.);
#6115=EDGE_CURVE('',#4878,#4884,#2315,.T.);
#6116=EDGE_CURVE('',#4881,#4877,#2316,.T.);
#6117=EDGE_CURVE('',#4900,#4899,#411,.T.);
#6118=EDGE_CURVE('',#4900,#4901,#2317,.T.);
#6119=EDGE_CURVE('',#4901,#4902,#2318,.T.);
#6120=EDGE_CURVE('',#4902,#4896,#2319,.T.);
#6121=EDGE_CURVE('',#4898,#4903,#412,.T.);
#6122=EDGE_CURVE('',#4903,#4900,#2320,.T.);
#6123=EDGE_CURVE('',#4904,#4903,#2321,.T.);
#6124=EDGE_CURVE('',#4904,#4905,#2322,.T.);
#6125=EDGE_CURVE('',#4905,#4906,#2323,.T.);
#6126=EDGE_CURVE('',#4906,#4907,#2324,.T.);
#6127=EDGE_CURVE('',#4908,#4907,#2325,.T.);
#6128=EDGE_CURVE('',#4908,#4909,#2326,.T.);
#6129=EDGE_CURVE('',#4909,#4910,#2327,.T.);
#6130=EDGE_CURVE('',#4910,#4901,#2328,.T.);
#6131=EDGE_CURVE('',#4911,#4904,#2329,.T.);
#6132=EDGE_CURVE('',#4912,#4911,#2330,.T.);
#6133=EDGE_CURVE('',#4912,#4905,#2331,.T.);
#6134=EDGE_CURVE('',#4913,#4912,#2332,.T.);
#6135=EDGE_CURVE('',#4913,#4906,#2333,.T.);
#6136=EDGE_CURVE('',#4907,#4914,#2334,.T.);
#6137=EDGE_CURVE('',#4914,#4913,#2335,.T.);
#6138=EDGE_CURVE('',#4915,#4908,#2336,.T.);
#6139=EDGE_CURVE('',#4916,#4915,#2337,.T.);
#6140=EDGE_CURVE('',#4916,#4909,#2338,.T.);
#6141=EDGE_CURVE('',#4917,#4910,#2339,.T.);
#6142=EDGE_CURVE('',#4902,#4917,#2340,.T.);
#6143=EDGE_CURVE('',#4917,#4916,#2341,.T.);
#6144=EDGE_CURVE('',#4915,#4914,#2342,.T.);
#6145=EDGE_CURVE('',#4897,#4911,#2343,.T.);
#6146=EDGE_CURVE('',#4918,#4919,#2344,.T.);
#6147=EDGE_CURVE('',#4920,#4919,#2345,.T.);
#6148=EDGE_CURVE('',#4920,#4921,#2346,.T.);
#6149=EDGE_CURVE('',#4921,#4918,#2347,.T.);
#6150=EDGE_CURVE('',#4922,#4923,#2348,.T.);
#6151=EDGE_CURVE('',#4924,#4923,#413,.T.);
#6152=EDGE_CURVE('',#4924,#4925,#2349,.T.);
#6153=EDGE_CURVE('',#4925,#4926,#2350,.T.);
#6154=EDGE_CURVE('',#4926,#4927,#2351,.T.);
#6155=EDGE_CURVE('',#4928,#4927,#414,.T.);
#6156=EDGE_CURVE('',#4928,#4922,#2352,.T.);
#6157=EDGE_CURVE('',#4929,#4924,#2353,.T.);
#6158=EDGE_CURVE('',#4930,#4929,#2354,.T.);
#6159=EDGE_CURVE('',#4930,#4931,#2355,.T.);
#6160=EDGE_CURVE('',#4931,#4932,#2356,.T.);
#6161=EDGE_CURVE('',#4932,#4920,#2357,.T.);
#6162=EDGE_CURVE('',#4919,#4933,#2358,.T.);
#6163=EDGE_CURVE('',#4933,#4934,#2359,.T.);
#6164=EDGE_CURVE('',#4934,#4925,#2360,.T.);
#6165=EDGE_CURVE('',#4931,#4935,#2361,.T.);
#6166=EDGE_CURVE('',#4936,#4935,#2362,.T.);
#6167=EDGE_CURVE('',#4932,#4936,#2363,.T.);
#6168=EDGE_CURVE('',#4937,#4930,#2364,.T.);
#6169=EDGE_CURVE('',#4935,#4937,#2365,.T.);
#6170=EDGE_CURVE('',#4921,#4936,#2366,.T.);
#6171=EDGE_CURVE('',#4938,#4918,#2367,.T.);
#6172=EDGE_CURVE('',#4933,#4938,#2368,.T.);
#6173=EDGE_CURVE('',#4939,#4938,#2369,.T.);
#6174=EDGE_CURVE('',#4934,#4939,#2370,.T.);
#6175=EDGE_CURVE('',#4926,#4939,#2371,.T.);
#6176=EDGE_CURVE('',#4940,#4941,#2372,.T.);
#6177=EDGE_CURVE('',#4942,#4940,#2373,.T.);
#6178=EDGE_CURVE('',#4943,#4942,#2374,.T.);
#6179=EDGE_CURVE('',#4944,#4943,#2375,.T.);
#6180=EDGE_CURVE('',#4945,#4944,#2376,.T.);
#6181=EDGE_CURVE('',#4946,#4945,#2377,.T.);
#6182=EDGE_CURVE('',#4947,#4946,#2378,.T.);
#6183=EDGE_CURVE('',#4941,#4947,#2379,.T.);
#6184=EDGE_CURVE('',#4927,#4948,#2380,.T.);
#6185=EDGE_CURVE('',#4948,#4937,#2381,.T.);
#6186=EDGE_CURVE('',#4948,#4949,#415,.T.);
#6187=EDGE_CURVE('',#4949,#4928,#2382,.T.);
#6188=EDGE_CURVE('',#4950,#4951,#2383,.T.);
#6189=EDGE_CURVE('',#4951,#4949,#2384,.T.);
#6190=EDGE_CURVE('',#4950,#4929,#416,.T.);
#6191=EDGE_CURVE('',#4952,#4943,#2385,.T.);
#6192=EDGE_CURVE('',#4953,#4942,#2386,.T.);
#6193=EDGE_CURVE('',#4953,#4952,#2387,.T.);
#6194=EDGE_CURVE('',#4941,#4954,#2388,.T.);
#6195=EDGE_CURVE('',#4954,#4955,#2389,.T.);
#6196=EDGE_CURVE('',#4940,#4955,#2390,.T.);
#6197=EDGE_CURVE('',#4955,#4953,#2391,.T.);
#6198=EDGE_CURVE('',#4954,#4956,#2392,.T.);
#6199=EDGE_CURVE('',#4956,#4957,#2393,.T.);
#6200=EDGE_CURVE('',#4957,#4922,#2394,.T.);
#6201=EDGE_CURVE('',#4951,#4958,#2395,.T.);
#6202=EDGE_CURVE('',#4958,#4959,#2396,.T.);
#6203=EDGE_CURVE('',#4959,#4952,#2397,.T.);
#6204=EDGE_CURVE('',#4923,#4950,#2398,.T.);
#6205=EDGE_CURVE('',#4946,#4957,#2399,.T.);
#6206=EDGE_CURVE('',#4947,#4956,#2400,.T.);
#6207=EDGE_CURVE('',#4945,#4958,#2401,.T.);
#6208=EDGE_CURVE('',#4944,#4959,#2402,.T.);
#6209=EDGE_CURVE('',#4960,#4961,#2403,.T.);
#6210=EDGE_CURVE('',#4961,#4962,#2404,.T.);
#6211=EDGE_CURVE('',#4962,#4963,#2405,.T.);
#6212=EDGE_CURVE('',#4963,#4960,#2406,.T.);
#6213=EDGE_CURVE('',#4964,#4965,#2407,.T.);
#6214=EDGE_CURVE('',#4966,#4964,#2408,.T.);
#6215=EDGE_CURVE('',#4967,#4966,#2409,.T.);
#6216=EDGE_CURVE('',#4967,#4965,#2410,.T.);
#6217=EDGE_CURVE('',#4968,#4969,#2411,.T.);
#6218=EDGE_CURVE('',#4968,#4970,#2412,.T.);
#6219=EDGE_CURVE('',#4970,#4971,#2413,.T.);
#6220=EDGE_CURVE('',#4969,#4971,#2414,.T.);
#6221=EDGE_CURVE('',#4972,#4967,#2415,.T.);
#6222=EDGE_CURVE('',#4973,#4966,#2416,.T.);
#6223=EDGE_CURVE('',#4972,#4973,#2417,.T.);
#6224=EDGE_CURVE('',#4974,#4975,#2418,.T.);
#6225=EDGE_CURVE('',#4976,#4974,#2419,.T.);
#6226=EDGE_CURVE('',#4977,#4976,#2420,.T.);
#6227=EDGE_CURVE('',#4977,#4972,#2421,.T.);
#6228=EDGE_CURVE('',#4978,#4973,#2422,.T.);
#6229=EDGE_CURVE('',#4979,#4978,#2423,.T.);
#6230=EDGE_CURVE('',#4975,#4979,#2424,.T.);
#6231=EDGE_CURVE('',#4970,#4977,#2425,.T.);
#6232=EDGE_CURVE('',#4971,#4976,#2426,.T.);
#6233=EDGE_CURVE('',#4979,#4980,#417,.T.);
#6234=EDGE_CURVE('',#4980,#4981,#2427,.T.);
#6235=EDGE_CURVE('',#4981,#4975,#418,.T.);
#6236=EDGE_CURVE('',#4960,#4964,#2428,.T.);
#6237=EDGE_CURVE('',#4969,#4963,#2429,.T.);
#6238=EDGE_CURVE('',#4982,#4974,#2430,.T.);
#6239=EDGE_CURVE('',#4983,#4982,#2431,.T.);
#6240=EDGE_CURVE('',#4978,#4983,#2432,.T.);
#6241=EDGE_CURVE('',#4962,#4968,#2433,.T.);
#6242=EDGE_CURVE('',#4965,#4961,#2434,.T.);
#6243=EDGE_CURVE('',#4984,#4983,#419,.T.);
#6244=EDGE_CURVE('',#4984,#4985,#2435,.T.);
#6245=EDGE_CURVE('',#4985,#4986,#2436,.T.);
#6246=EDGE_CURVE('',#4986,#4980,#2437,.T.);
#6247=EDGE_CURVE('',#4982,#4987,#420,.T.);
#6248=EDGE_CURVE('',#4987,#4984,#2438,.T.);
#6249=EDGE_CURVE('',#4988,#4987,#2439,.T.);
#6250=EDGE_CURVE('',#4988,#4989,#2440,.T.);
#6251=EDGE_CURVE('',#4989,#4990,#2441,.T.);
#6252=EDGE_CURVE('',#4990,#4991,#2442,.T.);
#6253=EDGE_CURVE('',#4992,#4991,#2443,.T.);
#6254=EDGE_CURVE('',#4992,#4993,#2444,.T.);
#6255=EDGE_CURVE('',#4993,#4994,#2445,.T.);
#6256=EDGE_CURVE('',#4994,#4985,#2446,.T.);
#6257=EDGE_CURVE('',#4995,#4988,#2447,.T.);
#6258=EDGE_CURVE('',#4996,#4995,#2448,.T.);
#6259=EDGE_CURVE('',#4996,#4989,#2449,.T.);
#6260=EDGE_CURVE('',#4997,#4996,#2450,.T.);
#6261=EDGE_CURVE('',#4997,#4990,#2451,.T.);
#6262=EDGE_CURVE('',#4991,#4998,#2452,.T.);
#6263=EDGE_CURVE('',#4998,#4997,#2453,.T.);
#6264=EDGE_CURVE('',#4999,#4992,#2454,.T.);
#6265=EDGE_CURVE('',#5000,#4999,#2455,.T.);
#6266=EDGE_CURVE('',#5000,#4993,#2456,.T.);
#6267=EDGE_CURVE('',#5001,#4994,#2457,.T.);
#6268=EDGE_CURVE('',#4986,#5001,#2458,.T.);
#6269=EDGE_CURVE('',#5001,#5000,#2459,.T.);
#6270=EDGE_CURVE('',#4999,#4998,#2460,.T.);
#6271=EDGE_CURVE('',#4981,#4995,#2461,.T.);
#6272=EDGE_CURVE('',#5002,#5003,#2462,.T.);
#6273=EDGE_CURVE('',#5004,#5003,#2463,.T.);
#6274=EDGE_CURVE('',#5004,#5005,#2464,.T.);
#6275=EDGE_CURVE('',#5005,#5002,#2465,.T.);
#6276=EDGE_CURVE('',#5006,#5007,#2466,.T.);
#6277=EDGE_CURVE('',#5008,#5007,#421,.T.);
#6278=EDGE_CURVE('',#5008,#5009,#2467,.T.);
#6279=EDGE_CURVE('',#5009,#5010,#2468,.T.);
#6280=EDGE_CURVE('',#5010,#5011,#2469,.T.);
#6281=EDGE_CURVE('',#5012,#5011,#422,.T.);
#6282=EDGE_CURVE('',#5012,#5006,#2470,.T.);
#6283=EDGE_CURVE('',#5013,#5008,#2471,.T.);
#6284=EDGE_CURVE('',#5014,#5013,#2472,.T.);
#6285=EDGE_CURVE('',#5014,#5015,#2473,.T.);
#6286=EDGE_CURVE('',#5015,#5016,#2474,.T.);
#6287=EDGE_CURVE('',#5016,#5004,#2475,.T.);
#6288=EDGE_CURVE('',#5003,#5017,#2476,.T.);
#6289=EDGE_CURVE('',#5017,#5018,#2477,.T.);
#6290=EDGE_CURVE('',#5018,#5009,#2478,.T.);
#6291=EDGE_CURVE('',#5015,#5019,#2479,.T.);
#6292=EDGE_CURVE('',#5020,#5019,#2480,.T.);
#6293=EDGE_CURVE('',#5016,#5020,#2481,.T.);
#6294=EDGE_CURVE('',#5021,#5014,#2482,.T.);
#6295=EDGE_CURVE('',#5019,#5021,#2483,.T.);
#6296=EDGE_CURVE('',#5005,#5020,#2484,.T.);
#6297=EDGE_CURVE('',#5022,#5002,#2485,.T.);
#6298=EDGE_CURVE('',#5017,#5022,#2486,.T.);
#6299=EDGE_CURVE('',#5023,#5022,#2487,.T.);
#6300=EDGE_CURVE('',#5018,#5023,#2488,.T.);
#6301=EDGE_CURVE('',#5010,#5023,#2489,.T.);
#6302=EDGE_CURVE('',#5024,#5025,#2490,.T.);
#6303=EDGE_CURVE('',#5026,#5024,#2491,.T.);
#6304=EDGE_CURVE('',#5027,#5026,#2492,.T.);
#6305=EDGE_CURVE('',#5028,#5027,#2493,.T.);
#6306=EDGE_CURVE('',#5029,#5028,#2494,.T.);
#6307=EDGE_CURVE('',#5030,#5029,#2495,.T.);
#6308=EDGE_CURVE('',#5031,#5030,#2496,.T.);
#6309=EDGE_CURVE('',#5025,#5031,#2497,.T.);
#6310=EDGE_CURVE('',#5011,#5032,#2498,.T.);
#6311=EDGE_CURVE('',#5032,#5021,#2499,.T.);
#6312=EDGE_CURVE('',#5032,#5033,#423,.T.);
#6313=EDGE_CURVE('',#5033,#5012,#2500,.T.);
#6314=EDGE_CURVE('',#5034,#5035,#2501,.T.);
#6315=EDGE_CURVE('',#5035,#5033,#2502,.T.);
#6316=EDGE_CURVE('',#5034,#5013,#424,.T.);
#6317=EDGE_CURVE('',#5036,#5027,#2503,.T.);
#6318=EDGE_CURVE('',#5037,#5026,#2504,.T.);
#6319=EDGE_CURVE('',#5037,#5036,#2505,.T.);
#6320=EDGE_CURVE('',#5025,#5038,#2506,.T.);
#6321=EDGE_CURVE('',#5038,#5039,#2507,.T.);
#6322=EDGE_CURVE('',#5024,#5039,#2508,.T.);
#6323=EDGE_CURVE('',#5039,#5037,#2509,.T.);
#6324=EDGE_CURVE('',#5038,#5040,#2510,.T.);
#6325=EDGE_CURVE('',#5040,#5041,#2511,.T.);
#6326=EDGE_CURVE('',#5041,#5006,#2512,.T.);
#6327=EDGE_CURVE('',#5035,#5042,#2513,.T.);
#6328=EDGE_CURVE('',#5042,#5043,#2514,.T.);
#6329=EDGE_CURVE('',#5043,#5036,#2515,.T.);
#6330=EDGE_CURVE('',#5007,#5034,#2516,.T.);
#6331=EDGE_CURVE('',#5030,#5041,#2517,.T.);
#6332=EDGE_CURVE('',#5031,#5040,#2518,.T.);
#6333=EDGE_CURVE('',#5029,#5042,#2519,.T.);
#6334=EDGE_CURVE('',#5028,#5043,#2520,.T.);
#6335=EDGE_CURVE('',#5044,#5045,#2521,.T.);
#6336=EDGE_CURVE('',#5045,#5046,#2522,.T.);
#6337=EDGE_CURVE('',#5046,#5047,#2523,.T.);
#6338=EDGE_CURVE('',#5047,#5044,#2524,.T.);
#6339=EDGE_CURVE('',#5048,#5049,#2525,.T.);
#6340=EDGE_CURVE('',#5050,#5048,#2526,.T.);
#6341=EDGE_CURVE('',#5051,#5050,#2527,.T.);
#6342=EDGE_CURVE('',#5051,#5049,#2528,.T.);
#6343=EDGE_CURVE('',#5052,#5053,#2529,.T.);
#6344=EDGE_CURVE('',#5052,#5054,#2530,.T.);
#6345=EDGE_CURVE('',#5054,#5055,#2531,.T.);
#6346=EDGE_CURVE('',#5053,#5055,#2532,.T.);
#6347=EDGE_CURVE('',#5056,#5051,#2533,.T.);
#6348=EDGE_CURVE('',#5057,#5050,#2534,.T.);
#6349=EDGE_CURVE('',#5056,#5057,#2535,.T.);
#6350=EDGE_CURVE('',#5058,#5059,#2536,.T.);
#6351=EDGE_CURVE('',#5060,#5058,#2537,.T.);
#6352=EDGE_CURVE('',#5061,#5060,#2538,.T.);
#6353=EDGE_CURVE('',#5061,#5056,#2539,.T.);
#6354=EDGE_CURVE('',#5062,#5057,#2540,.T.);
#6355=EDGE_CURVE('',#5063,#5062,#2541,.T.);
#6356=EDGE_CURVE('',#5059,#5063,#2542,.T.);
#6357=EDGE_CURVE('',#5054,#5061,#2543,.T.);
#6358=EDGE_CURVE('',#5055,#5060,#2544,.T.);
#6359=EDGE_CURVE('',#5063,#5064,#425,.T.);
#6360=EDGE_CURVE('',#5064,#5065,#2545,.T.);
#6361=EDGE_CURVE('',#5065,#5059,#426,.T.);
#6362=EDGE_CURVE('',#5046,#5048,#2546,.T.);
#6363=EDGE_CURVE('',#5053,#5045,#2547,.T.);
#6364=EDGE_CURVE('',#5066,#5058,#2548,.T.);
#6365=EDGE_CURVE('',#5067,#5066,#2549,.T.);
#6366=EDGE_CURVE('',#5062,#5067,#2550,.T.);
#6367=EDGE_CURVE('',#5044,#5052,#2551,.T.);
#6368=EDGE_CURVE('',#5049,#5047,#2552,.T.);
#6369=EDGE_CURVE('',#5068,#5067,#427,.T.);
#6370=EDGE_CURVE('',#5068,#5069,#2553,.T.);
#6371=EDGE_CURVE('',#5069,#5070,#2554,.T.);
#6372=EDGE_CURVE('',#5070,#5064,#2555,.T.);
#6373=EDGE_CURVE('',#5066,#5071,#428,.T.);
#6374=EDGE_CURVE('',#5071,#5068,#2556,.T.);
#6375=EDGE_CURVE('',#5072,#5071,#2557,.T.);
#6376=EDGE_CURVE('',#5072,#5073,#2558,.T.);
#6377=EDGE_CURVE('',#5073,#5074,#2559,.T.);
#6378=EDGE_CURVE('',#5074,#5075,#2560,.T.);
#6379=EDGE_CURVE('',#5076,#5075,#2561,.T.);
#6380=EDGE_CURVE('',#5076,#5077,#2562,.T.);
#6381=EDGE_CURVE('',#5077,#5078,#2563,.T.);
#6382=EDGE_CURVE('',#5078,#5069,#2564,.T.);
#6383=EDGE_CURVE('',#5079,#5072,#2565,.T.);
#6384=EDGE_CURVE('',#5080,#5079,#2566,.T.);
#6385=EDGE_CURVE('',#5080,#5073,#2567,.T.);
#6386=EDGE_CURVE('',#5081,#5080,#2568,.T.);
#6387=EDGE_CURVE('',#5081,#5074,#2569,.T.);
#6388=EDGE_CURVE('',#5075,#5082,#2570,.T.);
#6389=EDGE_CURVE('',#5082,#5081,#2571,.T.);
#6390=EDGE_CURVE('',#5083,#5076,#2572,.T.);
#6391=EDGE_CURVE('',#5084,#5083,#2573,.T.);
#6392=EDGE_CURVE('',#5084,#5077,#2574,.T.);
#6393=EDGE_CURVE('',#5085,#5078,#2575,.T.);
#6394=EDGE_CURVE('',#5070,#5085,#2576,.T.);
#6395=EDGE_CURVE('',#5085,#5084,#2577,.T.);
#6396=EDGE_CURVE('',#5083,#5082,#2578,.T.);
#6397=EDGE_CURVE('',#5065,#5079,#2579,.T.);
#6398=EDGE_CURVE('',#5086,#5087,#2580,.T.);
#6399=EDGE_CURVE('',#5088,#5087,#2581,.T.);
#6400=EDGE_CURVE('',#5088,#5089,#2582,.T.);
#6401=EDGE_CURVE('',#5089,#5086,#2583,.T.);
#6402=EDGE_CURVE('',#5090,#5091,#2584,.T.);
#6403=EDGE_CURVE('',#5092,#5091,#429,.T.);
#6404=EDGE_CURVE('',#5092,#5093,#2585,.T.);
#6405=EDGE_CURVE('',#5093,#5094,#2586,.T.);
#6406=EDGE_CURVE('',#5094,#5095,#2587,.T.);
#6407=EDGE_CURVE('',#5096,#5095,#430,.T.);
#6408=EDGE_CURVE('',#5096,#5090,#2588,.T.);
#6409=EDGE_CURVE('',#5097,#5092,#2589,.T.);
#6410=EDGE_CURVE('',#5098,#5097,#2590,.T.);
#6411=EDGE_CURVE('',#5098,#5099,#2591,.T.);
#6412=EDGE_CURVE('',#5099,#5100,#2592,.T.);
#6413=EDGE_CURVE('',#5100,#5088,#2593,.T.);
#6414=EDGE_CURVE('',#5087,#5101,#2594,.T.);
#6415=EDGE_CURVE('',#5101,#5102,#2595,.T.);
#6416=EDGE_CURVE('',#5102,#5093,#2596,.T.);
#6417=EDGE_CURVE('',#5099,#5103,#2597,.T.);
#6418=EDGE_CURVE('',#5104,#5103,#2598,.T.);
#6419=EDGE_CURVE('',#5100,#5104,#2599,.T.);
#6420=EDGE_CURVE('',#5105,#5098,#2600,.T.);
#6421=EDGE_CURVE('',#5103,#5105,#2601,.T.);
#6422=EDGE_CURVE('',#5089,#5104,#2602,.T.);
#6423=EDGE_CURVE('',#5106,#5086,#2603,.T.);
#6424=EDGE_CURVE('',#5101,#5106,#2604,.T.);
#6425=EDGE_CURVE('',#5107,#5106,#2605,.T.);
#6426=EDGE_CURVE('',#5102,#5107,#2606,.T.);
#6427=EDGE_CURVE('',#5094,#5107,#2607,.T.);
#6428=EDGE_CURVE('',#5108,#5109,#2608,.T.);
#6429=EDGE_CURVE('',#5110,#5108,#2609,.T.);
#6430=EDGE_CURVE('',#5111,#5110,#2610,.T.);
#6431=EDGE_CURVE('',#5112,#5111,#2611,.T.);
#6432=EDGE_CURVE('',#5113,#5112,#2612,.T.);
#6433=EDGE_CURVE('',#5114,#5113,#2613,.T.);
#6434=EDGE_CURVE('',#5115,#5114,#2614,.T.);
#6435=EDGE_CURVE('',#5109,#5115,#2615,.T.);
#6436=EDGE_CURVE('',#5095,#5116,#2616,.T.);
#6437=EDGE_CURVE('',#5116,#5105,#2617,.T.);
#6438=EDGE_CURVE('',#5116,#5117,#431,.T.);
#6439=EDGE_CURVE('',#5117,#5096,#2618,.T.);
#6440=EDGE_CURVE('',#5118,#5119,#2619,.T.);
#6441=EDGE_CURVE('',#5119,#5117,#2620,.T.);
#6442=EDGE_CURVE('',#5118,#5097,#432,.T.);
#6443=EDGE_CURVE('',#5120,#5111,#2621,.T.);
#6444=EDGE_CURVE('',#5121,#5110,#2622,.T.);
#6445=EDGE_CURVE('',#5121,#5120,#2623,.T.);
#6446=EDGE_CURVE('',#5109,#5122,#2624,.T.);
#6447=EDGE_CURVE('',#5122,#5123,#2625,.T.);
#6448=EDGE_CURVE('',#5108,#5123,#2626,.T.);
#6449=EDGE_CURVE('',#5123,#5121,#2627,.T.);
#6450=EDGE_CURVE('',#5122,#5124,#2628,.T.);
#6451=EDGE_CURVE('',#5124,#5125,#2629,.T.);
#6452=EDGE_CURVE('',#5125,#5090,#2630,.T.);
#6453=EDGE_CURVE('',#5119,#5126,#2631,.T.);
#6454=EDGE_CURVE('',#5126,#5127,#2632,.T.);
#6455=EDGE_CURVE('',#5127,#5120,#2633,.T.);
#6456=EDGE_CURVE('',#5091,#5118,#2634,.T.);
#6457=EDGE_CURVE('',#5114,#5125,#2635,.T.);
#6458=EDGE_CURVE('',#5115,#5124,#2636,.T.);
#6459=EDGE_CURVE('',#5113,#5126,#2637,.T.);
#6460=EDGE_CURVE('',#5112,#5127,#2638,.T.);
#6461=EDGE_CURVE('',#5128,#5129,#2639,.T.);
#6462=EDGE_CURVE('',#5129,#5130,#2640,.T.);
#6463=EDGE_CURVE('',#5130,#5131,#2641,.T.);
#6464=EDGE_CURVE('',#5131,#5128,#2642,.T.);
#6465=EDGE_CURVE('',#5132,#5133,#2643,.T.);
#6466=EDGE_CURVE('',#5134,#5132,#2644,.T.);
#6467=EDGE_CURVE('',#5135,#5134,#2645,.T.);
#6468=EDGE_CURVE('',#5135,#5133,#2646,.T.);
#6469=EDGE_CURVE('',#5136,#5137,#2647,.T.);
#6470=EDGE_CURVE('',#5136,#5138,#2648,.T.);
#6471=EDGE_CURVE('',#5138,#5139,#2649,.T.);
#6472=EDGE_CURVE('',#5137,#5139,#2650,.T.);
#6473=EDGE_CURVE('',#5140,#5135,#2651,.T.);
#6474=EDGE_CURVE('',#5141,#5134,#2652,.T.);
#6475=EDGE_CURVE('',#5140,#5141,#2653,.T.);
#6476=EDGE_CURVE('',#5142,#5143,#2654,.T.);
#6477=EDGE_CURVE('',#5144,#5142,#2655,.T.);
#6478=EDGE_CURVE('',#5145,#5144,#2656,.T.);
#6479=EDGE_CURVE('',#5145,#5140,#2657,.T.);
#6480=EDGE_CURVE('',#5146,#5141,#2658,.T.);
#6481=EDGE_CURVE('',#5147,#5146,#2659,.T.);
#6482=EDGE_CURVE('',#5143,#5147,#2660,.T.);
#6483=EDGE_CURVE('',#5138,#5145,#2661,.T.);
#6484=EDGE_CURVE('',#5139,#5144,#2662,.T.);
#6485=EDGE_CURVE('',#5147,#5148,#433,.T.);
#6486=EDGE_CURVE('',#5148,#5149,#2663,.T.);
#6487=EDGE_CURVE('',#5149,#5143,#434,.T.);
#6488=EDGE_CURVE('',#5130,#5132,#2664,.T.);
#6489=EDGE_CURVE('',#5137,#5129,#2665,.T.);
#6490=EDGE_CURVE('',#5150,#5142,#2666,.T.);
#6491=EDGE_CURVE('',#5151,#5150,#2667,.T.);
#6492=EDGE_CURVE('',#5146,#5151,#2668,.T.);
#6493=EDGE_CURVE('',#5128,#5136,#2669,.T.);
#6494=EDGE_CURVE('',#5133,#5131,#2670,.T.);
#6495=EDGE_CURVE('',#5152,#5151,#435,.T.);
#6496=EDGE_CURVE('',#5152,#5153,#2671,.T.);
#6497=EDGE_CURVE('',#5153,#5154,#2672,.T.);
#6498=EDGE_CURVE('',#5154,#5148,#2673,.T.);
#6499=EDGE_CURVE('',#5150,#5155,#436,.T.);
#6500=EDGE_CURVE('',#5155,#5152,#2674,.T.);
#6501=EDGE_CURVE('',#5156,#5155,#2675,.T.);
#6502=EDGE_CURVE('',#5156,#5157,#2676,.T.);
#6503=EDGE_CURVE('',#5157,#5158,#2677,.T.);
#6504=EDGE_CURVE('',#5158,#5159,#2678,.T.);
#6505=EDGE_CURVE('',#5160,#5159,#2679,.T.);
#6506=EDGE_CURVE('',#5160,#5161,#2680,.T.);
#6507=EDGE_CURVE('',#5161,#5162,#2681,.T.);
#6508=EDGE_CURVE('',#5162,#5153,#2682,.T.);
#6509=EDGE_CURVE('',#5163,#5156,#2683,.T.);
#6510=EDGE_CURVE('',#5164,#5163,#2684,.T.);
#6511=EDGE_CURVE('',#5164,#5157,#2685,.T.);
#6512=EDGE_CURVE('',#5165,#5164,#2686,.T.);
#6513=EDGE_CURVE('',#5165,#5158,#2687,.T.);
#6514=EDGE_CURVE('',#5159,#5166,#2688,.T.);
#6515=EDGE_CURVE('',#5166,#5165,#2689,.T.);
#6516=EDGE_CURVE('',#5167,#5160,#2690,.T.);
#6517=EDGE_CURVE('',#5168,#5167,#2691,.T.);
#6518=EDGE_CURVE('',#5168,#5161,#2692,.T.);
#6519=EDGE_CURVE('',#5169,#5162,#2693,.T.);
#6520=EDGE_CURVE('',#5154,#5169,#2694,.T.);
#6521=EDGE_CURVE('',#5169,#5168,#2695,.T.);
#6522=EDGE_CURVE('',#5167,#5166,#2696,.T.);
#6523=EDGE_CURVE('',#5149,#5163,#2697,.T.);
#6524=EDGE_CURVE('',#5170,#5171,#2698,.T.);
#6525=EDGE_CURVE('',#5172,#5171,#2699,.T.);
#6526=EDGE_CURVE('',#5172,#5173,#2700,.T.);
#6527=EDGE_CURVE('',#5173,#5170,#2701,.T.);
#6528=EDGE_CURVE('',#5174,#5175,#2702,.T.);
#6529=EDGE_CURVE('',#5176,#5175,#437,.T.);
#6530=EDGE_CURVE('',#5176,#5177,#2703,.T.);
#6531=EDGE_CURVE('',#5177,#5178,#2704,.T.);
#6532=EDGE_CURVE('',#5178,#5179,#2705,.T.);
#6533=EDGE_CURVE('',#5180,#5179,#438,.T.);
#6534=EDGE_CURVE('',#5180,#5174,#2706,.T.);
#6535=EDGE_CURVE('',#5181,#5176,#2707,.T.);
#6536=EDGE_CURVE('',#5182,#5181,#2708,.T.);
#6537=EDGE_CURVE('',#5182,#5183,#2709,.T.);
#6538=EDGE_CURVE('',#5183,#5184,#2710,.T.);
#6539=EDGE_CURVE('',#5184,#5172,#2711,.T.);
#6540=EDGE_CURVE('',#5171,#5185,#2712,.T.);
#6541=EDGE_CURVE('',#5185,#5186,#2713,.T.);
#6542=EDGE_CURVE('',#5186,#5177,#2714,.T.);
#6543=EDGE_CURVE('',#5183,#5187,#2715,.T.);
#6544=EDGE_CURVE('',#5188,#5187,#2716,.T.);
#6545=EDGE_CURVE('',#5184,#5188,#2717,.T.);
#6546=EDGE_CURVE('',#5189,#5182,#2718,.T.);
#6547=EDGE_CURVE('',#5187,#5189,#2719,.T.);
#6548=EDGE_CURVE('',#5173,#5188,#2720,.T.);
#6549=EDGE_CURVE('',#5190,#5170,#2721,.T.);
#6550=EDGE_CURVE('',#5185,#5190,#2722,.T.);
#6551=EDGE_CURVE('',#5191,#5190,#2723,.T.);
#6552=EDGE_CURVE('',#5186,#5191,#2724,.T.);
#6553=EDGE_CURVE('',#5178,#5191,#2725,.T.);
#6554=EDGE_CURVE('',#5192,#5193,#2726,.T.);
#6555=EDGE_CURVE('',#5194,#5192,#2727,.T.);
#6556=EDGE_CURVE('',#5195,#5194,#2728,.T.);
#6557=EDGE_CURVE('',#5196,#5195,#2729,.T.);
#6558=EDGE_CURVE('',#5197,#5196,#2730,.T.);
#6559=EDGE_CURVE('',#5198,#5197,#2731,.T.);
#6560=EDGE_CURVE('',#5199,#5198,#2732,.T.);
#6561=EDGE_CURVE('',#5193,#5199,#2733,.T.);
#6562=EDGE_CURVE('',#5179,#5200,#2734,.T.);
#6563=EDGE_CURVE('',#5200,#5189,#2735,.T.);
#6564=EDGE_CURVE('',#5200,#5201,#439,.T.);
#6565=EDGE_CURVE('',#5201,#5180,#2736,.T.);
#6566=EDGE_CURVE('',#5202,#5203,#2737,.T.);
#6567=EDGE_CURVE('',#5203,#5201,#2738,.T.);
#6568=EDGE_CURVE('',#5202,#5181,#440,.T.);
#6569=EDGE_CURVE('',#5204,#5195,#2739,.T.);
#6570=EDGE_CURVE('',#5205,#5194,#2740,.T.);
#6571=EDGE_CURVE('',#5205,#5204,#2741,.T.);
#6572=EDGE_CURVE('',#5193,#5206,#2742,.T.);
#6573=EDGE_CURVE('',#5206,#5207,#2743,.T.);
#6574=EDGE_CURVE('',#5192,#5207,#2744,.T.);
#6575=EDGE_CURVE('',#5207,#5205,#2745,.T.);
#6576=EDGE_CURVE('',#5206,#5208,#2746,.T.);
#6577=EDGE_CURVE('',#5208,#5209,#2747,.T.);
#6578=EDGE_CURVE('',#5209,#5174,#2748,.T.);
#6579=EDGE_CURVE('',#5203,#5210,#2749,.T.);
#6580=EDGE_CURVE('',#5210,#5211,#2750,.T.);
#6581=EDGE_CURVE('',#5211,#5204,#2751,.T.);
#6582=EDGE_CURVE('',#5175,#5202,#2752,.T.);
#6583=EDGE_CURVE('',#5198,#5209,#2753,.T.);
#6584=EDGE_CURVE('',#5199,#5208,#2754,.T.);
#6585=EDGE_CURVE('',#5197,#5210,#2755,.T.);
#6586=EDGE_CURVE('',#5196,#5211,#2756,.T.);
#6587=EDGE_CURVE('',#5212,#5213,#2757,.T.);
#6588=EDGE_CURVE('',#5213,#5214,#2758,.T.);
#6589=EDGE_CURVE('',#5214,#5215,#2759,.T.);
#6590=EDGE_CURVE('',#5215,#5212,#2760,.T.);
#6591=EDGE_CURVE('',#5216,#5217,#441,.T.);
#6592=EDGE_CURVE('',#5218,#5216,#2761,.T.);
#6593=EDGE_CURVE('',#5219,#5218,#442,.T.);
#6594=EDGE_CURVE('',#5217,#5219,#2762,.T.);
#6595=EDGE_CURVE('',#5220,#5221,#2763,.T.);
#6596=EDGE_CURVE('',#5222,#5220,#443,.T.);
#6597=EDGE_CURVE('',#5223,#5222,#2764,.T.);
#6598=EDGE_CURVE('',#5221,#5223,#444,.T.);
#6599=EDGE_CURVE('',#5223,#5216,#2765,.T.);
#6600=EDGE_CURVE('',#5222,#5218,#2766,.T.);
#6601=EDGE_CURVE('',#5224,#5220,#2767,.T.);
#6602=EDGE_CURVE('',#5225,#5224,#2768,.T.);
#6603=EDGE_CURVE('',#5226,#5225,#2769,.T.);
#6604=EDGE_CURVE('',#5227,#5226,#2770,.T.);
#6605=EDGE_CURVE('',#5228,#5227,#2771,.T.);
#6606=EDGE_CURVE('',#5228,#5229,#2772,.T.);
#6607=EDGE_CURVE('',#5230,#5229,#2773,.T.);
#6608=EDGE_CURVE('',#5231,#5230,#2774,.T.);
#6609=EDGE_CURVE('',#5232,#5231,#2775,.T.);
#6610=EDGE_CURVE('',#5233,#5232,#2776,.T.);
#6611=EDGE_CURVE('',#5219,#5233,#2777,.T.);
#6612=EDGE_CURVE('',#5233,#5234,#2778,.T.);
#6613=EDGE_CURVE('',#5232,#5235,#2779,.T.);
#6614=EDGE_CURVE('',#5234,#5235,#2780,.T.);
#6615=EDGE_CURVE('',#5236,#5230,#2781,.T.);
#6616=EDGE_CURVE('',#5237,#5236,#2782,.T.);
#6617=EDGE_CURVE('',#5231,#5237,#2783,.T.);
#6618=EDGE_CURVE('',#5227,#5238,#2784,.T.);
#6619=EDGE_CURVE('',#5226,#5239,#2785,.T.);
#6620=EDGE_CURVE('',#5238,#5239,#2786,.T.);
#6621=EDGE_CURVE('',#5235,#5237,#2787,.T.);
#6622=EDGE_CURVE('',#5240,#5224,#2788,.T.);
#6623=EDGE_CURVE('',#5241,#5240,#2789,.T.);
#6624=EDGE_CURVE('',#5225,#5241,#2790,.T.);
#6625=EDGE_CURVE('',#5239,#5241,#2791,.T.);
#6626=EDGE_CURVE('',#5238,#5242,#2792,.T.);
#6627=EDGE_CURVE('',#5242,#5243,#445,.T.);
#6628=EDGE_CURVE('',#5243,#5215,#2793,.T.);
#6629=EDGE_CURVE('',#5214,#5244,#2794,.T.);
#6630=EDGE_CURVE('',#5244,#5245,#2795,.T.);
#6631=EDGE_CURVE('',#5245,#5228,#446,.T.);
#6632=EDGE_CURVE('',#5221,#5240,#2796,.T.);
#6633=EDGE_CURVE('',#5229,#5246,#447,.T.);
#6634=EDGE_CURVE('',#5246,#5247,#2797,.T.);
#6635=EDGE_CURVE('',#5247,#5213,#2798,.T.);
#6636=EDGE_CURVE('',#5212,#5248,#2799,.T.);
#6637=EDGE_CURVE('',#5248,#5249,#448,.T.);
#6638=EDGE_CURVE('',#5249,#5236,#2800,.T.);
#6639=EDGE_CURVE('',#5234,#5217,#2801,.T.);
#6640=EDGE_CURVE('',#5242,#5249,#2802,.T.);
#6641=EDGE_CURVE('',#5248,#5243,#2803,.T.);
#6642=EDGE_CURVE('',#5246,#5245,#2804,.T.);
#6643=EDGE_CURVE('',#5244,#5247,#2805,.T.);
#6644=EDGE_CURVE('',#5250,#5251,#2806,.T.);
#6645=EDGE_CURVE('',#5252,#5251,#2807,.T.);
#6646=EDGE_CURVE('',#5252,#5253,#2808,.T.);
#6647=EDGE_CURVE('',#5253,#5250,#2809,.T.);
#6648=EDGE_CURVE('',#5254,#5255,#2810,.T.);
#6649=EDGE_CURVE('',#5256,#5255,#449,.T.);
#6650=EDGE_CURVE('',#5256,#5257,#2811,.T.);
#6651=EDGE_CURVE('',#5257,#5258,#2812,.T.);
#6652=EDGE_CURVE('',#5258,#5259,#2813,.T.);
#6653=EDGE_CURVE('',#5260,#5259,#450,.T.);
#6654=EDGE_CURVE('',#5260,#5254,#2814,.T.);
#6655=EDGE_CURVE('',#5261,#5256,#2815,.T.);
#6656=EDGE_CURVE('',#5262,#5261,#2816,.T.);
#6657=EDGE_CURVE('',#5262,#5263,#2817,.T.);
#6658=EDGE_CURVE('',#5263,#5264,#2818,.T.);
#6659=EDGE_CURVE('',#5264,#5252,#2819,.T.);
#6660=EDGE_CURVE('',#5251,#5265,#2820,.T.);
#6661=EDGE_CURVE('',#5265,#5266,#2821,.T.);
#6662=EDGE_CURVE('',#5266,#5257,#2822,.T.);
#6663=EDGE_CURVE('',#5263,#5267,#2823,.T.);
#6664=EDGE_CURVE('',#5268,#5267,#2824,.T.);
#6665=EDGE_CURVE('',#5264,#5268,#2825,.T.);
#6666=EDGE_CURVE('',#5269,#5262,#2826,.T.);
#6667=EDGE_CURVE('',#5267,#5269,#2827,.T.);
#6668=EDGE_CURVE('',#5253,#5268,#2828,.T.);
#6669=EDGE_CURVE('',#5270,#5250,#2829,.T.);
#6670=EDGE_CURVE('',#5265,#5270,#2830,.T.);
#6671=EDGE_CURVE('',#5271,#5270,#2831,.T.);
#6672=EDGE_CURVE('',#5266,#5271,#2832,.T.);
#6673=EDGE_CURVE('',#5258,#5271,#2833,.T.);
#6674=EDGE_CURVE('',#5272,#5273,#2834,.T.);
#6675=EDGE_CURVE('',#5274,#5272,#2835,.T.);
#6676=EDGE_CURVE('',#5275,#5274,#2836,.T.);
#6677=EDGE_CURVE('',#5276,#5275,#2837,.T.);
#6678=EDGE_CURVE('',#5277,#5276,#2838,.T.);
#6679=EDGE_CURVE('',#5278,#5277,#2839,.T.);
#6680=EDGE_CURVE('',#5279,#5278,#2840,.T.);
#6681=EDGE_CURVE('',#5273,#5279,#2841,.T.);
#6682=EDGE_CURVE('',#5259,#5280,#2842,.T.);
#6683=EDGE_CURVE('',#5280,#5269,#2843,.T.);
#6684=EDGE_CURVE('',#5280,#5281,#451,.T.);
#6685=EDGE_CURVE('',#5281,#5260,#2844,.T.);
#6686=EDGE_CURVE('',#5282,#5283,#2845,.T.);
#6687=EDGE_CURVE('',#5283,#5281,#2846,.T.);
#6688=EDGE_CURVE('',#5282,#5261,#452,.T.);
#6689=EDGE_CURVE('',#5284,#5275,#2847,.T.);
#6690=EDGE_CURVE('',#5285,#5274,#2848,.T.);
#6691=EDGE_CURVE('',#5285,#5284,#2849,.T.);
#6692=EDGE_CURVE('',#5273,#5286,#2850,.T.);
#6693=EDGE_CURVE('',#5286,#5287,#2851,.T.);
#6694=EDGE_CURVE('',#5272,#5287,#2852,.T.);
#6695=EDGE_CURVE('',#5287,#5285,#2853,.T.);
#6696=EDGE_CURVE('',#5286,#5288,#2854,.T.);
#6697=EDGE_CURVE('',#5288,#5289,#2855,.T.);
#6698=EDGE_CURVE('',#5289,#5254,#2856,.T.);
#6699=EDGE_CURVE('',#5283,#5290,#2857,.T.);
#6700=EDGE_CURVE('',#5290,#5291,#2858,.T.);
#6701=EDGE_CURVE('',#5291,#5284,#2859,.T.);
#6702=EDGE_CURVE('',#5255,#5282,#2860,.T.);
#6703=EDGE_CURVE('',#5278,#5289,#2861,.T.);
#6704=EDGE_CURVE('',#5279,#5288,#2862,.T.);
#6705=EDGE_CURVE('',#5277,#5290,#2863,.T.);
#6706=EDGE_CURVE('',#5276,#5291,#2864,.T.);
#6707=EDGE_CURVE('',#5292,#5293,#2865,.T.);
#6708=EDGE_CURVE('',#5293,#5294,#2866,.T.);
#6709=EDGE_CURVE('',#5294,#5295,#2867,.T.);
#6710=EDGE_CURVE('',#5295,#5292,#2868,.T.);
#6711=EDGE_CURVE('',#5296,#5297,#453,.T.);
#6712=EDGE_CURVE('',#5298,#5296,#2869,.T.);
#6713=EDGE_CURVE('',#5299,#5298,#454,.T.);
#6714=EDGE_CURVE('',#5297,#5299,#2870,.T.);
#6715=EDGE_CURVE('',#5300,#5301,#2871,.T.);
#6716=EDGE_CURVE('',#5302,#5300,#455,.T.);
#6717=EDGE_CURVE('',#5303,#5302,#2872,.T.);
#6718=EDGE_CURVE('',#5301,#5303,#456,.T.);
#6719=EDGE_CURVE('',#5303,#5296,#2873,.T.);
#6720=EDGE_CURVE('',#5302,#5298,#2874,.T.);
#6721=EDGE_CURVE('',#5304,#5300,#2875,.T.);
#6722=EDGE_CURVE('',#5305,#5304,#2876,.T.);
#6723=EDGE_CURVE('',#5306,#5305,#2877,.T.);
#6724=EDGE_CURVE('',#5307,#5306,#2878,.T.);
#6725=EDGE_CURVE('',#5308,#5307,#2879,.T.);
#6726=EDGE_CURVE('',#5308,#5309,#2880,.T.);
#6727=EDGE_CURVE('',#5310,#5309,#2881,.T.);
#6728=EDGE_CURVE('',#5311,#5310,#2882,.T.);
#6729=EDGE_CURVE('',#5312,#5311,#2883,.T.);
#6730=EDGE_CURVE('',#5313,#5312,#2884,.T.);
#6731=EDGE_CURVE('',#5299,#5313,#2885,.T.);
#6732=EDGE_CURVE('',#5313,#5314,#2886,.T.);
#6733=EDGE_CURVE('',#5312,#5315,#2887,.T.);
#6734=EDGE_CURVE('',#5314,#5315,#2888,.T.);
#6735=EDGE_CURVE('',#5316,#5310,#2889,.T.);
#6736=EDGE_CURVE('',#5317,#5316,#2890,.T.);
#6737=EDGE_CURVE('',#5311,#5317,#2891,.T.);
#6738=EDGE_CURVE('',#5307,#5318,#2892,.T.);
#6739=EDGE_CURVE('',#5306,#5319,#2893,.T.);
#6740=EDGE_CURVE('',#5318,#5319,#2894,.T.);
#6741=EDGE_CURVE('',#5315,#5317,#2895,.T.);
#6742=EDGE_CURVE('',#5320,#5304,#2896,.T.);
#6743=EDGE_CURVE('',#5321,#5320,#2897,.T.);
#6744=EDGE_CURVE('',#5305,#5321,#2898,.T.);
#6745=EDGE_CURVE('',#5319,#5321,#2899,.T.);
#6746=EDGE_CURVE('',#5318,#5322,#2900,.T.);
#6747=EDGE_CURVE('',#5322,#5323,#457,.T.);
#6748=EDGE_CURVE('',#5323,#5295,#2901,.T.);
#6749=EDGE_CURVE('',#5294,#5324,#2902,.T.);
#6750=EDGE_CURVE('',#5324,#5325,#2903,.T.);
#6751=EDGE_CURVE('',#5325,#5308,#458,.T.);
#6752=EDGE_CURVE('',#5301,#5320,#2904,.T.);
#6753=EDGE_CURVE('',#5309,#5326,#459,.T.);
#6754=EDGE_CURVE('',#5326,#5327,#2905,.T.);
#6755=EDGE_CURVE('',#5327,#5293,#2906,.T.);
#6756=EDGE_CURVE('',#5292,#5328,#2907,.T.);
#6757=EDGE_CURVE('',#5328,#5329,#460,.T.);
#6758=EDGE_CURVE('',#5329,#5316,#2908,.T.);
#6759=EDGE_CURVE('',#5314,#5297,#2909,.T.);
#6760=EDGE_CURVE('',#5322,#5329,#2910,.T.);
#6761=EDGE_CURVE('',#5328,#5323,#2911,.T.);
#6762=EDGE_CURVE('',#5326,#5325,#2912,.T.);
#6763=EDGE_CURVE('',#5324,#5327,#2913,.T.);
#6764=EDGE_CURVE('',#5330,#5331,#2914,.T.);
#6765=EDGE_CURVE('',#5332,#5331,#2915,.T.);
#6766=EDGE_CURVE('',#5332,#5333,#2916,.T.);
#6767=EDGE_CURVE('',#5333,#5330,#2917,.T.);
#6768=EDGE_CURVE('',#5334,#5335,#2918,.T.);
#6769=EDGE_CURVE('',#5336,#5335,#461,.T.);
#6770=EDGE_CURVE('',#5336,#5337,#2919,.T.);
#6771=EDGE_CURVE('',#5337,#5338,#2920,.T.);
#6772=EDGE_CURVE('',#5338,#5339,#2921,.T.);
#6773=EDGE_CURVE('',#5340,#5339,#462,.T.);
#6774=EDGE_CURVE('',#5340,#5334,#2922,.T.);
#6775=EDGE_CURVE('',#5341,#5336,#2923,.T.);
#6776=EDGE_CURVE('',#5342,#5341,#2924,.T.);
#6777=EDGE_CURVE('',#5342,#5343,#2925,.T.);
#6778=EDGE_CURVE('',#5343,#5344,#2926,.T.);
#6779=EDGE_CURVE('',#5344,#5332,#2927,.T.);
#6780=EDGE_CURVE('',#5331,#5345,#2928,.T.);
#6781=EDGE_CURVE('',#5345,#5346,#2929,.T.);
#6782=EDGE_CURVE('',#5346,#5337,#2930,.T.);
#6783=EDGE_CURVE('',#5343,#5347,#2931,.T.);
#6784=EDGE_CURVE('',#5348,#5347,#2932,.T.);
#6785=EDGE_CURVE('',#5344,#5348,#2933,.T.);
#6786=EDGE_CURVE('',#5349,#5342,#2934,.T.);
#6787=EDGE_CURVE('',#5347,#5349,#2935,.T.);
#6788=EDGE_CURVE('',#5333,#5348,#2936,.T.);
#6789=EDGE_CURVE('',#5350,#5330,#2937,.T.);
#6790=EDGE_CURVE('',#5345,#5350,#2938,.T.);
#6791=EDGE_CURVE('',#5351,#5350,#2939,.T.);
#6792=EDGE_CURVE('',#5346,#5351,#2940,.T.);
#6793=EDGE_CURVE('',#5338,#5351,#2941,.T.);
#6794=EDGE_CURVE('',#5352,#5353,#2942,.T.);
#6795=EDGE_CURVE('',#5354,#5352,#2943,.T.);
#6796=EDGE_CURVE('',#5355,#5354,#2944,.T.);
#6797=EDGE_CURVE('',#5356,#5355,#2945,.T.);
#6798=EDGE_CURVE('',#5357,#5356,#2946,.T.);
#6799=EDGE_CURVE('',#5358,#5357,#2947,.T.);
#6800=EDGE_CURVE('',#5359,#5358,#2948,.T.);
#6801=EDGE_CURVE('',#5353,#5359,#2949,.T.);
#6802=EDGE_CURVE('',#5339,#5360,#2950,.T.);
#6803=EDGE_CURVE('',#5360,#5349,#2951,.T.);
#6804=EDGE_CURVE('',#5360,#5361,#463,.T.);
#6805=EDGE_CURVE('',#5361,#5340,#2952,.T.);
#6806=EDGE_CURVE('',#5362,#5363,#2953,.T.);
#6807=EDGE_CURVE('',#5363,#5361,#2954,.T.);
#6808=EDGE_CURVE('',#5362,#5341,#464,.T.);
#6809=EDGE_CURVE('',#5364,#5355,#2955,.T.);
#6810=EDGE_CURVE('',#5365,#5354,#2956,.T.);
#6811=EDGE_CURVE('',#5365,#5364,#2957,.T.);
#6812=EDGE_CURVE('',#5353,#5366,#2958,.T.);
#6813=EDGE_CURVE('',#5366,#5367,#2959,.T.);
#6814=EDGE_CURVE('',#5352,#5367,#2960,.T.);
#6815=EDGE_CURVE('',#5367,#5365,#2961,.T.);
#6816=EDGE_CURVE('',#5366,#5368,#2962,.T.);
#6817=EDGE_CURVE('',#5368,#5369,#2963,.T.);
#6818=EDGE_CURVE('',#5369,#5334,#2964,.T.);
#6819=EDGE_CURVE('',#5363,#5370,#2965,.T.);
#6820=EDGE_CURVE('',#5370,#5371,#2966,.T.);
#6821=EDGE_CURVE('',#5371,#5364,#2967,.T.);
#6822=EDGE_CURVE('',#5335,#5362,#2968,.T.);
#6823=EDGE_CURVE('',#5358,#5369,#2969,.T.);
#6824=EDGE_CURVE('',#5359,#5368,#2970,.T.);
#6825=EDGE_CURVE('',#5357,#5370,#2971,.T.);
#6826=EDGE_CURVE('',#5356,#5371,#2972,.T.);
#6827=EDGE_CURVE('',#5372,#5373,#2973,.T.);
#6828=EDGE_CURVE('',#5373,#5374,#2974,.T.);
#6829=EDGE_CURVE('',#5374,#5375,#2975,.T.);
#6830=EDGE_CURVE('',#5375,#5372,#2976,.T.);
#6831=EDGE_CURVE('',#5376,#5377,#465,.T.);
#6832=EDGE_CURVE('',#5378,#5376,#2977,.T.);
#6833=EDGE_CURVE('',#5379,#5378,#466,.T.);
#6834=EDGE_CURVE('',#5377,#5379,#2978,.T.);
#6835=EDGE_CURVE('',#5380,#5381,#2979,.T.);
#6836=EDGE_CURVE('',#5382,#5380,#467,.T.);
#6837=EDGE_CURVE('',#5383,#5382,#2980,.T.);
#6838=EDGE_CURVE('',#5381,#5383,#468,.T.);
#6839=EDGE_CURVE('',#5383,#5376,#2981,.T.);
#6840=EDGE_CURVE('',#5382,#5378,#2982,.T.);
#6841=EDGE_CURVE('',#5384,#5380,#2983,.T.);
#6842=EDGE_CURVE('',#5385,#5384,#2984,.T.);
#6843=EDGE_CURVE('',#5386,#5385,#2985,.T.);
#6844=EDGE_CURVE('',#5387,#5386,#2986,.T.);
#6845=EDGE_CURVE('',#5388,#5387,#2987,.T.);
#6846=EDGE_CURVE('',#5388,#5389,#2988,.T.);
#6847=EDGE_CURVE('',#5390,#5389,#2989,.T.);
#6848=EDGE_CURVE('',#5391,#5390,#2990,.T.);
#6849=EDGE_CURVE('',#5392,#5391,#2991,.T.);
#6850=EDGE_CURVE('',#5393,#5392,#2992,.T.);
#6851=EDGE_CURVE('',#5379,#5393,#2993,.T.);
#6852=EDGE_CURVE('',#5393,#5394,#2994,.T.);
#6853=EDGE_CURVE('',#5392,#5395,#2995,.T.);
#6854=EDGE_CURVE('',#5394,#5395,#2996,.T.);
#6855=EDGE_CURVE('',#5396,#5390,#2997,.T.);
#6856=EDGE_CURVE('',#5397,#5396,#2998,.T.);
#6857=EDGE_CURVE('',#5391,#5397,#2999,.T.);
#6858=EDGE_CURVE('',#5387,#5398,#3000,.T.);
#6859=EDGE_CURVE('',#5386,#5399,#3001,.T.);
#6860=EDGE_CURVE('',#5398,#5399,#3002,.T.);
#6861=EDGE_CURVE('',#5395,#5397,#3003,.T.);
#6862=EDGE_CURVE('',#5400,#5384,#3004,.T.);
#6863=EDGE_CURVE('',#5401,#5400,#3005,.T.);
#6864=EDGE_CURVE('',#5385,#5401,#3006,.T.);
#6865=EDGE_CURVE('',#5399,#5401,#3007,.T.);
#6866=EDGE_CURVE('',#5398,#5402,#3008,.T.);
#6867=EDGE_CURVE('',#5402,#5403,#469,.T.);
#6868=EDGE_CURVE('',#5403,#5375,#3009,.T.);
#6869=EDGE_CURVE('',#5374,#5404,#3010,.T.);
#6870=EDGE_CURVE('',#5404,#5405,#3011,.T.);
#6871=EDGE_CURVE('',#5405,#5388,#470,.T.);
#6872=EDGE_CURVE('',#5381,#5400,#3012,.T.);
#6873=EDGE_CURVE('',#5389,#5406,#471,.T.);
#6874=EDGE_CURVE('',#5406,#5407,#3013,.T.);
#6875=EDGE_CURVE('',#5407,#5373,#3014,.T.);
#6876=EDGE_CURVE('',#5372,#5408,#3015,.T.);
#6877=EDGE_CURVE('',#5408,#5409,#472,.T.);
#6878=EDGE_CURVE('',#5409,#5396,#3016,.T.);
#6879=EDGE_CURVE('',#5394,#5377,#3017,.T.);
#6880=EDGE_CURVE('',#5402,#5409,#3018,.T.);
#6881=EDGE_CURVE('',#5408,#5403,#3019,.T.);
#6882=EDGE_CURVE('',#5406,#5405,#3020,.T.);
#6883=EDGE_CURVE('',#5404,#5407,#3021,.T.);
#6884=EDGE_CURVE('',#5410,#5411,#3022,.T.);
#6885=EDGE_CURVE('',#5412,#5411,#3023,.T.);
#6886=EDGE_CURVE('',#5412,#5413,#3024,.T.);
#6887=EDGE_CURVE('',#5413,#5410,#3025,.T.);
#6888=EDGE_CURVE('',#5414,#5415,#3026,.T.);
#6889=EDGE_CURVE('',#5416,#5415,#473,.T.);
#6890=EDGE_CURVE('',#5416,#5417,#3027,.T.);
#6891=EDGE_CURVE('',#5417,#5418,#3028,.T.);
#6892=EDGE_CURVE('',#5418,#5419,#3029,.T.);
#6893=EDGE_CURVE('',#5420,#5419,#474,.T.);
#6894=EDGE_CURVE('',#5420,#5414,#3030,.T.);
#6895=EDGE_CURVE('',#5421,#5416,#3031,.T.);
#6896=EDGE_CURVE('',#5422,#5421,#3032,.T.);
#6897=EDGE_CURVE('',#5422,#5423,#3033,.T.);
#6898=EDGE_CURVE('',#5423,#5424,#3034,.T.);
#6899=EDGE_CURVE('',#5424,#5412,#3035,.T.);
#6900=EDGE_CURVE('',#5411,#5425,#3036,.T.);
#6901=EDGE_CURVE('',#5425,#5426,#3037,.T.);
#6902=EDGE_CURVE('',#5426,#5417,#3038,.T.);
#6903=EDGE_CURVE('',#5423,#5427,#3039,.T.);
#6904=EDGE_CURVE('',#5428,#5427,#3040,.T.);
#6905=EDGE_CURVE('',#5424,#5428,#3041,.T.);
#6906=EDGE_CURVE('',#5429,#5422,#3042,.T.);
#6907=EDGE_CURVE('',#5427,#5429,#3043,.T.);
#6908=EDGE_CURVE('',#5413,#5428,#3044,.T.);
#6909=EDGE_CURVE('',#5430,#5410,#3045,.T.);
#6910=EDGE_CURVE('',#5425,#5430,#3046,.T.);
#6911=EDGE_CURVE('',#5431,#5430,#3047,.T.);
#6912=EDGE_CURVE('',#5426,#5431,#3048,.T.);
#6913=EDGE_CURVE('',#5418,#5431,#3049,.T.);
#6914=EDGE_CURVE('',#5432,#5433,#3050,.T.);
#6915=EDGE_CURVE('',#5434,#5432,#3051,.T.);
#6916=EDGE_CURVE('',#5435,#5434,#3052,.T.);
#6917=EDGE_CURVE('',#5436,#5435,#3053,.T.);
#6918=EDGE_CURVE('',#5437,#5436,#3054,.T.);
#6919=EDGE_CURVE('',#5438,#5437,#3055,.T.);
#6920=EDGE_CURVE('',#5439,#5438,#3056,.T.);
#6921=EDGE_CURVE('',#5433,#5439,#3057,.T.);
#6922=EDGE_CURVE('',#5419,#5440,#3058,.T.);
#6923=EDGE_CURVE('',#5440,#5429,#3059,.T.);
#6924=EDGE_CURVE('',#5440,#5441,#475,.T.);
#6925=EDGE_CURVE('',#5441,#5420,#3060,.T.);
#6926=EDGE_CURVE('',#5442,#5443,#3061,.T.);
#6927=EDGE_CURVE('',#5443,#5441,#3062,.T.);
#6928=EDGE_CURVE('',#5442,#5421,#476,.T.);
#6929=EDGE_CURVE('',#5444,#5435,#3063,.T.);
#6930=EDGE_CURVE('',#5445,#5434,#3064,.T.);
#6931=EDGE_CURVE('',#5445,#5444,#3065,.T.);
#6932=EDGE_CURVE('',#5433,#5446,#3066,.T.);
#6933=EDGE_CURVE('',#5446,#5447,#3067,.T.);
#6934=EDGE_CURVE('',#5432,#5447,#3068,.T.);
#6935=EDGE_CURVE('',#5447,#5445,#3069,.T.);
#6936=EDGE_CURVE('',#5446,#5448,#3070,.T.);
#6937=EDGE_CURVE('',#5448,#5449,#3071,.T.);
#6938=EDGE_CURVE('',#5449,#5414,#3072,.T.);
#6939=EDGE_CURVE('',#5443,#5450,#3073,.T.);
#6940=EDGE_CURVE('',#5450,#5451,#3074,.T.);
#6941=EDGE_CURVE('',#5451,#5444,#3075,.T.);
#6942=EDGE_CURVE('',#5415,#5442,#3076,.T.);
#6943=EDGE_CURVE('',#5438,#5449,#3077,.T.);
#6944=EDGE_CURVE('',#5439,#5448,#3078,.T.);
#6945=EDGE_CURVE('',#5437,#5450,#3079,.T.);
#6946=EDGE_CURVE('',#5436,#5451,#3080,.T.);
#6947=EDGE_CURVE('',#5452,#5453,#3081,.T.);
#6948=EDGE_CURVE('',#5453,#5454,#3082,.T.);
#6949=EDGE_CURVE('',#5455,#5454,#3083,.T.);
#6950=EDGE_CURVE('',#5452,#5455,#3084,.T.);
#6951=EDGE_CURVE('',#5456,#5452,#3085,.T.);
#6952=EDGE_CURVE('',#5457,#5455,#3086,.T.);
#6953=EDGE_CURVE('',#5456,#5457,#3087,.T.);
#6954=EDGE_CURVE('',#5458,#5456,#3088,.T.);
#6955=EDGE_CURVE('',#5459,#5457,#3089,.T.);
#6956=EDGE_CURVE('',#5458,#5459,#3090,.T.);
#6957=EDGE_CURVE('',#5453,#5458,#3091,.T.);
#6958=EDGE_CURVE('',#5454,#5459,#3092,.T.);
#6959=EDGE_CURVE('',#5460,#5461,#3093,.T.);
#6960=EDGE_CURVE('',#5460,#5462,#3094,.T.);
#6961=EDGE_CURVE('',#5462,#5463,#3095,.T.);
#6962=EDGE_CURVE('',#5461,#5463,#3096,.T.);
#6963=EDGE_CURVE('',#5464,#5460,#3097,.T.);
#6964=EDGE_CURVE('',#5464,#5465,#3098,.T.);
#6965=EDGE_CURVE('',#5465,#5462,#3099,.T.);
#6966=EDGE_CURVE('',#5466,#5464,#3100,.T.);
#6967=EDGE_CURVE('',#5466,#5467,#3101,.T.);
#6968=EDGE_CURVE('',#5467,#5465,#3102,.T.);
#6969=EDGE_CURVE('',#5461,#5466,#3103,.T.);
#6970=EDGE_CURVE('',#5463,#5467,#3104,.T.);
#6971=EDGE_CURVE('',#5468,#5468,#477,.T.);
#6972=EDGE_CURVE('',#5469,#5469,#478,.T.);
#6973=EDGE_CURVE('',#5470,#5470,#479,.T.);
#6974=EDGE_CURVE('',#5471,#5471,#480,.T.);
#6975=EDGE_CURVE('',#5472,#5472,#481,.T.);
#6976=EDGE_CURVE('',#5473,#5473,#482,.T.);
#6977=EDGE_CURVE('',#5474,#5474,#483,.T.);
#6978=EDGE_CURVE('',#5475,#5475,#484,.T.);
#6979=EDGE_CURVE('',#5476,#5477,#3105,.T.);
#6980=EDGE_CURVE('',#5476,#5478,#3106,.T.);
#6981=EDGE_CURVE('',#5478,#5479,#3107,.T.);
#6982=EDGE_CURVE('',#5477,#5479,#3108,.T.);
#6983=EDGE_CURVE('',#5480,#5476,#3109,.T.);
#6984=EDGE_CURVE('',#5480,#5481,#3110,.T.);
#6985=EDGE_CURVE('',#5481,#5478,#3111,.T.);
#6986=EDGE_CURVE('',#5482,#5480,#3112,.T.);
#6987=EDGE_CURVE('',#5482,#5483,#3113,.T.);
#6988=EDGE_CURVE('',#5483,#5481,#3114,.T.);
#6989=EDGE_CURVE('',#5477,#5482,#3115,.T.);
#6990=EDGE_CURVE('',#5479,#5483,#3116,.T.);
#6991=EDGE_CURVE('',#5484,#5484,#485,.T.);
#6992=EDGE_CURVE('',#5485,#5485,#486,.T.);
#6993=EDGE_CURVE('',#5486,#5486,#487,.T.);
#6994=EDGE_CURVE('',#5487,#5487,#488,.T.);
#6995=EDGE_CURVE('',#5488,#5488,#489,.T.);
#6996=EDGE_CURVE('',#5489,#5489,#490,.T.);
#6997=EDGE_CURVE('',#5490,#5490,#491,.T.);
#6998=EDGE_CURVE('',#5491,#5491,#492,.T.);
#6999=EDGE_CURVE('',#5492,#5493,#3117,.T.);
#7000=EDGE_CURVE('',#5492,#5494,#3118,.T.);
#7001=EDGE_CURVE('',#5494,#5495,#3119,.T.);
#7002=EDGE_CURVE('',#5493,#5495,#3120,.T.);
#7003=EDGE_CURVE('',#5496,#5492,#3121,.T.);
#7004=EDGE_CURVE('',#5496,#5497,#3122,.T.);
#7005=EDGE_CURVE('',#5497,#5494,#3123,.T.);
#7006=EDGE_CURVE('',#5498,#5496,#3124,.T.);
#7007=EDGE_CURVE('',#5498,#5499,#3125,.T.);
#7008=EDGE_CURVE('',#5499,#5497,#3126,.T.);
#7009=EDGE_CURVE('',#5493,#5498,#3127,.T.);
#7010=EDGE_CURVE('',#5495,#5499,#3128,.T.);
#7011=EDGE_CURVE('',#5500,#5501,#3129,.T.);
#7012=EDGE_CURVE('',#5501,#5502,#493,.T.);
#7013=EDGE_CURVE('',#5502,#5503,#3130,.T.);
#7014=EDGE_CURVE('',#5503,#5500,#283,.T.);
#7015=EDGE_CURVE('',#5504,#5505,#3131,.T.);
#7016=EDGE_CURVE('',#5505,#5506,#494,.T.);
#7017=EDGE_CURVE('',#5506,#5507,#3132,.T.);
#7018=EDGE_CURVE('',#5507,#5504,#284,.T.);
#7019=EDGE_CURVE('',#5503,#5504,#3133,.T.);
#7020=EDGE_CURVE('',#5507,#5500,#3134,.T.);
#7021=EDGE_CURVE('',#5508,#5505,#495,.T.);
#7022=EDGE_CURVE('',#5505,#5509,#3135,.T.);
#7023=EDGE_CURVE('',#5509,#5510,#496,.T.);
#7024=EDGE_CURVE('',#5510,#5508,#3136,.T.);
#7025=EDGE_CURVE('',#5511,#5512,#497,.T.);
#7026=EDGE_CURVE('',#5512,#5510,#498,.T.);
#7027=EDGE_CURVE('',#5509,#5511,#499,.T.);
#7028=EDGE_CURVE('',#5513,#5514,#500,.T.);
#7029=EDGE_CURVE('',#5514,#5512,#3137,.T.);
#7030=EDGE_CURVE('',#5511,#5513,#3138,.T.);
#7031=EDGE_CURVE('',#5508,#5506,#501,.T.);
#7032=EDGE_CURVE('',#5515,#5516,#3139,.T.);
#7033=EDGE_CURVE('',#5516,#5513,#502,.T.);
#7034=EDGE_CURVE('',#5513,#5517,#3140,.T.);
#7035=EDGE_CURVE('',#5517,#5515,#285,.T.);
#7036=EDGE_CURVE('',#5518,#5515,#3141,.T.);
#7037=EDGE_CURVE('',#5517,#5519,#3142,.T.);
#7038=EDGE_CURVE('',#5519,#5518,#286,.T.);
#7039=EDGE_CURVE('',#5519,#5520,#3143,.T.);
#7040=EDGE_CURVE('',#5520,#5521,#503,.T.);
#7041=EDGE_CURVE('',#5521,#5518,#3144,.T.);
#7042=EDGE_CURVE('',#5516,#5514,#504,.T.);
#7043=EDGE_CURVE('',#5522,#5520,#505,.T.);
#7044=EDGE_CURVE('',#5520,#5523,#3145,.T.);
#7045=EDGE_CURVE('',#5523,#5524,#506,.T.);
#7046=EDGE_CURVE('',#5524,#5522,#3146,.T.);
#7047=EDGE_CURVE('',#5525,#5526,#507,.T.);
#7048=EDGE_CURVE('',#5526,#5524,#508,.T.);
#7049=EDGE_CURVE('',#5523,#5525,#509,.T.);
#7050=EDGE_CURVE('',#5502,#5527,#510,.T.);
#7051=EDGE_CURVE('',#5527,#5526,#3147,.T.);
#7052=EDGE_CURVE('',#5525,#5502,#3148,.T.);
#7053=EDGE_CURVE('',#5522,#5521,#511,.T.);
#7054=EDGE_CURVE('',#5501,#5527,#512,.T.);
#7055=EDGE_CURVE('',#5523,#5511,#3149,.T.);
#7056=EDGE_CURVE('',#5528,#5514,#3150,.T.);
#7057=EDGE_CURVE('',#5529,#5528,#513,.T.);
#7058=EDGE_CURVE('',#5530,#5529,#3151,.T.);
#7059=EDGE_CURVE('',#5531,#5530,#514,.T.);
#7060=EDGE_CURVE('',#5532,#5531,#3152,.T.);
#7061=EDGE_CURVE('',#5533,#5532,#3153,.T.);
#7062=EDGE_CURVE('',#5534,#5533,#515,.T.);
#7063=EDGE_CURVE('',#5535,#5534,#3154,.T.);
#7064=EDGE_CURVE('',#5536,#5535,#3155,.T.);
#7065=EDGE_CURVE('',#5537,#5536,#516,.T.);
#7066=EDGE_CURVE('',#5538,#5537,#3156,.T.);
#7067=EDGE_CURVE('',#5539,#5538,#517,.T.);
#7068=EDGE_CURVE('',#5508,#5539,#3157,.T.);
#7069=EDGE_CURVE('',#5516,#5540,#3158,.T.);
#7070=EDGE_CURVE('',#5528,#5540,#518,.T.);
#7071=EDGE_CURVE('',#5515,#5541,#3159,.T.);
#7072=EDGE_CURVE('',#5541,#5540,#3160,.T.);
#7073=EDGE_CURVE('',#5542,#5518,#3161,.T.);
#7074=EDGE_CURVE('',#5541,#5542,#3162,.T.);
#7075=EDGE_CURVE('',#5543,#5521,#3163,.T.);
#7076=EDGE_CURVE('',#5543,#5542,#3164,.T.);
#7077=EDGE_CURVE('',#5522,#5544,#3165,.T.);
#7078=EDGE_CURVE('',#5544,#5543,#519,.T.);
#7079=EDGE_CURVE('',#5545,#5546,#3166,.T.);
#7080=EDGE_CURVE('',#5546,#5547,#520,.T.);
#7081=EDGE_CURVE('',#5547,#5548,#3167,.T.);
#7082=EDGE_CURVE('',#5548,#5545,#287,.T.);
#7083=EDGE_CURVE('',#5549,#5550,#3168,.T.);
#7084=EDGE_CURVE('',#5550,#5551,#521,.T.);
#7085=EDGE_CURVE('',#5551,#5552,#3169,.T.);
#7086=EDGE_CURVE('',#5552,#5549,#288,.T.);
#7087=EDGE_CURVE('',#5548,#5549,#3170,.T.);
#7088=EDGE_CURVE('',#5552,#5545,#3171,.T.);
#7089=EDGE_CURVE('',#5532,#5550,#522,.T.);
#7090=EDGE_CURVE('',#5550,#5553,#3172,.T.);
#7091=EDGE_CURVE('',#5553,#5533,#523,.T.);
#7092=EDGE_CURVE('',#5554,#5534,#524,.T.);
#7093=EDGE_CURVE('',#5553,#5554,#525,.T.);
#7094=EDGE_CURVE('',#5555,#5535,#526,.T.);
#7095=EDGE_CURVE('',#5554,#5555,#3173,.T.);
#7096=EDGE_CURVE('',#5532,#5551,#527,.T.);
#7097=EDGE_CURVE('',#5556,#5557,#3174,.T.);
#7098=EDGE_CURVE('',#5557,#5555,#528,.T.);
#7099=EDGE_CURVE('',#5555,#5558,#3175,.T.);
#7100=EDGE_CURVE('',#5558,#5556,#289,.T.);
#7101=EDGE_CURVE('',#5559,#5556,#3176,.T.);
#7102=EDGE_CURVE('',#5558,#5560,#3177,.T.);
#7103=EDGE_CURVE('',#5560,#5559,#290,.T.);
#7104=EDGE_CURVE('',#5560,#5561,#3178,.T.);
#7105=EDGE_CURVE('',#5561,#5562,#529,.T.);
#7106=EDGE_CURVE('',#5562,#5559,#3179,.T.);
#7107=EDGE_CURVE('',#5557,#5535,#530,.T.);
#7108=EDGE_CURVE('',#5563,#5561,#531,.T.);
#7109=EDGE_CURVE('',#5561,#5564,#3180,.T.);
#7110=EDGE_CURVE('',#5564,#5565,#532,.T.);
#7111=EDGE_CURVE('',#5565,#5563,#3181,.T.);
#7112=EDGE_CURVE('',#5566,#5567,#533,.T.);
#7113=EDGE_CURVE('',#5567,#5565,#534,.T.);
#7114=EDGE_CURVE('',#5564,#5566,#535,.T.);
#7115=EDGE_CURVE('',#5547,#5568,#536,.T.);
#7116=EDGE_CURVE('',#5568,#5567,#3182,.T.);
#7117=EDGE_CURVE('',#5566,#5547,#3183,.T.);
#7118=EDGE_CURVE('',#5563,#5562,#537,.T.);
#7119=EDGE_CURVE('',#5546,#5568,#538,.T.);
#7120=EDGE_CURVE('',#5564,#5554,#3184,.T.);
#7121=EDGE_CURVE('',#5557,#5569,#3185,.T.);
#7122=EDGE_CURVE('',#5536,#5569,#539,.T.);
#7123=EDGE_CURVE('',#5556,#5570,#3186,.T.);
#7124=EDGE_CURVE('',#5570,#5569,#3187,.T.);
#7125=EDGE_CURVE('',#5571,#5559,#3188,.T.);
#7126=EDGE_CURVE('',#5570,#5571,#3189,.T.);
#7127=EDGE_CURVE('',#5572,#5562,#3190,.T.);
#7128=EDGE_CURVE('',#5572,#5571,#3191,.T.);
#7129=EDGE_CURVE('',#5563,#5573,#3192,.T.);
#7130=EDGE_CURVE('',#5572,#5573,#540,.T.);
#7131=EDGE_CURVE('',#5574,#5575,#3193,.T.);
#7132=EDGE_CURVE('',#5576,#5574,#3194,.T.);
#7133=EDGE_CURVE('',#5577,#5576,#3195,.T.);
#7134=EDGE_CURVE('',#5575,#5577,#3196,.T.);
#7135=EDGE_CURVE('',#5566,#5553,#3197,.T.);
#7136=EDGE_CURVE('',#5578,#5527,#3198,.T.);
#7137=EDGE_CURVE('',#5579,#5578,#541,.T.);
#7138=EDGE_CURVE('',#5580,#5579,#3199,.T.);
#7139=EDGE_CURVE('',#5573,#5580,#542,.T.);
#7140=EDGE_CURVE('',#5581,#5568,#3200,.T.);
#7141=EDGE_CURVE('',#5582,#5581,#543,.T.);
#7142=EDGE_CURVE('',#5583,#5582,#3201,.T.);
#7143=EDGE_CURVE('',#5544,#5583,#544,.T.);
#7144=EDGE_CURVE('',#5546,#5584,#3202,.T.);
#7145=EDGE_CURVE('',#5581,#5584,#545,.T.);
#7146=EDGE_CURVE('',#5545,#5585,#3203,.T.);
#7147=EDGE_CURVE('',#5584,#5585,#3204,.T.);
#7148=EDGE_CURVE('',#5586,#5552,#3205,.T.);
#7149=EDGE_CURVE('',#5585,#5586,#3206,.T.);
#7150=EDGE_CURVE('',#5587,#5551,#3207,.T.);
#7151=EDGE_CURVE('',#5586,#5587,#3208,.T.);
#7152=EDGE_CURVE('',#5587,#5531,#546,.T.);
#7153=EDGE_CURVE('',#5525,#5509,#3209,.T.);
#7154=EDGE_CURVE('',#5501,#5588,#3210,.T.);
#7155=EDGE_CURVE('',#5578,#5588,#547,.T.);
#7156=EDGE_CURVE('',#5500,#5589,#3211,.T.);
#7157=EDGE_CURVE('',#5588,#5589,#3212,.T.);
#7158=EDGE_CURVE('',#5590,#5507,#3213,.T.);
#7159=EDGE_CURVE('',#5589,#5590,#3214,.T.);
#7160=EDGE_CURVE('',#5591,#5506,#3215,.T.);
#7161=EDGE_CURVE('',#5590,#5591,#3216,.T.);
#7162=EDGE_CURVE('',#5539,#5591,#548,.T.);
#7163=EDGE_CURVE('',#5592,#5593,#3217,.T.);
#7164=EDGE_CURVE('',#5594,#5592,#3218,.T.);
#7165=EDGE_CURVE('',#5595,#5594,#3219,.T.);
#7166=EDGE_CURVE('',#5593,#5595,#3220,.T.);
#7167=EDGE_CURVE('',#5580,#5596,#549,.T.);
#7168=EDGE_CURVE('',#5596,#5572,#550,.T.);
#7169=EDGE_CURVE('',#5579,#5597,#551,.T.);
#7170=EDGE_CURVE('',#5597,#5596,#3221,.T.);
#7171=EDGE_CURVE('',#5588,#5597,#552,.T.);
#7172=EDGE_CURVE('',#5583,#5598,#553,.T.);
#7173=EDGE_CURVE('',#5598,#5543,#554,.T.);
#7174=EDGE_CURVE('',#5582,#5599,#555,.T.);
#7175=EDGE_CURVE('',#5599,#5598,#3222,.T.);
#7176=EDGE_CURVE('',#5584,#5599,#556,.T.);
#7177=EDGE_CURVE('',#5599,#5592,#3223,.T.);
#7178=EDGE_CURVE('',#5593,#5598,#3224,.T.);
#7179=EDGE_CURVE('',#5585,#5592,#557,.T.);
#7180=EDGE_CURVE('',#5596,#5575,#3225,.T.);
#7181=EDGE_CURVE('',#5575,#5571,#558,.T.);
#7182=EDGE_CURVE('',#5530,#5600,#559,.T.);
#7183=EDGE_CURVE('',#5600,#5587,#560,.T.);
#7184=EDGE_CURVE('',#5529,#5601,#561,.T.);
#7185=EDGE_CURVE('',#5601,#5600,#3226,.T.);
#7186=EDGE_CURVE('',#5540,#5601,#562,.T.);
#7187=EDGE_CURVE('',#5538,#5602,#563,.T.);
#7188=EDGE_CURVE('',#5602,#5591,#564,.T.);
#7189=EDGE_CURVE('',#5537,#5603,#565,.T.);
#7190=EDGE_CURVE('',#5603,#5602,#3227,.T.);
#7191=EDGE_CURVE('',#5569,#5603,#566,.T.);
#7192=EDGE_CURVE('',#5577,#5603,#3228,.T.);
#7193=EDGE_CURVE('',#5576,#5602,#3229,.T.);
#7194=EDGE_CURVE('',#5570,#5577,#567,.T.);
#7195=EDGE_CURVE('',#5594,#5600,#3230,.T.);
#7196=EDGE_CURVE('',#5594,#5586,#568,.T.);
#7197=EDGE_CURVE('',#5597,#5574,#3231,.T.);
#7198=EDGE_CURVE('',#5589,#5574,#569,.T.);
#7199=EDGE_CURVE('',#5593,#5542,#570,.T.);
#7200=EDGE_CURVE('',#5576,#5590,#571,.T.);
#7201=EDGE_CURVE('',#5541,#5595,#572,.T.);
#7202=EDGE_CURVE('',#5601,#5595,#3232,.T.);
#7203=EDGE_CURVE('',#5604,#5605,#27,.T.);
#7204=EDGE_CURVE('',#5604,#5606,#3233,.T.);
#7205=EDGE_CURVE('',#5607,#5606,#28,.T.);
#7206=EDGE_CURVE('',#5605,#5607,#3234,.T.);
#7207=EDGE_CURVE('',#5608,#5604,#29,.T.);
#7208=EDGE_CURVE('',#5608,#5609,#3235,.T.);
#7209=EDGE_CURVE('',#5606,#5609,#30,.T.);
#7210=EDGE_CURVE('',#5605,#5608,#31,.T.);
#7211=EDGE_CURVE('',#5609,#5607,#32,.T.);
#7212=EDGE_CURVE('',#5610,#5611,#33,.T.);
#7213=EDGE_CURVE('',#5610,#5612,#3236,.T.);
#7214=EDGE_CURVE('',#5613,#5612,#34,.T.);
#7215=EDGE_CURVE('',#5611,#5613,#3237,.T.);
#7216=EDGE_CURVE('',#5611,#5614,#35,.T.);
#7217=EDGE_CURVE('',#5615,#5613,#36,.T.);
#7218=EDGE_CURVE('',#5614,#5615,#3238,.T.);
#7219=EDGE_CURVE('',#5614,#5616,#37,.T.);
#7220=EDGE_CURVE('',#5617,#5615,#38,.T.);
#7221=EDGE_CURVE('',#5616,#5617,#3239,.T.);
#7222=EDGE_CURVE('',#5616,#5610,#39,.T.);
#7223=EDGE_CURVE('',#5612,#5617,#40,.T.);
#7224=EDGE_CURVE('',#5618,#5619,#41,.T.);
#7225=EDGE_CURVE('',#5618,#5620,#3240,.T.);
#7226=EDGE_CURVE('',#5621,#5620,#42,.T.);
#7227=EDGE_CURVE('',#5619,#5621,#3241,.T.);
#7228=EDGE_CURVE('',#5622,#5618,#43,.T.);
#7229=EDGE_CURVE('',#5622,#5623,#3242,.T.);
#7230=EDGE_CURVE('',#5620,#5623,#44,.T.);
#7231=EDGE_CURVE('',#5624,#5622,#45,.T.);
#7232=EDGE_CURVE('',#5624,#5625,#3243,.T.);
#7233=EDGE_CURVE('',#5623,#5625,#46,.T.);
#7234=EDGE_CURVE('',#5626,#5624,#3244,.T.);
#7235=EDGE_CURVE('',#5626,#5627,#3245,.T.);
#7236=EDGE_CURVE('',#5625,#5627,#3246,.T.);
#7237=EDGE_CURVE('',#5619,#5626,#47,.T.);
#7238=EDGE_CURVE('',#5627,#5621,#48,.T.);
#7239=EDGE_CURVE('',#5628,#5629,#49,.T.);
#7240=EDGE_CURVE('',#5629,#5630,#3247,.T.);
#7241=EDGE_CURVE('',#5631,#5630,#50,.T.);
#7242=EDGE_CURVE('',#5628,#5631,#3248,.T.);
#7243=EDGE_CURVE('',#5632,#5628,#51,.T.);
#7244=EDGE_CURVE('',#5633,#5631,#52,.T.);
#7245=EDGE_CURVE('',#5632,#5633,#3249,.T.);
#7246=EDGE_CURVE('',#5634,#5632,#53,.T.);
#7247=EDGE_CURVE('',#5635,#5633,#54,.T.);
#7248=EDGE_CURVE('',#5634,#5635,#3250,.T.);
#7249=EDGE_CURVE('',#5636,#5634,#3251,.T.);
#7250=EDGE_CURVE('',#5637,#5635,#3252,.T.);
#7251=EDGE_CURVE('',#5636,#5637,#3253,.T.);
#7252=EDGE_CURVE('',#5638,#5636,#55,.T.);
#7253=EDGE_CURVE('',#5639,#5637,#56,.T.);
#7254=EDGE_CURVE('',#5638,#5639,#3254,.T.);
#7255=EDGE_CURVE('',#5640,#5638,#57,.T.);
#7256=EDGE_CURVE('',#5641,#5639,#58,.T.);
#7257=EDGE_CURVE('',#5640,#5641,#3255,.T.);
#7258=EDGE_CURVE('',#5642,#5640,#59,.T.);
#7259=EDGE_CURVE('',#5643,#5641,#60,.T.);
#7260=EDGE_CURVE('',#5642,#5643,#3256,.T.);
#7261=EDGE_CURVE('',#5644,#5642,#61,.T.);
#7262=EDGE_CURVE('',#5645,#5643,#62,.T.);
#7263=EDGE_CURVE('',#5644,#5645,#3257,.T.);
#7264=EDGE_CURVE('',#5646,#5644,#63,.T.);
#7265=EDGE_CURVE('',#5647,#5645,#64,.T.);
#7266=EDGE_CURVE('',#5646,#5647,#3258,.T.);
#7267=EDGE_CURVE('',#5629,#5646,#65,.T.);
#7268=EDGE_CURVE('',#5630,#5647,#66,.T.);
#7269=EDGE_CURVE('',#5648,#5649,#67,.T.);
#7270=EDGE_CURVE('',#5649,#5650,#3259,.T.);
#7271=EDGE_CURVE('',#5651,#5650,#68,.T.);
#7272=EDGE_CURVE('',#5648,#5651,#3260,.T.);
#7273=EDGE_CURVE('',#5652,#5648,#69,.T.);
#7274=EDGE_CURVE('',#5653,#5651,#70,.T.);
#7275=EDGE_CURVE('',#5652,#5653,#3261,.T.);
#7276=EDGE_CURVE('',#5654,#5652,#71,.T.);
#7277=EDGE_CURVE('',#5655,#5653,#72,.T.);
#7278=EDGE_CURVE('',#5654,#5655,#3262,.T.);
#7279=EDGE_CURVE('',#5656,#5654,#73,.T.);
#7280=EDGE_CURVE('',#5657,#5655,#74,.T.);
#7281=EDGE_CURVE('',#5656,#5657,#3263,.T.);
#7282=EDGE_CURVE('',#5658,#5656,#75,.T.);
#7283=EDGE_CURVE('',#5659,#5657,#76,.T.);
#7284=EDGE_CURVE('',#5658,#5659,#3264,.T.);
#7285=EDGE_CURVE('',#5660,#5658,#77,.T.);
#7286=EDGE_CURVE('',#5661,#5659,#78,.T.);
#7287=EDGE_CURVE('',#5660,#5661,#3265,.T.);
#7288=EDGE_CURVE('',#5662,#5660,#79,.T.);
#7289=EDGE_CURVE('',#5663,#5661,#80,.T.);
#7290=EDGE_CURVE('',#5662,#5663,#3266,.T.);
#7291=EDGE_CURVE('',#5664,#5662,#81,.T.);
#7292=EDGE_CURVE('',#5665,#5663,#82,.T.);
#7293=EDGE_CURVE('',#5664,#5665,#3267,.T.);
#7294=EDGE_CURVE('',#5666,#5664,#83,.T.);
#7295=EDGE_CURVE('',#5667,#5665,#84,.T.);
#7296=EDGE_CURVE('',#5666,#5667,#3268,.T.);
#7297=EDGE_CURVE('',#5668,#5666,#85,.T.);
#7298=EDGE_CURVE('',#5669,#5667,#86,.T.);
#7299=EDGE_CURVE('',#5668,#5669,#3269,.T.);
#7300=EDGE_CURVE('',#5670,#5668,#87,.T.);
#7301=EDGE_CURVE('',#5671,#5669,#88,.T.);
#7302=EDGE_CURVE('',#5670,#5671,#3270,.T.);
#7303=EDGE_CURVE('',#5672,#5670,#89,.T.);
#7304=EDGE_CURVE('',#5673,#5671,#90,.T.);
#7305=EDGE_CURVE('',#5672,#5673,#3271,.T.);
#7306=EDGE_CURVE('',#5674,#5672,#91,.T.);
#7307=EDGE_CURVE('',#5675,#5673,#92,.T.);
#7308=EDGE_CURVE('',#5674,#5675,#3272,.T.);
#7309=EDGE_CURVE('',#5676,#5674,#93,.T.);
#7310=EDGE_CURVE('',#5677,#5675,#94,.T.);
#7311=EDGE_CURVE('',#5676,#5677,#3273,.T.);
#7312=EDGE_CURVE('',#5678,#5676,#95,.T.);
#7313=EDGE_CURVE('',#5679,#5677,#96,.T.);
#7314=EDGE_CURVE('',#5678,#5679,#3274,.T.);
#7315=EDGE_CURVE('',#5649,#5678,#97,.T.);
#7316=EDGE_CURVE('',#5650,#5679,#98,.T.);
#7317=EDGE_CURVE('',#5680,#5681,#99,.T.);
#7318=EDGE_CURVE('',#5681,#5682,#3275,.T.);
#7319=EDGE_CURVE('',#5683,#5682,#100,.T.);
#7320=EDGE_CURVE('',#5680,#5683,#3276,.T.);
#7321=EDGE_CURVE('',#5684,#5680,#101,.T.);
#7322=EDGE_CURVE('',#5685,#5683,#102,.T.);
#7323=EDGE_CURVE('',#5684,#5685,#3277,.T.);
#7324=EDGE_CURVE('',#5681,#5684,#103,.T.);
#7325=EDGE_CURVE('',#5682,#5685,#104,.T.);
#7326=EDGE_CURVE('',#5686,#5687,#105,.T.);
#7327=EDGE_CURVE('',#5687,#5688,#3278,.T.);
#7328=EDGE_CURVE('',#5689,#5688,#106,.T.);
#7329=EDGE_CURVE('',#5686,#5689,#3279,.T.);
#7330=EDGE_CURVE('',#5690,#5686,#3280,.T.);
#7331=EDGE_CURVE('',#5691,#5689,#3281,.T.);
#7332=EDGE_CURVE('',#5690,#5691,#3282,.T.);
#7333=EDGE_CURVE('',#5692,#5690,#107,.T.);
#7334=EDGE_CURVE('',#5693,#5691,#108,.T.);
#7335=EDGE_CURVE('',#5692,#5693,#3283,.T.);
#7336=EDGE_CURVE('',#5694,#5692,#109,.T.);
#7337=EDGE_CURVE('',#5695,#5693,#110,.T.);
#7338=EDGE_CURVE('',#5694,#5695,#3284,.T.);
#7339=EDGE_CURVE('',#5696,#5694,#3285,.T.);
#7340=EDGE_CURVE('',#5697,#5695,#3286,.T.);
#7341=EDGE_CURVE('',#5696,#5697,#3287,.T.);
#7342=EDGE_CURVE('',#5687,#5696,#111,.T.);
#7343=EDGE_CURVE('',#5688,#5697,#112,.T.);
#7344=EDGE_CURVE('',#5698,#5699,#113,.T.);
#7345=EDGE_CURVE('',#5699,#5700,#3288,.T.);
#7346=EDGE_CURVE('',#5701,#5700,#114,.T.);
#7347=EDGE_CURVE('',#5698,#5701,#3289,.T.);
#7348=EDGE_CURVE('',#5702,#5698,#115,.T.);
#7349=EDGE_CURVE('',#5703,#5701,#116,.T.);
#7350=EDGE_CURVE('',#5702,#5703,#3290,.T.);
#7351=EDGE_CURVE('',#5704,#5702,#117,.T.);
#7352=EDGE_CURVE('',#5705,#5703,#118,.T.);
#7353=EDGE_CURVE('',#5704,#5705,#3291,.T.);
#7354=EDGE_CURVE('',#5706,#5704,#119,.T.);
#7355=EDGE_CURVE('',#5707,#5705,#120,.T.);
#7356=EDGE_CURVE('',#5706,#5707,#3292,.T.);
#7357=EDGE_CURVE('',#5708,#5706,#121,.T.);
#7358=EDGE_CURVE('',#5709,#5707,#122,.T.);
#7359=EDGE_CURVE('',#5708,#5709,#3293,.T.);
#7360=EDGE_CURVE('',#5710,#5708,#123,.T.);
#7361=EDGE_CURVE('',#5711,#5709,#124,.T.);
#7362=EDGE_CURVE('',#5710,#5711,#3294,.T.);
#7363=EDGE_CURVE('',#5712,#5710,#3295,.T.);
#7364=EDGE_CURVE('',#5713,#5711,#3296,.T.);
#7365=EDGE_CURVE('',#5712,#5713,#3297,.T.);
#7366=EDGE_CURVE('',#5714,#5712,#125,.T.);
#7367=EDGE_CURVE('',#5715,#5713,#126,.T.);
#7368=EDGE_CURVE('',#5714,#5715,#3298,.T.);
#7369=EDGE_CURVE('',#5716,#5714,#127,.T.);
#7370=EDGE_CURVE('',#5717,#5715,#128,.T.);
#7371=EDGE_CURVE('',#5716,#5717,#3299,.T.);
#7372=EDGE_CURVE('',#5718,#5716,#129,.T.);
#7373=EDGE_CURVE('',#5719,#5717,#130,.T.);
#7374=EDGE_CURVE('',#5718,#5719,#3300,.T.);
#7375=EDGE_CURVE('',#5720,#5718,#3301,.T.);
#7376=EDGE_CURVE('',#5721,#5719,#3302,.T.);
#7377=EDGE_CURVE('',#5720,#5721,#3303,.T.);
#7378=EDGE_CURVE('',#5722,#5720,#131,.T.);
#7379=EDGE_CURVE('',#5723,#5721,#132,.T.);
#7380=EDGE_CURVE('',#5722,#5723,#3304,.T.);
#7381=EDGE_CURVE('',#5724,#5722,#133,.T.);
#7382=EDGE_CURVE('',#5725,#5723,#134,.T.);
#7383=EDGE_CURVE('',#5724,#5725,#3305,.T.);
#7384=EDGE_CURVE('',#5726,#5724,#135,.T.);
#7385=EDGE_CURVE('',#5727,#5725,#136,.T.);
#7386=EDGE_CURVE('',#5726,#5727,#3306,.T.);
#7387=EDGE_CURVE('',#5699,#5726,#3307,.T.);
#7388=EDGE_CURVE('',#5700,#5727,#3308,.T.);
#7389=EDGE_CURVE('',#5728,#5729,#137,.T.);
#7390=EDGE_CURVE('',#5729,#5730,#3309,.T.);
#7391=EDGE_CURVE('',#5731,#5730,#138,.T.);
#7392=EDGE_CURVE('',#5728,#5731,#3310,.T.);
#7393=EDGE_CURVE('',#5732,#5728,#3311,.T.);
#7394=EDGE_CURVE('',#5733,#5731,#3312,.T.);
#7395=EDGE_CURVE('',#5732,#5733,#3313,.T.);
#7396=EDGE_CURVE('',#5734,#5732,#139,.T.);
#7397=EDGE_CURVE('',#5735,#5733,#140,.T.);
#7398=EDGE_CURVE('',#5734,#5735,#3314,.T.);
#7399=EDGE_CURVE('',#5736,#5734,#141,.T.);
#7400=EDGE_CURVE('',#5737,#5735,#142,.T.);
#7401=EDGE_CURVE('',#5736,#5737,#3315,.T.);
#7402=EDGE_CURVE('',#5738,#5736,#143,.T.);
#7403=EDGE_CURVE('',#5739,#5737,#144,.T.);
#7404=EDGE_CURVE('',#5738,#5739,#3316,.T.);
#7405=EDGE_CURVE('',#5740,#5738,#145,.T.);
#7406=EDGE_CURVE('',#5741,#5739,#146,.T.);
#7407=EDGE_CURVE('',#5740,#5741,#3317,.T.);
#7408=EDGE_CURVE('',#5742,#5740,#147,.T.);
#7409=EDGE_CURVE('',#5743,#5741,#148,.T.);
#7410=EDGE_CURVE('',#5742,#5743,#3318,.T.);
#7411=EDGE_CURVE('',#5744,#5742,#149,.T.);
#7412=EDGE_CURVE('',#5745,#5743,#150,.T.);
#7413=EDGE_CURVE('',#5744,#5745,#3319,.T.);
#7414=EDGE_CURVE('',#5746,#5744,#151,.T.);
#7415=EDGE_CURVE('',#5747,#5745,#152,.T.);
#7416=EDGE_CURVE('',#5746,#5747,#3320,.T.);
#7417=EDGE_CURVE('',#5748,#5746,#153,.T.);
#7418=EDGE_CURVE('',#5749,#5747,#154,.T.);
#7419=EDGE_CURVE('',#5748,#5749,#3321,.T.);
#7420=EDGE_CURVE('',#5750,#5748,#155,.T.);
#7421=EDGE_CURVE('',#5751,#5749,#156,.T.);
#7422=EDGE_CURVE('',#5750,#5751,#3322,.T.);
#7423=EDGE_CURVE('',#5752,#5750,#157,.T.);
#7424=EDGE_CURVE('',#5753,#5751,#158,.T.);
#7425=EDGE_CURVE('',#5752,#5753,#3323,.T.);
#7426=EDGE_CURVE('',#5754,#5752,#159,.T.);
#7427=EDGE_CURVE('',#5755,#5753,#160,.T.);
#7428=EDGE_CURVE('',#5754,#5755,#3324,.T.);
#7429=EDGE_CURVE('',#5756,#5754,#3325,.T.);
#7430=EDGE_CURVE('',#5757,#5755,#3326,.T.);
#7431=EDGE_CURVE('',#5756,#5757,#3327,.T.);
#7432=EDGE_CURVE('',#5758,#5756,#161,.T.);
#7433=EDGE_CURVE('',#5759,#5757,#162,.T.);
#7434=EDGE_CURVE('',#5758,#5759,#3328,.T.);
#7435=EDGE_CURVE('',#5760,#5758,#163,.T.);
#7436=EDGE_CURVE('',#5761,#5759,#164,.T.);
#7437=EDGE_CURVE('',#5760,#5761,#3329,.T.);
#7438=EDGE_CURVE('',#5762,#5760,#165,.T.);
#7439=EDGE_CURVE('',#5763,#5761,#166,.T.);
#7440=EDGE_CURVE('',#5762,#5763,#3330,.T.);
#7441=EDGE_CURVE('',#5764,#5762,#3331,.T.);
#7442=EDGE_CURVE('',#5765,#5763,#3332,.T.);
#7443=EDGE_CURVE('',#5764,#5765,#3333,.T.);
#7444=EDGE_CURVE('',#5766,#5764,#167,.T.);
#7445=EDGE_CURVE('',#5767,#5765,#168,.T.);
#7446=EDGE_CURVE('',#5766,#5767,#3334,.T.);
#7447=EDGE_CURVE('',#5768,#5766,#169,.T.);
#7448=EDGE_CURVE('',#5769,#5767,#170,.T.);
#7449=EDGE_CURVE('',#5768,#5769,#3335,.T.);
#7450=EDGE_CURVE('',#5770,#5768,#171,.T.);
#7451=EDGE_CURVE('',#5771,#5769,#172,.T.);
#7452=EDGE_CURVE('',#5770,#5771,#3336,.T.);
#7453=EDGE_CURVE('',#5772,#5770,#173,.T.);
#7454=EDGE_CURVE('',#5773,#5771,#174,.T.);
#7455=EDGE_CURVE('',#5772,#5773,#3337,.T.);
#7456=EDGE_CURVE('',#5774,#5772,#3338,.T.);
#7457=EDGE_CURVE('',#5775,#5773,#3339,.T.);
#7458=EDGE_CURVE('',#5774,#5775,#3340,.T.);
#7459=EDGE_CURVE('',#5776,#5774,#175,.T.);
#7460=EDGE_CURVE('',#5777,#5775,#176,.T.);
#7461=EDGE_CURVE('',#5776,#5777,#3341,.T.);
#7462=EDGE_CURVE('',#5729,#5776,#177,.T.);
#7463=EDGE_CURVE('',#5730,#5777,#178,.T.);
#7464=EDGE_CURVE('',#5778,#5778,#573,.T.);
#7465=EDGE_CURVE('',#5779,#5779,#574,.T.);
#7466=ORIENTED_EDGE('',*,*,#5780,.T.);
#7467=ORIENTED_EDGE('',*,*,#5781,.T.);
#7468=ORIENTED_EDGE('',*,*,#5782,.T.);
#7469=ORIENTED_EDGE('',*,*,#5783,.T.);
#7470=ORIENTED_EDGE('',*,*,#5784,.F.);
#7471=ORIENTED_EDGE('',*,*,#5785,.F.);
#7472=ORIENTED_EDGE('',*,*,#5786,.F.);
#7473=ORIENTED_EDGE('',*,*,#5787,.F.);
#7474=ORIENTED_EDGE('',*,*,#5788,.F.);
#7475=ORIENTED_EDGE('',*,*,#5789,.F.);
#7476=ORIENTED_EDGE('',*,*,#5790,.F.);
#7477=ORIENTED_EDGE('',*,*,#5791,.F.);
#7478=ORIENTED_EDGE('',*,*,#5785,.T.);
#7479=ORIENTED_EDGE('',*,*,#5792,.F.);
#7480=ORIENTED_EDGE('',*,*,#5790,.T.);
#7481=ORIENTED_EDGE('',*,*,#5793,.T.);
#7482=ORIENTED_EDGE('',*,*,#5786,.T.);
#7483=ORIENTED_EDGE('',*,*,#5793,.F.);
#7484=ORIENTED_EDGE('',*,*,#5789,.T.);
#7485=ORIENTED_EDGE('',*,*,#5794,.F.);
#7486=ORIENTED_EDGE('',*,*,#5795,.F.);
#7487=ORIENTED_EDGE('',*,*,#5796,.F.);
#7488=ORIENTED_EDGE('',*,*,#5797,.F.);
#7489=ORIENTED_EDGE('',*,*,#5798,.F.);
#7490=ORIENTED_EDGE('',*,*,#5799,.T.);
#7491=ORIENTED_EDGE('',*,*,#5800,.F.);
#7492=ORIENTED_EDGE('',*,*,#5801,.F.);
#7493=ORIENTED_EDGE('',*,*,#5802,.F.);
#7494=ORIENTED_EDGE('',*,*,#5803,.F.);
#7495=ORIENTED_EDGE('',*,*,#5804,.F.);
#7496=ORIENTED_EDGE('',*,*,#5805,.F.);
#7497=ORIENTED_EDGE('',*,*,#5803,.T.);
#7498=ORIENTED_EDGE('',*,*,#5806,.T.);
#7499=ORIENTED_EDGE('',*,*,#5807,.F.);
#7500=ORIENTED_EDGE('',*,*,#5808,.F.);
#7501=ORIENTED_EDGE('',*,*,#5809,.F.);
#7502=ORIENTED_EDGE('',*,*,#5810,.F.);
#7503=ORIENTED_EDGE('',*,*,#5801,.T.);
#7504=ORIENTED_EDGE('',*,*,#5811,.F.);
#7505=ORIENTED_EDGE('',*,*,#5797,.T.);
#7506=ORIENTED_EDGE('',*,*,#5812,.T.);
#7507=ORIENTED_EDGE('',*,*,#5813,.F.);
#7508=ORIENTED_EDGE('',*,*,#5814,.F.);
#7509=ORIENTED_EDGE('',*,*,#5806,.F.);
#7510=ORIENTED_EDGE('',*,*,#5802,.T.);
#7511=ORIENTED_EDGE('',*,*,#5810,.T.);
#7512=ORIENTED_EDGE('',*,*,#5815,.F.);
#7513=ORIENTED_EDGE('',*,*,#5816,.F.);
#7514=ORIENTED_EDGE('',*,*,#5817,.F.);
#7515=ORIENTED_EDGE('',*,*,#5795,.T.);
#7516=ORIENTED_EDGE('',*,*,#5818,.F.);
#7517=ORIENTED_EDGE('',*,*,#5812,.F.);
#7518=ORIENTED_EDGE('',*,*,#5796,.T.);
#7519=ORIENTED_EDGE('',*,*,#5817,.T.);
#7520=ORIENTED_EDGE('',*,*,#5811,.T.);
#7521=ORIENTED_EDGE('',*,*,#5819,.T.);
#7522=ORIENTED_EDGE('',*,*,#5820,.T.);
#7523=ORIENTED_EDGE('',*,*,#5821,.T.);
#7524=ORIENTED_EDGE('',*,*,#5781,.F.);
#7525=ORIENTED_EDGE('',*,*,#5822,.T.);
#7526=ORIENTED_EDGE('',*,*,#5823,.T.);
#7527=ORIENTED_EDGE('',*,*,#5824,.T.);
#7528=ORIENTED_EDGE('',*,*,#5798,.T.);
#7529=ORIENTED_EDGE('',*,*,#5788,.T.);
#7530=ORIENTED_EDGE('',*,*,#5825,.T.);
#7531=ORIENTED_EDGE('',*,*,#5815,.T.);
#7532=ORIENTED_EDGE('',*,*,#5794,.T.);
#7533=ORIENTED_EDGE('',*,*,#5808,.T.);
#7534=ORIENTED_EDGE('',*,*,#5800,.T.);
#7535=ORIENTED_EDGE('',*,*,#5826,.T.);
#7536=ORIENTED_EDGE('',*,*,#5827,.T.);
#7537=ORIENTED_EDGE('',*,*,#5828,.T.);
#7538=ORIENTED_EDGE('',*,*,#5783,.F.);
#7539=ORIENTED_EDGE('',*,*,#5829,.T.);
#7540=ORIENTED_EDGE('',*,*,#5830,.T.);
#7541=ORIENTED_EDGE('',*,*,#5831,.T.);
#7542=ORIENTED_EDGE('',*,*,#5784,.T.);
#7543=ORIENTED_EDGE('',*,*,#5832,.F.);
#7544=ORIENTED_EDGE('',*,*,#5807,.T.);
#7545=ORIENTED_EDGE('',*,*,#5814,.T.);
#7546=ORIENTED_EDGE('',*,*,#5809,.T.);
#7547=ORIENTED_EDGE('',*,*,#5831,.F.);
#7548=ORIENTED_EDGE('',*,*,#5833,.F.);
#7549=ORIENTED_EDGE('',*,*,#5819,.F.);
#7550=ORIENTED_EDGE('',*,*,#5813,.T.);
#7551=ORIENTED_EDGE('',*,*,#5818,.T.);
#7552=ORIENTED_EDGE('',*,*,#5816,.T.);
#7553=ORIENTED_EDGE('',*,*,#5825,.F.);
#7554=ORIENTED_EDGE('',*,*,#5791,.T.);
#7555=ORIENTED_EDGE('',*,*,#5792,.T.);
#7556=ORIENTED_EDGE('',*,*,#5833,.T.);
#7557=ORIENTED_EDGE('',*,*,#5830,.F.);
#7558=ORIENTED_EDGE('',*,*,#5834,.T.);
#7559=ORIENTED_EDGE('',*,*,#5820,.F.);
#7560=ORIENTED_EDGE('',*,*,#5835,.F.);
#7561=ORIENTED_EDGE('',*,*,#5826,.F.);
#7562=ORIENTED_EDGE('',*,*,#5799,.F.);
#7563=ORIENTED_EDGE('',*,*,#5824,.F.);
#7564=ORIENTED_EDGE('',*,*,#5787,.T.);
#7565=ORIENTED_EDGE('',*,*,#5804,.T.);
#7566=ORIENTED_EDGE('',*,*,#5805,.T.);
#7567=ORIENTED_EDGE('',*,*,#5832,.T.);
#7568=ORIENTED_EDGE('',*,*,#5835,.T.);
#7569=ORIENTED_EDGE('',*,*,#5823,.F.);
#7570=ORIENTED_EDGE('',*,*,#5836,.T.);
#7571=ORIENTED_EDGE('',*,*,#5827,.F.);
#7572=ORIENTED_EDGE('',*,*,#5834,.F.);
#7573=ORIENTED_EDGE('',*,*,#5829,.F.);
#7574=ORIENTED_EDGE('',*,*,#5782,.F.);
#7575=ORIENTED_EDGE('',*,*,#5821,.F.);
#7576=ORIENTED_EDGE('',*,*,#5780,.F.);
#7577=ORIENTED_EDGE('',*,*,#5828,.F.);
#7578=ORIENTED_EDGE('',*,*,#5836,.F.);
#7579=ORIENTED_EDGE('',*,*,#5822,.F.);
#7580=ORIENTED_EDGE('',*,*,#5837,.T.);
#7581=ORIENTED_EDGE('',*,*,#5838,.T.);
#7582=ORIENTED_EDGE('',*,*,#5839,.T.);
#7583=ORIENTED_EDGE('',*,*,#5840,.T.);
#7584=ORIENTED_EDGE('',*,*,#5841,.F.);
#7585=ORIENTED_EDGE('',*,*,#5842,.F.);
#7586=ORIENTED_EDGE('',*,*,#5843,.F.);
#7587=ORIENTED_EDGE('',*,*,#5844,.F.);
#7588=ORIENTED_EDGE('',*,*,#5845,.F.);
#7589=ORIENTED_EDGE('',*,*,#5846,.F.);
#7590=ORIENTED_EDGE('',*,*,#5847,.F.);
#7591=ORIENTED_EDGE('',*,*,#5848,.F.);
#7592=ORIENTED_EDGE('',*,*,#5842,.T.);
#7593=ORIENTED_EDGE('',*,*,#5849,.F.);
#7594=ORIENTED_EDGE('',*,*,#5847,.T.);
#7595=ORIENTED_EDGE('',*,*,#5850,.T.);
#7596=ORIENTED_EDGE('',*,*,#5843,.T.);
#7597=ORIENTED_EDGE('',*,*,#5850,.F.);
#7598=ORIENTED_EDGE('',*,*,#5846,.T.);
#7599=ORIENTED_EDGE('',*,*,#5851,.F.);
#7600=ORIENTED_EDGE('',*,*,#5852,.F.);
#7601=ORIENTED_EDGE('',*,*,#5853,.F.);
#7602=ORIENTED_EDGE('',*,*,#5854,.F.);
#7603=ORIENTED_EDGE('',*,*,#5855,.F.);
#7604=ORIENTED_EDGE('',*,*,#5856,.T.);
#7605=ORIENTED_EDGE('',*,*,#5857,.F.);
#7606=ORIENTED_EDGE('',*,*,#5858,.F.);
#7607=ORIENTED_EDGE('',*,*,#5859,.F.);
#7608=ORIENTED_EDGE('',*,*,#5860,.F.);
#7609=ORIENTED_EDGE('',*,*,#5861,.F.);
#7610=ORIENTED_EDGE('',*,*,#5862,.F.);
#7611=ORIENTED_EDGE('',*,*,#5860,.T.);
#7612=ORIENTED_EDGE('',*,*,#5863,.T.);
#7613=ORIENTED_EDGE('',*,*,#5864,.F.);
#7614=ORIENTED_EDGE('',*,*,#5865,.F.);
#7615=ORIENTED_EDGE('',*,*,#5866,.F.);
#7616=ORIENTED_EDGE('',*,*,#5867,.F.);
#7617=ORIENTED_EDGE('',*,*,#5858,.T.);
#7618=ORIENTED_EDGE('',*,*,#5868,.F.);
#7619=ORIENTED_EDGE('',*,*,#5854,.T.);
#7620=ORIENTED_EDGE('',*,*,#5869,.T.);
#7621=ORIENTED_EDGE('',*,*,#5870,.F.);
#7622=ORIENTED_EDGE('',*,*,#5871,.F.);
#7623=ORIENTED_EDGE('',*,*,#5863,.F.);
#7624=ORIENTED_EDGE('',*,*,#5859,.T.);
#7625=ORIENTED_EDGE('',*,*,#5867,.T.);
#7626=ORIENTED_EDGE('',*,*,#5872,.F.);
#7627=ORIENTED_EDGE('',*,*,#5873,.F.);
#7628=ORIENTED_EDGE('',*,*,#5874,.F.);
#7629=ORIENTED_EDGE('',*,*,#5852,.T.);
#7630=ORIENTED_EDGE('',*,*,#5875,.F.);
#7631=ORIENTED_EDGE('',*,*,#5869,.F.);
#7632=ORIENTED_EDGE('',*,*,#5853,.T.);
#7633=ORIENTED_EDGE('',*,*,#5874,.T.);
#7634=ORIENTED_EDGE('',*,*,#5868,.T.);
#7635=ORIENTED_EDGE('',*,*,#5876,.T.);
#7636=ORIENTED_EDGE('',*,*,#5877,.T.);
#7637=ORIENTED_EDGE('',*,*,#5878,.T.);
#7638=ORIENTED_EDGE('',*,*,#5839,.F.);
#7639=ORIENTED_EDGE('',*,*,#5879,.T.);
#7640=ORIENTED_EDGE('',*,*,#5880,.T.);
#7641=ORIENTED_EDGE('',*,*,#5881,.T.);
#7642=ORIENTED_EDGE('',*,*,#5855,.T.);
#7643=ORIENTED_EDGE('',*,*,#5845,.T.);
#7644=ORIENTED_EDGE('',*,*,#5882,.T.);
#7645=ORIENTED_EDGE('',*,*,#5872,.T.);
#7646=ORIENTED_EDGE('',*,*,#5851,.T.);
#7647=ORIENTED_EDGE('',*,*,#5865,.T.);
#7648=ORIENTED_EDGE('',*,*,#5857,.T.);
#7649=ORIENTED_EDGE('',*,*,#5883,.T.);
#7650=ORIENTED_EDGE('',*,*,#5884,.T.);
#7651=ORIENTED_EDGE('',*,*,#5885,.T.);
#7652=ORIENTED_EDGE('',*,*,#5837,.F.);
#7653=ORIENTED_EDGE('',*,*,#5886,.T.);
#7654=ORIENTED_EDGE('',*,*,#5887,.T.);
#7655=ORIENTED_EDGE('',*,*,#5888,.T.);
#7656=ORIENTED_EDGE('',*,*,#5841,.T.);
#7657=ORIENTED_EDGE('',*,*,#5889,.F.);
#7658=ORIENTED_EDGE('',*,*,#5864,.T.);
#7659=ORIENTED_EDGE('',*,*,#5871,.T.);
#7660=ORIENTED_EDGE('',*,*,#5866,.T.);
#7661=ORIENTED_EDGE('',*,*,#5888,.F.);
#7662=ORIENTED_EDGE('',*,*,#5890,.F.);
#7663=ORIENTED_EDGE('',*,*,#5876,.F.);
#7664=ORIENTED_EDGE('',*,*,#5870,.T.);
#7665=ORIENTED_EDGE('',*,*,#5875,.T.);
#7666=ORIENTED_EDGE('',*,*,#5873,.T.);
#7667=ORIENTED_EDGE('',*,*,#5882,.F.);
#7668=ORIENTED_EDGE('',*,*,#5848,.T.);
#7669=ORIENTED_EDGE('',*,*,#5849,.T.);
#7670=ORIENTED_EDGE('',*,*,#5890,.T.);
#7671=ORIENTED_EDGE('',*,*,#5887,.F.);
#7672=ORIENTED_EDGE('',*,*,#5891,.T.);
#7673=ORIENTED_EDGE('',*,*,#5877,.F.);
#7674=ORIENTED_EDGE('',*,*,#5892,.F.);
#7675=ORIENTED_EDGE('',*,*,#5883,.F.);
#7676=ORIENTED_EDGE('',*,*,#5856,.F.);
#7677=ORIENTED_EDGE('',*,*,#5881,.F.);
#7678=ORIENTED_EDGE('',*,*,#5844,.T.);
#7679=ORIENTED_EDGE('',*,*,#5861,.T.);
#7680=ORIENTED_EDGE('',*,*,#5862,.T.);
#7681=ORIENTED_EDGE('',*,*,#5889,.T.);
#7682=ORIENTED_EDGE('',*,*,#5892,.T.);
#7683=ORIENTED_EDGE('',*,*,#5880,.F.);
#7684=ORIENTED_EDGE('',*,*,#5893,.T.);
#7685=ORIENTED_EDGE('',*,*,#5884,.F.);
#7686=ORIENTED_EDGE('',*,*,#5891,.F.);
#7687=ORIENTED_EDGE('',*,*,#5886,.F.);
#7688=ORIENTED_EDGE('',*,*,#5840,.F.);
#7689=ORIENTED_EDGE('',*,*,#5878,.F.);
#7690=ORIENTED_EDGE('',*,*,#5838,.F.);
#7691=ORIENTED_EDGE('',*,*,#5885,.F.);
#7692=ORIENTED_EDGE('',*,*,#5893,.F.);
#7693=ORIENTED_EDGE('',*,*,#5879,.F.);
#7694=ORIENTED_EDGE('',*,*,#5894,.T.);
#7695=ORIENTED_EDGE('',*,*,#5895,.F.);
#7696=ORIENTED_EDGE('',*,*,#5896,.T.);
#7697=ORIENTED_EDGE('',*,*,#5897,.T.);
#7698=ORIENTED_EDGE('',*,*,#5898,.T.);
#7699=ORIENTED_EDGE('',*,*,#5899,.F.);
#7700=ORIENTED_EDGE('',*,*,#5900,.T.);
#7701=ORIENTED_EDGE('',*,*,#5901,.T.);
#7702=ORIENTED_EDGE('',*,*,#5902,.T.);
#7703=ORIENTED_EDGE('',*,*,#5903,.F.);
#7704=ORIENTED_EDGE('',*,*,#5904,.T.);
#7705=ORIENTED_EDGE('',*,*,#5905,.F.);
#7706=ORIENTED_EDGE('',*,*,#5906,.F.);
#7707=ORIENTED_EDGE('',*,*,#5907,.T.);
#7708=ORIENTED_EDGE('',*,*,#5908,.T.);
#7709=ORIENTED_EDGE('',*,*,#5909,.T.);
#7710=ORIENTED_EDGE('',*,*,#5895,.T.);
#7711=ORIENTED_EDGE('',*,*,#5910,.T.);
#7712=ORIENTED_EDGE('',*,*,#5911,.T.);
#7713=ORIENTED_EDGE('',*,*,#5912,.T.);
#7714=ORIENTED_EDGE('',*,*,#5900,.F.);
#7715=ORIENTED_EDGE('',*,*,#5908,.F.);
#7716=ORIENTED_EDGE('',*,*,#5913,.T.);
#7717=ORIENTED_EDGE('',*,*,#5914,.F.);
#7718=ORIENTED_EDGE('',*,*,#5915,.F.);
#7719=ORIENTED_EDGE('',*,*,#5916,.F.);
#7720=ORIENTED_EDGE('',*,*,#5917,.F.);
#7721=ORIENTED_EDGE('',*,*,#5913,.F.);
#7722=ORIENTED_EDGE('',*,*,#5907,.F.);
#7723=ORIENTED_EDGE('',*,*,#5896,.F.);
#7724=ORIENTED_EDGE('',*,*,#5909,.F.);
#7725=ORIENTED_EDGE('',*,*,#5915,.T.);
#7726=ORIENTED_EDGE('',*,*,#5918,.F.);
#7727=ORIENTED_EDGE('',*,*,#5894,.F.);
#7728=ORIENTED_EDGE('',*,*,#5919,.F.);
#7729=ORIENTED_EDGE('',*,*,#5920,.F.);
#7730=ORIENTED_EDGE('',*,*,#5910,.F.);
#7731=ORIENTED_EDGE('',*,*,#5911,.F.);
#7732=ORIENTED_EDGE('',*,*,#5920,.T.);
#7733=ORIENTED_EDGE('',*,*,#5921,.F.);
#7734=ORIENTED_EDGE('',*,*,#5922,.F.);
#7735=ORIENTED_EDGE('',*,*,#5901,.F.);
#7736=ORIENTED_EDGE('',*,*,#5912,.F.);
#7737=ORIENTED_EDGE('',*,*,#5922,.T.);
#7738=ORIENTED_EDGE('',*,*,#5923,.F.);
#7739=ORIENTED_EDGE('',*,*,#5924,.F.);
#7740=ORIENTED_EDGE('',*,*,#5925,.F.);
#7741=ORIENTED_EDGE('',*,*,#5926,.F.);
#7742=ORIENTED_EDGE('',*,*,#5927,.F.);
#7743=ORIENTED_EDGE('',*,*,#5928,.F.);
#7744=ORIENTED_EDGE('',*,*,#5929,.F.);
#7745=ORIENTED_EDGE('',*,*,#5930,.F.);
#7746=ORIENTED_EDGE('',*,*,#5931,.F.);
#7747=ORIENTED_EDGE('',*,*,#5932,.F.);
#7748=ORIENTED_EDGE('',*,*,#5902,.F.);
#7749=ORIENTED_EDGE('',*,*,#5923,.T.);
#7750=ORIENTED_EDGE('',*,*,#5921,.T.);
#7751=ORIENTED_EDGE('',*,*,#5919,.T.);
#7752=ORIENTED_EDGE('',*,*,#5897,.F.);
#7753=ORIENTED_EDGE('',*,*,#5918,.T.);
#7754=ORIENTED_EDGE('',*,*,#5914,.T.);
#7755=ORIENTED_EDGE('',*,*,#5917,.T.);
#7756=ORIENTED_EDGE('',*,*,#5933,.F.);
#7757=ORIENTED_EDGE('',*,*,#5903,.T.);
#7758=ORIENTED_EDGE('',*,*,#5932,.T.);
#7759=ORIENTED_EDGE('',*,*,#5934,.T.);
#7760=ORIENTED_EDGE('',*,*,#5935,.T.);
#7761=ORIENTED_EDGE('',*,*,#5936,.T.);
#7762=ORIENTED_EDGE('',*,*,#5937,.T.);
#7763=ORIENTED_EDGE('',*,*,#5934,.F.);
#7764=ORIENTED_EDGE('',*,*,#5933,.T.);
#7765=ORIENTED_EDGE('',*,*,#5916,.T.);
#7766=ORIENTED_EDGE('',*,*,#5906,.T.);
#7767=ORIENTED_EDGE('',*,*,#5938,.F.);
#7768=ORIENTED_EDGE('',*,*,#5939,.T.);
#7769=ORIENTED_EDGE('',*,*,#5926,.T.);
#7770=ORIENTED_EDGE('',*,*,#5940,.F.);
#7771=ORIENTED_EDGE('',*,*,#5941,.T.);
#7772=ORIENTED_EDGE('',*,*,#5942,.T.);
#7773=ORIENTED_EDGE('',*,*,#5943,.T.);
#7774=ORIENTED_EDGE('',*,*,#5944,.F.);
#7775=ORIENTED_EDGE('',*,*,#5924,.T.);
#7776=ORIENTED_EDGE('',*,*,#5941,.F.);
#7777=ORIENTED_EDGE('',*,*,#5945,.F.);
#7778=ORIENTED_EDGE('',*,*,#5943,.F.);
#7779=ORIENTED_EDGE('',*,*,#5946,.T.);
#7780=ORIENTED_EDGE('',*,*,#5947,.T.);
#7781=ORIENTED_EDGE('',*,*,#5948,.T.);
#7782=ORIENTED_EDGE('',*,*,#5904,.F.);
#7783=ORIENTED_EDGE('',*,*,#5935,.F.);
#7784=ORIENTED_EDGE('',*,*,#5937,.F.);
#7785=ORIENTED_EDGE('',*,*,#5949,.T.);
#7786=ORIENTED_EDGE('',*,*,#5950,.T.);
#7787=ORIENTED_EDGE('',*,*,#5951,.T.);
#7788=ORIENTED_EDGE('',*,*,#5952,.T.);
#7789=ORIENTED_EDGE('',*,*,#5938,.T.);
#7790=ORIENTED_EDGE('',*,*,#5905,.T.);
#7791=ORIENTED_EDGE('',*,*,#5899,.T.);
#7792=ORIENTED_EDGE('',*,*,#5930,.T.);
#7793=ORIENTED_EDGE('',*,*,#5953,.T.);
#7794=ORIENTED_EDGE('',*,*,#5947,.F.);
#7795=ORIENTED_EDGE('',*,*,#5954,.F.);
#7796=ORIENTED_EDGE('',*,*,#5898,.F.);
#7797=ORIENTED_EDGE('',*,*,#5948,.F.);
#7798=ORIENTED_EDGE('',*,*,#5953,.F.);
#7799=ORIENTED_EDGE('',*,*,#5929,.T.);
#7800=ORIENTED_EDGE('',*,*,#5955,.T.);
#7801=ORIENTED_EDGE('',*,*,#5949,.F.);
#7802=ORIENTED_EDGE('',*,*,#5936,.F.);
#7803=ORIENTED_EDGE('',*,*,#5952,.F.);
#7804=ORIENTED_EDGE('',*,*,#5928,.T.);
#7805=ORIENTED_EDGE('',*,*,#5956,.T.);
#7806=ORIENTED_EDGE('',*,*,#5950,.F.);
#7807=ORIENTED_EDGE('',*,*,#5955,.F.);
#7808=ORIENTED_EDGE('',*,*,#5942,.F.);
#7809=ORIENTED_EDGE('',*,*,#5931,.T.);
#7810=ORIENTED_EDGE('',*,*,#5954,.T.);
#7811=ORIENTED_EDGE('',*,*,#5946,.F.);
#7812=ORIENTED_EDGE('',*,*,#5939,.F.);
#7813=ORIENTED_EDGE('',*,*,#5951,.F.);
#7814=ORIENTED_EDGE('',*,*,#5956,.F.);
#7815=ORIENTED_EDGE('',*,*,#5927,.T.);
#7816=ORIENTED_EDGE('',*,*,#5940,.T.);
#7817=ORIENTED_EDGE('',*,*,#5925,.T.);
#7818=ORIENTED_EDGE('',*,*,#5944,.T.);
#7819=ORIENTED_EDGE('',*,*,#5945,.T.);
#7820=ORIENTED_EDGE('',*,*,#5957,.T.);
#7821=ORIENTED_EDGE('',*,*,#5958,.T.);
#7822=ORIENTED_EDGE('',*,*,#5959,.T.);
#7823=ORIENTED_EDGE('',*,*,#5960,.T.);
#7824=ORIENTED_EDGE('',*,*,#5961,.F.);
#7825=ORIENTED_EDGE('',*,*,#5962,.F.);
#7826=ORIENTED_EDGE('',*,*,#5963,.F.);
#7827=ORIENTED_EDGE('',*,*,#5964,.T.);
#7828=ORIENTED_EDGE('',*,*,#5965,.F.);
#7829=ORIENTED_EDGE('',*,*,#5966,.T.);
#7830=ORIENTED_EDGE('',*,*,#5967,.T.);
#7831=ORIENTED_EDGE('',*,*,#5968,.F.);
#7832=ORIENTED_EDGE('',*,*,#5969,.T.);
#7833=ORIENTED_EDGE('',*,*,#5963,.T.);
#7834=ORIENTED_EDGE('',*,*,#5970,.F.);
#7835=ORIENTED_EDGE('',*,*,#5971,.F.);
#7836=ORIENTED_EDGE('',*,*,#5972,.F.);
#7837=ORIENTED_EDGE('',*,*,#5973,.F.);
#7838=ORIENTED_EDGE('',*,*,#5974,.F.);
#7839=ORIENTED_EDGE('',*,*,#5975,.T.);
#7840=ORIENTED_EDGE('',*,*,#5971,.T.);
#7841=ORIENTED_EDGE('',*,*,#5976,.F.);
#7842=ORIENTED_EDGE('',*,*,#5977,.F.);
#7843=ORIENTED_EDGE('',*,*,#5978,.F.);
#7844=ORIENTED_EDGE('',*,*,#5979,.T.);
#7845=ORIENTED_EDGE('',*,*,#5974,.T.);
#7846=ORIENTED_EDGE('',*,*,#5980,.F.);
#7847=ORIENTED_EDGE('',*,*,#5967,.F.);
#7848=ORIENTED_EDGE('',*,*,#5978,.T.);
#7849=ORIENTED_EDGE('',*,*,#5981,.T.);
#7850=ORIENTED_EDGE('',*,*,#5982,.T.);
#7851=ORIENTED_EDGE('',*,*,#5983,.T.);
#7852=ORIENTED_EDGE('',*,*,#5984,.F.);
#7853=ORIENTED_EDGE('',*,*,#5960,.F.);
#7854=ORIENTED_EDGE('',*,*,#5985,.F.);
#7855=ORIENTED_EDGE('',*,*,#5968,.T.);
#7856=ORIENTED_EDGE('',*,*,#5980,.T.);
#7857=ORIENTED_EDGE('',*,*,#5973,.T.);
#7858=ORIENTED_EDGE('',*,*,#5986,.F.);
#7859=ORIENTED_EDGE('',*,*,#5987,.F.);
#7860=ORIENTED_EDGE('',*,*,#5988,.F.);
#7861=ORIENTED_EDGE('',*,*,#5976,.T.);
#7862=ORIENTED_EDGE('',*,*,#5970,.T.);
#7863=ORIENTED_EDGE('',*,*,#5962,.T.);
#7864=ORIENTED_EDGE('',*,*,#5965,.T.);
#7865=ORIENTED_EDGE('',*,*,#5985,.T.);
#7866=ORIENTED_EDGE('',*,*,#5959,.F.);
#7867=ORIENTED_EDGE('',*,*,#5989,.T.);
#7868=ORIENTED_EDGE('',*,*,#5961,.T.);
#7869=ORIENTED_EDGE('',*,*,#5990,.T.);
#7870=ORIENTED_EDGE('',*,*,#5957,.F.);
#7871=ORIENTED_EDGE('',*,*,#5984,.T.);
#7872=ORIENTED_EDGE('',*,*,#5977,.T.);
#7873=ORIENTED_EDGE('',*,*,#5988,.T.);
#7874=ORIENTED_EDGE('',*,*,#5991,.F.);
#7875=ORIENTED_EDGE('',*,*,#5992,.T.);
#7876=ORIENTED_EDGE('',*,*,#5993,.T.);
#7877=ORIENTED_EDGE('',*,*,#5994,.T.);
#7878=ORIENTED_EDGE('',*,*,#5981,.F.);
#7879=ORIENTED_EDGE('',*,*,#5995,.T.);
#7880=ORIENTED_EDGE('',*,*,#5996,.T.);
#7881=ORIENTED_EDGE('',*,*,#5991,.T.);
#7882=ORIENTED_EDGE('',*,*,#5987,.T.);
#7883=ORIENTED_EDGE('',*,*,#5996,.F.);
#7884=ORIENTED_EDGE('',*,*,#5997,.F.);
#7885=ORIENTED_EDGE('',*,*,#5998,.T.);
#7886=ORIENTED_EDGE('',*,*,#5999,.T.);
#7887=ORIENTED_EDGE('',*,*,#6000,.T.);
#7888=ORIENTED_EDGE('',*,*,#6001,.F.);
#7889=ORIENTED_EDGE('',*,*,#6002,.T.);
#7890=ORIENTED_EDGE('',*,*,#6003,.T.);
#7891=ORIENTED_EDGE('',*,*,#6004,.T.);
#7892=ORIENTED_EDGE('',*,*,#5992,.F.);
#7893=ORIENTED_EDGE('',*,*,#5989,.F.);
#7894=ORIENTED_EDGE('',*,*,#5958,.F.);
#7895=ORIENTED_EDGE('',*,*,#5990,.F.);
#7896=ORIENTED_EDGE('',*,*,#5964,.F.);
#7897=ORIENTED_EDGE('',*,*,#5969,.F.);
#7898=ORIENTED_EDGE('',*,*,#5975,.F.);
#7899=ORIENTED_EDGE('',*,*,#5979,.F.);
#7900=ORIENTED_EDGE('',*,*,#5966,.F.);
#7901=ORIENTED_EDGE('',*,*,#6005,.F.);
#7902=ORIENTED_EDGE('',*,*,#6006,.F.);
#7903=ORIENTED_EDGE('',*,*,#6007,.T.);
#7904=ORIENTED_EDGE('',*,*,#5998,.F.);
#7905=ORIENTED_EDGE('',*,*,#6008,.F.);
#7906=ORIENTED_EDGE('',*,*,#6009,.T.);
#7907=ORIENTED_EDGE('',*,*,#5999,.F.);
#7908=ORIENTED_EDGE('',*,*,#6007,.F.);
#7909=ORIENTED_EDGE('',*,*,#6010,.F.);
#7910=ORIENTED_EDGE('',*,*,#6000,.F.);
#7911=ORIENTED_EDGE('',*,*,#6009,.F.);
#7912=ORIENTED_EDGE('',*,*,#6011,.F.);
#7913=ORIENTED_EDGE('',*,*,#6012,.F.);
#7914=ORIENTED_EDGE('',*,*,#6013,.F.);
#7915=ORIENTED_EDGE('',*,*,#6014,.T.);
#7916=ORIENTED_EDGE('',*,*,#6002,.F.);
#7917=ORIENTED_EDGE('',*,*,#5993,.F.);
#7918=ORIENTED_EDGE('',*,*,#6004,.F.);
#7919=ORIENTED_EDGE('',*,*,#6015,.F.);
#7920=ORIENTED_EDGE('',*,*,#6016,.F.);
#7921=ORIENTED_EDGE('',*,*,#6017,.F.);
#7922=ORIENTED_EDGE('',*,*,#6015,.T.);
#7923=ORIENTED_EDGE('',*,*,#6003,.F.);
#7924=ORIENTED_EDGE('',*,*,#6014,.F.);
#7925=ORIENTED_EDGE('',*,*,#5982,.F.);
#7926=ORIENTED_EDGE('',*,*,#5994,.F.);
#7927=ORIENTED_EDGE('',*,*,#6016,.T.);
#7928=ORIENTED_EDGE('',*,*,#6017,.T.);
#7929=ORIENTED_EDGE('',*,*,#6013,.T.);
#7930=ORIENTED_EDGE('',*,*,#6018,.T.);
#7931=ORIENTED_EDGE('',*,*,#6011,.T.);
#7932=ORIENTED_EDGE('',*,*,#6008,.T.);
#7933=ORIENTED_EDGE('',*,*,#6006,.T.);
#7934=ORIENTED_EDGE('',*,*,#6019,.F.);
#7935=ORIENTED_EDGE('',*,*,#5972,.T.);
#7936=ORIENTED_EDGE('',*,*,#5983,.F.);
#7937=ORIENTED_EDGE('',*,*,#6019,.T.);
#7938=ORIENTED_EDGE('',*,*,#6005,.T.);
#7939=ORIENTED_EDGE('',*,*,#5997,.T.);
#7940=ORIENTED_EDGE('',*,*,#5995,.F.);
#7941=ORIENTED_EDGE('',*,*,#5986,.T.);
#7942=ORIENTED_EDGE('',*,*,#6010,.T.);
#7943=ORIENTED_EDGE('',*,*,#6018,.F.);
#7944=ORIENTED_EDGE('',*,*,#6012,.T.);
#7945=ORIENTED_EDGE('',*,*,#6001,.T.);
#7946=ORIENTED_EDGE('',*,*,#6020,.T.);
#7947=ORIENTED_EDGE('',*,*,#6021,.F.);
#7948=ORIENTED_EDGE('',*,*,#6022,.T.);
#7949=ORIENTED_EDGE('',*,*,#6023,.T.);
#7950=ORIENTED_EDGE('',*,*,#6024,.T.);
#7951=ORIENTED_EDGE('',*,*,#6025,.F.);
#7952=ORIENTED_EDGE('',*,*,#6026,.T.);
#7953=ORIENTED_EDGE('',*,*,#6027,.T.);
#7954=ORIENTED_EDGE('',*,*,#6028,.T.);
#7955=ORIENTED_EDGE('',*,*,#6029,.F.);
#7956=ORIENTED_EDGE('',*,*,#6030,.T.);
#7957=ORIENTED_EDGE('',*,*,#6031,.F.);
#7958=ORIENTED_EDGE('',*,*,#6032,.F.);
#7959=ORIENTED_EDGE('',*,*,#6033,.T.);
#7960=ORIENTED_EDGE('',*,*,#6034,.T.);
#7961=ORIENTED_EDGE('',*,*,#6035,.T.);
#7962=ORIENTED_EDGE('',*,*,#6021,.T.);
#7963=ORIENTED_EDGE('',*,*,#6036,.T.);
#7964=ORIENTED_EDGE('',*,*,#6037,.T.);
#7965=ORIENTED_EDGE('',*,*,#6038,.T.);
#7966=ORIENTED_EDGE('',*,*,#6026,.F.);
#7967=ORIENTED_EDGE('',*,*,#6034,.F.);
#7968=ORIENTED_EDGE('',*,*,#6039,.T.);
#7969=ORIENTED_EDGE('',*,*,#6040,.F.);
#7970=ORIENTED_EDGE('',*,*,#6041,.F.);
#7971=ORIENTED_EDGE('',*,*,#6042,.F.);
#7972=ORIENTED_EDGE('',*,*,#6043,.F.);
#7973=ORIENTED_EDGE('',*,*,#6039,.F.);
#7974=ORIENTED_EDGE('',*,*,#6033,.F.);
#7975=ORIENTED_EDGE('',*,*,#6022,.F.);
#7976=ORIENTED_EDGE('',*,*,#6035,.F.);
#7977=ORIENTED_EDGE('',*,*,#6041,.T.);
#7978=ORIENTED_EDGE('',*,*,#6044,.F.);
#7979=ORIENTED_EDGE('',*,*,#6020,.F.);
#7980=ORIENTED_EDGE('',*,*,#6045,.F.);
#7981=ORIENTED_EDGE('',*,*,#6046,.F.);
#7982=ORIENTED_EDGE('',*,*,#6036,.F.);
#7983=ORIENTED_EDGE('',*,*,#6037,.F.);
#7984=ORIENTED_EDGE('',*,*,#6046,.T.);
#7985=ORIENTED_EDGE('',*,*,#6047,.F.);
#7986=ORIENTED_EDGE('',*,*,#6048,.F.);
#7987=ORIENTED_EDGE('',*,*,#6027,.F.);
#7988=ORIENTED_EDGE('',*,*,#6038,.F.);
#7989=ORIENTED_EDGE('',*,*,#6048,.T.);
#7990=ORIENTED_EDGE('',*,*,#6049,.F.);
#7991=ORIENTED_EDGE('',*,*,#6050,.F.);
#7992=ORIENTED_EDGE('',*,*,#6051,.F.);
#7993=ORIENTED_EDGE('',*,*,#6052,.F.);
#7994=ORIENTED_EDGE('',*,*,#6053,.F.);
#7995=ORIENTED_EDGE('',*,*,#6054,.F.);
#7996=ORIENTED_EDGE('',*,*,#6055,.F.);
#7997=ORIENTED_EDGE('',*,*,#6056,.F.);
#7998=ORIENTED_EDGE('',*,*,#6057,.F.);
#7999=ORIENTED_EDGE('',*,*,#6058,.F.);
#8000=ORIENTED_EDGE('',*,*,#6028,.F.);
#8001=ORIENTED_EDGE('',*,*,#6049,.T.);
#8002=ORIENTED_EDGE('',*,*,#6047,.T.);
#8003=ORIENTED_EDGE('',*,*,#6045,.T.);
#8004=ORIENTED_EDGE('',*,*,#6023,.F.);
#8005=ORIENTED_EDGE('',*,*,#6044,.T.);
#8006=ORIENTED_EDGE('',*,*,#6040,.T.);
#8007=ORIENTED_EDGE('',*,*,#6043,.T.);
#8008=ORIENTED_EDGE('',*,*,#6059,.F.);
#8009=ORIENTED_EDGE('',*,*,#6029,.T.);
#8010=ORIENTED_EDGE('',*,*,#6058,.T.);
#8011=ORIENTED_EDGE('',*,*,#6060,.T.);
#8012=ORIENTED_EDGE('',*,*,#6061,.T.);
#8013=ORIENTED_EDGE('',*,*,#6062,.T.);
#8014=ORIENTED_EDGE('',*,*,#6063,.T.);
#8015=ORIENTED_EDGE('',*,*,#6060,.F.);
#8016=ORIENTED_EDGE('',*,*,#6059,.T.);
#8017=ORIENTED_EDGE('',*,*,#6042,.T.);
#8018=ORIENTED_EDGE('',*,*,#6032,.T.);
#8019=ORIENTED_EDGE('',*,*,#6064,.F.);
#8020=ORIENTED_EDGE('',*,*,#6065,.T.);
#8021=ORIENTED_EDGE('',*,*,#6052,.T.);
#8022=ORIENTED_EDGE('',*,*,#6066,.F.);
#8023=ORIENTED_EDGE('',*,*,#6067,.T.);
#8024=ORIENTED_EDGE('',*,*,#6068,.T.);
#8025=ORIENTED_EDGE('',*,*,#6069,.T.);
#8026=ORIENTED_EDGE('',*,*,#6070,.F.);
#8027=ORIENTED_EDGE('',*,*,#6050,.T.);
#8028=ORIENTED_EDGE('',*,*,#6067,.F.);
#8029=ORIENTED_EDGE('',*,*,#6071,.F.);
#8030=ORIENTED_EDGE('',*,*,#6069,.F.);
#8031=ORIENTED_EDGE('',*,*,#6072,.T.);
#8032=ORIENTED_EDGE('',*,*,#6073,.T.);
#8033=ORIENTED_EDGE('',*,*,#6074,.T.);
#8034=ORIENTED_EDGE('',*,*,#6030,.F.);
#8035=ORIENTED_EDGE('',*,*,#6061,.F.);
#8036=ORIENTED_EDGE('',*,*,#6063,.F.);
#8037=ORIENTED_EDGE('',*,*,#6075,.T.);
#8038=ORIENTED_EDGE('',*,*,#6076,.T.);
#8039=ORIENTED_EDGE('',*,*,#6077,.T.);
#8040=ORIENTED_EDGE('',*,*,#6078,.T.);
#8041=ORIENTED_EDGE('',*,*,#6064,.T.);
#8042=ORIENTED_EDGE('',*,*,#6031,.T.);
#8043=ORIENTED_EDGE('',*,*,#6025,.T.);
#8044=ORIENTED_EDGE('',*,*,#6056,.T.);
#8045=ORIENTED_EDGE('',*,*,#6079,.T.);
#8046=ORIENTED_EDGE('',*,*,#6073,.F.);
#8047=ORIENTED_EDGE('',*,*,#6080,.F.);
#8048=ORIENTED_EDGE('',*,*,#6024,.F.);
#8049=ORIENTED_EDGE('',*,*,#6074,.F.);
#8050=ORIENTED_EDGE('',*,*,#6079,.F.);
#8051=ORIENTED_EDGE('',*,*,#6055,.T.);
#8052=ORIENTED_EDGE('',*,*,#6081,.T.);
#8053=ORIENTED_EDGE('',*,*,#6075,.F.);
#8054=ORIENTED_EDGE('',*,*,#6062,.F.);
#8055=ORIENTED_EDGE('',*,*,#6078,.F.);
#8056=ORIENTED_EDGE('',*,*,#6054,.T.);
#8057=ORIENTED_EDGE('',*,*,#6082,.T.);
#8058=ORIENTED_EDGE('',*,*,#6076,.F.);
#8059=ORIENTED_EDGE('',*,*,#6081,.F.);
#8060=ORIENTED_EDGE('',*,*,#6068,.F.);
#8061=ORIENTED_EDGE('',*,*,#6057,.T.);
#8062=ORIENTED_EDGE('',*,*,#6080,.T.);
#8063=ORIENTED_EDGE('',*,*,#6072,.F.);
#8064=ORIENTED_EDGE('',*,*,#6065,.F.);
#8065=ORIENTED_EDGE('',*,*,#6077,.F.);
#8066=ORIENTED_EDGE('',*,*,#6082,.F.);
#8067=ORIENTED_EDGE('',*,*,#6053,.T.);
#8068=ORIENTED_EDGE('',*,*,#6066,.T.);
#8069=ORIENTED_EDGE('',*,*,#6051,.T.);
#8070=ORIENTED_EDGE('',*,*,#6070,.T.);
#8071=ORIENTED_EDGE('',*,*,#6071,.T.);
#8072=ORIENTED_EDGE('',*,*,#6083,.T.);
#8073=ORIENTED_EDGE('',*,*,#6084,.T.);
#8074=ORIENTED_EDGE('',*,*,#6085,.T.);
#8075=ORIENTED_EDGE('',*,*,#6086,.T.);
#8076=ORIENTED_EDGE('',*,*,#6087,.F.);
#8077=ORIENTED_EDGE('',*,*,#6088,.F.);
#8078=ORIENTED_EDGE('',*,*,#6089,.F.);
#8079=ORIENTED_EDGE('',*,*,#6090,.T.);
#8080=ORIENTED_EDGE('',*,*,#6091,.F.);
#8081=ORIENTED_EDGE('',*,*,#6092,.T.);
#8082=ORIENTED_EDGE('',*,*,#6093,.T.);
#8083=ORIENTED_EDGE('',*,*,#6094,.F.);
#8084=ORIENTED_EDGE('',*,*,#6095,.T.);
#8085=ORIENTED_EDGE('',*,*,#6089,.T.);
#8086=ORIENTED_EDGE('',*,*,#6096,.F.);
#8087=ORIENTED_EDGE('',*,*,#6097,.F.);
#8088=ORIENTED_EDGE('',*,*,#6098,.F.);
#8089=ORIENTED_EDGE('',*,*,#6099,.F.);
#8090=ORIENTED_EDGE('',*,*,#6100,.F.);
#8091=ORIENTED_EDGE('',*,*,#6101,.T.);
#8092=ORIENTED_EDGE('',*,*,#6097,.T.);
#8093=ORIENTED_EDGE('',*,*,#6102,.F.);
#8094=ORIENTED_EDGE('',*,*,#6103,.F.);
#8095=ORIENTED_EDGE('',*,*,#6104,.F.);
#8096=ORIENTED_EDGE('',*,*,#6105,.T.);
#8097=ORIENTED_EDGE('',*,*,#6100,.T.);
#8098=ORIENTED_EDGE('',*,*,#6106,.F.);
#8099=ORIENTED_EDGE('',*,*,#6093,.F.);
#8100=ORIENTED_EDGE('',*,*,#6104,.T.);
#8101=ORIENTED_EDGE('',*,*,#6107,.T.);
#8102=ORIENTED_EDGE('',*,*,#6108,.T.);
#8103=ORIENTED_EDGE('',*,*,#6109,.T.);
#8104=ORIENTED_EDGE('',*,*,#6110,.F.);
#8105=ORIENTED_EDGE('',*,*,#6086,.F.);
#8106=ORIENTED_EDGE('',*,*,#6111,.F.);
#8107=ORIENTED_EDGE('',*,*,#6094,.T.);
#8108=ORIENTED_EDGE('',*,*,#6106,.T.);
#8109=ORIENTED_EDGE('',*,*,#6099,.T.);
#8110=ORIENTED_EDGE('',*,*,#6112,.F.);
#8111=ORIENTED_EDGE('',*,*,#6113,.F.);
#8112=ORIENTED_EDGE('',*,*,#6114,.F.);
#8113=ORIENTED_EDGE('',*,*,#6102,.T.);
#8114=ORIENTED_EDGE('',*,*,#6096,.T.);
#8115=ORIENTED_EDGE('',*,*,#6088,.T.);
#8116=ORIENTED_EDGE('',*,*,#6091,.T.);
#8117=ORIENTED_EDGE('',*,*,#6111,.T.);
#8118=ORIENTED_EDGE('',*,*,#6085,.F.);
#8119=ORIENTED_EDGE('',*,*,#6115,.T.);
#8120=ORIENTED_EDGE('',*,*,#6087,.T.);
#8121=ORIENTED_EDGE('',*,*,#6116,.T.);
#8122=ORIENTED_EDGE('',*,*,#6083,.F.);
#8123=ORIENTED_EDGE('',*,*,#6110,.T.);
#8124=ORIENTED_EDGE('',*,*,#6103,.T.);
#8125=ORIENTED_EDGE('',*,*,#6114,.T.);
#8126=ORIENTED_EDGE('',*,*,#6117,.F.);
#8127=ORIENTED_EDGE('',*,*,#6118,.T.);
#8128=ORIENTED_EDGE('',*,*,#6119,.T.);
#8129=ORIENTED_EDGE('',*,*,#6120,.T.);
#8130=ORIENTED_EDGE('',*,*,#6107,.F.);
#8131=ORIENTED_EDGE('',*,*,#6121,.T.);
#8132=ORIENTED_EDGE('',*,*,#6122,.T.);
#8133=ORIENTED_EDGE('',*,*,#6117,.T.);
#8134=ORIENTED_EDGE('',*,*,#6113,.T.);
#8135=ORIENTED_EDGE('',*,*,#6122,.F.);
#8136=ORIENTED_EDGE('',*,*,#6123,.F.);
#8137=ORIENTED_EDGE('',*,*,#6124,.T.);
#8138=ORIENTED_EDGE('',*,*,#6125,.T.);
#8139=ORIENTED_EDGE('',*,*,#6126,.T.);
#8140=ORIENTED_EDGE('',*,*,#6127,.F.);
#8141=ORIENTED_EDGE('',*,*,#6128,.T.);
#8142=ORIENTED_EDGE('',*,*,#6129,.T.);
#8143=ORIENTED_EDGE('',*,*,#6130,.T.);
#8144=ORIENTED_EDGE('',*,*,#6118,.F.);
#8145=ORIENTED_EDGE('',*,*,#6115,.F.);
#8146=ORIENTED_EDGE('',*,*,#6084,.F.);
#8147=ORIENTED_EDGE('',*,*,#6116,.F.);
#8148=ORIENTED_EDGE('',*,*,#6090,.F.);
#8149=ORIENTED_EDGE('',*,*,#6095,.F.);
#8150=ORIENTED_EDGE('',*,*,#6101,.F.);
#8151=ORIENTED_EDGE('',*,*,#6105,.F.);
#8152=ORIENTED_EDGE('',*,*,#6092,.F.);
#8153=ORIENTED_EDGE('',*,*,#6131,.F.);
#8154=ORIENTED_EDGE('',*,*,#6132,.F.);
#8155=ORIENTED_EDGE('',*,*,#6133,.T.);
#8156=ORIENTED_EDGE('',*,*,#6124,.F.);
#8157=ORIENTED_EDGE('',*,*,#6134,.F.);
#8158=ORIENTED_EDGE('',*,*,#6135,.T.);
#8159=ORIENTED_EDGE('',*,*,#6125,.F.);
#8160=ORIENTED_EDGE('',*,*,#6133,.F.);
#8161=ORIENTED_EDGE('',*,*,#6136,.F.);
#8162=ORIENTED_EDGE('',*,*,#6126,.F.);
#8163=ORIENTED_EDGE('',*,*,#6135,.F.);
#8164=ORIENTED_EDGE('',*,*,#6137,.F.);
#8165=ORIENTED_EDGE('',*,*,#6138,.F.);
#8166=ORIENTED_EDGE('',*,*,#6139,.F.);
#8167=ORIENTED_EDGE('',*,*,#6140,.T.);
#8168=ORIENTED_EDGE('',*,*,#6128,.F.);
#8169=ORIENTED_EDGE('',*,*,#6119,.F.);
#8170=ORIENTED_EDGE('',*,*,#6130,.F.);
#8171=ORIENTED_EDGE('',*,*,#6141,.F.);
#8172=ORIENTED_EDGE('',*,*,#6142,.F.);
#8173=ORIENTED_EDGE('',*,*,#6143,.F.);
#8174=ORIENTED_EDGE('',*,*,#6141,.T.);
#8175=ORIENTED_EDGE('',*,*,#6129,.F.);
#8176=ORIENTED_EDGE('',*,*,#6140,.F.);
#8177=ORIENTED_EDGE('',*,*,#6108,.F.);
#8178=ORIENTED_EDGE('',*,*,#6120,.F.);
#8179=ORIENTED_EDGE('',*,*,#6142,.T.);
#8180=ORIENTED_EDGE('',*,*,#6143,.T.);
#8181=ORIENTED_EDGE('',*,*,#6139,.T.);
#8182=ORIENTED_EDGE('',*,*,#6144,.T.);
#8183=ORIENTED_EDGE('',*,*,#6137,.T.);
#8184=ORIENTED_EDGE('',*,*,#6134,.T.);
#8185=ORIENTED_EDGE('',*,*,#6132,.T.);
#8186=ORIENTED_EDGE('',*,*,#6145,.F.);
#8187=ORIENTED_EDGE('',*,*,#6098,.T.);
#8188=ORIENTED_EDGE('',*,*,#6109,.F.);
#8189=ORIENTED_EDGE('',*,*,#6145,.T.);
#8190=ORIENTED_EDGE('',*,*,#6131,.T.);
#8191=ORIENTED_EDGE('',*,*,#6123,.T.);
#8192=ORIENTED_EDGE('',*,*,#6121,.F.);
#8193=ORIENTED_EDGE('',*,*,#6112,.T.);
#8194=ORIENTED_EDGE('',*,*,#6136,.T.);
#8195=ORIENTED_EDGE('',*,*,#6144,.F.);
#8196=ORIENTED_EDGE('',*,*,#6138,.T.);
#8197=ORIENTED_EDGE('',*,*,#6127,.T.);
#8198=ORIENTED_EDGE('',*,*,#6146,.T.);
#8199=ORIENTED_EDGE('',*,*,#6147,.F.);
#8200=ORIENTED_EDGE('',*,*,#6148,.T.);
#8201=ORIENTED_EDGE('',*,*,#6149,.T.);
#8202=ORIENTED_EDGE('',*,*,#6150,.T.);
#8203=ORIENTED_EDGE('',*,*,#6151,.F.);
#8204=ORIENTED_EDGE('',*,*,#6152,.T.);
#8205=ORIENTED_EDGE('',*,*,#6153,.T.);
#8206=ORIENTED_EDGE('',*,*,#6154,.T.);
#8207=ORIENTED_EDGE('',*,*,#6155,.F.);
#8208=ORIENTED_EDGE('',*,*,#6156,.T.);
#8209=ORIENTED_EDGE('',*,*,#6157,.F.);
#8210=ORIENTED_EDGE('',*,*,#6158,.F.);
#8211=ORIENTED_EDGE('',*,*,#6159,.T.);
#8212=ORIENTED_EDGE('',*,*,#6160,.T.);
#8213=ORIENTED_EDGE('',*,*,#6161,.T.);
#8214=ORIENTED_EDGE('',*,*,#6147,.T.);
#8215=ORIENTED_EDGE('',*,*,#6162,.T.);
#8216=ORIENTED_EDGE('',*,*,#6163,.T.);
#8217=ORIENTED_EDGE('',*,*,#6164,.T.);
#8218=ORIENTED_EDGE('',*,*,#6152,.F.);
#8219=ORIENTED_EDGE('',*,*,#6160,.F.);
#8220=ORIENTED_EDGE('',*,*,#6165,.T.);
#8221=ORIENTED_EDGE('',*,*,#6166,.F.);
#8222=ORIENTED_EDGE('',*,*,#6167,.F.);
#8223=ORIENTED_EDGE('',*,*,#6168,.F.);
#8224=ORIENTED_EDGE('',*,*,#6169,.F.);
#8225=ORIENTED_EDGE('',*,*,#6165,.F.);
#8226=ORIENTED_EDGE('',*,*,#6159,.F.);
#8227=ORIENTED_EDGE('',*,*,#6148,.F.);
#8228=ORIENTED_EDGE('',*,*,#6161,.F.);
#8229=ORIENTED_EDGE('',*,*,#6167,.T.);
#8230=ORIENTED_EDGE('',*,*,#6170,.F.);
#8231=ORIENTED_EDGE('',*,*,#6146,.F.);
#8232=ORIENTED_EDGE('',*,*,#6171,.F.);
#8233=ORIENTED_EDGE('',*,*,#6172,.F.);
#8234=ORIENTED_EDGE('',*,*,#6162,.F.);
#8235=ORIENTED_EDGE('',*,*,#6163,.F.);
#8236=ORIENTED_EDGE('',*,*,#6172,.T.);
#8237=ORIENTED_EDGE('',*,*,#6173,.F.);
#8238=ORIENTED_EDGE('',*,*,#6174,.F.);
#8239=ORIENTED_EDGE('',*,*,#6153,.F.);
#8240=ORIENTED_EDGE('',*,*,#6164,.F.);
#8241=ORIENTED_EDGE('',*,*,#6174,.T.);
#8242=ORIENTED_EDGE('',*,*,#6175,.F.);
#8243=ORIENTED_EDGE('',*,*,#6176,.F.);
#8244=ORIENTED_EDGE('',*,*,#6177,.F.);
#8245=ORIENTED_EDGE('',*,*,#6178,.F.);
#8246=ORIENTED_EDGE('',*,*,#6179,.F.);
#8247=ORIENTED_EDGE('',*,*,#6180,.F.);
#8248=ORIENTED_EDGE('',*,*,#6181,.F.);
#8249=ORIENTED_EDGE('',*,*,#6182,.F.);
#8250=ORIENTED_EDGE('',*,*,#6183,.F.);
#8251=ORIENTED_EDGE('',*,*,#6184,.F.);
#8252=ORIENTED_EDGE('',*,*,#6154,.F.);
#8253=ORIENTED_EDGE('',*,*,#6175,.T.);
#8254=ORIENTED_EDGE('',*,*,#6173,.T.);
#8255=ORIENTED_EDGE('',*,*,#6171,.T.);
#8256=ORIENTED_EDGE('',*,*,#6149,.F.);
#8257=ORIENTED_EDGE('',*,*,#6170,.T.);
#8258=ORIENTED_EDGE('',*,*,#6166,.T.);
#8259=ORIENTED_EDGE('',*,*,#6169,.T.);
#8260=ORIENTED_EDGE('',*,*,#6185,.F.);
#8261=ORIENTED_EDGE('',*,*,#6155,.T.);
#8262=ORIENTED_EDGE('',*,*,#6184,.T.);
#8263=ORIENTED_EDGE('',*,*,#6186,.T.);
#8264=ORIENTED_EDGE('',*,*,#6187,.T.);
#8265=ORIENTED_EDGE('',*,*,#6188,.T.);
#8266=ORIENTED_EDGE('',*,*,#6189,.T.);
#8267=ORIENTED_EDGE('',*,*,#6186,.F.);
#8268=ORIENTED_EDGE('',*,*,#6185,.T.);
#8269=ORIENTED_EDGE('',*,*,#6168,.T.);
#8270=ORIENTED_EDGE('',*,*,#6158,.T.);
#8271=ORIENTED_EDGE('',*,*,#6190,.F.);
#8272=ORIENTED_EDGE('',*,*,#6191,.T.);
#8273=ORIENTED_EDGE('',*,*,#6178,.T.);
#8274=ORIENTED_EDGE('',*,*,#6192,.F.);
#8275=ORIENTED_EDGE('',*,*,#6193,.T.);
#8276=ORIENTED_EDGE('',*,*,#6194,.T.);
#8277=ORIENTED_EDGE('',*,*,#6195,.T.);
#8278=ORIENTED_EDGE('',*,*,#6196,.F.);
#8279=ORIENTED_EDGE('',*,*,#6176,.T.);
#8280=ORIENTED_EDGE('',*,*,#6193,.F.);
#8281=ORIENTED_EDGE('',*,*,#6197,.F.);
#8282=ORIENTED_EDGE('',*,*,#6195,.F.);
#8283=ORIENTED_EDGE('',*,*,#6198,.T.);
#8284=ORIENTED_EDGE('',*,*,#6199,.T.);
#8285=ORIENTED_EDGE('',*,*,#6200,.T.);
#8286=ORIENTED_EDGE('',*,*,#6156,.F.);
#8287=ORIENTED_EDGE('',*,*,#6187,.F.);
#8288=ORIENTED_EDGE('',*,*,#6189,.F.);
#8289=ORIENTED_EDGE('',*,*,#6201,.T.);
#8290=ORIENTED_EDGE('',*,*,#6202,.T.);
#8291=ORIENTED_EDGE('',*,*,#6203,.T.);
#8292=ORIENTED_EDGE('',*,*,#6204,.T.);
#8293=ORIENTED_EDGE('',*,*,#6190,.T.);
#8294=ORIENTED_EDGE('',*,*,#6157,.T.);
#8295=ORIENTED_EDGE('',*,*,#6151,.T.);
#8296=ORIENTED_EDGE('',*,*,#6182,.T.);
#8297=ORIENTED_EDGE('',*,*,#6205,.T.);
#8298=ORIENTED_EDGE('',*,*,#6199,.F.);
#8299=ORIENTED_EDGE('',*,*,#6206,.F.);
#8300=ORIENTED_EDGE('',*,*,#6150,.F.);
#8301=ORIENTED_EDGE('',*,*,#6200,.F.);
#8302=ORIENTED_EDGE('',*,*,#6205,.F.);
#8303=ORIENTED_EDGE('',*,*,#6181,.T.);
#8304=ORIENTED_EDGE('',*,*,#6207,.T.);
#8305=ORIENTED_EDGE('',*,*,#6201,.F.);
#8306=ORIENTED_EDGE('',*,*,#6188,.F.);
#8307=ORIENTED_EDGE('',*,*,#6204,.F.);
#8308=ORIENTED_EDGE('',*,*,#6180,.T.);
#8309=ORIENTED_EDGE('',*,*,#6208,.T.);
#8310=ORIENTED_EDGE('',*,*,#6202,.F.);
#8311=ORIENTED_EDGE('',*,*,#6207,.F.);
#8312=ORIENTED_EDGE('',*,*,#6194,.F.);
#8313=ORIENTED_EDGE('',*,*,#6183,.T.);
#8314=ORIENTED_EDGE('',*,*,#6206,.T.);
#8315=ORIENTED_EDGE('',*,*,#6198,.F.);
#8316=ORIENTED_EDGE('',*,*,#6191,.F.);
#8317=ORIENTED_EDGE('',*,*,#6203,.F.);
#8318=ORIENTED_EDGE('',*,*,#6208,.F.);
#8319=ORIENTED_EDGE('',*,*,#6179,.T.);
#8320=ORIENTED_EDGE('',*,*,#6192,.T.);
#8321=ORIENTED_EDGE('',*,*,#6177,.T.);
#8322=ORIENTED_EDGE('',*,*,#6196,.T.);
#8323=ORIENTED_EDGE('',*,*,#6197,.T.);
#8324=ORIENTED_EDGE('',*,*,#6209,.T.);
#8325=ORIENTED_EDGE('',*,*,#6210,.T.);
#8326=ORIENTED_EDGE('',*,*,#6211,.T.);
#8327=ORIENTED_EDGE('',*,*,#6212,.T.);
#8328=ORIENTED_EDGE('',*,*,#6213,.F.);
#8329=ORIENTED_EDGE('',*,*,#6214,.F.);
#8330=ORIENTED_EDGE('',*,*,#6215,.F.);
#8331=ORIENTED_EDGE('',*,*,#6216,.T.);
#8332=ORIENTED_EDGE('',*,*,#6217,.F.);
#8333=ORIENTED_EDGE('',*,*,#6218,.T.);
#8334=ORIENTED_EDGE('',*,*,#6219,.T.);
#8335=ORIENTED_EDGE('',*,*,#6220,.F.);
#8336=ORIENTED_EDGE('',*,*,#6221,.T.);
#8337=ORIENTED_EDGE('',*,*,#6215,.T.);
#8338=ORIENTED_EDGE('',*,*,#6222,.F.);
#8339=ORIENTED_EDGE('',*,*,#6223,.F.);
#8340=ORIENTED_EDGE('',*,*,#6224,.F.);
#8341=ORIENTED_EDGE('',*,*,#6225,.F.);
#8342=ORIENTED_EDGE('',*,*,#6226,.F.);
#8343=ORIENTED_EDGE('',*,*,#6227,.T.);
#8344=ORIENTED_EDGE('',*,*,#6223,.T.);
#8345=ORIENTED_EDGE('',*,*,#6228,.F.);
#8346=ORIENTED_EDGE('',*,*,#6229,.F.);
#8347=ORIENTED_EDGE('',*,*,#6230,.F.);
#8348=ORIENTED_EDGE('',*,*,#6231,.T.);
#8349=ORIENTED_EDGE('',*,*,#6226,.T.);
#8350=ORIENTED_EDGE('',*,*,#6232,.F.);
#8351=ORIENTED_EDGE('',*,*,#6219,.F.);
#8352=ORIENTED_EDGE('',*,*,#6230,.T.);
#8353=ORIENTED_EDGE('',*,*,#6233,.T.);
#8354=ORIENTED_EDGE('',*,*,#6234,.T.);
#8355=ORIENTED_EDGE('',*,*,#6235,.T.);
#8356=ORIENTED_EDGE('',*,*,#6236,.F.);
#8357=ORIENTED_EDGE('',*,*,#6212,.F.);
#8358=ORIENTED_EDGE('',*,*,#6237,.F.);
#8359=ORIENTED_EDGE('',*,*,#6220,.T.);
#8360=ORIENTED_EDGE('',*,*,#6232,.T.);
#8361=ORIENTED_EDGE('',*,*,#6225,.T.);
#8362=ORIENTED_EDGE('',*,*,#6238,.F.);
#8363=ORIENTED_EDGE('',*,*,#6239,.F.);
#8364=ORIENTED_EDGE('',*,*,#6240,.F.);
#8365=ORIENTED_EDGE('',*,*,#6228,.T.);
#8366=ORIENTED_EDGE('',*,*,#6222,.T.);
#8367=ORIENTED_EDGE('',*,*,#6214,.T.);
#8368=ORIENTED_EDGE('',*,*,#6217,.T.);
#8369=ORIENTED_EDGE('',*,*,#6237,.T.);
#8370=ORIENTED_EDGE('',*,*,#6211,.F.);
#8371=ORIENTED_EDGE('',*,*,#6241,.T.);
#8372=ORIENTED_EDGE('',*,*,#6213,.T.);
#8373=ORIENTED_EDGE('',*,*,#6242,.T.);
#8374=ORIENTED_EDGE('',*,*,#6209,.F.);
#8375=ORIENTED_EDGE('',*,*,#6236,.T.);
#8376=ORIENTED_EDGE('',*,*,#6229,.T.);
#8377=ORIENTED_EDGE('',*,*,#6240,.T.);
#8378=ORIENTED_EDGE('',*,*,#6243,.F.);
#8379=ORIENTED_EDGE('',*,*,#6244,.T.);
#8380=ORIENTED_EDGE('',*,*,#6245,.T.);
#8381=ORIENTED_EDGE('',*,*,#6246,.T.);
#8382=ORIENTED_EDGE('',*,*,#6233,.F.);
#8383=ORIENTED_EDGE('',*,*,#6247,.T.);
#8384=ORIENTED_EDGE('',*,*,#6248,.T.);
#8385=ORIENTED_EDGE('',*,*,#6243,.T.);
#8386=ORIENTED_EDGE('',*,*,#6239,.T.);
#8387=ORIENTED_EDGE('',*,*,#6248,.F.);
#8388=ORIENTED_EDGE('',*,*,#6249,.F.);
#8389=ORIENTED_EDGE('',*,*,#6250,.T.);
#8390=ORIENTED_EDGE('',*,*,#6251,.T.);
#8391=ORIENTED_EDGE('',*,*,#6252,.T.);
#8392=ORIENTED_EDGE('',*,*,#6253,.F.);
#8393=ORIENTED_EDGE('',*,*,#6254,.T.);
#8394=ORIENTED_EDGE('',*,*,#6255,.T.);
#8395=ORIENTED_EDGE('',*,*,#6256,.T.);
#8396=ORIENTED_EDGE('',*,*,#6244,.F.);
#8397=ORIENTED_EDGE('',*,*,#6241,.F.);
#8398=ORIENTED_EDGE('',*,*,#6210,.F.);
#8399=ORIENTED_EDGE('',*,*,#6242,.F.);
#8400=ORIENTED_EDGE('',*,*,#6216,.F.);
#8401=ORIENTED_EDGE('',*,*,#6221,.F.);
#8402=ORIENTED_EDGE('',*,*,#6227,.F.);
#8403=ORIENTED_EDGE('',*,*,#6231,.F.);
#8404=ORIENTED_EDGE('',*,*,#6218,.F.);
#8405=ORIENTED_EDGE('',*,*,#6257,.F.);
#8406=ORIENTED_EDGE('',*,*,#6258,.F.);
#8407=ORIENTED_EDGE('',*,*,#6259,.T.);
#8408=ORIENTED_EDGE('',*,*,#6250,.F.);
#8409=ORIENTED_EDGE('',*,*,#6260,.F.);
#8410=ORIENTED_EDGE('',*,*,#6261,.T.);
#8411=ORIENTED_EDGE('',*,*,#6251,.F.);
#8412=ORIENTED_EDGE('',*,*,#6259,.F.);
#8413=ORIENTED_EDGE('',*,*,#6262,.F.);
#8414=ORIENTED_EDGE('',*,*,#6252,.F.);
#8415=ORIENTED_EDGE('',*,*,#6261,.F.);
#8416=ORIENTED_EDGE('',*,*,#6263,.F.);
#8417=ORIENTED_EDGE('',*,*,#6264,.F.);
#8418=ORIENTED_EDGE('',*,*,#6265,.F.);
#8419=ORIENTED_EDGE('',*,*,#6266,.T.);
#8420=ORIENTED_EDGE('',*,*,#6254,.F.);
#8421=ORIENTED_EDGE('',*,*,#6245,.F.);
#8422=ORIENTED_EDGE('',*,*,#6256,.F.);
#8423=ORIENTED_EDGE('',*,*,#6267,.F.);
#8424=ORIENTED_EDGE('',*,*,#6268,.F.);
#8425=ORIENTED_EDGE('',*,*,#6269,.F.);
#8426=ORIENTED_EDGE('',*,*,#6267,.T.);
#8427=ORIENTED_EDGE('',*,*,#6255,.F.);
#8428=ORIENTED_EDGE('',*,*,#6266,.F.);
#8429=ORIENTED_EDGE('',*,*,#6234,.F.);
#8430=ORIENTED_EDGE('',*,*,#6246,.F.);
#8431=ORIENTED_EDGE('',*,*,#6268,.T.);
#8432=ORIENTED_EDGE('',*,*,#6269,.T.);
#8433=ORIENTED_EDGE('',*,*,#6265,.T.);
#8434=ORIENTED_EDGE('',*,*,#6270,.T.);
#8435=ORIENTED_EDGE('',*,*,#6263,.T.);
#8436=ORIENTED_EDGE('',*,*,#6260,.T.);
#8437=ORIENTED_EDGE('',*,*,#6258,.T.);
#8438=ORIENTED_EDGE('',*,*,#6271,.F.);
#8439=ORIENTED_EDGE('',*,*,#6224,.T.);
#8440=ORIENTED_EDGE('',*,*,#6235,.F.);
#8441=ORIENTED_EDGE('',*,*,#6271,.T.);
#8442=ORIENTED_EDGE('',*,*,#6257,.T.);
#8443=ORIENTED_EDGE('',*,*,#6249,.T.);
#8444=ORIENTED_EDGE('',*,*,#6247,.F.);
#8445=ORIENTED_EDGE('',*,*,#6238,.T.);
#8446=ORIENTED_EDGE('',*,*,#6262,.T.);
#8447=ORIENTED_EDGE('',*,*,#6270,.F.);
#8448=ORIENTED_EDGE('',*,*,#6264,.T.);
#8449=ORIENTED_EDGE('',*,*,#6253,.T.);
#8450=ORIENTED_EDGE('',*,*,#6272,.T.);
#8451=ORIENTED_EDGE('',*,*,#6273,.F.);
#8452=ORIENTED_EDGE('',*,*,#6274,.T.);
#8453=ORIENTED_EDGE('',*,*,#6275,.T.);
#8454=ORIENTED_EDGE('',*,*,#6276,.T.);
#8455=ORIENTED_EDGE('',*,*,#6277,.F.);
#8456=ORIENTED_EDGE('',*,*,#6278,.T.);
#8457=ORIENTED_EDGE('',*,*,#6279,.T.);
#8458=ORIENTED_EDGE('',*,*,#6280,.T.);
#8459=ORIENTED_EDGE('',*,*,#6281,.F.);
#8460=ORIENTED_EDGE('',*,*,#6282,.T.);
#8461=ORIENTED_EDGE('',*,*,#6283,.F.);
#8462=ORIENTED_EDGE('',*,*,#6284,.F.);
#8463=ORIENTED_EDGE('',*,*,#6285,.T.);
#8464=ORIENTED_EDGE('',*,*,#6286,.T.);
#8465=ORIENTED_EDGE('',*,*,#6287,.T.);
#8466=ORIENTED_EDGE('',*,*,#6273,.T.);
#8467=ORIENTED_EDGE('',*,*,#6288,.T.);
#8468=ORIENTED_EDGE('',*,*,#6289,.T.);
#8469=ORIENTED_EDGE('',*,*,#6290,.T.);
#8470=ORIENTED_EDGE('',*,*,#6278,.F.);
#8471=ORIENTED_EDGE('',*,*,#6286,.F.);
#8472=ORIENTED_EDGE('',*,*,#6291,.T.);
#8473=ORIENTED_EDGE('',*,*,#6292,.F.);
#8474=ORIENTED_EDGE('',*,*,#6293,.F.);
#8475=ORIENTED_EDGE('',*,*,#6294,.F.);
#8476=ORIENTED_EDGE('',*,*,#6295,.F.);
#8477=ORIENTED_EDGE('',*,*,#6291,.F.);
#8478=ORIENTED_EDGE('',*,*,#6285,.F.);
#8479=ORIENTED_EDGE('',*,*,#6274,.F.);
#8480=ORIENTED_EDGE('',*,*,#6287,.F.);
#8481=ORIENTED_EDGE('',*,*,#6293,.T.);
#8482=ORIENTED_EDGE('',*,*,#6296,.F.);
#8483=ORIENTED_EDGE('',*,*,#6272,.F.);
#8484=ORIENTED_EDGE('',*,*,#6297,.F.);
#8485=ORIENTED_EDGE('',*,*,#6298,.F.);
#8486=ORIENTED_EDGE('',*,*,#6288,.F.);
#8487=ORIENTED_EDGE('',*,*,#6289,.F.);
#8488=ORIENTED_EDGE('',*,*,#6298,.T.);
#8489=ORIENTED_EDGE('',*,*,#6299,.F.);
#8490=ORIENTED_EDGE('',*,*,#6300,.F.);
#8491=ORIENTED_EDGE('',*,*,#6279,.F.);
#8492=ORIENTED_EDGE('',*,*,#6290,.F.);
#8493=ORIENTED_EDGE('',*,*,#6300,.T.);
#8494=ORIENTED_EDGE('',*,*,#6301,.F.);
#8495=ORIENTED_EDGE('',*,*,#6302,.F.);
#8496=ORIENTED_EDGE('',*,*,#6303,.F.);
#8497=ORIENTED_EDGE('',*,*,#6304,.F.);
#8498=ORIENTED_EDGE('',*,*,#6305,.F.);
#8499=ORIENTED_EDGE('',*,*,#6306,.F.);
#8500=ORIENTED_EDGE('',*,*,#6307,.F.);
#8501=ORIENTED_EDGE('',*,*,#6308,.F.);
#8502=ORIENTED_EDGE('',*,*,#6309,.F.);
#8503=ORIENTED_EDGE('',*,*,#6310,.F.);
#8504=ORIENTED_EDGE('',*,*,#6280,.F.);
#8505=ORIENTED_EDGE('',*,*,#6301,.T.);
#8506=ORIENTED_EDGE('',*,*,#6299,.T.);
#8507=ORIENTED_EDGE('',*,*,#6297,.T.);
#8508=ORIENTED_EDGE('',*,*,#6275,.F.);
#8509=ORIENTED_EDGE('',*,*,#6296,.T.);
#8510=ORIENTED_EDGE('',*,*,#6292,.T.);
#8511=ORIENTED_EDGE('',*,*,#6295,.T.);
#8512=ORIENTED_EDGE('',*,*,#6311,.F.);
#8513=ORIENTED_EDGE('',*,*,#6281,.T.);
#8514=ORIENTED_EDGE('',*,*,#6310,.T.);
#8515=ORIENTED_EDGE('',*,*,#6312,.T.);
#8516=ORIENTED_EDGE('',*,*,#6313,.T.);
#8517=ORIENTED_EDGE('',*,*,#6314,.T.);
#8518=ORIENTED_EDGE('',*,*,#6315,.T.);
#8519=ORIENTED_EDGE('',*,*,#6312,.F.);
#8520=ORIENTED_EDGE('',*,*,#6311,.T.);
#8521=ORIENTED_EDGE('',*,*,#6294,.T.);
#8522=ORIENTED_EDGE('',*,*,#6284,.T.);
#8523=ORIENTED_EDGE('',*,*,#6316,.F.);
#8524=ORIENTED_EDGE('',*,*,#6317,.T.);
#8525=ORIENTED_EDGE('',*,*,#6304,.T.);
#8526=ORIENTED_EDGE('',*,*,#6318,.F.);
#8527=ORIENTED_EDGE('',*,*,#6319,.T.);
#8528=ORIENTED_EDGE('',*,*,#6320,.T.);
#8529=ORIENTED_EDGE('',*,*,#6321,.T.);
#8530=ORIENTED_EDGE('',*,*,#6322,.F.);
#8531=ORIENTED_EDGE('',*,*,#6302,.T.);
#8532=ORIENTED_EDGE('',*,*,#6319,.F.);
#8533=ORIENTED_EDGE('',*,*,#6323,.F.);
#8534=ORIENTED_EDGE('',*,*,#6321,.F.);
#8535=ORIENTED_EDGE('',*,*,#6324,.T.);
#8536=ORIENTED_EDGE('',*,*,#6325,.T.);
#8537=ORIENTED_EDGE('',*,*,#6326,.T.);
#8538=ORIENTED_EDGE('',*,*,#6282,.F.);
#8539=ORIENTED_EDGE('',*,*,#6313,.F.);
#8540=ORIENTED_EDGE('',*,*,#6315,.F.);
#8541=ORIENTED_EDGE('',*,*,#6327,.T.);
#8542=ORIENTED_EDGE('',*,*,#6328,.T.);
#8543=ORIENTED_EDGE('',*,*,#6329,.T.);
#8544=ORIENTED_EDGE('',*,*,#6330,.T.);
#8545=ORIENTED_EDGE('',*,*,#6316,.T.);
#8546=ORIENTED_EDGE('',*,*,#6283,.T.);
#8547=ORIENTED_EDGE('',*,*,#6277,.T.);
#8548=ORIENTED_EDGE('',*,*,#6308,.T.);
#8549=ORIENTED_EDGE('',*,*,#6331,.T.);
#8550=ORIENTED_EDGE('',*,*,#6325,.F.);
#8551=ORIENTED_EDGE('',*,*,#6332,.F.);
#8552=ORIENTED_EDGE('',*,*,#6276,.F.);
#8553=ORIENTED_EDGE('',*,*,#6326,.F.);
#8554=ORIENTED_EDGE('',*,*,#6331,.F.);
#8555=ORIENTED_EDGE('',*,*,#6307,.T.);
#8556=ORIENTED_EDGE('',*,*,#6333,.T.);
#8557=ORIENTED_EDGE('',*,*,#6327,.F.);
#8558=ORIENTED_EDGE('',*,*,#6314,.F.);
#8559=ORIENTED_EDGE('',*,*,#6330,.F.);
#8560=ORIENTED_EDGE('',*,*,#6306,.T.);
#8561=ORIENTED_EDGE('',*,*,#6334,.T.);
#8562=ORIENTED_EDGE('',*,*,#6328,.F.);
#8563=ORIENTED_EDGE('',*,*,#6333,.F.);
#8564=ORIENTED_EDGE('',*,*,#6320,.F.);
#8565=ORIENTED_EDGE('',*,*,#6309,.T.);
#8566=ORIENTED_EDGE('',*,*,#6332,.T.);
#8567=ORIENTED_EDGE('',*,*,#6324,.F.);
#8568=ORIENTED_EDGE('',*,*,#6317,.F.);
#8569=ORIENTED_EDGE('',*,*,#6329,.F.);
#8570=ORIENTED_EDGE('',*,*,#6334,.F.);
#8571=ORIENTED_EDGE('',*,*,#6305,.T.);
#8572=ORIENTED_EDGE('',*,*,#6318,.T.);
#8573=ORIENTED_EDGE('',*,*,#6303,.T.);
#8574=ORIENTED_EDGE('',*,*,#6322,.T.);
#8575=ORIENTED_EDGE('',*,*,#6323,.T.);
#8576=ORIENTED_EDGE('',*,*,#6335,.T.);
#8577=ORIENTED_EDGE('',*,*,#6336,.T.);
#8578=ORIENTED_EDGE('',*,*,#6337,.T.);
#8579=ORIENTED_EDGE('',*,*,#6338,.T.);
#8580=ORIENTED_EDGE('',*,*,#6339,.F.);
#8581=ORIENTED_EDGE('',*,*,#6340,.F.);
#8582=ORIENTED_EDGE('',*,*,#6341,.F.);
#8583=ORIENTED_EDGE('',*,*,#6342,.T.);
#8584=ORIENTED_EDGE('',*,*,#6343,.F.);
#8585=ORIENTED_EDGE('',*,*,#6344,.T.);
#8586=ORIENTED_EDGE('',*,*,#6345,.T.);
#8587=ORIENTED_EDGE('',*,*,#6346,.F.);
#8588=ORIENTED_EDGE('',*,*,#6347,.T.);
#8589=ORIENTED_EDGE('',*,*,#6341,.T.);
#8590=ORIENTED_EDGE('',*,*,#6348,.F.);
#8591=ORIENTED_EDGE('',*,*,#6349,.F.);
#8592=ORIENTED_EDGE('',*,*,#6350,.F.);
#8593=ORIENTED_EDGE('',*,*,#6351,.F.);
#8594=ORIENTED_EDGE('',*,*,#6352,.F.);
#8595=ORIENTED_EDGE('',*,*,#6353,.T.);
#8596=ORIENTED_EDGE('',*,*,#6349,.T.);
#8597=ORIENTED_EDGE('',*,*,#6354,.F.);
#8598=ORIENTED_EDGE('',*,*,#6355,.F.);
#8599=ORIENTED_EDGE('',*,*,#6356,.F.);
#8600=ORIENTED_EDGE('',*,*,#6357,.T.);
#8601=ORIENTED_EDGE('',*,*,#6352,.T.);
#8602=ORIENTED_EDGE('',*,*,#6358,.F.);
#8603=ORIENTED_EDGE('',*,*,#6345,.F.);
#8604=ORIENTED_EDGE('',*,*,#6356,.T.);
#8605=ORIENTED_EDGE('',*,*,#6359,.T.);
#8606=ORIENTED_EDGE('',*,*,#6360,.T.);
#8607=ORIENTED_EDGE('',*,*,#6361,.T.);
#8608=ORIENTED_EDGE('',*,*,#6362,.F.);
#8609=ORIENTED_EDGE('',*,*,#6336,.F.);
#8610=ORIENTED_EDGE('',*,*,#6363,.F.);
#8611=ORIENTED_EDGE('',*,*,#6346,.T.);
#8612=ORIENTED_EDGE('',*,*,#6358,.T.);
#8613=ORIENTED_EDGE('',*,*,#6351,.T.);
#8614=ORIENTED_EDGE('',*,*,#6364,.F.);
#8615=ORIENTED_EDGE('',*,*,#6365,.F.);
#8616=ORIENTED_EDGE('',*,*,#6366,.F.);
#8617=ORIENTED_EDGE('',*,*,#6354,.T.);
#8618=ORIENTED_EDGE('',*,*,#6348,.T.);
#8619=ORIENTED_EDGE('',*,*,#6340,.T.);
#8620=ORIENTED_EDGE('',*,*,#6343,.T.);
#8621=ORIENTED_EDGE('',*,*,#6363,.T.);
#8622=ORIENTED_EDGE('',*,*,#6335,.F.);
#8623=ORIENTED_EDGE('',*,*,#6367,.T.);
#8624=ORIENTED_EDGE('',*,*,#6339,.T.);
#8625=ORIENTED_EDGE('',*,*,#6368,.T.);
#8626=ORIENTED_EDGE('',*,*,#6337,.F.);
#8627=ORIENTED_EDGE('',*,*,#6362,.T.);
#8628=ORIENTED_EDGE('',*,*,#6355,.T.);
#8629=ORIENTED_EDGE('',*,*,#6366,.T.);
#8630=ORIENTED_EDGE('',*,*,#6369,.F.);
#8631=ORIENTED_EDGE('',*,*,#6370,.T.);
#8632=ORIENTED_EDGE('',*,*,#6371,.T.);
#8633=ORIENTED_EDGE('',*,*,#6372,.T.);
#8634=ORIENTED_EDGE('',*,*,#6359,.F.);
#8635=ORIENTED_EDGE('',*,*,#6373,.T.);
#8636=ORIENTED_EDGE('',*,*,#6374,.T.);
#8637=ORIENTED_EDGE('',*,*,#6369,.T.);
#8638=ORIENTED_EDGE('',*,*,#6365,.T.);
#8639=ORIENTED_EDGE('',*,*,#6374,.F.);
#8640=ORIENTED_EDGE('',*,*,#6375,.F.);
#8641=ORIENTED_EDGE('',*,*,#6376,.T.);
#8642=ORIENTED_EDGE('',*,*,#6377,.T.);
#8643=ORIENTED_EDGE('',*,*,#6378,.T.);
#8644=ORIENTED_EDGE('',*,*,#6379,.F.);
#8645=ORIENTED_EDGE('',*,*,#6380,.T.);
#8646=ORIENTED_EDGE('',*,*,#6381,.T.);
#8647=ORIENTED_EDGE('',*,*,#6382,.T.);
#8648=ORIENTED_EDGE('',*,*,#6370,.F.);
#8649=ORIENTED_EDGE('',*,*,#6367,.F.);
#8650=ORIENTED_EDGE('',*,*,#6338,.F.);
#8651=ORIENTED_EDGE('',*,*,#6368,.F.);
#8652=ORIENTED_EDGE('',*,*,#6342,.F.);
#8653=ORIENTED_EDGE('',*,*,#6347,.F.);
#8654=ORIENTED_EDGE('',*,*,#6353,.F.);
#8655=ORIENTED_EDGE('',*,*,#6357,.F.);
#8656=ORIENTED_EDGE('',*,*,#6344,.F.);
#8657=ORIENTED_EDGE('',*,*,#6383,.F.);
#8658=ORIENTED_EDGE('',*,*,#6384,.F.);
#8659=ORIENTED_EDGE('',*,*,#6385,.T.);
#8660=ORIENTED_EDGE('',*,*,#6376,.F.);
#8661=ORIENTED_EDGE('',*,*,#6386,.F.);
#8662=ORIENTED_EDGE('',*,*,#6387,.T.);
#8663=ORIENTED_EDGE('',*,*,#6377,.F.);
#8664=ORIENTED_EDGE('',*,*,#6385,.F.);
#8665=ORIENTED_EDGE('',*,*,#6388,.F.);
#8666=ORIENTED_EDGE('',*,*,#6378,.F.);
#8667=ORIENTED_EDGE('',*,*,#6387,.F.);
#8668=ORIENTED_EDGE('',*,*,#6389,.F.);
#8669=ORIENTED_EDGE('',*,*,#6390,.F.);
#8670=ORIENTED_EDGE('',*,*,#6391,.F.);
#8671=ORIENTED_EDGE('',*,*,#6392,.T.);
#8672=ORIENTED_EDGE('',*,*,#6380,.F.);
#8673=ORIENTED_EDGE('',*,*,#6371,.F.);
#8674=ORIENTED_EDGE('',*,*,#6382,.F.);
#8675=ORIENTED_EDGE('',*,*,#6393,.F.);
#8676=ORIENTED_EDGE('',*,*,#6394,.F.);
#8677=ORIENTED_EDGE('',*,*,#6395,.F.);
#8678=ORIENTED_EDGE('',*,*,#6393,.T.);
#8679=ORIENTED_EDGE('',*,*,#6381,.F.);
#8680=ORIENTED_EDGE('',*,*,#6392,.F.);
#8681=ORIENTED_EDGE('',*,*,#6360,.F.);
#8682=ORIENTED_EDGE('',*,*,#6372,.F.);
#8683=ORIENTED_EDGE('',*,*,#6394,.T.);
#8684=ORIENTED_EDGE('',*,*,#6395,.T.);
#8685=ORIENTED_EDGE('',*,*,#6391,.T.);
#8686=ORIENTED_EDGE('',*,*,#6396,.T.);
#8687=ORIENTED_EDGE('',*,*,#6389,.T.);
#8688=ORIENTED_EDGE('',*,*,#6386,.T.);
#8689=ORIENTED_EDGE('',*,*,#6384,.T.);
#8690=ORIENTED_EDGE('',*,*,#6397,.F.);
#8691=ORIENTED_EDGE('',*,*,#6350,.T.);
#8692=ORIENTED_EDGE('',*,*,#6361,.F.);
#8693=ORIENTED_EDGE('',*,*,#6397,.T.);
#8694=ORIENTED_EDGE('',*,*,#6383,.T.);
#8695=ORIENTED_EDGE('',*,*,#6375,.T.);
#8696=ORIENTED_EDGE('',*,*,#6373,.F.);
#8697=ORIENTED_EDGE('',*,*,#6364,.T.);
#8698=ORIENTED_EDGE('',*,*,#6388,.T.);
#8699=ORIENTED_EDGE('',*,*,#6396,.F.);
#8700=ORIENTED_EDGE('',*,*,#6390,.T.);
#8701=ORIENTED_EDGE('',*,*,#6379,.T.);
#8702=ORIENTED_EDGE('',*,*,#6398,.T.);
#8703=ORIENTED_EDGE('',*,*,#6399,.F.);
#8704=ORIENTED_EDGE('',*,*,#6400,.T.);
#8705=ORIENTED_EDGE('',*,*,#6401,.T.);
#8706=ORIENTED_EDGE('',*,*,#6402,.T.);
#8707=ORIENTED_EDGE('',*,*,#6403,.F.);
#8708=ORIENTED_EDGE('',*,*,#6404,.T.);
#8709=ORIENTED_EDGE('',*,*,#6405,.T.);
#8710=ORIENTED_EDGE('',*,*,#6406,.T.);
#8711=ORIENTED_EDGE('',*,*,#6407,.F.);
#8712=ORIENTED_EDGE('',*,*,#6408,.T.);
#8713=ORIENTED_EDGE('',*,*,#6409,.F.);
#8714=ORIENTED_EDGE('',*,*,#6410,.F.);
#8715=ORIENTED_EDGE('',*,*,#6411,.T.);
#8716=ORIENTED_EDGE('',*,*,#6412,.T.);
#8717=ORIENTED_EDGE('',*,*,#6413,.T.);
#8718=ORIENTED_EDGE('',*,*,#6399,.T.);
#8719=ORIENTED_EDGE('',*,*,#6414,.T.);
#8720=ORIENTED_EDGE('',*,*,#6415,.T.);
#8721=ORIENTED_EDGE('',*,*,#6416,.T.);
#8722=ORIENTED_EDGE('',*,*,#6404,.F.);
#8723=ORIENTED_EDGE('',*,*,#6412,.F.);
#8724=ORIENTED_EDGE('',*,*,#6417,.T.);
#8725=ORIENTED_EDGE('',*,*,#6418,.F.);
#8726=ORIENTED_EDGE('',*,*,#6419,.F.);
#8727=ORIENTED_EDGE('',*,*,#6420,.F.);
#8728=ORIENTED_EDGE('',*,*,#6421,.F.);
#8729=ORIENTED_EDGE('',*,*,#6417,.F.);
#8730=ORIENTED_EDGE('',*,*,#6411,.F.);
#8731=ORIENTED_EDGE('',*,*,#6400,.F.);
#8732=ORIENTED_EDGE('',*,*,#6413,.F.);
#8733=ORIENTED_EDGE('',*,*,#6419,.T.);
#8734=ORIENTED_EDGE('',*,*,#6422,.F.);
#8735=ORIENTED_EDGE('',*,*,#6398,.F.);
#8736=ORIENTED_EDGE('',*,*,#6423,.F.);
#8737=ORIENTED_EDGE('',*,*,#6424,.F.);
#8738=ORIENTED_EDGE('',*,*,#6414,.F.);
#8739=ORIENTED_EDGE('',*,*,#6415,.F.);
#8740=ORIENTED_EDGE('',*,*,#6424,.T.);
#8741=ORIENTED_EDGE('',*,*,#6425,.F.);
#8742=ORIENTED_EDGE('',*,*,#6426,.F.);
#8743=ORIENTED_EDGE('',*,*,#6405,.F.);
#8744=ORIENTED_EDGE('',*,*,#6416,.F.);
#8745=ORIENTED_EDGE('',*,*,#6426,.T.);
#8746=ORIENTED_EDGE('',*,*,#6427,.F.);
#8747=ORIENTED_EDGE('',*,*,#6428,.F.);
#8748=ORIENTED_EDGE('',*,*,#6429,.F.);
#8749=ORIENTED_EDGE('',*,*,#6430,.F.);
#8750=ORIENTED_EDGE('',*,*,#6431,.F.);
#8751=ORIENTED_EDGE('',*,*,#6432,.F.);
#8752=ORIENTED_EDGE('',*,*,#6433,.F.);
#8753=ORIENTED_EDGE('',*,*,#6434,.F.);
#8754=ORIENTED_EDGE('',*,*,#6435,.F.);
#8755=ORIENTED_EDGE('',*,*,#6436,.F.);
#8756=ORIENTED_EDGE('',*,*,#6406,.F.);
#8757=ORIENTED_EDGE('',*,*,#6427,.T.);
#8758=ORIENTED_EDGE('',*,*,#6425,.T.);
#8759=ORIENTED_EDGE('',*,*,#6423,.T.);
#8760=ORIENTED_EDGE('',*,*,#6401,.F.);
#8761=ORIENTED_EDGE('',*,*,#6422,.T.);
#8762=ORIENTED_EDGE('',*,*,#6418,.T.);
#8763=ORIENTED_EDGE('',*,*,#6421,.T.);
#8764=ORIENTED_EDGE('',*,*,#6437,.F.);
#8765=ORIENTED_EDGE('',*,*,#6407,.T.);
#8766=ORIENTED_EDGE('',*,*,#6436,.T.);
#8767=ORIENTED_EDGE('',*,*,#6438,.T.);
#8768=ORIENTED_EDGE('',*,*,#6439,.T.);
#8769=ORIENTED_EDGE('',*,*,#6440,.T.);
#8770=ORIENTED_EDGE('',*,*,#6441,.T.);
#8771=ORIENTED_EDGE('',*,*,#6438,.F.);
#8772=ORIENTED_EDGE('',*,*,#6437,.T.);
#8773=ORIENTED_EDGE('',*,*,#6420,.T.);
#8774=ORIENTED_EDGE('',*,*,#6410,.T.);
#8775=ORIENTED_EDGE('',*,*,#6442,.F.);
#8776=ORIENTED_EDGE('',*,*,#6443,.T.);
#8777=ORIENTED_EDGE('',*,*,#6430,.T.);
#8778=ORIENTED_EDGE('',*,*,#6444,.F.);
#8779=ORIENTED_EDGE('',*,*,#6445,.T.);
#8780=ORIENTED_EDGE('',*,*,#6446,.T.);
#8781=ORIENTED_EDGE('',*,*,#6447,.T.);
#8782=ORIENTED_EDGE('',*,*,#6448,.F.);
#8783=ORIENTED_EDGE('',*,*,#6428,.T.);
#8784=ORIENTED_EDGE('',*,*,#6445,.F.);
#8785=ORIENTED_EDGE('',*,*,#6449,.F.);
#8786=ORIENTED_EDGE('',*,*,#6447,.F.);
#8787=ORIENTED_EDGE('',*,*,#6450,.T.);
#8788=ORIENTED_EDGE('',*,*,#6451,.T.);
#8789=ORIENTED_EDGE('',*,*,#6452,.T.);
#8790=ORIENTED_EDGE('',*,*,#6408,.F.);
#8791=ORIENTED_EDGE('',*,*,#6439,.F.);
#8792=ORIENTED_EDGE('',*,*,#6441,.F.);
#8793=ORIENTED_EDGE('',*,*,#6453,.T.);
#8794=ORIENTED_EDGE('',*,*,#6454,.T.);
#8795=ORIENTED_EDGE('',*,*,#6455,.T.);
#8796=ORIENTED_EDGE('',*,*,#6456,.T.);
#8797=ORIENTED_EDGE('',*,*,#6442,.T.);
#8798=ORIENTED_EDGE('',*,*,#6409,.T.);
#8799=ORIENTED_EDGE('',*,*,#6403,.T.);
#8800=ORIENTED_EDGE('',*,*,#6434,.T.);
#8801=ORIENTED_EDGE('',*,*,#6457,.T.);
#8802=ORIENTED_EDGE('',*,*,#6451,.F.);
#8803=ORIENTED_EDGE('',*,*,#6458,.F.);
#8804=ORIENTED_EDGE('',*,*,#6402,.F.);
#8805=ORIENTED_EDGE('',*,*,#6452,.F.);
#8806=ORIENTED_EDGE('',*,*,#6457,.F.);
#8807=ORIENTED_EDGE('',*,*,#6433,.T.);
#8808=ORIENTED_EDGE('',*,*,#6459,.T.);
#8809=ORIENTED_EDGE('',*,*,#6453,.F.);
#8810=ORIENTED_EDGE('',*,*,#6440,.F.);
#8811=ORIENTED_EDGE('',*,*,#6456,.F.);
#8812=ORIENTED_EDGE('',*,*,#6432,.T.);
#8813=ORIENTED_EDGE('',*,*,#6460,.T.);
#8814=ORIENTED_EDGE('',*,*,#6454,.F.);
#8815=ORIENTED_EDGE('',*,*,#6459,.F.);
#8816=ORIENTED_EDGE('',*,*,#6446,.F.);
#8817=ORIENTED_EDGE('',*,*,#6435,.T.);
#8818=ORIENTED_EDGE('',*,*,#6458,.T.);
#8819=ORIENTED_EDGE('',*,*,#6450,.F.);
#8820=ORIENTED_EDGE('',*,*,#6443,.F.);
#8821=ORIENTED_EDGE('',*,*,#6455,.F.);
#8822=ORIENTED_EDGE('',*,*,#6460,.F.);
#8823=ORIENTED_EDGE('',*,*,#6431,.T.);
#8824=ORIENTED_EDGE('',*,*,#6448,.T.);
#8825=ORIENTED_EDGE('',*,*,#6449,.T.);
#8826=ORIENTED_EDGE('',*,*,#6444,.T.);
#8827=ORIENTED_EDGE('',*,*,#6429,.T.);
#8828=ORIENTED_EDGE('',*,*,#6461,.T.);
#8829=ORIENTED_EDGE('',*,*,#6462,.T.);
#8830=ORIENTED_EDGE('',*,*,#6463,.T.);
#8831=ORIENTED_EDGE('',*,*,#6464,.T.);
#8832=ORIENTED_EDGE('',*,*,#6465,.F.);
#8833=ORIENTED_EDGE('',*,*,#6466,.F.);
#8834=ORIENTED_EDGE('',*,*,#6467,.F.);
#8835=ORIENTED_EDGE('',*,*,#6468,.T.);
#8836=ORIENTED_EDGE('',*,*,#6469,.F.);
#8837=ORIENTED_EDGE('',*,*,#6470,.T.);
#8838=ORIENTED_EDGE('',*,*,#6471,.T.);
#8839=ORIENTED_EDGE('',*,*,#6472,.F.);
#8840=ORIENTED_EDGE('',*,*,#6473,.T.);
#8841=ORIENTED_EDGE('',*,*,#6467,.T.);
#8842=ORIENTED_EDGE('',*,*,#6474,.F.);
#8843=ORIENTED_EDGE('',*,*,#6475,.F.);
#8844=ORIENTED_EDGE('',*,*,#6476,.F.);
#8845=ORIENTED_EDGE('',*,*,#6477,.F.);
#8846=ORIENTED_EDGE('',*,*,#6478,.F.);
#8847=ORIENTED_EDGE('',*,*,#6479,.T.);
#8848=ORIENTED_EDGE('',*,*,#6475,.T.);
#8849=ORIENTED_EDGE('',*,*,#6480,.F.);
#8850=ORIENTED_EDGE('',*,*,#6481,.F.);
#8851=ORIENTED_EDGE('',*,*,#6482,.F.);
#8852=ORIENTED_EDGE('',*,*,#6483,.T.);
#8853=ORIENTED_EDGE('',*,*,#6478,.T.);
#8854=ORIENTED_EDGE('',*,*,#6484,.F.);
#8855=ORIENTED_EDGE('',*,*,#6471,.F.);
#8856=ORIENTED_EDGE('',*,*,#6482,.T.);
#8857=ORIENTED_EDGE('',*,*,#6485,.T.);
#8858=ORIENTED_EDGE('',*,*,#6486,.T.);
#8859=ORIENTED_EDGE('',*,*,#6487,.T.);
#8860=ORIENTED_EDGE('',*,*,#6488,.F.);
#8861=ORIENTED_EDGE('',*,*,#6462,.F.);
#8862=ORIENTED_EDGE('',*,*,#6489,.F.);
#8863=ORIENTED_EDGE('',*,*,#6472,.T.);
#8864=ORIENTED_EDGE('',*,*,#6484,.T.);
#8865=ORIENTED_EDGE('',*,*,#6477,.T.);
#8866=ORIENTED_EDGE('',*,*,#6490,.F.);
#8867=ORIENTED_EDGE('',*,*,#6491,.F.);
#8868=ORIENTED_EDGE('',*,*,#6492,.F.);
#8869=ORIENTED_EDGE('',*,*,#6480,.T.);
#8870=ORIENTED_EDGE('',*,*,#6474,.T.);
#8871=ORIENTED_EDGE('',*,*,#6466,.T.);
#8872=ORIENTED_EDGE('',*,*,#6469,.T.);
#8873=ORIENTED_EDGE('',*,*,#6489,.T.);
#8874=ORIENTED_EDGE('',*,*,#6461,.F.);
#8875=ORIENTED_EDGE('',*,*,#6493,.T.);
#8876=ORIENTED_EDGE('',*,*,#6465,.T.);
#8877=ORIENTED_EDGE('',*,*,#6494,.T.);
#8878=ORIENTED_EDGE('',*,*,#6463,.F.);
#8879=ORIENTED_EDGE('',*,*,#6488,.T.);
#8880=ORIENTED_EDGE('',*,*,#6481,.T.);
#8881=ORIENTED_EDGE('',*,*,#6492,.T.);
#8882=ORIENTED_EDGE('',*,*,#6495,.F.);
#8883=ORIENTED_EDGE('',*,*,#6496,.T.);
#8884=ORIENTED_EDGE('',*,*,#6497,.T.);
#8885=ORIENTED_EDGE('',*,*,#6498,.T.);
#8886=ORIENTED_EDGE('',*,*,#6485,.F.);
#8887=ORIENTED_EDGE('',*,*,#6499,.T.);
#8888=ORIENTED_EDGE('',*,*,#6500,.T.);
#8889=ORIENTED_EDGE('',*,*,#6495,.T.);
#8890=ORIENTED_EDGE('',*,*,#6491,.T.);
#8891=ORIENTED_EDGE('',*,*,#6500,.F.);
#8892=ORIENTED_EDGE('',*,*,#6501,.F.);
#8893=ORIENTED_EDGE('',*,*,#6502,.T.);
#8894=ORIENTED_EDGE('',*,*,#6503,.T.);
#8895=ORIENTED_EDGE('',*,*,#6504,.T.);
#8896=ORIENTED_EDGE('',*,*,#6505,.F.);
#8897=ORIENTED_EDGE('',*,*,#6506,.T.);
#8898=ORIENTED_EDGE('',*,*,#6507,.T.);
#8899=ORIENTED_EDGE('',*,*,#6508,.T.);
#8900=ORIENTED_EDGE('',*,*,#6496,.F.);
#8901=ORIENTED_EDGE('',*,*,#6493,.F.);
#8902=ORIENTED_EDGE('',*,*,#6464,.F.);
#8903=ORIENTED_EDGE('',*,*,#6494,.F.);
#8904=ORIENTED_EDGE('',*,*,#6468,.F.);
#8905=ORIENTED_EDGE('',*,*,#6473,.F.);
#8906=ORIENTED_EDGE('',*,*,#6479,.F.);
#8907=ORIENTED_EDGE('',*,*,#6483,.F.);
#8908=ORIENTED_EDGE('',*,*,#6470,.F.);
#8909=ORIENTED_EDGE('',*,*,#6509,.F.);
#8910=ORIENTED_EDGE('',*,*,#6510,.F.);
#8911=ORIENTED_EDGE('',*,*,#6511,.T.);
#8912=ORIENTED_EDGE('',*,*,#6502,.F.);
#8913=ORIENTED_EDGE('',*,*,#6512,.F.);
#8914=ORIENTED_EDGE('',*,*,#6513,.T.);
#8915=ORIENTED_EDGE('',*,*,#6503,.F.);
#8916=ORIENTED_EDGE('',*,*,#6511,.F.);
#8917=ORIENTED_EDGE('',*,*,#6514,.F.);
#8918=ORIENTED_EDGE('',*,*,#6504,.F.);
#8919=ORIENTED_EDGE('',*,*,#6513,.F.);
#8920=ORIENTED_EDGE('',*,*,#6515,.F.);
#8921=ORIENTED_EDGE('',*,*,#6516,.F.);
#8922=ORIENTED_EDGE('',*,*,#6517,.F.);
#8923=ORIENTED_EDGE('',*,*,#6518,.T.);
#8924=ORIENTED_EDGE('',*,*,#6506,.F.);
#8925=ORIENTED_EDGE('',*,*,#6497,.F.);
#8926=ORIENTED_EDGE('',*,*,#6508,.F.);
#8927=ORIENTED_EDGE('',*,*,#6519,.F.);
#8928=ORIENTED_EDGE('',*,*,#6520,.F.);
#8929=ORIENTED_EDGE('',*,*,#6521,.F.);
#8930=ORIENTED_EDGE('',*,*,#6519,.T.);
#8931=ORIENTED_EDGE('',*,*,#6507,.F.);
#8932=ORIENTED_EDGE('',*,*,#6518,.F.);
#8933=ORIENTED_EDGE('',*,*,#6486,.F.);
#8934=ORIENTED_EDGE('',*,*,#6498,.F.);
#8935=ORIENTED_EDGE('',*,*,#6520,.T.);
#8936=ORIENTED_EDGE('',*,*,#6521,.T.);
#8937=ORIENTED_EDGE('',*,*,#6517,.T.);
#8938=ORIENTED_EDGE('',*,*,#6522,.T.);
#8939=ORIENTED_EDGE('',*,*,#6515,.T.);
#8940=ORIENTED_EDGE('',*,*,#6512,.T.);
#8941=ORIENTED_EDGE('',*,*,#6510,.T.);
#8942=ORIENTED_EDGE('',*,*,#6523,.F.);
#8943=ORIENTED_EDGE('',*,*,#6476,.T.);
#8944=ORIENTED_EDGE('',*,*,#6487,.F.);
#8945=ORIENTED_EDGE('',*,*,#6523,.T.);
#8946=ORIENTED_EDGE('',*,*,#6509,.T.);
#8947=ORIENTED_EDGE('',*,*,#6501,.T.);
#8948=ORIENTED_EDGE('',*,*,#6499,.F.);
#8949=ORIENTED_EDGE('',*,*,#6490,.T.);
#8950=ORIENTED_EDGE('',*,*,#6514,.T.);
#8951=ORIENTED_EDGE('',*,*,#6522,.F.);
#8952=ORIENTED_EDGE('',*,*,#6516,.T.);
#8953=ORIENTED_EDGE('',*,*,#6505,.T.);
#8954=ORIENTED_EDGE('',*,*,#6524,.T.);
#8955=ORIENTED_EDGE('',*,*,#6525,.F.);
#8956=ORIENTED_EDGE('',*,*,#6526,.T.);
#8957=ORIENTED_EDGE('',*,*,#6527,.T.);
#8958=ORIENTED_EDGE('',*,*,#6528,.T.);
#8959=ORIENTED_EDGE('',*,*,#6529,.F.);
#8960=ORIENTED_EDGE('',*,*,#6530,.T.);
#8961=ORIENTED_EDGE('',*,*,#6531,.T.);
#8962=ORIENTED_EDGE('',*,*,#6532,.T.);
#8963=ORIENTED_EDGE('',*,*,#6533,.F.);
#8964=ORIENTED_EDGE('',*,*,#6534,.T.);
#8965=ORIENTED_EDGE('',*,*,#6535,.F.);
#8966=ORIENTED_EDGE('',*,*,#6536,.F.);
#8967=ORIENTED_EDGE('',*,*,#6537,.T.);
#8968=ORIENTED_EDGE('',*,*,#6538,.T.);
#8969=ORIENTED_EDGE('',*,*,#6539,.T.);
#8970=ORIENTED_EDGE('',*,*,#6525,.T.);
#8971=ORIENTED_EDGE('',*,*,#6540,.T.);
#8972=ORIENTED_EDGE('',*,*,#6541,.T.);
#8973=ORIENTED_EDGE('',*,*,#6542,.T.);
#8974=ORIENTED_EDGE('',*,*,#6530,.F.);
#8975=ORIENTED_EDGE('',*,*,#6538,.F.);
#8976=ORIENTED_EDGE('',*,*,#6543,.T.);
#8977=ORIENTED_EDGE('',*,*,#6544,.F.);
#8978=ORIENTED_EDGE('',*,*,#6545,.F.);
#8979=ORIENTED_EDGE('',*,*,#6546,.F.);
#8980=ORIENTED_EDGE('',*,*,#6547,.F.);
#8981=ORIENTED_EDGE('',*,*,#6543,.F.);
#8982=ORIENTED_EDGE('',*,*,#6537,.F.);
#8983=ORIENTED_EDGE('',*,*,#6526,.F.);
#8984=ORIENTED_EDGE('',*,*,#6539,.F.);
#8985=ORIENTED_EDGE('',*,*,#6545,.T.);
#8986=ORIENTED_EDGE('',*,*,#6548,.F.);
#8987=ORIENTED_EDGE('',*,*,#6524,.F.);
#8988=ORIENTED_EDGE('',*,*,#6549,.F.);
#8989=ORIENTED_EDGE('',*,*,#6550,.F.);
#8990=ORIENTED_EDGE('',*,*,#6540,.F.);
#8991=ORIENTED_EDGE('',*,*,#6541,.F.);
#8992=ORIENTED_EDGE('',*,*,#6550,.T.);
#8993=ORIENTED_EDGE('',*,*,#6551,.F.);
#8994=ORIENTED_EDGE('',*,*,#6552,.F.);
#8995=ORIENTED_EDGE('',*,*,#6531,.F.);
#8996=ORIENTED_EDGE('',*,*,#6542,.F.);
#8997=ORIENTED_EDGE('',*,*,#6552,.T.);
#8998=ORIENTED_EDGE('',*,*,#6553,.F.);
#8999=ORIENTED_EDGE('',*,*,#6554,.F.);
#9000=ORIENTED_EDGE('',*,*,#6555,.F.);
#9001=ORIENTED_EDGE('',*,*,#6556,.F.);
#9002=ORIENTED_EDGE('',*,*,#6557,.F.);
#9003=ORIENTED_EDGE('',*,*,#6558,.F.);
#9004=ORIENTED_EDGE('',*,*,#6559,.F.);
#9005=ORIENTED_EDGE('',*,*,#6560,.F.);
#9006=ORIENTED_EDGE('',*,*,#6561,.F.);
#9007=ORIENTED_EDGE('',*,*,#6562,.F.);
#9008=ORIENTED_EDGE('',*,*,#6532,.F.);
#9009=ORIENTED_EDGE('',*,*,#6553,.T.);
#9010=ORIENTED_EDGE('',*,*,#6551,.T.);
#9011=ORIENTED_EDGE('',*,*,#6549,.T.);
#9012=ORIENTED_EDGE('',*,*,#6527,.F.);
#9013=ORIENTED_EDGE('',*,*,#6548,.T.);
#9014=ORIENTED_EDGE('',*,*,#6544,.T.);
#9015=ORIENTED_EDGE('',*,*,#6547,.T.);
#9016=ORIENTED_EDGE('',*,*,#6563,.F.);
#9017=ORIENTED_EDGE('',*,*,#6533,.T.);
#9018=ORIENTED_EDGE('',*,*,#6562,.T.);
#9019=ORIENTED_EDGE('',*,*,#6564,.T.);
#9020=ORIENTED_EDGE('',*,*,#6565,.T.);
#9021=ORIENTED_EDGE('',*,*,#6566,.T.);
#9022=ORIENTED_EDGE('',*,*,#6567,.T.);
#9023=ORIENTED_EDGE('',*,*,#6564,.F.);
#9024=ORIENTED_EDGE('',*,*,#6563,.T.);
#9025=ORIENTED_EDGE('',*,*,#6546,.T.);
#9026=ORIENTED_EDGE('',*,*,#6536,.T.);
#9027=ORIENTED_EDGE('',*,*,#6568,.F.);
#9028=ORIENTED_EDGE('',*,*,#6569,.T.);
#9029=ORIENTED_EDGE('',*,*,#6556,.T.);
#9030=ORIENTED_EDGE('',*,*,#6570,.F.);
#9031=ORIENTED_EDGE('',*,*,#6571,.T.);
#9032=ORIENTED_EDGE('',*,*,#6572,.T.);
#9033=ORIENTED_EDGE('',*,*,#6573,.T.);
#9034=ORIENTED_EDGE('',*,*,#6574,.F.);
#9035=ORIENTED_EDGE('',*,*,#6554,.T.);
#9036=ORIENTED_EDGE('',*,*,#6571,.F.);
#9037=ORIENTED_EDGE('',*,*,#6575,.F.);
#9038=ORIENTED_EDGE('',*,*,#6573,.F.);
#9039=ORIENTED_EDGE('',*,*,#6576,.T.);
#9040=ORIENTED_EDGE('',*,*,#6577,.T.);
#9041=ORIENTED_EDGE('',*,*,#6578,.T.);
#9042=ORIENTED_EDGE('',*,*,#6534,.F.);
#9043=ORIENTED_EDGE('',*,*,#6565,.F.);
#9044=ORIENTED_EDGE('',*,*,#6567,.F.);
#9045=ORIENTED_EDGE('',*,*,#6579,.T.);
#9046=ORIENTED_EDGE('',*,*,#6580,.T.);
#9047=ORIENTED_EDGE('',*,*,#6581,.T.);
#9048=ORIENTED_EDGE('',*,*,#6582,.T.);
#9049=ORIENTED_EDGE('',*,*,#6568,.T.);
#9050=ORIENTED_EDGE('',*,*,#6535,.T.);
#9051=ORIENTED_EDGE('',*,*,#6529,.T.);
#9052=ORIENTED_EDGE('',*,*,#6560,.T.);
#9053=ORIENTED_EDGE('',*,*,#6583,.T.);
#9054=ORIENTED_EDGE('',*,*,#6577,.F.);
#9055=ORIENTED_EDGE('',*,*,#6584,.F.);
#9056=ORIENTED_EDGE('',*,*,#6528,.F.);
#9057=ORIENTED_EDGE('',*,*,#6578,.F.);
#9058=ORIENTED_EDGE('',*,*,#6583,.F.);
#9059=ORIENTED_EDGE('',*,*,#6559,.T.);
#9060=ORIENTED_EDGE('',*,*,#6585,.T.);
#9061=ORIENTED_EDGE('',*,*,#6579,.F.);
#9062=ORIENTED_EDGE('',*,*,#6566,.F.);
#9063=ORIENTED_EDGE('',*,*,#6582,.F.);
#9064=ORIENTED_EDGE('',*,*,#6558,.T.);
#9065=ORIENTED_EDGE('',*,*,#6586,.T.);
#9066=ORIENTED_EDGE('',*,*,#6580,.F.);
#9067=ORIENTED_EDGE('',*,*,#6585,.F.);
#9068=ORIENTED_EDGE('',*,*,#6572,.F.);
#9069=ORIENTED_EDGE('',*,*,#6561,.T.);
#9070=ORIENTED_EDGE('',*,*,#6584,.T.);
#9071=ORIENTED_EDGE('',*,*,#6576,.F.);
#9072=ORIENTED_EDGE('',*,*,#6569,.F.);
#9073=ORIENTED_EDGE('',*,*,#6581,.F.);
#9074=ORIENTED_EDGE('',*,*,#6586,.F.);
#9075=ORIENTED_EDGE('',*,*,#6557,.T.);
#9076=ORIENTED_EDGE('',*,*,#6574,.T.);
#9077=ORIENTED_EDGE('',*,*,#6575,.T.);
#9078=ORIENTED_EDGE('',*,*,#6570,.T.);
#9079=ORIENTED_EDGE('',*,*,#6555,.T.);
#9080=ORIENTED_EDGE('',*,*,#6587,.T.);
#9081=ORIENTED_EDGE('',*,*,#6588,.T.);
#9082=ORIENTED_EDGE('',*,*,#6589,.T.);
#9083=ORIENTED_EDGE('',*,*,#6590,.T.);
#9084=ORIENTED_EDGE('',*,*,#6591,.F.);
#9085=ORIENTED_EDGE('',*,*,#6592,.F.);
#9086=ORIENTED_EDGE('',*,*,#6593,.F.);
#9087=ORIENTED_EDGE('',*,*,#6594,.F.);
#9088=ORIENTED_EDGE('',*,*,#6595,.F.);
#9089=ORIENTED_EDGE('',*,*,#6596,.F.);
#9090=ORIENTED_EDGE('',*,*,#6597,.F.);
#9091=ORIENTED_EDGE('',*,*,#6598,.F.);
#9092=ORIENTED_EDGE('',*,*,#6592,.T.);
#9093=ORIENTED_EDGE('',*,*,#6599,.F.);
#9094=ORIENTED_EDGE('',*,*,#6597,.T.);
#9095=ORIENTED_EDGE('',*,*,#6600,.T.);
#9096=ORIENTED_EDGE('',*,*,#6593,.T.);
#9097=ORIENTED_EDGE('',*,*,#6600,.F.);
#9098=ORIENTED_EDGE('',*,*,#6596,.T.);
#9099=ORIENTED_EDGE('',*,*,#6601,.F.);
#9100=ORIENTED_EDGE('',*,*,#6602,.F.);
#9101=ORIENTED_EDGE('',*,*,#6603,.F.);
#9102=ORIENTED_EDGE('',*,*,#6604,.F.);
#9103=ORIENTED_EDGE('',*,*,#6605,.F.);
#9104=ORIENTED_EDGE('',*,*,#6606,.T.);
#9105=ORIENTED_EDGE('',*,*,#6607,.F.);
#9106=ORIENTED_EDGE('',*,*,#6608,.F.);
#9107=ORIENTED_EDGE('',*,*,#6609,.F.);
#9108=ORIENTED_EDGE('',*,*,#6610,.F.);
#9109=ORIENTED_EDGE('',*,*,#6611,.F.);
#9110=ORIENTED_EDGE('',*,*,#6612,.F.);
#9111=ORIENTED_EDGE('',*,*,#6610,.T.);
#9112=ORIENTED_EDGE('',*,*,#6613,.T.);
#9113=ORIENTED_EDGE('',*,*,#6614,.F.);
#9114=ORIENTED_EDGE('',*,*,#6615,.F.);
#9115=ORIENTED_EDGE('',*,*,#6616,.F.);
#9116=ORIENTED_EDGE('',*,*,#6617,.F.);
#9117=ORIENTED_EDGE('',*,*,#6608,.T.);
#9118=ORIENTED_EDGE('',*,*,#6618,.F.);
#9119=ORIENTED_EDGE('',*,*,#6604,.T.);
#9120=ORIENTED_EDGE('',*,*,#6619,.T.);
#9121=ORIENTED_EDGE('',*,*,#6620,.F.);
#9122=ORIENTED_EDGE('',*,*,#6621,.F.);
#9123=ORIENTED_EDGE('',*,*,#6613,.F.);
#9124=ORIENTED_EDGE('',*,*,#6609,.T.);
#9125=ORIENTED_EDGE('',*,*,#6617,.T.);
#9126=ORIENTED_EDGE('',*,*,#6622,.F.);
#9127=ORIENTED_EDGE('',*,*,#6623,.F.);
#9128=ORIENTED_EDGE('',*,*,#6624,.F.);
#9129=ORIENTED_EDGE('',*,*,#6602,.T.);
#9130=ORIENTED_EDGE('',*,*,#6625,.F.);
#9131=ORIENTED_EDGE('',*,*,#6619,.F.);
#9132=ORIENTED_EDGE('',*,*,#6603,.T.);
#9133=ORIENTED_EDGE('',*,*,#6624,.T.);
#9134=ORIENTED_EDGE('',*,*,#6618,.T.);
#9135=ORIENTED_EDGE('',*,*,#6626,.T.);
#9136=ORIENTED_EDGE('',*,*,#6627,.T.);
#9137=ORIENTED_EDGE('',*,*,#6628,.T.);
#9138=ORIENTED_EDGE('',*,*,#6589,.F.);
#9139=ORIENTED_EDGE('',*,*,#6629,.T.);
#9140=ORIENTED_EDGE('',*,*,#6630,.T.);
#9141=ORIENTED_EDGE('',*,*,#6631,.T.);
#9142=ORIENTED_EDGE('',*,*,#6605,.T.);
#9143=ORIENTED_EDGE('',*,*,#6595,.T.);
#9144=ORIENTED_EDGE('',*,*,#6632,.T.);
#9145=ORIENTED_EDGE('',*,*,#6622,.T.);
#9146=ORIENTED_EDGE('',*,*,#6601,.T.);
#9147=ORIENTED_EDGE('',*,*,#6615,.T.);
#9148=ORIENTED_EDGE('',*,*,#6607,.T.);
#9149=ORIENTED_EDGE('',*,*,#6633,.T.);
#9150=ORIENTED_EDGE('',*,*,#6634,.T.);
#9151=ORIENTED_EDGE('',*,*,#6635,.T.);
#9152=ORIENTED_EDGE('',*,*,#6587,.F.);
#9153=ORIENTED_EDGE('',*,*,#6636,.T.);
#9154=ORIENTED_EDGE('',*,*,#6637,.T.);
#9155=ORIENTED_EDGE('',*,*,#6638,.T.);
#9156=ORIENTED_EDGE('',*,*,#6591,.T.);
#9157=ORIENTED_EDGE('',*,*,#6639,.F.);
#9158=ORIENTED_EDGE('',*,*,#6614,.T.);
#9159=ORIENTED_EDGE('',*,*,#6621,.T.);
#9160=ORIENTED_EDGE('',*,*,#6616,.T.);
#9161=ORIENTED_EDGE('',*,*,#6638,.F.);
#9162=ORIENTED_EDGE('',*,*,#6640,.F.);
#9163=ORIENTED_EDGE('',*,*,#6626,.F.);
#9164=ORIENTED_EDGE('',*,*,#6620,.T.);
#9165=ORIENTED_EDGE('',*,*,#6625,.T.);
#9166=ORIENTED_EDGE('',*,*,#6623,.T.);
#9167=ORIENTED_EDGE('',*,*,#6632,.F.);
#9168=ORIENTED_EDGE('',*,*,#6598,.T.);
#9169=ORIENTED_EDGE('',*,*,#6599,.T.);
#9170=ORIENTED_EDGE('',*,*,#6640,.T.);
#9171=ORIENTED_EDGE('',*,*,#6637,.F.);
#9172=ORIENTED_EDGE('',*,*,#6641,.T.);
#9173=ORIENTED_EDGE('',*,*,#6627,.F.);
#9174=ORIENTED_EDGE('',*,*,#6642,.F.);
#9175=ORIENTED_EDGE('',*,*,#6633,.F.);
#9176=ORIENTED_EDGE('',*,*,#6606,.F.);
#9177=ORIENTED_EDGE('',*,*,#6631,.F.);
#9178=ORIENTED_EDGE('',*,*,#6594,.T.);
#9179=ORIENTED_EDGE('',*,*,#6611,.T.);
#9180=ORIENTED_EDGE('',*,*,#6612,.T.);
#9181=ORIENTED_EDGE('',*,*,#6639,.T.);
#9182=ORIENTED_EDGE('',*,*,#6642,.T.);
#9183=ORIENTED_EDGE('',*,*,#6630,.F.);
#9184=ORIENTED_EDGE('',*,*,#6643,.T.);
#9185=ORIENTED_EDGE('',*,*,#6634,.F.);
#9186=ORIENTED_EDGE('',*,*,#6641,.F.);
#9187=ORIENTED_EDGE('',*,*,#6636,.F.);
#9188=ORIENTED_EDGE('',*,*,#6590,.F.);
#9189=ORIENTED_EDGE('',*,*,#6628,.F.);
#9190=ORIENTED_EDGE('',*,*,#6588,.F.);
#9191=ORIENTED_EDGE('',*,*,#6635,.F.);
#9192=ORIENTED_EDGE('',*,*,#6643,.F.);
#9193=ORIENTED_EDGE('',*,*,#6629,.F.);
#9194=ORIENTED_EDGE('',*,*,#6644,.T.);
#9195=ORIENTED_EDGE('',*,*,#6645,.F.);
#9196=ORIENTED_EDGE('',*,*,#6646,.T.);
#9197=ORIENTED_EDGE('',*,*,#6647,.T.);
#9198=ORIENTED_EDGE('',*,*,#6648,.T.);
#9199=ORIENTED_EDGE('',*,*,#6649,.F.);
#9200=ORIENTED_EDGE('',*,*,#6650,.T.);
#9201=ORIENTED_EDGE('',*,*,#6651,.T.);
#9202=ORIENTED_EDGE('',*,*,#6652,.T.);
#9203=ORIENTED_EDGE('',*,*,#6653,.F.);
#9204=ORIENTED_EDGE('',*,*,#6654,.T.);
#9205=ORIENTED_EDGE('',*,*,#6655,.F.);
#9206=ORIENTED_EDGE('',*,*,#6656,.F.);
#9207=ORIENTED_EDGE('',*,*,#6657,.T.);
#9208=ORIENTED_EDGE('',*,*,#6658,.T.);
#9209=ORIENTED_EDGE('',*,*,#6659,.T.);
#9210=ORIENTED_EDGE('',*,*,#6645,.T.);
#9211=ORIENTED_EDGE('',*,*,#6660,.T.);
#9212=ORIENTED_EDGE('',*,*,#6661,.T.);
#9213=ORIENTED_EDGE('',*,*,#6662,.T.);
#9214=ORIENTED_EDGE('',*,*,#6650,.F.);
#9215=ORIENTED_EDGE('',*,*,#6658,.F.);
#9216=ORIENTED_EDGE('',*,*,#6663,.T.);
#9217=ORIENTED_EDGE('',*,*,#6664,.F.);
#9218=ORIENTED_EDGE('',*,*,#6665,.F.);
#9219=ORIENTED_EDGE('',*,*,#6666,.F.);
#9220=ORIENTED_EDGE('',*,*,#6667,.F.);
#9221=ORIENTED_EDGE('',*,*,#6663,.F.);
#9222=ORIENTED_EDGE('',*,*,#6657,.F.);
#9223=ORIENTED_EDGE('',*,*,#6646,.F.);
#9224=ORIENTED_EDGE('',*,*,#6659,.F.);
#9225=ORIENTED_EDGE('',*,*,#6665,.T.);
#9226=ORIENTED_EDGE('',*,*,#6668,.F.);
#9227=ORIENTED_EDGE('',*,*,#6644,.F.);
#9228=ORIENTED_EDGE('',*,*,#6669,.F.);
#9229=ORIENTED_EDGE('',*,*,#6670,.F.);
#9230=ORIENTED_EDGE('',*,*,#6660,.F.);
#9231=ORIENTED_EDGE('',*,*,#6661,.F.);
#9232=ORIENTED_EDGE('',*,*,#6670,.T.);
#9233=ORIENTED_EDGE('',*,*,#6671,.F.);
#9234=ORIENTED_EDGE('',*,*,#6672,.F.);
#9235=ORIENTED_EDGE('',*,*,#6651,.F.);
#9236=ORIENTED_EDGE('',*,*,#6662,.F.);
#9237=ORIENTED_EDGE('',*,*,#6672,.T.);
#9238=ORIENTED_EDGE('',*,*,#6673,.F.);
#9239=ORIENTED_EDGE('',*,*,#6674,.F.);
#9240=ORIENTED_EDGE('',*,*,#6675,.F.);
#9241=ORIENTED_EDGE('',*,*,#6676,.F.);
#9242=ORIENTED_EDGE('',*,*,#6677,.F.);
#9243=ORIENTED_EDGE('',*,*,#6678,.F.);
#9244=ORIENTED_EDGE('',*,*,#6679,.F.);
#9245=ORIENTED_EDGE('',*,*,#6680,.F.);
#9246=ORIENTED_EDGE('',*,*,#6681,.F.);
#9247=ORIENTED_EDGE('',*,*,#6682,.F.);
#9248=ORIENTED_EDGE('',*,*,#6652,.F.);
#9249=ORIENTED_EDGE('',*,*,#6673,.T.);
#9250=ORIENTED_EDGE('',*,*,#6671,.T.);
#9251=ORIENTED_EDGE('',*,*,#6669,.T.);
#9252=ORIENTED_EDGE('',*,*,#6647,.F.);
#9253=ORIENTED_EDGE('',*,*,#6668,.T.);
#9254=ORIENTED_EDGE('',*,*,#6664,.T.);
#9255=ORIENTED_EDGE('',*,*,#6667,.T.);
#9256=ORIENTED_EDGE('',*,*,#6683,.F.);
#9257=ORIENTED_EDGE('',*,*,#6653,.T.);
#9258=ORIENTED_EDGE('',*,*,#6682,.T.);
#9259=ORIENTED_EDGE('',*,*,#6684,.T.);
#9260=ORIENTED_EDGE('',*,*,#6685,.T.);
#9261=ORIENTED_EDGE('',*,*,#6686,.T.);
#9262=ORIENTED_EDGE('',*,*,#6687,.T.);
#9263=ORIENTED_EDGE('',*,*,#6684,.F.);
#9264=ORIENTED_EDGE('',*,*,#6683,.T.);
#9265=ORIENTED_EDGE('',*,*,#6666,.T.);
#9266=ORIENTED_EDGE('',*,*,#6656,.T.);
#9267=ORIENTED_EDGE('',*,*,#6688,.F.);
#9268=ORIENTED_EDGE('',*,*,#6689,.T.);
#9269=ORIENTED_EDGE('',*,*,#6676,.T.);
#9270=ORIENTED_EDGE('',*,*,#6690,.F.);
#9271=ORIENTED_EDGE('',*,*,#6691,.T.);
#9272=ORIENTED_EDGE('',*,*,#6692,.T.);
#9273=ORIENTED_EDGE('',*,*,#6693,.T.);
#9274=ORIENTED_EDGE('',*,*,#6694,.F.);
#9275=ORIENTED_EDGE('',*,*,#6674,.T.);
#9276=ORIENTED_EDGE('',*,*,#6691,.F.);
#9277=ORIENTED_EDGE('',*,*,#6695,.F.);
#9278=ORIENTED_EDGE('',*,*,#6693,.F.);
#9279=ORIENTED_EDGE('',*,*,#6696,.T.);
#9280=ORIENTED_EDGE('',*,*,#6697,.T.);
#9281=ORIENTED_EDGE('',*,*,#6698,.T.);
#9282=ORIENTED_EDGE('',*,*,#6654,.F.);
#9283=ORIENTED_EDGE('',*,*,#6685,.F.);
#9284=ORIENTED_EDGE('',*,*,#6687,.F.);
#9285=ORIENTED_EDGE('',*,*,#6699,.T.);
#9286=ORIENTED_EDGE('',*,*,#6700,.T.);
#9287=ORIENTED_EDGE('',*,*,#6701,.T.);
#9288=ORIENTED_EDGE('',*,*,#6702,.T.);
#9289=ORIENTED_EDGE('',*,*,#6688,.T.);
#9290=ORIENTED_EDGE('',*,*,#6655,.T.);
#9291=ORIENTED_EDGE('',*,*,#6649,.T.);
#9292=ORIENTED_EDGE('',*,*,#6680,.T.);
#9293=ORIENTED_EDGE('',*,*,#6703,.T.);
#9294=ORIENTED_EDGE('',*,*,#6697,.F.);
#9295=ORIENTED_EDGE('',*,*,#6704,.F.);
#9296=ORIENTED_EDGE('',*,*,#6648,.F.);
#9297=ORIENTED_EDGE('',*,*,#6698,.F.);
#9298=ORIENTED_EDGE('',*,*,#6703,.F.);
#9299=ORIENTED_EDGE('',*,*,#6679,.T.);
#9300=ORIENTED_EDGE('',*,*,#6705,.T.);
#9301=ORIENTED_EDGE('',*,*,#6699,.F.);
#9302=ORIENTED_EDGE('',*,*,#6686,.F.);
#9303=ORIENTED_EDGE('',*,*,#6702,.F.);
#9304=ORIENTED_EDGE('',*,*,#6678,.T.);
#9305=ORIENTED_EDGE('',*,*,#6706,.T.);
#9306=ORIENTED_EDGE('',*,*,#6700,.F.);
#9307=ORIENTED_EDGE('',*,*,#6705,.F.);
#9308=ORIENTED_EDGE('',*,*,#6692,.F.);
#9309=ORIENTED_EDGE('',*,*,#6681,.T.);
#9310=ORIENTED_EDGE('',*,*,#6704,.T.);
#9311=ORIENTED_EDGE('',*,*,#6696,.F.);
#9312=ORIENTED_EDGE('',*,*,#6689,.F.);
#9313=ORIENTED_EDGE('',*,*,#6701,.F.);
#9314=ORIENTED_EDGE('',*,*,#6706,.F.);
#9315=ORIENTED_EDGE('',*,*,#6677,.T.);
#9316=ORIENTED_EDGE('',*,*,#6694,.T.);
#9317=ORIENTED_EDGE('',*,*,#6695,.T.);
#9318=ORIENTED_EDGE('',*,*,#6690,.T.);
#9319=ORIENTED_EDGE('',*,*,#6675,.T.);
#9320=ORIENTED_EDGE('',*,*,#6707,.T.);
#9321=ORIENTED_EDGE('',*,*,#6708,.T.);
#9322=ORIENTED_EDGE('',*,*,#6709,.T.);
#9323=ORIENTED_EDGE('',*,*,#6710,.T.);
#9324=ORIENTED_EDGE('',*,*,#6711,.F.);
#9325=ORIENTED_EDGE('',*,*,#6712,.F.);
#9326=ORIENTED_EDGE('',*,*,#6713,.F.);
#9327=ORIENTED_EDGE('',*,*,#6714,.F.);
#9328=ORIENTED_EDGE('',*,*,#6715,.F.);
#9329=ORIENTED_EDGE('',*,*,#6716,.F.);
#9330=ORIENTED_EDGE('',*,*,#6717,.F.);
#9331=ORIENTED_EDGE('',*,*,#6718,.F.);
#9332=ORIENTED_EDGE('',*,*,#6712,.T.);
#9333=ORIENTED_EDGE('',*,*,#6719,.F.);
#9334=ORIENTED_EDGE('',*,*,#6717,.T.);
#9335=ORIENTED_EDGE('',*,*,#6720,.T.);
#9336=ORIENTED_EDGE('',*,*,#6713,.T.);
#9337=ORIENTED_EDGE('',*,*,#6720,.F.);
#9338=ORIENTED_EDGE('',*,*,#6716,.T.);
#9339=ORIENTED_EDGE('',*,*,#6721,.F.);
#9340=ORIENTED_EDGE('',*,*,#6722,.F.);
#9341=ORIENTED_EDGE('',*,*,#6723,.F.);
#9342=ORIENTED_EDGE('',*,*,#6724,.F.);
#9343=ORIENTED_EDGE('',*,*,#6725,.F.);
#9344=ORIENTED_EDGE('',*,*,#6726,.T.);
#9345=ORIENTED_EDGE('',*,*,#6727,.F.);
#9346=ORIENTED_EDGE('',*,*,#6728,.F.);
#9347=ORIENTED_EDGE('',*,*,#6729,.F.);
#9348=ORIENTED_EDGE('',*,*,#6730,.F.);
#9349=ORIENTED_EDGE('',*,*,#6731,.F.);
#9350=ORIENTED_EDGE('',*,*,#6732,.F.);
#9351=ORIENTED_EDGE('',*,*,#6730,.T.);
#9352=ORIENTED_EDGE('',*,*,#6733,.T.);
#9353=ORIENTED_EDGE('',*,*,#6734,.F.);
#9354=ORIENTED_EDGE('',*,*,#6735,.F.);
#9355=ORIENTED_EDGE('',*,*,#6736,.F.);
#9356=ORIENTED_EDGE('',*,*,#6737,.F.);
#9357=ORIENTED_EDGE('',*,*,#6728,.T.);
#9358=ORIENTED_EDGE('',*,*,#6738,.F.);
#9359=ORIENTED_EDGE('',*,*,#6724,.T.);
#9360=ORIENTED_EDGE('',*,*,#6739,.T.);
#9361=ORIENTED_EDGE('',*,*,#6740,.F.);
#9362=ORIENTED_EDGE('',*,*,#6741,.F.);
#9363=ORIENTED_EDGE('',*,*,#6733,.F.);
#9364=ORIENTED_EDGE('',*,*,#6729,.T.);
#9365=ORIENTED_EDGE('',*,*,#6737,.T.);
#9366=ORIENTED_EDGE('',*,*,#6742,.F.);
#9367=ORIENTED_EDGE('',*,*,#6743,.F.);
#9368=ORIENTED_EDGE('',*,*,#6744,.F.);
#9369=ORIENTED_EDGE('',*,*,#6722,.T.);
#9370=ORIENTED_EDGE('',*,*,#6745,.F.);
#9371=ORIENTED_EDGE('',*,*,#6739,.F.);
#9372=ORIENTED_EDGE('',*,*,#6723,.T.);
#9373=ORIENTED_EDGE('',*,*,#6744,.T.);
#9374=ORIENTED_EDGE('',*,*,#6738,.T.);
#9375=ORIENTED_EDGE('',*,*,#6746,.T.);
#9376=ORIENTED_EDGE('',*,*,#6747,.T.);
#9377=ORIENTED_EDGE('',*,*,#6748,.T.);
#9378=ORIENTED_EDGE('',*,*,#6709,.F.);
#9379=ORIENTED_EDGE('',*,*,#6749,.T.);
#9380=ORIENTED_EDGE('',*,*,#6750,.T.);
#9381=ORIENTED_EDGE('',*,*,#6751,.T.);
#9382=ORIENTED_EDGE('',*,*,#6725,.T.);
#9383=ORIENTED_EDGE('',*,*,#6715,.T.);
#9384=ORIENTED_EDGE('',*,*,#6752,.T.);
#9385=ORIENTED_EDGE('',*,*,#6742,.T.);
#9386=ORIENTED_EDGE('',*,*,#6721,.T.);
#9387=ORIENTED_EDGE('',*,*,#6735,.T.);
#9388=ORIENTED_EDGE('',*,*,#6727,.T.);
#9389=ORIENTED_EDGE('',*,*,#6753,.T.);
#9390=ORIENTED_EDGE('',*,*,#6754,.T.);
#9391=ORIENTED_EDGE('',*,*,#6755,.T.);
#9392=ORIENTED_EDGE('',*,*,#6707,.F.);
#9393=ORIENTED_EDGE('',*,*,#6756,.T.);
#9394=ORIENTED_EDGE('',*,*,#6757,.T.);
#9395=ORIENTED_EDGE('',*,*,#6758,.T.);
#9396=ORIENTED_EDGE('',*,*,#6711,.T.);
#9397=ORIENTED_EDGE('',*,*,#6759,.F.);
#9398=ORIENTED_EDGE('',*,*,#6734,.T.);
#9399=ORIENTED_EDGE('',*,*,#6741,.T.);
#9400=ORIENTED_EDGE('',*,*,#6736,.T.);
#9401=ORIENTED_EDGE('',*,*,#6758,.F.);
#9402=ORIENTED_EDGE('',*,*,#6760,.F.);
#9403=ORIENTED_EDGE('',*,*,#6746,.F.);
#9404=ORIENTED_EDGE('',*,*,#6740,.T.);
#9405=ORIENTED_EDGE('',*,*,#6745,.T.);
#9406=ORIENTED_EDGE('',*,*,#6743,.T.);
#9407=ORIENTED_EDGE('',*,*,#6752,.F.);
#9408=ORIENTED_EDGE('',*,*,#6718,.T.);
#9409=ORIENTED_EDGE('',*,*,#6719,.T.);
#9410=ORIENTED_EDGE('',*,*,#6760,.T.);
#9411=ORIENTED_EDGE('',*,*,#6757,.F.);
#9412=ORIENTED_EDGE('',*,*,#6761,.T.);
#9413=ORIENTED_EDGE('',*,*,#6747,.F.);
#9414=ORIENTED_EDGE('',*,*,#6762,.F.);
#9415=ORIENTED_EDGE('',*,*,#6753,.F.);
#9416=ORIENTED_EDGE('',*,*,#6726,.F.);
#9417=ORIENTED_EDGE('',*,*,#6751,.F.);
#9418=ORIENTED_EDGE('',*,*,#6714,.T.);
#9419=ORIENTED_EDGE('',*,*,#6731,.T.);
#9420=ORIENTED_EDGE('',*,*,#6732,.T.);
#9421=ORIENTED_EDGE('',*,*,#6759,.T.);
#9422=ORIENTED_EDGE('',*,*,#6762,.T.);
#9423=ORIENTED_EDGE('',*,*,#6750,.F.);
#9424=ORIENTED_EDGE('',*,*,#6763,.T.);
#9425=ORIENTED_EDGE('',*,*,#6754,.F.);
#9426=ORIENTED_EDGE('',*,*,#6761,.F.);
#9427=ORIENTED_EDGE('',*,*,#6756,.F.);
#9428=ORIENTED_EDGE('',*,*,#6710,.F.);
#9429=ORIENTED_EDGE('',*,*,#6748,.F.);
#9430=ORIENTED_EDGE('',*,*,#6708,.F.);
#9431=ORIENTED_EDGE('',*,*,#6755,.F.);
#9432=ORIENTED_EDGE('',*,*,#6763,.F.);
#9433=ORIENTED_EDGE('',*,*,#6749,.F.);
#9434=ORIENTED_EDGE('',*,*,#6764,.T.);
#9435=ORIENTED_EDGE('',*,*,#6765,.F.);
#9436=ORIENTED_EDGE('',*,*,#6766,.T.);
#9437=ORIENTED_EDGE('',*,*,#6767,.T.);
#9438=ORIENTED_EDGE('',*,*,#6768,.T.);
#9439=ORIENTED_EDGE('',*,*,#6769,.F.);
#9440=ORIENTED_EDGE('',*,*,#6770,.T.);
#9441=ORIENTED_EDGE('',*,*,#6771,.T.);
#9442=ORIENTED_EDGE('',*,*,#6772,.T.);
#9443=ORIENTED_EDGE('',*,*,#6773,.F.);
#9444=ORIENTED_EDGE('',*,*,#6774,.T.);
#9445=ORIENTED_EDGE('',*,*,#6775,.F.);
#9446=ORIENTED_EDGE('',*,*,#6776,.F.);
#9447=ORIENTED_EDGE('',*,*,#6777,.T.);
#9448=ORIENTED_EDGE('',*,*,#6778,.T.);
#9449=ORIENTED_EDGE('',*,*,#6779,.T.);
#9450=ORIENTED_EDGE('',*,*,#6765,.T.);
#9451=ORIENTED_EDGE('',*,*,#6780,.T.);
#9452=ORIENTED_EDGE('',*,*,#6781,.T.);
#9453=ORIENTED_EDGE('',*,*,#6782,.T.);
#9454=ORIENTED_EDGE('',*,*,#6770,.F.);
#9455=ORIENTED_EDGE('',*,*,#6778,.F.);
#9456=ORIENTED_EDGE('',*,*,#6783,.T.);
#9457=ORIENTED_EDGE('',*,*,#6784,.F.);
#9458=ORIENTED_EDGE('',*,*,#6785,.F.);
#9459=ORIENTED_EDGE('',*,*,#6786,.F.);
#9460=ORIENTED_EDGE('',*,*,#6787,.F.);
#9461=ORIENTED_EDGE('',*,*,#6783,.F.);
#9462=ORIENTED_EDGE('',*,*,#6777,.F.);
#9463=ORIENTED_EDGE('',*,*,#6766,.F.);
#9464=ORIENTED_EDGE('',*,*,#6779,.F.);
#9465=ORIENTED_EDGE('',*,*,#6785,.T.);
#9466=ORIENTED_EDGE('',*,*,#6788,.F.);
#9467=ORIENTED_EDGE('',*,*,#6764,.F.);
#9468=ORIENTED_EDGE('',*,*,#6789,.F.);
#9469=ORIENTED_EDGE('',*,*,#6790,.F.);
#9470=ORIENTED_EDGE('',*,*,#6780,.F.);
#9471=ORIENTED_EDGE('',*,*,#6781,.F.);
#9472=ORIENTED_EDGE('',*,*,#6790,.T.);
#9473=ORIENTED_EDGE('',*,*,#6791,.F.);
#9474=ORIENTED_EDGE('',*,*,#6792,.F.);
#9475=ORIENTED_EDGE('',*,*,#6771,.F.);
#9476=ORIENTED_EDGE('',*,*,#6782,.F.);
#9477=ORIENTED_EDGE('',*,*,#6792,.T.);
#9478=ORIENTED_EDGE('',*,*,#6793,.F.);
#9479=ORIENTED_EDGE('',*,*,#6794,.F.);
#9480=ORIENTED_EDGE('',*,*,#6795,.F.);
#9481=ORIENTED_EDGE('',*,*,#6796,.F.);
#9482=ORIENTED_EDGE('',*,*,#6797,.F.);
#9483=ORIENTED_EDGE('',*,*,#6798,.F.);
#9484=ORIENTED_EDGE('',*,*,#6799,.F.);
#9485=ORIENTED_EDGE('',*,*,#6800,.F.);
#9486=ORIENTED_EDGE('',*,*,#6801,.F.);
#9487=ORIENTED_EDGE('',*,*,#6802,.F.);
#9488=ORIENTED_EDGE('',*,*,#6772,.F.);
#9489=ORIENTED_EDGE('',*,*,#6793,.T.);
#9490=ORIENTED_EDGE('',*,*,#6791,.T.);
#9491=ORIENTED_EDGE('',*,*,#6789,.T.);
#9492=ORIENTED_EDGE('',*,*,#6767,.F.);
#9493=ORIENTED_EDGE('',*,*,#6788,.T.);
#9494=ORIENTED_EDGE('',*,*,#6784,.T.);
#9495=ORIENTED_EDGE('',*,*,#6787,.T.);
#9496=ORIENTED_EDGE('',*,*,#6803,.F.);
#9497=ORIENTED_EDGE('',*,*,#6773,.T.);
#9498=ORIENTED_EDGE('',*,*,#6802,.T.);
#9499=ORIENTED_EDGE('',*,*,#6804,.T.);
#9500=ORIENTED_EDGE('',*,*,#6805,.T.);
#9501=ORIENTED_EDGE('',*,*,#6806,.T.);
#9502=ORIENTED_EDGE('',*,*,#6807,.T.);
#9503=ORIENTED_EDGE('',*,*,#6804,.F.);
#9504=ORIENTED_EDGE('',*,*,#6803,.T.);
#9505=ORIENTED_EDGE('',*,*,#6786,.T.);
#9506=ORIENTED_EDGE('',*,*,#6776,.T.);
#9507=ORIENTED_EDGE('',*,*,#6808,.F.);
#9508=ORIENTED_EDGE('',*,*,#6809,.T.);
#9509=ORIENTED_EDGE('',*,*,#6796,.T.);
#9510=ORIENTED_EDGE('',*,*,#6810,.F.);
#9511=ORIENTED_EDGE('',*,*,#6811,.T.);
#9512=ORIENTED_EDGE('',*,*,#6812,.T.);
#9513=ORIENTED_EDGE('',*,*,#6813,.T.);
#9514=ORIENTED_EDGE('',*,*,#6814,.F.);
#9515=ORIENTED_EDGE('',*,*,#6794,.T.);
#9516=ORIENTED_EDGE('',*,*,#6811,.F.);
#9517=ORIENTED_EDGE('',*,*,#6815,.F.);
#9518=ORIENTED_EDGE('',*,*,#6813,.F.);
#9519=ORIENTED_EDGE('',*,*,#6816,.T.);
#9520=ORIENTED_EDGE('',*,*,#6817,.T.);
#9521=ORIENTED_EDGE('',*,*,#6818,.T.);
#9522=ORIENTED_EDGE('',*,*,#6774,.F.);
#9523=ORIENTED_EDGE('',*,*,#6805,.F.);
#9524=ORIENTED_EDGE('',*,*,#6807,.F.);
#9525=ORIENTED_EDGE('',*,*,#6819,.T.);
#9526=ORIENTED_EDGE('',*,*,#6820,.T.);
#9527=ORIENTED_EDGE('',*,*,#6821,.T.);
#9528=ORIENTED_EDGE('',*,*,#6822,.T.);
#9529=ORIENTED_EDGE('',*,*,#6808,.T.);
#9530=ORIENTED_EDGE('',*,*,#6775,.T.);
#9531=ORIENTED_EDGE('',*,*,#6769,.T.);
#9532=ORIENTED_EDGE('',*,*,#6800,.T.);
#9533=ORIENTED_EDGE('',*,*,#6823,.T.);
#9534=ORIENTED_EDGE('',*,*,#6817,.F.);
#9535=ORIENTED_EDGE('',*,*,#6824,.F.);
#9536=ORIENTED_EDGE('',*,*,#6768,.F.);
#9537=ORIENTED_EDGE('',*,*,#6818,.F.);
#9538=ORIENTED_EDGE('',*,*,#6823,.F.);
#9539=ORIENTED_EDGE('',*,*,#6799,.T.);
#9540=ORIENTED_EDGE('',*,*,#6825,.T.);
#9541=ORIENTED_EDGE('',*,*,#6819,.F.);
#9542=ORIENTED_EDGE('',*,*,#6806,.F.);
#9543=ORIENTED_EDGE('',*,*,#6822,.F.);
#9544=ORIENTED_EDGE('',*,*,#6798,.T.);
#9545=ORIENTED_EDGE('',*,*,#6826,.T.);
#9546=ORIENTED_EDGE('',*,*,#6820,.F.);
#9547=ORIENTED_EDGE('',*,*,#6825,.F.);
#9548=ORIENTED_EDGE('',*,*,#6812,.F.);
#9549=ORIENTED_EDGE('',*,*,#6801,.T.);
#9550=ORIENTED_EDGE('',*,*,#6824,.T.);
#9551=ORIENTED_EDGE('',*,*,#6816,.F.);
#9552=ORIENTED_EDGE('',*,*,#6809,.F.);
#9553=ORIENTED_EDGE('',*,*,#6821,.F.);
#9554=ORIENTED_EDGE('',*,*,#6826,.F.);
#9555=ORIENTED_EDGE('',*,*,#6797,.T.);
#9556=ORIENTED_EDGE('',*,*,#6814,.T.);
#9557=ORIENTED_EDGE('',*,*,#6815,.T.);
#9558=ORIENTED_EDGE('',*,*,#6810,.T.);
#9559=ORIENTED_EDGE('',*,*,#6795,.T.);
#9560=ORIENTED_EDGE('',*,*,#6827,.T.);
#9561=ORIENTED_EDGE('',*,*,#6828,.T.);
#9562=ORIENTED_EDGE('',*,*,#6829,.T.);
#9563=ORIENTED_EDGE('',*,*,#6830,.T.);
#9564=ORIENTED_EDGE('',*,*,#6831,.F.);
#9565=ORIENTED_EDGE('',*,*,#6832,.F.);
#9566=ORIENTED_EDGE('',*,*,#6833,.F.);
#9567=ORIENTED_EDGE('',*,*,#6834,.F.);
#9568=ORIENTED_EDGE('',*,*,#6835,.F.);
#9569=ORIENTED_EDGE('',*,*,#6836,.F.);
#9570=ORIENTED_EDGE('',*,*,#6837,.F.);
#9571=ORIENTED_EDGE('',*,*,#6838,.F.);
#9572=ORIENTED_EDGE('',*,*,#6832,.T.);
#9573=ORIENTED_EDGE('',*,*,#6839,.F.);
#9574=ORIENTED_EDGE('',*,*,#6837,.T.);
#9575=ORIENTED_EDGE('',*,*,#6840,.T.);
#9576=ORIENTED_EDGE('',*,*,#6833,.T.);
#9577=ORIENTED_EDGE('',*,*,#6840,.F.);
#9578=ORIENTED_EDGE('',*,*,#6836,.T.);
#9579=ORIENTED_EDGE('',*,*,#6841,.F.);
#9580=ORIENTED_EDGE('',*,*,#6842,.F.);
#9581=ORIENTED_EDGE('',*,*,#6843,.F.);
#9582=ORIENTED_EDGE('',*,*,#6844,.F.);
#9583=ORIENTED_EDGE('',*,*,#6845,.F.);
#9584=ORIENTED_EDGE('',*,*,#6846,.T.);
#9585=ORIENTED_EDGE('',*,*,#6847,.F.);
#9586=ORIENTED_EDGE('',*,*,#6848,.F.);
#9587=ORIENTED_EDGE('',*,*,#6849,.F.);
#9588=ORIENTED_EDGE('',*,*,#6850,.F.);
#9589=ORIENTED_EDGE('',*,*,#6851,.F.);
#9590=ORIENTED_EDGE('',*,*,#6852,.F.);
#9591=ORIENTED_EDGE('',*,*,#6850,.T.);
#9592=ORIENTED_EDGE('',*,*,#6853,.T.);
#9593=ORIENTED_EDGE('',*,*,#6854,.F.);
#9594=ORIENTED_EDGE('',*,*,#6855,.F.);
#9595=ORIENTED_EDGE('',*,*,#6856,.F.);
#9596=ORIENTED_EDGE('',*,*,#6857,.F.);
#9597=ORIENTED_EDGE('',*,*,#6848,.T.);
#9598=ORIENTED_EDGE('',*,*,#6858,.F.);
#9599=ORIENTED_EDGE('',*,*,#6844,.T.);
#9600=ORIENTED_EDGE('',*,*,#6859,.T.);
#9601=ORIENTED_EDGE('',*,*,#6860,.F.);
#9602=ORIENTED_EDGE('',*,*,#6861,.F.);
#9603=ORIENTED_EDGE('',*,*,#6853,.F.);
#9604=ORIENTED_EDGE('',*,*,#6849,.T.);
#9605=ORIENTED_EDGE('',*,*,#6857,.T.);
#9606=ORIENTED_EDGE('',*,*,#6862,.F.);
#9607=ORIENTED_EDGE('',*,*,#6863,.F.);
#9608=ORIENTED_EDGE('',*,*,#6864,.F.);
#9609=ORIENTED_EDGE('',*,*,#6842,.T.);
#9610=ORIENTED_EDGE('',*,*,#6865,.F.);
#9611=ORIENTED_EDGE('',*,*,#6859,.F.);
#9612=ORIENTED_EDGE('',*,*,#6843,.T.);
#9613=ORIENTED_EDGE('',*,*,#6864,.T.);
#9614=ORIENTED_EDGE('',*,*,#6858,.T.);
#9615=ORIENTED_EDGE('',*,*,#6866,.T.);
#9616=ORIENTED_EDGE('',*,*,#6867,.T.);
#9617=ORIENTED_EDGE('',*,*,#6868,.T.);
#9618=ORIENTED_EDGE('',*,*,#6829,.F.);
#9619=ORIENTED_EDGE('',*,*,#6869,.T.);
#9620=ORIENTED_EDGE('',*,*,#6870,.T.);
#9621=ORIENTED_EDGE('',*,*,#6871,.T.);
#9622=ORIENTED_EDGE('',*,*,#6845,.T.);
#9623=ORIENTED_EDGE('',*,*,#6835,.T.);
#9624=ORIENTED_EDGE('',*,*,#6872,.T.);
#9625=ORIENTED_EDGE('',*,*,#6862,.T.);
#9626=ORIENTED_EDGE('',*,*,#6841,.T.);
#9627=ORIENTED_EDGE('',*,*,#6855,.T.);
#9628=ORIENTED_EDGE('',*,*,#6847,.T.);
#9629=ORIENTED_EDGE('',*,*,#6873,.T.);
#9630=ORIENTED_EDGE('',*,*,#6874,.T.);
#9631=ORIENTED_EDGE('',*,*,#6875,.T.);
#9632=ORIENTED_EDGE('',*,*,#6827,.F.);
#9633=ORIENTED_EDGE('',*,*,#6876,.T.);
#9634=ORIENTED_EDGE('',*,*,#6877,.T.);
#9635=ORIENTED_EDGE('',*,*,#6878,.T.);
#9636=ORIENTED_EDGE('',*,*,#6831,.T.);
#9637=ORIENTED_EDGE('',*,*,#6879,.F.);
#9638=ORIENTED_EDGE('',*,*,#6854,.T.);
#9639=ORIENTED_EDGE('',*,*,#6861,.T.);
#9640=ORIENTED_EDGE('',*,*,#6856,.T.);
#9641=ORIENTED_EDGE('',*,*,#6878,.F.);
#9642=ORIENTED_EDGE('',*,*,#6880,.F.);
#9643=ORIENTED_EDGE('',*,*,#6866,.F.);
#9644=ORIENTED_EDGE('',*,*,#6860,.T.);
#9645=ORIENTED_EDGE('',*,*,#6865,.T.);
#9646=ORIENTED_EDGE('',*,*,#6863,.T.);
#9647=ORIENTED_EDGE('',*,*,#6872,.F.);
#9648=ORIENTED_EDGE('',*,*,#6838,.T.);
#9649=ORIENTED_EDGE('',*,*,#6839,.T.);
#9650=ORIENTED_EDGE('',*,*,#6880,.T.);
#9651=ORIENTED_EDGE('',*,*,#6877,.F.);
#9652=ORIENTED_EDGE('',*,*,#6881,.T.);
#9653=ORIENTED_EDGE('',*,*,#6867,.F.);
#9654=ORIENTED_EDGE('',*,*,#6882,.F.);
#9655=ORIENTED_EDGE('',*,*,#6873,.F.);
#9656=ORIENTED_EDGE('',*,*,#6846,.F.);
#9657=ORIENTED_EDGE('',*,*,#6871,.F.);
#9658=ORIENTED_EDGE('',*,*,#6834,.T.);
#9659=ORIENTED_EDGE('',*,*,#6851,.T.);
#9660=ORIENTED_EDGE('',*,*,#6852,.T.);
#9661=ORIENTED_EDGE('',*,*,#6879,.T.);
#9662=ORIENTED_EDGE('',*,*,#6882,.T.);
#9663=ORIENTED_EDGE('',*,*,#6870,.F.);
#9664=ORIENTED_EDGE('',*,*,#6883,.T.);
#9665=ORIENTED_EDGE('',*,*,#6874,.F.);
#9666=ORIENTED_EDGE('',*,*,#6881,.F.);
#9667=ORIENTED_EDGE('',*,*,#6876,.F.);
#9668=ORIENTED_EDGE('',*,*,#6830,.F.);
#9669=ORIENTED_EDGE('',*,*,#6868,.F.);
#9670=ORIENTED_EDGE('',*,*,#6828,.F.);
#9671=ORIENTED_EDGE('',*,*,#6875,.F.);
#9672=ORIENTED_EDGE('',*,*,#6883,.F.);
#9673=ORIENTED_EDGE('',*,*,#6869,.F.);
#9674=ORIENTED_EDGE('',*,*,#6884,.T.);
#9675=ORIENTED_EDGE('',*,*,#6885,.F.);
#9676=ORIENTED_EDGE('',*,*,#6886,.T.);
#9677=ORIENTED_EDGE('',*,*,#6887,.T.);
#9678=ORIENTED_EDGE('',*,*,#6888,.T.);
#9679=ORIENTED_EDGE('',*,*,#6889,.F.);
#9680=ORIENTED_EDGE('',*,*,#6890,.T.);
#9681=ORIENTED_EDGE('',*,*,#6891,.T.);
#9682=ORIENTED_EDGE('',*,*,#6892,.T.);
#9683=ORIENTED_EDGE('',*,*,#6893,.F.);
#9684=ORIENTED_EDGE('',*,*,#6894,.T.);
#9685=ORIENTED_EDGE('',*,*,#6895,.F.);
#9686=ORIENTED_EDGE('',*,*,#6896,.F.);
#9687=ORIENTED_EDGE('',*,*,#6897,.T.);
#9688=ORIENTED_EDGE('',*,*,#6898,.T.);
#9689=ORIENTED_EDGE('',*,*,#6899,.T.);
#9690=ORIENTED_EDGE('',*,*,#6885,.T.);
#9691=ORIENTED_EDGE('',*,*,#6900,.T.);
#9692=ORIENTED_EDGE('',*,*,#6901,.T.);
#9693=ORIENTED_EDGE('',*,*,#6902,.T.);
#9694=ORIENTED_EDGE('',*,*,#6890,.F.);
#9695=ORIENTED_EDGE('',*,*,#6898,.F.);
#9696=ORIENTED_EDGE('',*,*,#6903,.T.);
#9697=ORIENTED_EDGE('',*,*,#6904,.F.);
#9698=ORIENTED_EDGE('',*,*,#6905,.F.);
#9699=ORIENTED_EDGE('',*,*,#6906,.F.);
#9700=ORIENTED_EDGE('',*,*,#6907,.F.);
#9701=ORIENTED_EDGE('',*,*,#6903,.F.);
#9702=ORIENTED_EDGE('',*,*,#6897,.F.);
#9703=ORIENTED_EDGE('',*,*,#6886,.F.);
#9704=ORIENTED_EDGE('',*,*,#6899,.F.);
#9705=ORIENTED_EDGE('',*,*,#6905,.T.);
#9706=ORIENTED_EDGE('',*,*,#6908,.F.);
#9707=ORIENTED_EDGE('',*,*,#6884,.F.);
#9708=ORIENTED_EDGE('',*,*,#6909,.F.);
#9709=ORIENTED_EDGE('',*,*,#6910,.F.);
#9710=ORIENTED_EDGE('',*,*,#6900,.F.);
#9711=ORIENTED_EDGE('',*,*,#6901,.F.);
#9712=ORIENTED_EDGE('',*,*,#6910,.T.);
#9713=ORIENTED_EDGE('',*,*,#6911,.F.);
#9714=ORIENTED_EDGE('',*,*,#6912,.F.);
#9715=ORIENTED_EDGE('',*,*,#6891,.F.);
#9716=ORIENTED_EDGE('',*,*,#6902,.F.);
#9717=ORIENTED_EDGE('',*,*,#6912,.T.);
#9718=ORIENTED_EDGE('',*,*,#6913,.F.);
#9719=ORIENTED_EDGE('',*,*,#6914,.F.);
#9720=ORIENTED_EDGE('',*,*,#6915,.F.);
#9721=ORIENTED_EDGE('',*,*,#6916,.F.);
#9722=ORIENTED_EDGE('',*,*,#6917,.F.);
#9723=ORIENTED_EDGE('',*,*,#6918,.F.);
#9724=ORIENTED_EDGE('',*,*,#6919,.F.);
#9725=ORIENTED_EDGE('',*,*,#6920,.F.);
#9726=ORIENTED_EDGE('',*,*,#6921,.F.);
#9727=ORIENTED_EDGE('',*,*,#6922,.F.);
#9728=ORIENTED_EDGE('',*,*,#6892,.F.);
#9729=ORIENTED_EDGE('',*,*,#6913,.T.);
#9730=ORIENTED_EDGE('',*,*,#6911,.T.);
#9731=ORIENTED_EDGE('',*,*,#6909,.T.);
#9732=ORIENTED_EDGE('',*,*,#6887,.F.);
#9733=ORIENTED_EDGE('',*,*,#6908,.T.);
#9734=ORIENTED_EDGE('',*,*,#6904,.T.);
#9735=ORIENTED_EDGE('',*,*,#6907,.T.);
#9736=ORIENTED_EDGE('',*,*,#6923,.F.);
#9737=ORIENTED_EDGE('',*,*,#6893,.T.);
#9738=ORIENTED_EDGE('',*,*,#6922,.T.);
#9739=ORIENTED_EDGE('',*,*,#6924,.T.);
#9740=ORIENTED_EDGE('',*,*,#6925,.T.);
#9741=ORIENTED_EDGE('',*,*,#6926,.T.);
#9742=ORIENTED_EDGE('',*,*,#6927,.T.);
#9743=ORIENTED_EDGE('',*,*,#6924,.F.);
#9744=ORIENTED_EDGE('',*,*,#6923,.T.);
#9745=ORIENTED_EDGE('',*,*,#6906,.T.);
#9746=ORIENTED_EDGE('',*,*,#6896,.T.);
#9747=ORIENTED_EDGE('',*,*,#6928,.F.);
#9748=ORIENTED_EDGE('',*,*,#6929,.T.);
#9749=ORIENTED_EDGE('',*,*,#6916,.T.);
#9750=ORIENTED_EDGE('',*,*,#6930,.F.);
#9751=ORIENTED_EDGE('',*,*,#6931,.T.);
#9752=ORIENTED_EDGE('',*,*,#6932,.T.);
#9753=ORIENTED_EDGE('',*,*,#6933,.T.);
#9754=ORIENTED_EDGE('',*,*,#6934,.F.);
#9755=ORIENTED_EDGE('',*,*,#6914,.T.);
#9756=ORIENTED_EDGE('',*,*,#6931,.F.);
#9757=ORIENTED_EDGE('',*,*,#6935,.F.);
#9758=ORIENTED_EDGE('',*,*,#6933,.F.);
#9759=ORIENTED_EDGE('',*,*,#6936,.T.);
#9760=ORIENTED_EDGE('',*,*,#6937,.T.);
#9761=ORIENTED_EDGE('',*,*,#6938,.T.);
#9762=ORIENTED_EDGE('',*,*,#6894,.F.);
#9763=ORIENTED_EDGE('',*,*,#6925,.F.);
#9764=ORIENTED_EDGE('',*,*,#6927,.F.);
#9765=ORIENTED_EDGE('',*,*,#6939,.T.);
#9766=ORIENTED_EDGE('',*,*,#6940,.T.);
#9767=ORIENTED_EDGE('',*,*,#6941,.T.);
#9768=ORIENTED_EDGE('',*,*,#6942,.T.);
#9769=ORIENTED_EDGE('',*,*,#6928,.T.);
#9770=ORIENTED_EDGE('',*,*,#6895,.T.);
#9771=ORIENTED_EDGE('',*,*,#6889,.T.);
#9772=ORIENTED_EDGE('',*,*,#6920,.T.);
#9773=ORIENTED_EDGE('',*,*,#6943,.T.);
#9774=ORIENTED_EDGE('',*,*,#6937,.F.);
#9775=ORIENTED_EDGE('',*,*,#6944,.F.);
#9776=ORIENTED_EDGE('',*,*,#6888,.F.);
#9777=ORIENTED_EDGE('',*,*,#6938,.F.);
#9778=ORIENTED_EDGE('',*,*,#6943,.F.);
#9779=ORIENTED_EDGE('',*,*,#6919,.T.);
#9780=ORIENTED_EDGE('',*,*,#6945,.T.);
#9781=ORIENTED_EDGE('',*,*,#6939,.F.);
#9782=ORIENTED_EDGE('',*,*,#6926,.F.);
#9783=ORIENTED_EDGE('',*,*,#6942,.F.);
#9784=ORIENTED_EDGE('',*,*,#6918,.T.);
#9785=ORIENTED_EDGE('',*,*,#6946,.T.);
#9786=ORIENTED_EDGE('',*,*,#6940,.F.);
#9787=ORIENTED_EDGE('',*,*,#6945,.F.);
#9788=ORIENTED_EDGE('',*,*,#6932,.F.);
#9789=ORIENTED_EDGE('',*,*,#6921,.T.);
#9790=ORIENTED_EDGE('',*,*,#6944,.T.);
#9791=ORIENTED_EDGE('',*,*,#6936,.F.);
#9792=ORIENTED_EDGE('',*,*,#6929,.F.);
#9793=ORIENTED_EDGE('',*,*,#6941,.F.);
#9794=ORIENTED_EDGE('',*,*,#6946,.F.);
#9795=ORIENTED_EDGE('',*,*,#6917,.T.);
#9796=ORIENTED_EDGE('',*,*,#6935,.T.);
#9797=ORIENTED_EDGE('',*,*,#6930,.T.);
#9798=ORIENTED_EDGE('',*,*,#6915,.T.);
#9799=ORIENTED_EDGE('',*,*,#6934,.T.);
#9800=ORIENTED_EDGE('',*,*,#6947,.T.);
#9801=ORIENTED_EDGE('',*,*,#6948,.T.);
#9802=ORIENTED_EDGE('',*,*,#6949,.F.);
#9803=ORIENTED_EDGE('',*,*,#6950,.F.);
#9804=ORIENTED_EDGE('',*,*,#6951,.T.);
#9805=ORIENTED_EDGE('',*,*,#6950,.T.);
#9806=ORIENTED_EDGE('',*,*,#6952,.F.);
#9807=ORIENTED_EDGE('',*,*,#6953,.F.);
#9808=ORIENTED_EDGE('',*,*,#6954,.T.);
#9809=ORIENTED_EDGE('',*,*,#6953,.T.);
#9810=ORIENTED_EDGE('',*,*,#6955,.F.);
#9811=ORIENTED_EDGE('',*,*,#6956,.F.);
#9812=ORIENTED_EDGE('',*,*,#6957,.T.);
#9813=ORIENTED_EDGE('',*,*,#6956,.T.);
#9814=ORIENTED_EDGE('',*,*,#6958,.F.);
#9815=ORIENTED_EDGE('',*,*,#6948,.F.);
#9816=ORIENTED_EDGE('',*,*,#6958,.T.);
#9817=ORIENTED_EDGE('',*,*,#6955,.T.);
#9818=ORIENTED_EDGE('',*,*,#6952,.T.);
#9819=ORIENTED_EDGE('',*,*,#6949,.T.);
#9820=ORIENTED_EDGE('',*,*,#6947,.F.);
#9821=ORIENTED_EDGE('',*,*,#6951,.F.);
#9822=ORIENTED_EDGE('',*,*,#6954,.F.);
#9823=ORIENTED_EDGE('',*,*,#6957,.F.);
#9824=ORIENTED_EDGE('',*,*,#6959,.F.);
#9825=ORIENTED_EDGE('',*,*,#6960,.T.);
#9826=ORIENTED_EDGE('',*,*,#6961,.T.);
#9827=ORIENTED_EDGE('',*,*,#6962,.F.);
#9828=ORIENTED_EDGE('',*,*,#6963,.F.);
#9829=ORIENTED_EDGE('',*,*,#6964,.T.);
#9830=ORIENTED_EDGE('',*,*,#6965,.T.);
#9831=ORIENTED_EDGE('',*,*,#6960,.F.);
#9832=ORIENTED_EDGE('',*,*,#6966,.F.);
#9833=ORIENTED_EDGE('',*,*,#6967,.T.);
#9834=ORIENTED_EDGE('',*,*,#6968,.T.);
#9835=ORIENTED_EDGE('',*,*,#6964,.F.);
#9836=ORIENTED_EDGE('',*,*,#6969,.F.);
#9837=ORIENTED_EDGE('',*,*,#6962,.T.);
#9838=ORIENTED_EDGE('',*,*,#6970,.T.);
#9839=ORIENTED_EDGE('',*,*,#6967,.F.);
#9840=ORIENTED_EDGE('',*,*,#6970,.F.);
#9841=ORIENTED_EDGE('',*,*,#6961,.F.);
#9842=ORIENTED_EDGE('',*,*,#6965,.F.);
#9843=ORIENTED_EDGE('',*,*,#6968,.F.);
#9844=ORIENTED_EDGE('',*,*,#6971,.T.);
#9845=ORIENTED_EDGE('',*,*,#6972,.F.);
#9846=ORIENTED_EDGE('',*,*,#6971,.F.);
#9847=ORIENTED_EDGE('',*,*,#6973,.T.);
#9848=ORIENTED_EDGE('',*,*,#6974,.F.);
#9849=ORIENTED_EDGE('',*,*,#6973,.F.);
#9850=ORIENTED_EDGE('',*,*,#6975,.T.);
#9851=ORIENTED_EDGE('',*,*,#6976,.F.);
#9852=ORIENTED_EDGE('',*,*,#6975,.F.);
#9853=ORIENTED_EDGE('',*,*,#6977,.T.);
#9854=ORIENTED_EDGE('',*,*,#6978,.F.);
#9855=ORIENTED_EDGE('',*,*,#6977,.F.);
#9856=ORIENTED_EDGE('',*,*,#6979,.F.);
#9857=ORIENTED_EDGE('',*,*,#6980,.T.);
#9858=ORIENTED_EDGE('',*,*,#6981,.T.);
#9859=ORIENTED_EDGE('',*,*,#6982,.F.);
#9860=ORIENTED_EDGE('',*,*,#6983,.F.);
#9861=ORIENTED_EDGE('',*,*,#6984,.T.);
#9862=ORIENTED_EDGE('',*,*,#6985,.T.);
#9863=ORIENTED_EDGE('',*,*,#6980,.F.);
#9864=ORIENTED_EDGE('',*,*,#6986,.F.);
#9865=ORIENTED_EDGE('',*,*,#6987,.T.);
#9866=ORIENTED_EDGE('',*,*,#6988,.T.);
#9867=ORIENTED_EDGE('',*,*,#6984,.F.);
#9868=ORIENTED_EDGE('',*,*,#6989,.F.);
#9869=ORIENTED_EDGE('',*,*,#6982,.T.);
#9870=ORIENTED_EDGE('',*,*,#6990,.T.);
#9871=ORIENTED_EDGE('',*,*,#6987,.F.);
#9872=ORIENTED_EDGE('',*,*,#6990,.F.);
#9873=ORIENTED_EDGE('',*,*,#6981,.F.);
#9874=ORIENTED_EDGE('',*,*,#6985,.F.);
#9875=ORIENTED_EDGE('',*,*,#6988,.F.);
#9876=ORIENTED_EDGE('',*,*,#6991,.T.);
#9877=ORIENTED_EDGE('',*,*,#6992,.F.);
#9878=ORIENTED_EDGE('',*,*,#6991,.F.);
#9879=ORIENTED_EDGE('',*,*,#6993,.T.);
#9880=ORIENTED_EDGE('',*,*,#6994,.F.);
#9881=ORIENTED_EDGE('',*,*,#6993,.F.);
#9882=ORIENTED_EDGE('',*,*,#6995,.T.);
#9883=ORIENTED_EDGE('',*,*,#6996,.F.);
#9884=ORIENTED_EDGE('',*,*,#6995,.F.);
#9885=ORIENTED_EDGE('',*,*,#6997,.T.);
#9886=ORIENTED_EDGE('',*,*,#6998,.F.);
#9887=ORIENTED_EDGE('',*,*,#6997,.F.);
#9888=ORIENTED_EDGE('',*,*,#6999,.F.);
#9889=ORIENTED_EDGE('',*,*,#7000,.T.);
#9890=ORIENTED_EDGE('',*,*,#7001,.T.);
#9891=ORIENTED_EDGE('',*,*,#7002,.F.);
#9892=ORIENTED_EDGE('',*,*,#7003,.F.);
#9893=ORIENTED_EDGE('',*,*,#7004,.T.);
#9894=ORIENTED_EDGE('',*,*,#7005,.T.);
#9895=ORIENTED_EDGE('',*,*,#7000,.F.);
#9896=ORIENTED_EDGE('',*,*,#7006,.F.);
#9897=ORIENTED_EDGE('',*,*,#7007,.T.);
#9898=ORIENTED_EDGE('',*,*,#7008,.T.);
#9899=ORIENTED_EDGE('',*,*,#7004,.F.);
#9900=ORIENTED_EDGE('',*,*,#7009,.F.);
#9901=ORIENTED_EDGE('',*,*,#7002,.T.);
#9902=ORIENTED_EDGE('',*,*,#7010,.T.);
#9903=ORIENTED_EDGE('',*,*,#7007,.F.);
#9904=ORIENTED_EDGE('',*,*,#7010,.F.);
#9905=ORIENTED_EDGE('',*,*,#7001,.F.);
#9906=ORIENTED_EDGE('',*,*,#7005,.F.);
#9907=ORIENTED_EDGE('',*,*,#7008,.F.);
#9908=ORIENTED_EDGE('',*,*,#7011,.T.);
#9909=ORIENTED_EDGE('',*,*,#7012,.T.);
#9910=ORIENTED_EDGE('',*,*,#7013,.T.);
#9911=ORIENTED_EDGE('',*,*,#7014,.T.);
#9912=ORIENTED_EDGE('',*,*,#7015,.T.);
#9913=ORIENTED_EDGE('',*,*,#7016,.T.);
#9914=ORIENTED_EDGE('',*,*,#7017,.T.);
#9915=ORIENTED_EDGE('',*,*,#7018,.T.);
#9916=ORIENTED_EDGE('',*,*,#7019,.T.);
#9917=ORIENTED_EDGE('',*,*,#7018,.F.);
#9918=ORIENTED_EDGE('',*,*,#7020,.T.);
#9919=ORIENTED_EDGE('',*,*,#7014,.F.);
#9920=ORIENTED_EDGE('',*,*,#7021,.T.);
#9921=ORIENTED_EDGE('',*,*,#7022,.T.);
#9922=ORIENTED_EDGE('',*,*,#7023,.T.);
#9923=ORIENTED_EDGE('',*,*,#7024,.T.);
#9924=ORIENTED_EDGE('',*,*,#7025,.T.);
#9925=ORIENTED_EDGE('',*,*,#7026,.T.);
#9926=ORIENTED_EDGE('',*,*,#7023,.F.);
#9927=ORIENTED_EDGE('',*,*,#7027,.T.);
#9928=ORIENTED_EDGE('',*,*,#7028,.T.);
#9929=ORIENTED_EDGE('',*,*,#7029,.T.);
#9930=ORIENTED_EDGE('',*,*,#7025,.F.);
#9931=ORIENTED_EDGE('',*,*,#7030,.T.);
#9932=ORIENTED_EDGE('',*,*,#7021,.F.);
#9933=ORIENTED_EDGE('',*,*,#7031,.T.);
#9934=ORIENTED_EDGE('',*,*,#7016,.F.);
#9935=ORIENTED_EDGE('',*,*,#7032,.T.);
#9936=ORIENTED_EDGE('',*,*,#7033,.T.);
#9937=ORIENTED_EDGE('',*,*,#7034,.T.);
#9938=ORIENTED_EDGE('',*,*,#7035,.T.);
#9939=ORIENTED_EDGE('',*,*,#7036,.T.);
#9940=ORIENTED_EDGE('',*,*,#7035,.F.);
#9941=ORIENTED_EDGE('',*,*,#7037,.T.);
#9942=ORIENTED_EDGE('',*,*,#7038,.T.);
#9943=ORIENTED_EDGE('',*,*,#7039,.T.);
#9944=ORIENTED_EDGE('',*,*,#7040,.T.);
#9945=ORIENTED_EDGE('',*,*,#7041,.T.);
#9946=ORIENTED_EDGE('',*,*,#7038,.F.);
#9947=ORIENTED_EDGE('',*,*,#7033,.F.);
#9948=ORIENTED_EDGE('',*,*,#7042,.T.);
#9949=ORIENTED_EDGE('',*,*,#7028,.F.);
#9950=ORIENTED_EDGE('',*,*,#7043,.T.);
#9951=ORIENTED_EDGE('',*,*,#7044,.T.);
#9952=ORIENTED_EDGE('',*,*,#7045,.T.);
#9953=ORIENTED_EDGE('',*,*,#7046,.T.);
#9954=ORIENTED_EDGE('',*,*,#7047,.T.);
#9955=ORIENTED_EDGE('',*,*,#7048,.T.);
#9956=ORIENTED_EDGE('',*,*,#7045,.F.);
#9957=ORIENTED_EDGE('',*,*,#7049,.T.);
#9958=ORIENTED_EDGE('',*,*,#7050,.T.);
#9959=ORIENTED_EDGE('',*,*,#7051,.T.);
#9960=ORIENTED_EDGE('',*,*,#7047,.F.);
#9961=ORIENTED_EDGE('',*,*,#7052,.T.);
#9962=ORIENTED_EDGE('',*,*,#7043,.F.);
#9963=ORIENTED_EDGE('',*,*,#7053,.T.);
#9964=ORIENTED_EDGE('',*,*,#7040,.F.);
#9965=ORIENTED_EDGE('',*,*,#7012,.F.);
#9966=ORIENTED_EDGE('',*,*,#7054,.T.);
#9967=ORIENTED_EDGE('',*,*,#7050,.F.);
#9968=ORIENTED_EDGE('',*,*,#7044,.F.);
#9969=ORIENTED_EDGE('',*,*,#7039,.F.);
#9970=ORIENTED_EDGE('',*,*,#7037,.F.);
#9971=ORIENTED_EDGE('',*,*,#7034,.F.);
#9972=ORIENTED_EDGE('',*,*,#7030,.F.);
#9973=ORIENTED_EDGE('',*,*,#7055,.F.);
#9974=ORIENTED_EDGE('',*,*,#7024,.F.);
#9975=ORIENTED_EDGE('',*,*,#7026,.F.);
#9976=ORIENTED_EDGE('',*,*,#7029,.F.);
#9977=ORIENTED_EDGE('',*,*,#7056,.F.);
#9978=ORIENTED_EDGE('',*,*,#7057,.F.);
#9979=ORIENTED_EDGE('',*,*,#7058,.F.);
#9980=ORIENTED_EDGE('',*,*,#7059,.F.);
#9981=ORIENTED_EDGE('',*,*,#7060,.F.);
#9982=ORIENTED_EDGE('',*,*,#7061,.F.);
#9983=ORIENTED_EDGE('',*,*,#7062,.F.);
#9984=ORIENTED_EDGE('',*,*,#7063,.F.);
#9985=ORIENTED_EDGE('',*,*,#7064,.F.);
#9986=ORIENTED_EDGE('',*,*,#7065,.F.);
#9987=ORIENTED_EDGE('',*,*,#7066,.F.);
#9988=ORIENTED_EDGE('',*,*,#7067,.F.);
#9989=ORIENTED_EDGE('',*,*,#7068,.F.);
#9990=ORIENTED_EDGE('',*,*,#6992,.T.);
#9991=ORIENTED_EDGE('',*,*,#6994,.T.);
#9992=ORIENTED_EDGE('',*,*,#6996,.T.);
#9993=ORIENTED_EDGE('',*,*,#6998,.T.);
#9994=ORIENTED_EDGE('',*,*,#6999,.T.);
#9995=ORIENTED_EDGE('',*,*,#7009,.T.);
#9996=ORIENTED_EDGE('',*,*,#7006,.T.);
#9997=ORIENTED_EDGE('',*,*,#7003,.T.);
#9998=ORIENTED_EDGE('',*,*,#7042,.F.);
#9999=ORIENTED_EDGE('',*,*,#7069,.T.);
#10000=ORIENTED_EDGE('',*,*,#7070,.F.);
#10001=ORIENTED_EDGE('',*,*,#7056,.T.);
#10002=ORIENTED_EDGE('',*,*,#7032,.F.);
#10003=ORIENTED_EDGE('',*,*,#7071,.T.);
#10004=ORIENTED_EDGE('',*,*,#7072,.T.);
#10005=ORIENTED_EDGE('',*,*,#7069,.F.);
#10006=ORIENTED_EDGE('',*,*,#7036,.F.);
#10007=ORIENTED_EDGE('',*,*,#7073,.F.);
#10008=ORIENTED_EDGE('',*,*,#7074,.F.);
#10009=ORIENTED_EDGE('',*,*,#7071,.F.);
#10010=ORIENTED_EDGE('',*,*,#7041,.F.);
#10011=ORIENTED_EDGE('',*,*,#7075,.F.);
#10012=ORIENTED_EDGE('',*,*,#7076,.T.);
#10013=ORIENTED_EDGE('',*,*,#7073,.T.);
#10014=ORIENTED_EDGE('',*,*,#7053,.F.);
#10015=ORIENTED_EDGE('',*,*,#7077,.T.);
#10016=ORIENTED_EDGE('',*,*,#7078,.T.);
#10017=ORIENTED_EDGE('',*,*,#7075,.T.);
#10018=ORIENTED_EDGE('',*,*,#7079,.T.);
#10019=ORIENTED_EDGE('',*,*,#7080,.T.);
#10020=ORIENTED_EDGE('',*,*,#7081,.T.);
#10021=ORIENTED_EDGE('',*,*,#7082,.T.);
#10022=ORIENTED_EDGE('',*,*,#7083,.T.);
#10023=ORIENTED_EDGE('',*,*,#7084,.T.);
#10024=ORIENTED_EDGE('',*,*,#7085,.T.);
#10025=ORIENTED_EDGE('',*,*,#7086,.T.);
#10026=ORIENTED_EDGE('',*,*,#7087,.T.);
#10027=ORIENTED_EDGE('',*,*,#7086,.F.);
#10028=ORIENTED_EDGE('',*,*,#7088,.T.);
#10029=ORIENTED_EDGE('',*,*,#7082,.F.);
#10030=ORIENTED_EDGE('',*,*,#7089,.T.);
#10031=ORIENTED_EDGE('',*,*,#7090,.T.);
#10032=ORIENTED_EDGE('',*,*,#7091,.T.);
#10033=ORIENTED_EDGE('',*,*,#7061,.T.);
#10034=ORIENTED_EDGE('',*,*,#7092,.T.);
#10035=ORIENTED_EDGE('',*,*,#7062,.T.);
#10036=ORIENTED_EDGE('',*,*,#7091,.F.);
#10037=ORIENTED_EDGE('',*,*,#7093,.T.);
#10038=ORIENTED_EDGE('',*,*,#7094,.T.);
#10039=ORIENTED_EDGE('',*,*,#7063,.T.);
#10040=ORIENTED_EDGE('',*,*,#7092,.F.);
#10041=ORIENTED_EDGE('',*,*,#7095,.T.);
#10042=ORIENTED_EDGE('',*,*,#7089,.F.);
#10043=ORIENTED_EDGE('',*,*,#7096,.T.);
#10044=ORIENTED_EDGE('',*,*,#7084,.F.);
#10045=ORIENTED_EDGE('',*,*,#7097,.T.);
#10046=ORIENTED_EDGE('',*,*,#7098,.T.);
#10047=ORIENTED_EDGE('',*,*,#7099,.T.);
#10048=ORIENTED_EDGE('',*,*,#7100,.T.);
#10049=ORIENTED_EDGE('',*,*,#7101,.T.);
#10050=ORIENTED_EDGE('',*,*,#7100,.F.);
#10051=ORIENTED_EDGE('',*,*,#7102,.T.);
#10052=ORIENTED_EDGE('',*,*,#7103,.T.);
#10053=ORIENTED_EDGE('',*,*,#7104,.T.);
#10054=ORIENTED_EDGE('',*,*,#7105,.T.);
#10055=ORIENTED_EDGE('',*,*,#7106,.T.);
#10056=ORIENTED_EDGE('',*,*,#7103,.F.);
#10057=ORIENTED_EDGE('',*,*,#7098,.F.);
#10058=ORIENTED_EDGE('',*,*,#7107,.T.);
#10059=ORIENTED_EDGE('',*,*,#7094,.F.);
#10060=ORIENTED_EDGE('',*,*,#7108,.T.);
#10061=ORIENTED_EDGE('',*,*,#7109,.T.);
#10062=ORIENTED_EDGE('',*,*,#7110,.T.);
#10063=ORIENTED_EDGE('',*,*,#7111,.T.);
#10064=ORIENTED_EDGE('',*,*,#7112,.T.);
#10065=ORIENTED_EDGE('',*,*,#7113,.T.);
#10066=ORIENTED_EDGE('',*,*,#7110,.F.);
#10067=ORIENTED_EDGE('',*,*,#7114,.T.);
#10068=ORIENTED_EDGE('',*,*,#7115,.T.);
#10069=ORIENTED_EDGE('',*,*,#7116,.T.);
#10070=ORIENTED_EDGE('',*,*,#7112,.F.);
#10071=ORIENTED_EDGE('',*,*,#7117,.T.);
#10072=ORIENTED_EDGE('',*,*,#7108,.F.);
#10073=ORIENTED_EDGE('',*,*,#7118,.T.);
#10074=ORIENTED_EDGE('',*,*,#7105,.F.);
#10075=ORIENTED_EDGE('',*,*,#7080,.F.);
#10076=ORIENTED_EDGE('',*,*,#7119,.T.);
#10077=ORIENTED_EDGE('',*,*,#7115,.F.);
#10078=ORIENTED_EDGE('',*,*,#7109,.F.);
#10079=ORIENTED_EDGE('',*,*,#7104,.F.);
#10080=ORIENTED_EDGE('',*,*,#7102,.F.);
#10081=ORIENTED_EDGE('',*,*,#7099,.F.);
#10082=ORIENTED_EDGE('',*,*,#7095,.F.);
#10083=ORIENTED_EDGE('',*,*,#7120,.F.);
#10084=ORIENTED_EDGE('',*,*,#7107,.F.);
#10085=ORIENTED_EDGE('',*,*,#7121,.T.);
#10086=ORIENTED_EDGE('',*,*,#7122,.F.);
#10087=ORIENTED_EDGE('',*,*,#7064,.T.);
#10088=ORIENTED_EDGE('',*,*,#7097,.F.);
#10089=ORIENTED_EDGE('',*,*,#7123,.T.);
#10090=ORIENTED_EDGE('',*,*,#7124,.T.);
#10091=ORIENTED_EDGE('',*,*,#7121,.F.);
#10092=ORIENTED_EDGE('',*,*,#7101,.F.);
#10093=ORIENTED_EDGE('',*,*,#7125,.F.);
#10094=ORIENTED_EDGE('',*,*,#7126,.F.);
#10095=ORIENTED_EDGE('',*,*,#7123,.F.);
#10096=ORIENTED_EDGE('',*,*,#7106,.F.);
#10097=ORIENTED_EDGE('',*,*,#7127,.F.);
#10098=ORIENTED_EDGE('',*,*,#7128,.T.);
#10099=ORIENTED_EDGE('',*,*,#7125,.T.);
#10100=ORIENTED_EDGE('',*,*,#7118,.F.);
#10101=ORIENTED_EDGE('',*,*,#7129,.T.);
#10102=ORIENTED_EDGE('',*,*,#7130,.F.);
#10103=ORIENTED_EDGE('',*,*,#7127,.T.);
#10104=ORIENTED_EDGE('',*,*,#7131,.F.);
#10105=ORIENTED_EDGE('',*,*,#7132,.F.);
#10106=ORIENTED_EDGE('',*,*,#7133,.F.);
#10107=ORIENTED_EDGE('',*,*,#7134,.F.);
#10108=ORIENTED_EDGE('',*,*,#7114,.F.);
#10109=ORIENTED_EDGE('',*,*,#7120,.T.);
#10110=ORIENTED_EDGE('',*,*,#7093,.F.);
#10111=ORIENTED_EDGE('',*,*,#7135,.F.);
#10112=ORIENTED_EDGE('',*,*,#7117,.F.);
#10113=ORIENTED_EDGE('',*,*,#7135,.T.);
#10114=ORIENTED_EDGE('',*,*,#7090,.F.);
#10115=ORIENTED_EDGE('',*,*,#7083,.F.);
#10116=ORIENTED_EDGE('',*,*,#7087,.F.);
#10117=ORIENTED_EDGE('',*,*,#7081,.F.);
#10118=ORIENTED_EDGE('',*,*,#7051,.F.);
#10119=ORIENTED_EDGE('',*,*,#7136,.F.);
#10120=ORIENTED_EDGE('',*,*,#7137,.F.);
#10121=ORIENTED_EDGE('',*,*,#7138,.F.);
#10122=ORIENTED_EDGE('',*,*,#7139,.F.);
#10123=ORIENTED_EDGE('',*,*,#7129,.F.);
#10124=ORIENTED_EDGE('',*,*,#7111,.F.);
#10125=ORIENTED_EDGE('',*,*,#7113,.F.);
#10126=ORIENTED_EDGE('',*,*,#7116,.F.);
#10127=ORIENTED_EDGE('',*,*,#7140,.F.);
#10128=ORIENTED_EDGE('',*,*,#7141,.F.);
#10129=ORIENTED_EDGE('',*,*,#7142,.F.);
#10130=ORIENTED_EDGE('',*,*,#7143,.F.);
#10131=ORIENTED_EDGE('',*,*,#7077,.F.);
#10132=ORIENTED_EDGE('',*,*,#7046,.F.);
#10133=ORIENTED_EDGE('',*,*,#7048,.F.);
#10134=ORIENTED_EDGE('',*,*,#6959,.T.);
#10135=ORIENTED_EDGE('',*,*,#6969,.T.);
#10136=ORIENTED_EDGE('',*,*,#6966,.T.);
#10137=ORIENTED_EDGE('',*,*,#6963,.T.);
#10138=ORIENTED_EDGE('',*,*,#6972,.T.);
#10139=ORIENTED_EDGE('',*,*,#6974,.T.);
#10140=ORIENTED_EDGE('',*,*,#6976,.T.);
#10141=ORIENTED_EDGE('',*,*,#6978,.T.);
#10142=ORIENTED_EDGE('',*,*,#6979,.T.);
#10143=ORIENTED_EDGE('',*,*,#6989,.T.);
#10144=ORIENTED_EDGE('',*,*,#6986,.T.);
#10145=ORIENTED_EDGE('',*,*,#6983,.T.);
#10146=ORIENTED_EDGE('',*,*,#7119,.F.);
#10147=ORIENTED_EDGE('',*,*,#7144,.T.);
#10148=ORIENTED_EDGE('',*,*,#7145,.F.);
#10149=ORIENTED_EDGE('',*,*,#7140,.T.);
#10150=ORIENTED_EDGE('',*,*,#7079,.F.);
#10151=ORIENTED_EDGE('',*,*,#7146,.T.);
#10152=ORIENTED_EDGE('',*,*,#7147,.F.);
#10153=ORIENTED_EDGE('',*,*,#7144,.F.);
#10154=ORIENTED_EDGE('',*,*,#7088,.F.);
#10155=ORIENTED_EDGE('',*,*,#7148,.F.);
#10156=ORIENTED_EDGE('',*,*,#7149,.F.);
#10157=ORIENTED_EDGE('',*,*,#7146,.F.);
#10158=ORIENTED_EDGE('',*,*,#7085,.F.);
#10159=ORIENTED_EDGE('',*,*,#7150,.F.);
#10160=ORIENTED_EDGE('',*,*,#7151,.F.);
#10161=ORIENTED_EDGE('',*,*,#7148,.T.);
#10162=ORIENTED_EDGE('',*,*,#7096,.F.);
#10163=ORIENTED_EDGE('',*,*,#7060,.T.);
#10164=ORIENTED_EDGE('',*,*,#7152,.F.);
#10165=ORIENTED_EDGE('',*,*,#7150,.T.);
#10166=ORIENTED_EDGE('',*,*,#7052,.F.);
#10167=ORIENTED_EDGE('',*,*,#7153,.T.);
#10168=ORIENTED_EDGE('',*,*,#7022,.F.);
#10169=ORIENTED_EDGE('',*,*,#7015,.F.);
#10170=ORIENTED_EDGE('',*,*,#7019,.F.);
#10171=ORIENTED_EDGE('',*,*,#7013,.F.);
#10172=ORIENTED_EDGE('',*,*,#7049,.F.);
#10173=ORIENTED_EDGE('',*,*,#7055,.T.);
#10174=ORIENTED_EDGE('',*,*,#7027,.F.);
#10175=ORIENTED_EDGE('',*,*,#7153,.F.);
#10176=ORIENTED_EDGE('',*,*,#7054,.F.);
#10177=ORIENTED_EDGE('',*,*,#7154,.T.);
#10178=ORIENTED_EDGE('',*,*,#7155,.F.);
#10179=ORIENTED_EDGE('',*,*,#7136,.T.);
#10180=ORIENTED_EDGE('',*,*,#7011,.F.);
#10181=ORIENTED_EDGE('',*,*,#7156,.T.);
#10182=ORIENTED_EDGE('',*,*,#7157,.F.);
#10183=ORIENTED_EDGE('',*,*,#7154,.F.);
#10184=ORIENTED_EDGE('',*,*,#7020,.F.);
#10185=ORIENTED_EDGE('',*,*,#7158,.F.);
#10186=ORIENTED_EDGE('',*,*,#7159,.F.);
#10187=ORIENTED_EDGE('',*,*,#7156,.F.);
#10188=ORIENTED_EDGE('',*,*,#7017,.F.);
#10189=ORIENTED_EDGE('',*,*,#7160,.F.);
#10190=ORIENTED_EDGE('',*,*,#7161,.F.);
#10191=ORIENTED_EDGE('',*,*,#7158,.T.);
#10192=ORIENTED_EDGE('',*,*,#7031,.F.);
#10193=ORIENTED_EDGE('',*,*,#7068,.T.);
#10194=ORIENTED_EDGE('',*,*,#7162,.T.);
#10195=ORIENTED_EDGE('',*,*,#7160,.T.);
#10196=ORIENTED_EDGE('',*,*,#7163,.F.);
#10197=ORIENTED_EDGE('',*,*,#7164,.F.);
#10198=ORIENTED_EDGE('',*,*,#7165,.F.);
#10199=ORIENTED_EDGE('',*,*,#7166,.F.);
#10200=ORIENTED_EDGE('',*,*,#7130,.T.);
#10201=ORIENTED_EDGE('',*,*,#7139,.T.);
#10202=ORIENTED_EDGE('',*,*,#7167,.T.);
#10203=ORIENTED_EDGE('',*,*,#7168,.T.);
#10204=ORIENTED_EDGE('',*,*,#7169,.T.);
#10205=ORIENTED_EDGE('',*,*,#7170,.T.);
#10206=ORIENTED_EDGE('',*,*,#7167,.F.);
#10207=ORIENTED_EDGE('',*,*,#7138,.T.);
#10208=ORIENTED_EDGE('',*,*,#7155,.T.);
#10209=ORIENTED_EDGE('',*,*,#7171,.T.);
#10210=ORIENTED_EDGE('',*,*,#7169,.F.);
#10211=ORIENTED_EDGE('',*,*,#7137,.T.);
#10212=ORIENTED_EDGE('',*,*,#7172,.T.);
#10213=ORIENTED_EDGE('',*,*,#7173,.T.);
#10214=ORIENTED_EDGE('',*,*,#7078,.F.);
#10215=ORIENTED_EDGE('',*,*,#7143,.T.);
#10216=ORIENTED_EDGE('',*,*,#7174,.T.);
#10217=ORIENTED_EDGE('',*,*,#7175,.T.);
#10218=ORIENTED_EDGE('',*,*,#7172,.F.);
#10219=ORIENTED_EDGE('',*,*,#7142,.T.);
#10220=ORIENTED_EDGE('',*,*,#7145,.T.);
#10221=ORIENTED_EDGE('',*,*,#7176,.T.);
#10222=ORIENTED_EDGE('',*,*,#7174,.F.);
#10223=ORIENTED_EDGE('',*,*,#7141,.T.);
#10224=ORIENTED_EDGE('',*,*,#7175,.F.);
#10225=ORIENTED_EDGE('',*,*,#7177,.T.);
#10226=ORIENTED_EDGE('',*,*,#7163,.T.);
#10227=ORIENTED_EDGE('',*,*,#7178,.T.);
#10228=ORIENTED_EDGE('',*,*,#7176,.F.);
#10229=ORIENTED_EDGE('',*,*,#7147,.T.);
#10230=ORIENTED_EDGE('',*,*,#7179,.T.);
#10231=ORIENTED_EDGE('',*,*,#7177,.F.);
#10232=ORIENTED_EDGE('',*,*,#7168,.F.);
#10233=ORIENTED_EDGE('',*,*,#7180,.T.);
#10234=ORIENTED_EDGE('',*,*,#7181,.T.);
#10235=ORIENTED_EDGE('',*,*,#7128,.F.);
#10236=ORIENTED_EDGE('',*,*,#7152,.T.);
#10237=ORIENTED_EDGE('',*,*,#7059,.T.);
#10238=ORIENTED_EDGE('',*,*,#7182,.T.);
#10239=ORIENTED_EDGE('',*,*,#7183,.T.);
#10240=ORIENTED_EDGE('',*,*,#7184,.T.);
#10241=ORIENTED_EDGE('',*,*,#7185,.T.);
#10242=ORIENTED_EDGE('',*,*,#7182,.F.);
#10243=ORIENTED_EDGE('',*,*,#7058,.T.);
#10244=ORIENTED_EDGE('',*,*,#7070,.T.);
#10245=ORIENTED_EDGE('',*,*,#7186,.T.);
#10246=ORIENTED_EDGE('',*,*,#7184,.F.);
#10247=ORIENTED_EDGE('',*,*,#7057,.T.);
#10248=ORIENTED_EDGE('',*,*,#7187,.T.);
#10249=ORIENTED_EDGE('',*,*,#7188,.T.);
#10250=ORIENTED_EDGE('',*,*,#7162,.F.);
#10251=ORIENTED_EDGE('',*,*,#7067,.T.);
#10252=ORIENTED_EDGE('',*,*,#7189,.T.);
#10253=ORIENTED_EDGE('',*,*,#7190,.T.);
#10254=ORIENTED_EDGE('',*,*,#7187,.F.);
#10255=ORIENTED_EDGE('',*,*,#7066,.T.);
#10256=ORIENTED_EDGE('',*,*,#7122,.T.);
#10257=ORIENTED_EDGE('',*,*,#7191,.T.);
#10258=ORIENTED_EDGE('',*,*,#7189,.F.);
#10259=ORIENTED_EDGE('',*,*,#7065,.T.);
#10260=ORIENTED_EDGE('',*,*,#7190,.F.);
#10261=ORIENTED_EDGE('',*,*,#7192,.F.);
#10262=ORIENTED_EDGE('',*,*,#7133,.T.);
#10263=ORIENTED_EDGE('',*,*,#7193,.T.);
#10264=ORIENTED_EDGE('',*,*,#7191,.F.);
#10265=ORIENTED_EDGE('',*,*,#7124,.F.);
#10266=ORIENTED_EDGE('',*,*,#7194,.T.);
#10267=ORIENTED_EDGE('',*,*,#7192,.T.);
#10268=ORIENTED_EDGE('',*,*,#7183,.F.);
#10269=ORIENTED_EDGE('',*,*,#7195,.F.);
#10270=ORIENTED_EDGE('',*,*,#7196,.T.);
#10271=ORIENTED_EDGE('',*,*,#7151,.T.);
#10272=ORIENTED_EDGE('',*,*,#7170,.F.);
#10273=ORIENTED_EDGE('',*,*,#7197,.T.);
#10274=ORIENTED_EDGE('',*,*,#7131,.T.);
#10275=ORIENTED_EDGE('',*,*,#7180,.F.);
#10276=ORIENTED_EDGE('',*,*,#7171,.F.);
#10277=ORIENTED_EDGE('',*,*,#7157,.T.);
#10278=ORIENTED_EDGE('',*,*,#7198,.T.);
#10279=ORIENTED_EDGE('',*,*,#7197,.F.);
#10280=ORIENTED_EDGE('',*,*,#7173,.F.);
#10281=ORIENTED_EDGE('',*,*,#7178,.F.);
#10282=ORIENTED_EDGE('',*,*,#7199,.T.);
#10283=ORIENTED_EDGE('',*,*,#7076,.F.);
#10284=ORIENTED_EDGE('',*,*,#7198,.F.);
#10285=ORIENTED_EDGE('',*,*,#7159,.T.);
#10286=ORIENTED_EDGE('',*,*,#7200,.F.);
#10287=ORIENTED_EDGE('',*,*,#7132,.T.);
#10288=ORIENTED_EDGE('',*,*,#7199,.F.);
#10289=ORIENTED_EDGE('',*,*,#7166,.T.);
#10290=ORIENTED_EDGE('',*,*,#7201,.F.);
#10291=ORIENTED_EDGE('',*,*,#7074,.T.);
#10292=ORIENTED_EDGE('',*,*,#7185,.F.);
#10293=ORIENTED_EDGE('',*,*,#7202,.T.);
#10294=ORIENTED_EDGE('',*,*,#7165,.T.);
#10295=ORIENTED_EDGE('',*,*,#7195,.T.);
#10296=ORIENTED_EDGE('',*,*,#7188,.F.);
#10297=ORIENTED_EDGE('',*,*,#7193,.F.);
#10298=ORIENTED_EDGE('',*,*,#7200,.T.);
#10299=ORIENTED_EDGE('',*,*,#7161,.T.);
#10300=ORIENTED_EDGE('',*,*,#7186,.F.);
#10301=ORIENTED_EDGE('',*,*,#7072,.F.);
#10302=ORIENTED_EDGE('',*,*,#7201,.T.);
#10303=ORIENTED_EDGE('',*,*,#7202,.F.);
#10304=ORIENTED_EDGE('',*,*,#7181,.F.);
#10305=ORIENTED_EDGE('',*,*,#7134,.T.);
#10306=ORIENTED_EDGE('',*,*,#7194,.F.);
#10307=ORIENTED_EDGE('',*,*,#7126,.T.);
#10308=ORIENTED_EDGE('',*,*,#7179,.F.);
#10309=ORIENTED_EDGE('',*,*,#7149,.T.);
#10310=ORIENTED_EDGE('',*,*,#7196,.F.);
#10311=ORIENTED_EDGE('',*,*,#7164,.T.);
#10312=ORIENTED_EDGE('',*,*,#7203,.F.);
#10313=ORIENTED_EDGE('',*,*,#7204,.T.);
#10314=ORIENTED_EDGE('',*,*,#7205,.F.);
#10315=ORIENTED_EDGE('',*,*,#7206,.F.);
#10316=ORIENTED_EDGE('',*,*,#7207,.F.);
#10317=ORIENTED_EDGE('',*,*,#7208,.T.);
#10318=ORIENTED_EDGE('',*,*,#7209,.F.);
#10319=ORIENTED_EDGE('',*,*,#7204,.F.);
#10320=ORIENTED_EDGE('',*,*,#7210,.F.);
#10321=ORIENTED_EDGE('',*,*,#7206,.T.);
#10322=ORIENTED_EDGE('',*,*,#7211,.F.);
#10323=ORIENTED_EDGE('',*,*,#7208,.F.);
#10324=ORIENTED_EDGE('',*,*,#7212,.F.);
#10325=ORIENTED_EDGE('',*,*,#7213,.T.);
#10326=ORIENTED_EDGE('',*,*,#7214,.F.);
#10327=ORIENTED_EDGE('',*,*,#7215,.F.);
#10328=ORIENTED_EDGE('',*,*,#7216,.F.);
#10329=ORIENTED_EDGE('',*,*,#7215,.T.);
#10330=ORIENTED_EDGE('',*,*,#7217,.F.);
#10331=ORIENTED_EDGE('',*,*,#7218,.F.);
#10332=ORIENTED_EDGE('',*,*,#7219,.F.);
#10333=ORIENTED_EDGE('',*,*,#7218,.T.);
#10334=ORIENTED_EDGE('',*,*,#7220,.F.);
#10335=ORIENTED_EDGE('',*,*,#7221,.F.);
#10336=ORIENTED_EDGE('',*,*,#7222,.F.);
#10337=ORIENTED_EDGE('',*,*,#7221,.T.);
#10338=ORIENTED_EDGE('',*,*,#7223,.F.);
#10339=ORIENTED_EDGE('',*,*,#7213,.F.);
#10340=ORIENTED_EDGE('',*,*,#7222,.T.);
#10341=ORIENTED_EDGE('',*,*,#7212,.T.);
#10342=ORIENTED_EDGE('',*,*,#7216,.T.);
#10343=ORIENTED_EDGE('',*,*,#7219,.T.);
#10344=ORIENTED_EDGE('',*,*,#7203,.T.);
#10345=ORIENTED_EDGE('',*,*,#7210,.T.);
#10346=ORIENTED_EDGE('',*,*,#7207,.T.);
#10347=ORIENTED_EDGE('',*,*,#7223,.T.);
#10348=ORIENTED_EDGE('',*,*,#7220,.T.);
#10349=ORIENTED_EDGE('',*,*,#7217,.T.);
#10350=ORIENTED_EDGE('',*,*,#7214,.T.);
#10351=ORIENTED_EDGE('',*,*,#7205,.T.);
#10352=ORIENTED_EDGE('',*,*,#7209,.T.);
#10353=ORIENTED_EDGE('',*,*,#7211,.T.);
#10354=ORIENTED_EDGE('',*,*,#7224,.F.);
#10355=ORIENTED_EDGE('',*,*,#7225,.T.);
#10356=ORIENTED_EDGE('',*,*,#7226,.F.);
#10357=ORIENTED_EDGE('',*,*,#7227,.F.);
#10358=ORIENTED_EDGE('',*,*,#7228,.F.);
#10359=ORIENTED_EDGE('',*,*,#7229,.T.);
#10360=ORIENTED_EDGE('',*,*,#7230,.F.);
#10361=ORIENTED_EDGE('',*,*,#7225,.F.);
#10362=ORIENTED_EDGE('',*,*,#7231,.F.);
#10363=ORIENTED_EDGE('',*,*,#7232,.T.);
#10364=ORIENTED_EDGE('',*,*,#7233,.F.);
#10365=ORIENTED_EDGE('',*,*,#7229,.F.);
#10366=ORIENTED_EDGE('',*,*,#7234,.F.);
#10367=ORIENTED_EDGE('',*,*,#7235,.T.);
#10368=ORIENTED_EDGE('',*,*,#7236,.F.);
#10369=ORIENTED_EDGE('',*,*,#7232,.F.);
#10370=ORIENTED_EDGE('',*,*,#7237,.F.);
#10371=ORIENTED_EDGE('',*,*,#7227,.T.);
#10372=ORIENTED_EDGE('',*,*,#7238,.F.);
#10373=ORIENTED_EDGE('',*,*,#7235,.F.);
#10374=ORIENTED_EDGE('',*,*,#7239,.T.);
#10375=ORIENTED_EDGE('',*,*,#7240,.T.);
#10376=ORIENTED_EDGE('',*,*,#7241,.F.);
#10377=ORIENTED_EDGE('',*,*,#7242,.F.);
#10378=ORIENTED_EDGE('',*,*,#7243,.T.);
#10379=ORIENTED_EDGE('',*,*,#7242,.T.);
#10380=ORIENTED_EDGE('',*,*,#7244,.F.);
#10381=ORIENTED_EDGE('',*,*,#7245,.F.);
#10382=ORIENTED_EDGE('',*,*,#7246,.T.);
#10383=ORIENTED_EDGE('',*,*,#7245,.T.);
#10384=ORIENTED_EDGE('',*,*,#7247,.F.);
#10385=ORIENTED_EDGE('',*,*,#7248,.F.);
#10386=ORIENTED_EDGE('',*,*,#7249,.T.);
#10387=ORIENTED_EDGE('',*,*,#7248,.T.);
#10388=ORIENTED_EDGE('',*,*,#7250,.F.);
#10389=ORIENTED_EDGE('',*,*,#7251,.F.);
#10390=ORIENTED_EDGE('',*,*,#7252,.T.);
#10391=ORIENTED_EDGE('',*,*,#7251,.T.);
#10392=ORIENTED_EDGE('',*,*,#7253,.F.);
#10393=ORIENTED_EDGE('',*,*,#7254,.F.);
#10394=ORIENTED_EDGE('',*,*,#7255,.T.);
#10395=ORIENTED_EDGE('',*,*,#7254,.T.);
#10396=ORIENTED_EDGE('',*,*,#7256,.F.);
#10397=ORIENTED_EDGE('',*,*,#7257,.F.);
#10398=ORIENTED_EDGE('',*,*,#7258,.T.);
#10399=ORIENTED_EDGE('',*,*,#7257,.T.);
#10400=ORIENTED_EDGE('',*,*,#7259,.F.);
#10401=ORIENTED_EDGE('',*,*,#7260,.F.);
#10402=ORIENTED_EDGE('',*,*,#7261,.T.);
#10403=ORIENTED_EDGE('',*,*,#7260,.T.);
#10404=ORIENTED_EDGE('',*,*,#7262,.F.);
#10405=ORIENTED_EDGE('',*,*,#7263,.F.);
#10406=ORIENTED_EDGE('',*,*,#7264,.T.);
#10407=ORIENTED_EDGE('',*,*,#7263,.T.);
#10408=ORIENTED_EDGE('',*,*,#7265,.F.);
#10409=ORIENTED_EDGE('',*,*,#7266,.F.);
#10410=ORIENTED_EDGE('',*,*,#7267,.T.);
#10411=ORIENTED_EDGE('',*,*,#7266,.T.);
#10412=ORIENTED_EDGE('',*,*,#7268,.F.);
#10413=ORIENTED_EDGE('',*,*,#7240,.F.);
#10414=ORIENTED_EDGE('',*,*,#7268,.T.);
#10415=ORIENTED_EDGE('',*,*,#7265,.T.);
#10416=ORIENTED_EDGE('',*,*,#7262,.T.);
#10417=ORIENTED_EDGE('',*,*,#7259,.T.);
#10418=ORIENTED_EDGE('',*,*,#7256,.T.);
#10419=ORIENTED_EDGE('',*,*,#7253,.T.);
#10420=ORIENTED_EDGE('',*,*,#7250,.T.);
#10421=ORIENTED_EDGE('',*,*,#7247,.T.);
#10422=ORIENTED_EDGE('',*,*,#7244,.T.);
#10423=ORIENTED_EDGE('',*,*,#7241,.T.);
#10424=ORIENTED_EDGE('',*,*,#7226,.T.);
#10425=ORIENTED_EDGE('',*,*,#7230,.T.);
#10426=ORIENTED_EDGE('',*,*,#7233,.T.);
#10427=ORIENTED_EDGE('',*,*,#7236,.T.);
#10428=ORIENTED_EDGE('',*,*,#7238,.T.);
#10429=ORIENTED_EDGE('',*,*,#7267,.F.);
#10430=ORIENTED_EDGE('',*,*,#7239,.F.);
#10431=ORIENTED_EDGE('',*,*,#7243,.F.);
#10432=ORIENTED_EDGE('',*,*,#7246,.F.);
#10433=ORIENTED_EDGE('',*,*,#7249,.F.);
#10434=ORIENTED_EDGE('',*,*,#7252,.F.);
#10435=ORIENTED_EDGE('',*,*,#7255,.F.);
#10436=ORIENTED_EDGE('',*,*,#7258,.F.);
#10437=ORIENTED_EDGE('',*,*,#7261,.F.);
#10438=ORIENTED_EDGE('',*,*,#7264,.F.);
#10439=ORIENTED_EDGE('',*,*,#7224,.T.);
#10440=ORIENTED_EDGE('',*,*,#7237,.T.);
#10441=ORIENTED_EDGE('',*,*,#7234,.T.);
#10442=ORIENTED_EDGE('',*,*,#7231,.T.);
#10443=ORIENTED_EDGE('',*,*,#7228,.T.);
#10444=ORIENTED_EDGE('',*,*,#7269,.T.);
#10445=ORIENTED_EDGE('',*,*,#7270,.T.);
#10446=ORIENTED_EDGE('',*,*,#7271,.F.);
#10447=ORIENTED_EDGE('',*,*,#7272,.F.);
#10448=ORIENTED_EDGE('',*,*,#7273,.T.);
#10449=ORIENTED_EDGE('',*,*,#7272,.T.);
#10450=ORIENTED_EDGE('',*,*,#7274,.F.);
#10451=ORIENTED_EDGE('',*,*,#7275,.F.);
#10452=ORIENTED_EDGE('',*,*,#7276,.T.);
#10453=ORIENTED_EDGE('',*,*,#7275,.T.);
#10454=ORIENTED_EDGE('',*,*,#7277,.F.);
#10455=ORIENTED_EDGE('',*,*,#7278,.F.);
#10456=ORIENTED_EDGE('',*,*,#7279,.T.);
#10457=ORIENTED_EDGE('',*,*,#7278,.T.);
#10458=ORIENTED_EDGE('',*,*,#7280,.F.);
#10459=ORIENTED_EDGE('',*,*,#7281,.F.);
#10460=ORIENTED_EDGE('',*,*,#7282,.T.);
#10461=ORIENTED_EDGE('',*,*,#7281,.T.);
#10462=ORIENTED_EDGE('',*,*,#7283,.F.);
#10463=ORIENTED_EDGE('',*,*,#7284,.F.);
#10464=ORIENTED_EDGE('',*,*,#7285,.T.);
#10465=ORIENTED_EDGE('',*,*,#7284,.T.);
#10466=ORIENTED_EDGE('',*,*,#7286,.F.);
#10467=ORIENTED_EDGE('',*,*,#7287,.F.);
#10468=ORIENTED_EDGE('',*,*,#7288,.T.);
#10469=ORIENTED_EDGE('',*,*,#7287,.T.);
#10470=ORIENTED_EDGE('',*,*,#7289,.F.);
#10471=ORIENTED_EDGE('',*,*,#7290,.F.);
#10472=ORIENTED_EDGE('',*,*,#7291,.T.);
#10473=ORIENTED_EDGE('',*,*,#7290,.T.);
#10474=ORIENTED_EDGE('',*,*,#7292,.F.);
#10475=ORIENTED_EDGE('',*,*,#7293,.F.);
#10476=ORIENTED_EDGE('',*,*,#7294,.T.);
#10477=ORIENTED_EDGE('',*,*,#7293,.T.);
#10478=ORIENTED_EDGE('',*,*,#7295,.F.);
#10479=ORIENTED_EDGE('',*,*,#7296,.F.);
#10480=ORIENTED_EDGE('',*,*,#7297,.T.);
#10481=ORIENTED_EDGE('',*,*,#7296,.T.);
#10482=ORIENTED_EDGE('',*,*,#7298,.F.);
#10483=ORIENTED_EDGE('',*,*,#7299,.F.);
#10484=ORIENTED_EDGE('',*,*,#7300,.T.);
#10485=ORIENTED_EDGE('',*,*,#7299,.T.);
#10486=ORIENTED_EDGE('',*,*,#7301,.F.);
#10487=ORIENTED_EDGE('',*,*,#7302,.F.);
#10488=ORIENTED_EDGE('',*,*,#7303,.T.);
#10489=ORIENTED_EDGE('',*,*,#7302,.T.);
#10490=ORIENTED_EDGE('',*,*,#7304,.F.);
#10491=ORIENTED_EDGE('',*,*,#7305,.F.);
#10492=ORIENTED_EDGE('',*,*,#7306,.T.);
#10493=ORIENTED_EDGE('',*,*,#7305,.T.);
#10494=ORIENTED_EDGE('',*,*,#7307,.F.);
#10495=ORIENTED_EDGE('',*,*,#7308,.F.);
#10496=ORIENTED_EDGE('',*,*,#7309,.T.);
#10497=ORIENTED_EDGE('',*,*,#7308,.T.);
#10498=ORIENTED_EDGE('',*,*,#7310,.F.);
#10499=ORIENTED_EDGE('',*,*,#7311,.F.);
#10500=ORIENTED_EDGE('',*,*,#7312,.T.);
#10501=ORIENTED_EDGE('',*,*,#7311,.T.);
#10502=ORIENTED_EDGE('',*,*,#7313,.F.);
#10503=ORIENTED_EDGE('',*,*,#7314,.F.);
#10504=ORIENTED_EDGE('',*,*,#7315,.T.);
#10505=ORIENTED_EDGE('',*,*,#7314,.T.);
#10506=ORIENTED_EDGE('',*,*,#7316,.F.);
#10507=ORIENTED_EDGE('',*,*,#7270,.F.);
#10508=ORIENTED_EDGE('',*,*,#7316,.T.);
#10509=ORIENTED_EDGE('',*,*,#7313,.T.);
#10510=ORIENTED_EDGE('',*,*,#7310,.T.);
#10511=ORIENTED_EDGE('',*,*,#7307,.T.);
#10512=ORIENTED_EDGE('',*,*,#7304,.T.);
#10513=ORIENTED_EDGE('',*,*,#7301,.T.);
#10514=ORIENTED_EDGE('',*,*,#7298,.T.);
#10515=ORIENTED_EDGE('',*,*,#7295,.T.);
#10516=ORIENTED_EDGE('',*,*,#7292,.T.);
#10517=ORIENTED_EDGE('',*,*,#7289,.T.);
#10518=ORIENTED_EDGE('',*,*,#7286,.T.);
#10519=ORIENTED_EDGE('',*,*,#7283,.T.);
#10520=ORIENTED_EDGE('',*,*,#7280,.T.);
#10521=ORIENTED_EDGE('',*,*,#7277,.T.);
#10522=ORIENTED_EDGE('',*,*,#7274,.T.);
#10523=ORIENTED_EDGE('',*,*,#7271,.T.);
#10524=ORIENTED_EDGE('',*,*,#7315,.F.);
#10525=ORIENTED_EDGE('',*,*,#7269,.F.);
#10526=ORIENTED_EDGE('',*,*,#7273,.F.);
#10527=ORIENTED_EDGE('',*,*,#7276,.F.);
#10528=ORIENTED_EDGE('',*,*,#7279,.F.);
#10529=ORIENTED_EDGE('',*,*,#7282,.F.);
#10530=ORIENTED_EDGE('',*,*,#7285,.F.);
#10531=ORIENTED_EDGE('',*,*,#7288,.F.);
#10532=ORIENTED_EDGE('',*,*,#7291,.F.);
#10533=ORIENTED_EDGE('',*,*,#7294,.F.);
#10534=ORIENTED_EDGE('',*,*,#7297,.F.);
#10535=ORIENTED_EDGE('',*,*,#7300,.F.);
#10536=ORIENTED_EDGE('',*,*,#7303,.F.);
#10537=ORIENTED_EDGE('',*,*,#7306,.F.);
#10538=ORIENTED_EDGE('',*,*,#7309,.F.);
#10539=ORIENTED_EDGE('',*,*,#7312,.F.);
#10540=ORIENTED_EDGE('',*,*,#7317,.T.);
#10541=ORIENTED_EDGE('',*,*,#7318,.T.);
#10542=ORIENTED_EDGE('',*,*,#7319,.F.);
#10543=ORIENTED_EDGE('',*,*,#7320,.F.);
#10544=ORIENTED_EDGE('',*,*,#7321,.T.);
#10545=ORIENTED_EDGE('',*,*,#7320,.T.);
#10546=ORIENTED_EDGE('',*,*,#7322,.F.);
#10547=ORIENTED_EDGE('',*,*,#7323,.F.);
#10548=ORIENTED_EDGE('',*,*,#7324,.T.);
#10549=ORIENTED_EDGE('',*,*,#7323,.T.);
#10550=ORIENTED_EDGE('',*,*,#7325,.F.);
#10551=ORIENTED_EDGE('',*,*,#7318,.F.);
#10552=ORIENTED_EDGE('',*,*,#7325,.T.);
#10553=ORIENTED_EDGE('',*,*,#7322,.T.);
#10554=ORIENTED_EDGE('',*,*,#7319,.T.);
#10555=ORIENTED_EDGE('',*,*,#7324,.F.);
#10556=ORIENTED_EDGE('',*,*,#7317,.F.);
#10557=ORIENTED_EDGE('',*,*,#7321,.F.);
#10558=ORIENTED_EDGE('',*,*,#7326,.T.);
#10559=ORIENTED_EDGE('',*,*,#7327,.T.);
#10560=ORIENTED_EDGE('',*,*,#7328,.F.);
#10561=ORIENTED_EDGE('',*,*,#7329,.F.);
#10562=ORIENTED_EDGE('',*,*,#7330,.T.);
#10563=ORIENTED_EDGE('',*,*,#7329,.T.);
#10564=ORIENTED_EDGE('',*,*,#7331,.F.);
#10565=ORIENTED_EDGE('',*,*,#7332,.F.);
#10566=ORIENTED_EDGE('',*,*,#7333,.T.);
#10567=ORIENTED_EDGE('',*,*,#7332,.T.);
#10568=ORIENTED_EDGE('',*,*,#7334,.F.);
#10569=ORIENTED_EDGE('',*,*,#7335,.F.);
#10570=ORIENTED_EDGE('',*,*,#7336,.T.);
#10571=ORIENTED_EDGE('',*,*,#7335,.T.);
#10572=ORIENTED_EDGE('',*,*,#7337,.F.);
#10573=ORIENTED_EDGE('',*,*,#7338,.F.);
#10574=ORIENTED_EDGE('',*,*,#7339,.T.);
#10575=ORIENTED_EDGE('',*,*,#7338,.T.);
#10576=ORIENTED_EDGE('',*,*,#7340,.F.);
#10577=ORIENTED_EDGE('',*,*,#7341,.F.);
#10578=ORIENTED_EDGE('',*,*,#7342,.T.);
#10579=ORIENTED_EDGE('',*,*,#7341,.T.);
#10580=ORIENTED_EDGE('',*,*,#7343,.F.);
#10581=ORIENTED_EDGE('',*,*,#7327,.F.);
#10582=ORIENTED_EDGE('',*,*,#7343,.T.);
#10583=ORIENTED_EDGE('',*,*,#7340,.T.);
#10584=ORIENTED_EDGE('',*,*,#7337,.T.);
#10585=ORIENTED_EDGE('',*,*,#7334,.T.);
#10586=ORIENTED_EDGE('',*,*,#7331,.T.);
#10587=ORIENTED_EDGE('',*,*,#7328,.T.);
#10588=ORIENTED_EDGE('',*,*,#7342,.F.);
#10589=ORIENTED_EDGE('',*,*,#7326,.F.);
#10590=ORIENTED_EDGE('',*,*,#7330,.F.);
#10591=ORIENTED_EDGE('',*,*,#7333,.F.);
#10592=ORIENTED_EDGE('',*,*,#7336,.F.);
#10593=ORIENTED_EDGE('',*,*,#7339,.F.);
#10594=ORIENTED_EDGE('',*,*,#7344,.T.);
#10595=ORIENTED_EDGE('',*,*,#7345,.T.);
#10596=ORIENTED_EDGE('',*,*,#7346,.F.);
#10597=ORIENTED_EDGE('',*,*,#7347,.F.);
#10598=ORIENTED_EDGE('',*,*,#7348,.T.);
#10599=ORIENTED_EDGE('',*,*,#7347,.T.);
#10600=ORIENTED_EDGE('',*,*,#7349,.F.);
#10601=ORIENTED_EDGE('',*,*,#7350,.F.);
#10602=ORIENTED_EDGE('',*,*,#7351,.T.);
#10603=ORIENTED_EDGE('',*,*,#7350,.T.);
#10604=ORIENTED_EDGE('',*,*,#7352,.F.);
#10605=ORIENTED_EDGE('',*,*,#7353,.F.);
#10606=ORIENTED_EDGE('',*,*,#7354,.T.);
#10607=ORIENTED_EDGE('',*,*,#7353,.T.);
#10608=ORIENTED_EDGE('',*,*,#7355,.F.);
#10609=ORIENTED_EDGE('',*,*,#7356,.F.);
#10610=ORIENTED_EDGE('',*,*,#7357,.T.);
#10611=ORIENTED_EDGE('',*,*,#7356,.T.);
#10612=ORIENTED_EDGE('',*,*,#7358,.F.);
#10613=ORIENTED_EDGE('',*,*,#7359,.F.);
#10614=ORIENTED_EDGE('',*,*,#7360,.T.);
#10615=ORIENTED_EDGE('',*,*,#7359,.T.);
#10616=ORIENTED_EDGE('',*,*,#7361,.F.);
#10617=ORIENTED_EDGE('',*,*,#7362,.F.);
#10618=ORIENTED_EDGE('',*,*,#7363,.T.);
#10619=ORIENTED_EDGE('',*,*,#7362,.T.);
#10620=ORIENTED_EDGE('',*,*,#7364,.F.);
#10621=ORIENTED_EDGE('',*,*,#7365,.F.);
#10622=ORIENTED_EDGE('',*,*,#7366,.T.);
#10623=ORIENTED_EDGE('',*,*,#7365,.T.);
#10624=ORIENTED_EDGE('',*,*,#7367,.F.);
#10625=ORIENTED_EDGE('',*,*,#7368,.F.);
#10626=ORIENTED_EDGE('',*,*,#7369,.T.);
#10627=ORIENTED_EDGE('',*,*,#7368,.T.);
#10628=ORIENTED_EDGE('',*,*,#7370,.F.);
#10629=ORIENTED_EDGE('',*,*,#7371,.F.);
#10630=ORIENTED_EDGE('',*,*,#7372,.T.);
#10631=ORIENTED_EDGE('',*,*,#7371,.T.);
#10632=ORIENTED_EDGE('',*,*,#7373,.F.);
#10633=ORIENTED_EDGE('',*,*,#7374,.F.);
#10634=ORIENTED_EDGE('',*,*,#7375,.T.);
#10635=ORIENTED_EDGE('',*,*,#7374,.T.);
#10636=ORIENTED_EDGE('',*,*,#7376,.F.);
#10637=ORIENTED_EDGE('',*,*,#7377,.F.);
#10638=ORIENTED_EDGE('',*,*,#7378,.T.);
#10639=ORIENTED_EDGE('',*,*,#7377,.T.);
#10640=ORIENTED_EDGE('',*,*,#7379,.F.);
#10641=ORIENTED_EDGE('',*,*,#7380,.F.);
#10642=ORIENTED_EDGE('',*,*,#7381,.T.);
#10643=ORIENTED_EDGE('',*,*,#7380,.T.);
#10644=ORIENTED_EDGE('',*,*,#7382,.F.);
#10645=ORIENTED_EDGE('',*,*,#7383,.F.);
#10646=ORIENTED_EDGE('',*,*,#7384,.T.);
#10647=ORIENTED_EDGE('',*,*,#7383,.T.);
#10648=ORIENTED_EDGE('',*,*,#7385,.F.);
#10649=ORIENTED_EDGE('',*,*,#7386,.F.);
#10650=ORIENTED_EDGE('',*,*,#7387,.T.);
#10651=ORIENTED_EDGE('',*,*,#7386,.T.);
#10652=ORIENTED_EDGE('',*,*,#7388,.F.);
#10653=ORIENTED_EDGE('',*,*,#7345,.F.);
#10654=ORIENTED_EDGE('',*,*,#7388,.T.);
#10655=ORIENTED_EDGE('',*,*,#7385,.T.);
#10656=ORIENTED_EDGE('',*,*,#7382,.T.);
#10657=ORIENTED_EDGE('',*,*,#7379,.T.);
#10658=ORIENTED_EDGE('',*,*,#7376,.T.);
#10659=ORIENTED_EDGE('',*,*,#7373,.T.);
#10660=ORIENTED_EDGE('',*,*,#7370,.T.);
#10661=ORIENTED_EDGE('',*,*,#7367,.T.);
#10662=ORIENTED_EDGE('',*,*,#7364,.T.);
#10663=ORIENTED_EDGE('',*,*,#7361,.T.);
#10664=ORIENTED_EDGE('',*,*,#7358,.T.);
#10665=ORIENTED_EDGE('',*,*,#7355,.T.);
#10666=ORIENTED_EDGE('',*,*,#7352,.T.);
#10667=ORIENTED_EDGE('',*,*,#7349,.T.);
#10668=ORIENTED_EDGE('',*,*,#7346,.T.);
#10669=ORIENTED_EDGE('',*,*,#7387,.F.);
#10670=ORIENTED_EDGE('',*,*,#7344,.F.);
#10671=ORIENTED_EDGE('',*,*,#7348,.F.);
#10672=ORIENTED_EDGE('',*,*,#7351,.F.);
#10673=ORIENTED_EDGE('',*,*,#7354,.F.);
#10674=ORIENTED_EDGE('',*,*,#7357,.F.);
#10675=ORIENTED_EDGE('',*,*,#7360,.F.);
#10676=ORIENTED_EDGE('',*,*,#7363,.F.);
#10677=ORIENTED_EDGE('',*,*,#7366,.F.);
#10678=ORIENTED_EDGE('',*,*,#7369,.F.);
#10679=ORIENTED_EDGE('',*,*,#7372,.F.);
#10680=ORIENTED_EDGE('',*,*,#7375,.F.);
#10681=ORIENTED_EDGE('',*,*,#7378,.F.);
#10682=ORIENTED_EDGE('',*,*,#7381,.F.);
#10683=ORIENTED_EDGE('',*,*,#7384,.F.);
#10684=ORIENTED_EDGE('',*,*,#7389,.T.);
#10685=ORIENTED_EDGE('',*,*,#7390,.T.);
#10686=ORIENTED_EDGE('',*,*,#7391,.F.);
#10687=ORIENTED_EDGE('',*,*,#7392,.F.);
#10688=ORIENTED_EDGE('',*,*,#7393,.T.);
#10689=ORIENTED_EDGE('',*,*,#7392,.T.);
#10690=ORIENTED_EDGE('',*,*,#7394,.F.);
#10691=ORIENTED_EDGE('',*,*,#7395,.F.);
#10692=ORIENTED_EDGE('',*,*,#7396,.T.);
#10693=ORIENTED_EDGE('',*,*,#7395,.T.);
#10694=ORIENTED_EDGE('',*,*,#7397,.F.);
#10695=ORIENTED_EDGE('',*,*,#7398,.F.);
#10696=ORIENTED_EDGE('',*,*,#7399,.T.);
#10697=ORIENTED_EDGE('',*,*,#7398,.T.);
#10698=ORIENTED_EDGE('',*,*,#7400,.F.);
#10699=ORIENTED_EDGE('',*,*,#7401,.F.);
#10700=ORIENTED_EDGE('',*,*,#7402,.T.);
#10701=ORIENTED_EDGE('',*,*,#7401,.T.);
#10702=ORIENTED_EDGE('',*,*,#7403,.F.);
#10703=ORIENTED_EDGE('',*,*,#7404,.F.);
#10704=ORIENTED_EDGE('',*,*,#7405,.T.);
#10705=ORIENTED_EDGE('',*,*,#7404,.T.);
#10706=ORIENTED_EDGE('',*,*,#7406,.F.);
#10707=ORIENTED_EDGE('',*,*,#7407,.F.);
#10708=ORIENTED_EDGE('',*,*,#7408,.T.);
#10709=ORIENTED_EDGE('',*,*,#7407,.T.);
#10710=ORIENTED_EDGE('',*,*,#7409,.F.);
#10711=ORIENTED_EDGE('',*,*,#7410,.F.);
#10712=ORIENTED_EDGE('',*,*,#7411,.T.);
#10713=ORIENTED_EDGE('',*,*,#7410,.T.);
#10714=ORIENTED_EDGE('',*,*,#7412,.F.);
#10715=ORIENTED_EDGE('',*,*,#7413,.F.);
#10716=ORIENTED_EDGE('',*,*,#7414,.T.);
#10717=ORIENTED_EDGE('',*,*,#7413,.T.);
#10718=ORIENTED_EDGE('',*,*,#7415,.F.);
#10719=ORIENTED_EDGE('',*,*,#7416,.F.);
#10720=ORIENTED_EDGE('',*,*,#7417,.T.);
#10721=ORIENTED_EDGE('',*,*,#7416,.T.);
#10722=ORIENTED_EDGE('',*,*,#7418,.F.);
#10723=ORIENTED_EDGE('',*,*,#7419,.F.);
#10724=ORIENTED_EDGE('',*,*,#7420,.T.);
#10725=ORIENTED_EDGE('',*,*,#7419,.T.);
#10726=ORIENTED_EDGE('',*,*,#7421,.F.);
#10727=ORIENTED_EDGE('',*,*,#7422,.F.);
#10728=ORIENTED_EDGE('',*,*,#7423,.T.);
#10729=ORIENTED_EDGE('',*,*,#7422,.T.);
#10730=ORIENTED_EDGE('',*,*,#7424,.F.);
#10731=ORIENTED_EDGE('',*,*,#7425,.F.);
#10732=ORIENTED_EDGE('',*,*,#7426,.T.);
#10733=ORIENTED_EDGE('',*,*,#7425,.T.);
#10734=ORIENTED_EDGE('',*,*,#7427,.F.);
#10735=ORIENTED_EDGE('',*,*,#7428,.F.);
#10736=ORIENTED_EDGE('',*,*,#7429,.T.);
#10737=ORIENTED_EDGE('',*,*,#7428,.T.);
#10738=ORIENTED_EDGE('',*,*,#7430,.F.);
#10739=ORIENTED_EDGE('',*,*,#7431,.F.);
#10740=ORIENTED_EDGE('',*,*,#7432,.T.);
#10741=ORIENTED_EDGE('',*,*,#7431,.T.);
#10742=ORIENTED_EDGE('',*,*,#7433,.F.);
#10743=ORIENTED_EDGE('',*,*,#7434,.F.);
#10744=ORIENTED_EDGE('',*,*,#7435,.T.);
#10745=ORIENTED_EDGE('',*,*,#7434,.T.);
#10746=ORIENTED_EDGE('',*,*,#7436,.F.);
#10747=ORIENTED_EDGE('',*,*,#7437,.F.);
#10748=ORIENTED_EDGE('',*,*,#7438,.T.);
#10749=ORIENTED_EDGE('',*,*,#7437,.T.);
#10750=ORIENTED_EDGE('',*,*,#7439,.F.);
#10751=ORIENTED_EDGE('',*,*,#7440,.F.);
#10752=ORIENTED_EDGE('',*,*,#7441,.T.);
#10753=ORIENTED_EDGE('',*,*,#7440,.T.);
#10754=ORIENTED_EDGE('',*,*,#7442,.F.);
#10755=ORIENTED_EDGE('',*,*,#7443,.F.);
#10756=ORIENTED_EDGE('',*,*,#7444,.T.);
#10757=ORIENTED_EDGE('',*,*,#7443,.T.);
#10758=ORIENTED_EDGE('',*,*,#7445,.F.);
#10759=ORIENTED_EDGE('',*,*,#7446,.F.);
#10760=ORIENTED_EDGE('',*,*,#7447,.T.);
#10761=ORIENTED_EDGE('',*,*,#7446,.T.);
#10762=ORIENTED_EDGE('',*,*,#7448,.F.);
#10763=ORIENTED_EDGE('',*,*,#7449,.F.);
#10764=ORIENTED_EDGE('',*,*,#7450,.T.);
#10765=ORIENTED_EDGE('',*,*,#7449,.T.);
#10766=ORIENTED_EDGE('',*,*,#7451,.F.);
#10767=ORIENTED_EDGE('',*,*,#7452,.F.);
#10768=ORIENTED_EDGE('',*,*,#7453,.T.);
#10769=ORIENTED_EDGE('',*,*,#7452,.T.);
#10770=ORIENTED_EDGE('',*,*,#7454,.F.);
#10771=ORIENTED_EDGE('',*,*,#7455,.F.);
#10772=ORIENTED_EDGE('',*,*,#7456,.T.);
#10773=ORIENTED_EDGE('',*,*,#7455,.T.);
#10774=ORIENTED_EDGE('',*,*,#7457,.F.);
#10775=ORIENTED_EDGE('',*,*,#7458,.F.);
#10776=ORIENTED_EDGE('',*,*,#7459,.T.);
#10777=ORIENTED_EDGE('',*,*,#7458,.T.);
#10778=ORIENTED_EDGE('',*,*,#7460,.F.);
#10779=ORIENTED_EDGE('',*,*,#7461,.F.);
#10780=ORIENTED_EDGE('',*,*,#7462,.T.);
#10781=ORIENTED_EDGE('',*,*,#7461,.T.);
#10782=ORIENTED_EDGE('',*,*,#7463,.F.);
#10783=ORIENTED_EDGE('',*,*,#7390,.F.);
#10784=ORIENTED_EDGE('',*,*,#7463,.T.);
#10785=ORIENTED_EDGE('',*,*,#7460,.T.);
#10786=ORIENTED_EDGE('',*,*,#7457,.T.);
#10787=ORIENTED_EDGE('',*,*,#7454,.T.);
#10788=ORIENTED_EDGE('',*,*,#7451,.T.);
#10789=ORIENTED_EDGE('',*,*,#7448,.T.);
#10790=ORIENTED_EDGE('',*,*,#7445,.T.);
#10791=ORIENTED_EDGE('',*,*,#7442,.T.);
#10792=ORIENTED_EDGE('',*,*,#7439,.T.);
#10793=ORIENTED_EDGE('',*,*,#7436,.T.);
#10794=ORIENTED_EDGE('',*,*,#7433,.T.);
#10795=ORIENTED_EDGE('',*,*,#7430,.T.);
#10796=ORIENTED_EDGE('',*,*,#7427,.T.);
#10797=ORIENTED_EDGE('',*,*,#7424,.T.);
#10798=ORIENTED_EDGE('',*,*,#7421,.T.);
#10799=ORIENTED_EDGE('',*,*,#7418,.T.);
#10800=ORIENTED_EDGE('',*,*,#7415,.T.);
#10801=ORIENTED_EDGE('',*,*,#7412,.T.);
#10802=ORIENTED_EDGE('',*,*,#7409,.T.);
#10803=ORIENTED_EDGE('',*,*,#7406,.T.);
#10804=ORIENTED_EDGE('',*,*,#7403,.T.);
#10805=ORIENTED_EDGE('',*,*,#7400,.T.);
#10806=ORIENTED_EDGE('',*,*,#7397,.T.);
#10807=ORIENTED_EDGE('',*,*,#7394,.T.);
#10808=ORIENTED_EDGE('',*,*,#7391,.T.);
#10809=ORIENTED_EDGE('',*,*,#7462,.F.);
#10810=ORIENTED_EDGE('',*,*,#7389,.F.);
#10811=ORIENTED_EDGE('',*,*,#7393,.F.);
#10812=ORIENTED_EDGE('',*,*,#7396,.F.);
#10813=ORIENTED_EDGE('',*,*,#7399,.F.);
#10814=ORIENTED_EDGE('',*,*,#7402,.F.);
#10815=ORIENTED_EDGE('',*,*,#7405,.F.);
#10816=ORIENTED_EDGE('',*,*,#7408,.F.);
#10817=ORIENTED_EDGE('',*,*,#7411,.F.);
#10818=ORIENTED_EDGE('',*,*,#7414,.F.);
#10819=ORIENTED_EDGE('',*,*,#7417,.F.);
#10820=ORIENTED_EDGE('',*,*,#7420,.F.);
#10821=ORIENTED_EDGE('',*,*,#7423,.F.);
#10822=ORIENTED_EDGE('',*,*,#7426,.F.);
#10823=ORIENTED_EDGE('',*,*,#7429,.F.);
#10824=ORIENTED_EDGE('',*,*,#7432,.F.);
#10825=ORIENTED_EDGE('',*,*,#7435,.F.);
#10826=ORIENTED_EDGE('',*,*,#7438,.F.);
#10827=ORIENTED_EDGE('',*,*,#7441,.F.);
#10828=ORIENTED_EDGE('',*,*,#7444,.F.);
#10829=ORIENTED_EDGE('',*,*,#7447,.F.);
#10830=ORIENTED_EDGE('',*,*,#7450,.F.);
#10831=ORIENTED_EDGE('',*,*,#7453,.F.);
#10832=ORIENTED_EDGE('',*,*,#7456,.F.);
#10833=ORIENTED_EDGE('',*,*,#7459,.F.);
#10834=ORIENTED_EDGE('',*,*,#7464,.F.);
#10835=ORIENTED_EDGE('',*,*,#7465,.F.);
#10836=ORIENTED_EDGE('',*,*,#7465,.T.);
#10837=ORIENTED_EDGE('',*,*,#7464,.T.);
#10838=PLANE('',#11985);
#10839=PLANE('',#11992);
#10840=PLANE('',#11993);
#10841=PLANE('',#11994);
#10842=PLANE('',#11995);
#10843=PLANE('',#11996);
#10844=PLANE('',#11997);
#10845=PLANE('',#11998);
#10846=PLANE('',#11999);
#10847=PLANE('',#12000);
#10848=PLANE('',#12003);
#10849=PLANE('',#12004);
#10850=PLANE('',#12007);
#10851=PLANE('',#12010);
#10852=PLANE('',#12011);
#10853=PLANE('',#12012);
#10854=PLANE('',#12013);
#10855=PLANE('',#12014);
#10856=PLANE('',#12021);
#10857=PLANE('',#12022);
#10858=PLANE('',#12023);
#10859=PLANE('',#12024);
#10860=PLANE('',#12025);
#10861=PLANE('',#12026);
#10862=PLANE('',#12027);
#10863=PLANE('',#12028);
#10864=PLANE('',#12029);
#10865=PLANE('',#12032);
#10866=PLANE('',#12033);
#10867=PLANE('',#12036);
#10868=PLANE('',#12039);
#10869=PLANE('',#12040);
#10870=PLANE('',#12041);
#10871=PLANE('',#12042);
#10872=PLANE('',#12043);
#10873=PLANE('',#12044);
#10874=PLANE('',#12047);
#10875=PLANE('',#12048);
#10876=PLANE('',#12049);
#10877=PLANE('',#12050);
#10878=PLANE('',#12051);
#10879=PLANE('',#12052);
#10880=PLANE('',#12053);
#10881=PLANE('',#12054);
#10882=PLANE('',#12055);
#10883=PLANE('',#12058);
#10884=PLANE('',#12060);
#10885=PLANE('',#12061);
#10886=PLANE('',#12062);
#10887=PLANE('',#12064);
#10888=PLANE('',#12065);
#10889=PLANE('',#12066);
#10890=PLANE('',#12067);
#10891=PLANE('',#12068);
#10892=PLANE('',#12069);
#10893=PLANE('',#12070);
#10894=PLANE('',#12071);
#10895=PLANE('',#12072);
#10896=PLANE('',#12073);
#10897=PLANE('',#12074);
#10898=PLANE('',#12075);
#10899=PLANE('',#12079);
#10900=PLANE('',#12080);
#10901=PLANE('',#12081);
#10902=PLANE('',#12082);
#10903=PLANE('',#12086);
#10904=PLANE('',#12087);
#10905=PLANE('',#12088);
#10906=PLANE('',#12089);
#10907=PLANE('',#12090);
#10908=PLANE('',#12091);
#10909=PLANE('',#12092);
#10910=PLANE('',#12093);
#10911=PLANE('',#12094);
#10912=PLANE('',#12095);
#10913=PLANE('',#12096);
#10914=PLANE('',#12097);
#10915=PLANE('',#12098);
#10916=PLANE('',#12101);
#10917=PLANE('',#12102);
#10918=PLANE('',#12103);
#10919=PLANE('',#12104);
#10920=PLANE('',#12105);
#10921=PLANE('',#12106);
#10922=PLANE('',#12107);
#10923=PLANE('',#12108);
#10924=PLANE('',#12109);
#10925=PLANE('',#12112);
#10926=PLANE('',#12114);
#10927=PLANE('',#12115);
#10928=PLANE('',#12116);
#10929=PLANE('',#12118);
#10930=PLANE('',#12119);
#10931=PLANE('',#12120);
#10932=PLANE('',#12121);
#10933=PLANE('',#12122);
#10934=PLANE('',#12123);
#10935=PLANE('',#12124);
#10936=PLANE('',#12125);
#10937=PLANE('',#12126);
#10938=PLANE('',#12127);
#10939=PLANE('',#12128);
#10940=PLANE('',#12129);
#10941=PLANE('',#12133);
#10942=PLANE('',#12134);
#10943=PLANE('',#12135);
#10944=PLANE('',#12136);
#10945=PLANE('',#12140);
#10946=PLANE('',#12141);
#10947=PLANE('',#12142);
#10948=PLANE('',#12143);
#10949=PLANE('',#12144);
#10950=PLANE('',#12145);
#10951=PLANE('',#12146);
#10952=PLANE('',#12147);
#10953=PLANE('',#12148);
#10954=PLANE('',#12149);
#10955=PLANE('',#12150);
#10956=PLANE('',#12151);
#10957=PLANE('',#12152);
#10958=PLANE('',#12155);
#10959=PLANE('',#12156);
#10960=PLANE('',#12157);
#10961=PLANE('',#12158);
#10962=PLANE('',#12159);
#10963=PLANE('',#12160);
#10964=PLANE('',#12161);
#10965=PLANE('',#12162);
#10966=PLANE('',#12163);
#10967=PLANE('',#12166);
#10968=PLANE('',#12168);
#10969=PLANE('',#12169);
#10970=PLANE('',#12170);
#10971=PLANE('',#12172);
#10972=PLANE('',#12173);
#10973=PLANE('',#12174);
#10974=PLANE('',#12175);
#10975=PLANE('',#12176);
#10976=PLANE('',#12177);
#10977=PLANE('',#12178);
#10978=PLANE('',#12179);
#10979=PLANE('',#12180);
#10980=PLANE('',#12181);
#10981=PLANE('',#12182);
#10982=PLANE('',#12183);
#10983=PLANE('',#12187);
#10984=PLANE('',#12188);
#10985=PLANE('',#12189);
#10986=PLANE('',#12190);
#10987=PLANE('',#12194);
#10988=PLANE('',#12195);
#10989=PLANE('',#12196);
#10990=PLANE('',#12197);
#10991=PLANE('',#12198);
#10992=PLANE('',#12199);
#10993=PLANE('',#12200);
#10994=PLANE('',#12201);
#10995=PLANE('',#12202);
#10996=PLANE('',#12203);
#10997=PLANE('',#12204);
#10998=PLANE('',#12205);
#10999=PLANE('',#12206);
#11000=PLANE('',#12209);
#11001=PLANE('',#12210);
#11002=PLANE('',#12211);
#11003=PLANE('',#12212);
#11004=PLANE('',#12213);
#11005=PLANE('',#12214);
#11006=PLANE('',#12215);
#11007=PLANE('',#12216);
#11008=PLANE('',#12217);
#11009=PLANE('',#12220);
#11010=PLANE('',#12222);
#11011=PLANE('',#12223);
#11012=PLANE('',#12224);
#11013=PLANE('',#12226);
#11014=PLANE('',#12227);
#11015=PLANE('',#12228);
#11016=PLANE('',#12229);
#11017=PLANE('',#12230);
#11018=PLANE('',#12231);
#11019=PLANE('',#12232);
#11020=PLANE('',#12233);
#11021=PLANE('',#12234);
#11022=PLANE('',#12235);
#11023=PLANE('',#12236);
#11024=PLANE('',#12237);
#11025=PLANE('',#12241);
#11026=PLANE('',#12242);
#11027=PLANE('',#12243);
#11028=PLANE('',#12244);
#11029=PLANE('',#12248);
#11030=PLANE('',#12249);
#11031=PLANE('',#12250);
#11032=PLANE('',#12251);
#11033=PLANE('',#12252);
#11034=PLANE('',#12253);
#11035=PLANE('',#12254);
#11036=PLANE('',#12255);
#11037=PLANE('',#12256);
#11038=PLANE('',#12257);
#11039=PLANE('',#12258);
#11040=PLANE('',#12259);
#11041=PLANE('',#12260);
#11042=PLANE('',#12263);
#11043=PLANE('',#12264);
#11044=PLANE('',#12265);
#11045=PLANE('',#12266);
#11046=PLANE('',#12267);
#11047=PLANE('',#12268);
#11048=PLANE('',#12269);
#11049=PLANE('',#12270);
#11050=PLANE('',#12271);
#11051=PLANE('',#12274);
#11052=PLANE('',#12276);
#11053=PLANE('',#12277);
#11054=PLANE('',#12278);
#11055=PLANE('',#12280);
#11056=PLANE('',#12281);
#11057=PLANE('',#12282);
#11058=PLANE('',#12283);
#11059=PLANE('',#12284);
#11060=PLANE('',#12285);
#11061=PLANE('',#12286);
#11062=PLANE('',#12287);
#11063=PLANE('',#12288);
#11064=PLANE('',#12289);
#11065=PLANE('',#12290);
#11066=PLANE('',#12291);
#11067=PLANE('',#12295);
#11068=PLANE('',#12296);
#11069=PLANE('',#12297);
#11070=PLANE('',#12298);
#11071=PLANE('',#12302);
#11072=PLANE('',#12303);
#11073=PLANE('',#12304);
#11074=PLANE('',#12305);
#11075=PLANE('',#12306);
#11076=PLANE('',#12307);
#11077=PLANE('',#12308);
#11078=PLANE('',#12309);
#11079=PLANE('',#12310);
#11080=PLANE('',#12311);
#11081=PLANE('',#12312);
#11082=PLANE('',#12313);
#11083=PLANE('',#12314);
#11084=PLANE('',#12317);
#11085=PLANE('',#12318);
#11086=PLANE('',#12319);
#11087=PLANE('',#12320);
#11088=PLANE('',#12321);
#11089=PLANE('',#12322);
#11090=PLANE('',#12323);
#11091=PLANE('',#12324);
#11092=PLANE('',#12325);
#11093=PLANE('',#12328);
#11094=PLANE('',#12330);
#11095=PLANE('',#12331);
#11096=PLANE('',#12332);
#11097=PLANE('',#12334);
#11098=PLANE('',#12335);
#11099=PLANE('',#12336);
#11100=PLANE('',#12337);
#11101=PLANE('',#12338);
#11102=PLANE('',#12339);
#11103=PLANE('',#12340);
#11104=PLANE('',#12347);
#11105=PLANE('',#12348);
#11106=PLANE('',#12349);
#11107=PLANE('',#12350);
#11108=PLANE('',#12351);
#11109=PLANE('',#12352);
#11110=PLANE('',#12353);
#11111=PLANE('',#12354);
#11112=PLANE('',#12355);
#11113=PLANE('',#12358);
#11114=PLANE('',#12359);
#11115=PLANE('',#12362);
#11116=PLANE('',#12365);
#11117=PLANE('',#12366);
#11118=PLANE('',#12367);
#11119=PLANE('',#12368);
#11120=PLANE('',#12369);
#11121=PLANE('',#12370);
#11122=PLANE('',#12373);
#11123=PLANE('',#12374);
#11124=PLANE('',#12375);
#11125=PLANE('',#12376);
#11126=PLANE('',#12377);
#11127=PLANE('',#12378);
#11128=PLANE('',#12379);
#11129=PLANE('',#12380);
#11130=PLANE('',#12381);
#11131=PLANE('',#12384);
#11132=PLANE('',#12386);
#11133=PLANE('',#12387);
#11134=PLANE('',#12388);
#11135=PLANE('',#12390);
#11136=PLANE('',#12391);
#11137=PLANE('',#12392);
#11138=PLANE('',#12393);
#11139=PLANE('',#12394);
#11140=PLANE('',#12395);
#11141=PLANE('',#12396);
#11142=PLANE('',#12403);
#11143=PLANE('',#12404);
#11144=PLANE('',#12405);
#11145=PLANE('',#12406);
#11146=PLANE('',#12407);
#11147=PLANE('',#12408);
#11148=PLANE('',#12409);
#11149=PLANE('',#12410);
#11150=PLANE('',#12411);
#11151=PLANE('',#12414);
#11152=PLANE('',#12415);
#11153=PLANE('',#12418);
#11154=PLANE('',#12421);
#11155=PLANE('',#12422);
#11156=PLANE('',#12423);
#11157=PLANE('',#12424);
#11158=PLANE('',#12425);
#11159=PLANE('',#12426);
#11160=PLANE('',#12429);
#11161=PLANE('',#12430);
#11162=PLANE('',#12431);
#11163=PLANE('',#12432);
#11164=PLANE('',#12433);
#11165=PLANE('',#12434);
#11166=PLANE('',#12435);
#11167=PLANE('',#12436);
#11168=PLANE('',#12437);
#11169=PLANE('',#12440);
#11170=PLANE('',#12442);
#11171=PLANE('',#12443);
#11172=PLANE('',#12444);
#11173=PLANE('',#12446);
#11174=PLANE('',#12447);
#11175=PLANE('',#12448);
#11176=PLANE('',#12449);
#11177=PLANE('',#12450);
#11178=PLANE('',#12451);
#11179=PLANE('',#12452);
#11180=PLANE('',#12459);
#11181=PLANE('',#12460);
#11182=PLANE('',#12461);
#11183=PLANE('',#12462);
#11184=PLANE('',#12463);
#11185=PLANE('',#12464);
#11186=PLANE('',#12465);
#11187=PLANE('',#12466);
#11188=PLANE('',#12467);
#11189=PLANE('',#12470);
#11190=PLANE('',#12471);
#11191=PLANE('',#12474);
#11192=PLANE('',#12477);
#11193=PLANE('',#12478);
#11194=PLANE('',#12479);
#11195=PLANE('',#12480);
#11196=PLANE('',#12481);
#11197=PLANE('',#12482);
#11198=PLANE('',#12485);
#11199=PLANE('',#12486);
#11200=PLANE('',#12487);
#11201=PLANE('',#12488);
#11202=PLANE('',#12489);
#11203=PLANE('',#12490);
#11204=PLANE('',#12491);
#11205=PLANE('',#12492);
#11206=PLANE('',#12493);
#11207=PLANE('',#12496);
#11208=PLANE('',#12498);
#11209=PLANE('',#12499);
#11210=PLANE('',#12500);
#11211=PLANE('',#12502);
#11212=PLANE('',#12503);
#11213=PLANE('',#12504);
#11214=PLANE('',#12505);
#11215=PLANE('',#12506);
#11216=PLANE('',#12507);
#11217=PLANE('',#12509);
#11218=PLANE('',#12510);
#11219=PLANE('',#12511);
#11220=PLANE('',#12512);
#11221=PLANE('',#12513);
#11222=PLANE('',#12514);
#11223=PLANE('',#12516);
#11224=PLANE('',#12517);
#11225=PLANE('',#12518);
#11226=PLANE('',#12519);
#11227=PLANE('',#12520);
#11228=PLANE('',#12524);
#11229=PLANE('',#12528);
#11230=PLANE('',#12532);
#11231=PLANE('',#12536);
#11232=PLANE('',#12537);
#11233=PLANE('',#12538);
#11234=PLANE('',#12539);
#11235=PLANE('',#12540);
#11236=PLANE('',#12541);
#11237=PLANE('',#12545);
#11238=PLANE('',#12549);
#11239=PLANE('',#12553);
#11240=PLANE('',#12557);
#11241=PLANE('',#12558);
#11242=PLANE('',#12559);
#11243=PLANE('',#12560);
#11244=PLANE('',#12561);
#11245=PLANE('',#12562);
#11246=PLANE('',#12603);
#11247=PLANE('',#12604);
#11248=PLANE('',#12612);
#11249=PLANE('',#12613);
#11250=PLANE('',#12614);
#11251=PLANE('',#12656);
#11252=PLANE('',#12659);
#11253=PLANE('',#12660);
#11254=PLANE('',#12661);
#11255=PLANE('',#12664);
#11256=PLANE('',#12666);
#11257=PLANE('',#12667);
#11258=PLANE('',#12674);
#11259=PLANE('',#12675);
#11260=PLANE('',#12676);
#11261=PLANE('',#12679);
#11262=PLANE('',#12683);
#11263=PLANE('',#12684);
#11264=PLANE('',#12685);
#11265=PLANE('',#12688);
#11266=PLANE('',#12699);
#11267=PLANE('',#12718);
#11268=PLANE('',#12723);
#11269=PLANE('',#12732);
#11270=PLANE('',#12738);
#11271=PLANE('',#12739);
#11272=PLANE('',#12740);
#11273=PLANE('',#12741);
#11274=PLANE('',#12742);
#11275=PLANE('',#12743);
#11276=PLANE('',#12744);
#11277=PLANE('',#12745);
#11278=PLANE('',#12746);
#11279=PLANE('',#12747);
#11280=PLANE('',#12748);
#11281=PLANE('',#12749);
#11282=PLANE('',#12750);
#11283=PLANE('',#12751);
#11284=PLANE('',#12752);
#11285=PLANE('',#12753);
#11286=PLANE('',#12754);
#11287=PLANE('',#12755);
#11288=PLANE('',#12756);
#11289=PLANE('',#12757);
#11290=PLANE('',#12758);
#11291=PLANE('',#12759);
#11292=PLANE('',#12760);
#11293=PLANE('',#12761);
#11294=PLANE('',#12762);
#11295=PLANE('',#12766);
#11296=PLANE('',#12767);
#11297=ADVANCED_FACE('',(#670),#10838,.F.);
#11298=ADVANCED_FACE('',(#671),#575,.F.);
#11299=ADVANCED_FACE('',(#672),#576,.F.);
#11300=ADVANCED_FACE('',(#673),#10839,.T.);
#11301=ADVANCED_FACE('',(#674),#10840,.T.);
#11302=ADVANCED_FACE('',(#675),#10841,.T.);
#11303=ADVANCED_FACE('',(#676),#10842,.T.);
#11304=ADVANCED_FACE('',(#677),#10843,.T.);
#11305=ADVANCED_FACE('',(#678),#10844,.T.);
#11306=ADVANCED_FACE('',(#679),#10845,.T.);
#11307=ADVANCED_FACE('',(#680),#10846,.T.);
#11308=ADVANCED_FACE('',(#681),#10847,.T.);
#11309=ADVANCED_FACE('',(#682),#10848,.T.);
#11310=ADVANCED_FACE('',(#683),#10849,.F.);
#11311=ADVANCED_FACE('',(#684),#10850,.T.);
#11312=ADVANCED_FACE('',(#685),#577,.F.);
#11313=ADVANCED_FACE('',(#686),#578,.T.);
#11314=ADVANCED_FACE('',(#687),#10851,.F.);
#11315=ADVANCED_FACE('',(#688),#10852,.T.);
#11316=ADVANCED_FACE('',(#689),#10853,.T.);
#11317=ADVANCED_FACE('',(#690),#10854,.T.);
#11318=ADVANCED_FACE('',(#691),#10855,.F.);
#11319=ADVANCED_FACE('',(#692),#579,.F.);
#11320=ADVANCED_FACE('',(#693),#580,.F.);
#11321=ADVANCED_FACE('',(#694),#10856,.T.);
#11322=ADVANCED_FACE('',(#695),#10857,.T.);
#11323=ADVANCED_FACE('',(#696),#10858,.T.);
#11324=ADVANCED_FACE('',(#697),#10859,.T.);
#11325=ADVANCED_FACE('',(#698),#10860,.T.);
#11326=ADVANCED_FACE('',(#699),#10861,.T.);
#11327=ADVANCED_FACE('',(#700),#10862,.T.);
#11328=ADVANCED_FACE('',(#701),#10863,.T.);
#11329=ADVANCED_FACE('',(#702),#10864,.T.);
#11330=ADVANCED_FACE('',(#703),#10865,.T.);
#11331=ADVANCED_FACE('',(#704),#10866,.F.);
#11332=ADVANCED_FACE('',(#705),#10867,.T.);
#11333=ADVANCED_FACE('',(#706),#581,.F.);
#11334=ADVANCED_FACE('',(#707),#582,.T.);
#11335=ADVANCED_FACE('',(#708),#10868,.F.);
#11336=ADVANCED_FACE('',(#709),#10869,.T.);
#11337=ADVANCED_FACE('',(#710),#10870,.T.);
#11338=ADVANCED_FACE('',(#711),#10871,.T.);
#11339=ADVANCED_FACE('',(#712),#10872,.T.);
#11340=ADVANCED_FACE('',(#713),#10873,.T.);
#11341=ADVANCED_FACE('',(#714),#10874,.T.);
#11342=ADVANCED_FACE('',(#715),#10875,.F.);
#11343=ADVANCED_FACE('',(#716),#10876,.F.);
#11344=ADVANCED_FACE('',(#717),#10877,.F.);
#11345=ADVANCED_FACE('',(#718),#10878,.F.);
#11346=ADVANCED_FACE('',(#719),#10879,.F.);
#11347=ADVANCED_FACE('',(#720),#10880,.F.);
#11348=ADVANCED_FACE('',(#721),#10881,.T.);
#11349=ADVANCED_FACE('',(#722),#10882,.T.);
#11350=ADVANCED_FACE('',(#723),#583,.F.);
#11351=ADVANCED_FACE('',(#724),#10883,.T.);
#11352=ADVANCED_FACE('',(#725),#10884,.T.);
#11353=ADVANCED_FACE('',(#726),#10885,.T.);
#11354=ADVANCED_FACE('',(#727),#10886,.T.);
#11355=ADVANCED_FACE('',(#728),#584,.T.);
#11356=ADVANCED_FACE('',(#729),#10887,.T.);
#11357=ADVANCED_FACE('',(#730),#10888,.T.);
#11358=ADVANCED_FACE('',(#731),#10889,.T.);
#11359=ADVANCED_FACE('',(#732),#10890,.T.);
#11360=ADVANCED_FACE('',(#733),#10891,.T.);
#11361=ADVANCED_FACE('',(#734),#10892,.F.);
#11362=ADVANCED_FACE('',(#735),#10893,.F.);
#11363=ADVANCED_FACE('',(#736),#10894,.T.);
#11364=ADVANCED_FACE('',(#737),#10895,.T.);
#11365=ADVANCED_FACE('',(#738),#10896,.T.);
#11366=ADVANCED_FACE('',(#739),#10897,.T.);
#11367=ADVANCED_FACE('',(#740),#10898,.T.);
#11368=ADVANCED_FACE('',(#741),#585,.T.);
#11369=ADVANCED_FACE('',(#742),#10899,.T.);
#11370=ADVANCED_FACE('',(#743),#10900,.T.);
#11371=ADVANCED_FACE('',(#744),#10901,.T.);
#11372=ADVANCED_FACE('',(#745),#10902,.T.);
#11373=ADVANCED_FACE('',(#746),#586,.F.);
#11374=ADVANCED_FACE('',(#747),#10903,.T.);
#11375=ADVANCED_FACE('',(#748),#10904,.T.);
#11376=ADVANCED_FACE('',(#749),#10905,.F.);
#11377=ADVANCED_FACE('',(#750),#10906,.F.);
#11378=ADVANCED_FACE('',(#751),#10907,.F.);
#11379=ADVANCED_FACE('',(#752),#10908,.F.);
#11380=ADVANCED_FACE('',(#753),#10909,.F.);
#11381=ADVANCED_FACE('',(#754),#10910,.F.);
#11382=ADVANCED_FACE('',(#755),#10911,.T.);
#11383=ADVANCED_FACE('',(#756),#10912,.T.);
#11384=ADVANCED_FACE('',(#757),#10913,.T.);
#11385=ADVANCED_FACE('',(#758),#10914,.T.);
#11386=ADVANCED_FACE('',(#759),#10915,.T.);
#11387=ADVANCED_FACE('',(#760),#10916,.T.);
#11388=ADVANCED_FACE('',(#761),#10917,.F.);
#11389=ADVANCED_FACE('',(#762),#10918,.F.);
#11390=ADVANCED_FACE('',(#763),#10919,.F.);
#11391=ADVANCED_FACE('',(#764),#10920,.F.);
#11392=ADVANCED_FACE('',(#765),#10921,.F.);
#11393=ADVANCED_FACE('',(#766),#10922,.F.);
#11394=ADVANCED_FACE('',(#767),#10923,.T.);
#11395=ADVANCED_FACE('',(#768),#10924,.T.);
#11396=ADVANCED_FACE('',(#769),#587,.F.);
#11397=ADVANCED_FACE('',(#770),#10925,.T.);
#11398=ADVANCED_FACE('',(#771),#10926,.T.);
#11399=ADVANCED_FACE('',(#772),#10927,.T.);
#11400=ADVANCED_FACE('',(#773),#10928,.T.);
#11401=ADVANCED_FACE('',(#774),#588,.T.);
#11402=ADVANCED_FACE('',(#775),#10929,.T.);
#11403=ADVANCED_FACE('',(#776),#10930,.T.);
#11404=ADVANCED_FACE('',(#777),#10931,.T.);
#11405=ADVANCED_FACE('',(#778),#10932,.T.);
#11406=ADVANCED_FACE('',(#779),#10933,.T.);
#11407=ADVANCED_FACE('',(#780),#10934,.F.);
#11408=ADVANCED_FACE('',(#781),#10935,.F.);
#11409=ADVANCED_FACE('',(#782),#10936,.T.);
#11410=ADVANCED_FACE('',(#783),#10937,.T.);
#11411=ADVANCED_FACE('',(#784),#10938,.T.);
#11412=ADVANCED_FACE('',(#785),#10939,.T.);
#11413=ADVANCED_FACE('',(#786),#10940,.T.);
#11414=ADVANCED_FACE('',(#787),#589,.T.);
#11415=ADVANCED_FACE('',(#788),#10941,.T.);
#11416=ADVANCED_FACE('',(#789),#10942,.T.);
#11417=ADVANCED_FACE('',(#790),#10943,.T.);
#11418=ADVANCED_FACE('',(#791),#10944,.T.);
#11419=ADVANCED_FACE('',(#792),#590,.F.);
#11420=ADVANCED_FACE('',(#793),#10945,.T.);
#11421=ADVANCED_FACE('',(#794),#10946,.T.);
#11422=ADVANCED_FACE('',(#795),#10947,.F.);
#11423=ADVANCED_FACE('',(#796),#10948,.F.);
#11424=ADVANCED_FACE('',(#797),#10949,.F.);
#11425=ADVANCED_FACE('',(#798),#10950,.F.);
#11426=ADVANCED_FACE('',(#799),#10951,.F.);
#11427=ADVANCED_FACE('',(#800),#10952,.F.);
#11428=ADVANCED_FACE('',(#801),#10953,.T.);
#11429=ADVANCED_FACE('',(#802),#10954,.T.);
#11430=ADVANCED_FACE('',(#803),#10955,.T.);
#11431=ADVANCED_FACE('',(#804),#10956,.T.);
#11432=ADVANCED_FACE('',(#805),#10957,.T.);
#11433=ADVANCED_FACE('',(#806),#10958,.T.);
#11434=ADVANCED_FACE('',(#807),#10959,.F.);
#11435=ADVANCED_FACE('',(#808),#10960,.F.);
#11436=ADVANCED_FACE('',(#809),#10961,.F.);
#11437=ADVANCED_FACE('',(#810),#10962,.F.);
#11438=ADVANCED_FACE('',(#811),#10963,.F.);
#11439=ADVANCED_FACE('',(#812),#10964,.F.);
#11440=ADVANCED_FACE('',(#813),#10965,.T.);
#11441=ADVANCED_FACE('',(#814),#10966,.T.);
#11442=ADVANCED_FACE('',(#815),#591,.F.);
#11443=ADVANCED_FACE('',(#816),#10967,.T.);
#11444=ADVANCED_FACE('',(#817),#10968,.T.);
#11445=ADVANCED_FACE('',(#818),#10969,.T.);
#11446=ADVANCED_FACE('',(#819),#10970,.T.);
#11447=ADVANCED_FACE('',(#820),#592,.T.);
#11448=ADVANCED_FACE('',(#821),#10971,.T.);
#11449=ADVANCED_FACE('',(#822),#10972,.T.);
#11450=ADVANCED_FACE('',(#823),#10973,.T.);
#11451=ADVANCED_FACE('',(#824),#10974,.T.);
#11452=ADVANCED_FACE('',(#825),#10975,.T.);
#11453=ADVANCED_FACE('',(#826),#10976,.F.);
#11454=ADVANCED_FACE('',(#827),#10977,.F.);
#11455=ADVANCED_FACE('',(#828),#10978,.T.);
#11456=ADVANCED_FACE('',(#829),#10979,.T.);
#11457=ADVANCED_FACE('',(#830),#10980,.T.);
#11458=ADVANCED_FACE('',(#831),#10981,.T.);
#11459=ADVANCED_FACE('',(#832),#10982,.T.);
#11460=ADVANCED_FACE('',(#833),#593,.T.);
#11461=ADVANCED_FACE('',(#834),#10983,.T.);
#11462=ADVANCED_FACE('',(#835),#10984,.T.);
#11463=ADVANCED_FACE('',(#836),#10985,.T.);
#11464=ADVANCED_FACE('',(#837),#10986,.T.);
#11465=ADVANCED_FACE('',(#838),#594,.F.);
#11466=ADVANCED_FACE('',(#839),#10987,.T.);
#11467=ADVANCED_FACE('',(#840),#10988,.T.);
#11468=ADVANCED_FACE('',(#841),#10989,.F.);
#11469=ADVANCED_FACE('',(#842),#10990,.F.);
#11470=ADVANCED_FACE('',(#843),#10991,.F.);
#11471=ADVANCED_FACE('',(#844),#10992,.F.);
#11472=ADVANCED_FACE('',(#845),#10993,.F.);
#11473=ADVANCED_FACE('',(#846),#10994,.F.);
#11474=ADVANCED_FACE('',(#847),#10995,.T.);
#11475=ADVANCED_FACE('',(#848),#10996,.T.);
#11476=ADVANCED_FACE('',(#849),#10997,.T.);
#11477=ADVANCED_FACE('',(#850),#10998,.T.);
#11478=ADVANCED_FACE('',(#851),#10999,.T.);
#11479=ADVANCED_FACE('',(#852),#11000,.T.);
#11480=ADVANCED_FACE('',(#853),#11001,.F.);
#11481=ADVANCED_FACE('',(#854),#11002,.F.);
#11482=ADVANCED_FACE('',(#855),#11003,.F.);
#11483=ADVANCED_FACE('',(#856),#11004,.F.);
#11484=ADVANCED_FACE('',(#857),#11005,.F.);
#11485=ADVANCED_FACE('',(#858),#11006,.F.);
#11486=ADVANCED_FACE('',(#859),#11007,.T.);
#11487=ADVANCED_FACE('',(#860),#11008,.T.);
#11488=ADVANCED_FACE('',(#861),#595,.F.);
#11489=ADVANCED_FACE('',(#862),#11009,.T.);
#11490=ADVANCED_FACE('',(#863),#11010,.T.);
#11491=ADVANCED_FACE('',(#864),#11011,.T.);
#11492=ADVANCED_FACE('',(#865),#11012,.T.);
#11493=ADVANCED_FACE('',(#866),#596,.T.);
#11494=ADVANCED_FACE('',(#867),#11013,.T.);
#11495=ADVANCED_FACE('',(#868),#11014,.T.);
#11496=ADVANCED_FACE('',(#869),#11015,.T.);
#11497=ADVANCED_FACE('',(#870),#11016,.T.);
#11498=ADVANCED_FACE('',(#871),#11017,.T.);
#11499=ADVANCED_FACE('',(#872),#11018,.F.);
#11500=ADVANCED_FACE('',(#873),#11019,.F.);
#11501=ADVANCED_FACE('',(#874),#11020,.T.);
#11502=ADVANCED_FACE('',(#875),#11021,.T.);
#11503=ADVANCED_FACE('',(#876),#11022,.T.);
#11504=ADVANCED_FACE('',(#877),#11023,.T.);
#11505=ADVANCED_FACE('',(#878),#11024,.T.);
#11506=ADVANCED_FACE('',(#879),#597,.T.);
#11507=ADVANCED_FACE('',(#880),#11025,.T.);
#11508=ADVANCED_FACE('',(#881),#11026,.T.);
#11509=ADVANCED_FACE('',(#882),#11027,.T.);
#11510=ADVANCED_FACE('',(#883),#11028,.T.);
#11511=ADVANCED_FACE('',(#884),#598,.F.);
#11512=ADVANCED_FACE('',(#885),#11029,.T.);
#11513=ADVANCED_FACE('',(#886),#11030,.T.);
#11514=ADVANCED_FACE('',(#887),#11031,.F.);
#11515=ADVANCED_FACE('',(#888),#11032,.F.);
#11516=ADVANCED_FACE('',(#889),#11033,.F.);
#11517=ADVANCED_FACE('',(#890),#11034,.F.);
#11518=ADVANCED_FACE('',(#891),#11035,.F.);
#11519=ADVANCED_FACE('',(#892),#11036,.F.);
#11520=ADVANCED_FACE('',(#893),#11037,.T.);
#11521=ADVANCED_FACE('',(#894),#11038,.T.);
#11522=ADVANCED_FACE('',(#895),#11039,.T.);
#11523=ADVANCED_FACE('',(#896),#11040,.T.);
#11524=ADVANCED_FACE('',(#897),#11041,.T.);
#11525=ADVANCED_FACE('',(#898),#11042,.T.);
#11526=ADVANCED_FACE('',(#899),#11043,.F.);
#11527=ADVANCED_FACE('',(#900),#11044,.F.);
#11528=ADVANCED_FACE('',(#901),#11045,.F.);
#11529=ADVANCED_FACE('',(#902),#11046,.F.);
#11530=ADVANCED_FACE('',(#903),#11047,.F.);
#11531=ADVANCED_FACE('',(#904),#11048,.F.);
#11532=ADVANCED_FACE('',(#905),#11049,.T.);
#11533=ADVANCED_FACE('',(#906),#11050,.T.);
#11534=ADVANCED_FACE('',(#907),#599,.F.);
#11535=ADVANCED_FACE('',(#908),#11051,.T.);
#11536=ADVANCED_FACE('',(#909),#11052,.T.);
#11537=ADVANCED_FACE('',(#910),#11053,.T.);
#11538=ADVANCED_FACE('',(#911),#11054,.T.);
#11539=ADVANCED_FACE('',(#912),#600,.T.);
#11540=ADVANCED_FACE('',(#913),#11055,.T.);
#11541=ADVANCED_FACE('',(#914),#11056,.T.);
#11542=ADVANCED_FACE('',(#915),#11057,.T.);
#11543=ADVANCED_FACE('',(#916),#11058,.T.);
#11544=ADVANCED_FACE('',(#917),#11059,.T.);
#11545=ADVANCED_FACE('',(#918),#11060,.F.);
#11546=ADVANCED_FACE('',(#919),#11061,.F.);
#11547=ADVANCED_FACE('',(#920),#11062,.T.);
#11548=ADVANCED_FACE('',(#921),#11063,.T.);
#11549=ADVANCED_FACE('',(#922),#11064,.T.);
#11550=ADVANCED_FACE('',(#923),#11065,.T.);
#11551=ADVANCED_FACE('',(#924),#11066,.T.);
#11552=ADVANCED_FACE('',(#925),#601,.T.);
#11553=ADVANCED_FACE('',(#926),#11067,.T.);
#11554=ADVANCED_FACE('',(#927),#11068,.T.);
#11555=ADVANCED_FACE('',(#928),#11069,.T.);
#11556=ADVANCED_FACE('',(#929),#11070,.T.);
#11557=ADVANCED_FACE('',(#930),#602,.F.);
#11558=ADVANCED_FACE('',(#931),#11071,.T.);
#11559=ADVANCED_FACE('',(#932),#11072,.T.);
#11560=ADVANCED_FACE('',(#933),#11073,.F.);
#11561=ADVANCED_FACE('',(#934),#11074,.F.);
#11562=ADVANCED_FACE('',(#935),#11075,.F.);
#11563=ADVANCED_FACE('',(#936),#11076,.F.);
#11564=ADVANCED_FACE('',(#937),#11077,.F.);
#11565=ADVANCED_FACE('',(#938),#11078,.F.);
#11566=ADVANCED_FACE('',(#939),#11079,.T.);
#11567=ADVANCED_FACE('',(#940),#11080,.T.);
#11568=ADVANCED_FACE('',(#941),#11081,.T.);
#11569=ADVANCED_FACE('',(#942),#11082,.T.);
#11570=ADVANCED_FACE('',(#943),#11083,.T.);
#11571=ADVANCED_FACE('',(#944),#11084,.T.);
#11572=ADVANCED_FACE('',(#945),#11085,.F.);
#11573=ADVANCED_FACE('',(#946),#11086,.F.);
#11574=ADVANCED_FACE('',(#947),#11087,.F.);
#11575=ADVANCED_FACE('',(#948),#11088,.F.);
#11576=ADVANCED_FACE('',(#949),#11089,.F.);
#11577=ADVANCED_FACE('',(#950),#11090,.F.);
#11578=ADVANCED_FACE('',(#951),#11091,.T.);
#11579=ADVANCED_FACE('',(#952),#11092,.T.);
#11580=ADVANCED_FACE('',(#953),#603,.F.);
#11581=ADVANCED_FACE('',(#954),#11093,.T.);
#11582=ADVANCED_FACE('',(#955),#11094,.T.);
#11583=ADVANCED_FACE('',(#956),#11095,.T.);
#11584=ADVANCED_FACE('',(#957),#11096,.T.);
#11585=ADVANCED_FACE('',(#958),#604,.T.);
#11586=ADVANCED_FACE('',(#959),#11097,.T.);
#11587=ADVANCED_FACE('',(#960),#11098,.T.);
#11588=ADVANCED_FACE('',(#961),#11099,.T.);
#11589=ADVANCED_FACE('',(#962),#11100,.T.);
#11590=ADVANCED_FACE('',(#963),#11101,.T.);
#11591=ADVANCED_FACE('',(#964),#11102,.F.);
#11592=ADVANCED_FACE('',(#965),#11103,.F.);
#11593=ADVANCED_FACE('',(#966),#605,.F.);
#11594=ADVANCED_FACE('',(#967),#606,.F.);
#11595=ADVANCED_FACE('',(#968),#11104,.T.);
#11596=ADVANCED_FACE('',(#969),#11105,.T.);
#11597=ADVANCED_FACE('',(#970),#11106,.T.);
#11598=ADVANCED_FACE('',(#971),#11107,.T.);
#11599=ADVANCED_FACE('',(#972),#11108,.T.);
#11600=ADVANCED_FACE('',(#973),#11109,.T.);
#11601=ADVANCED_FACE('',(#974),#11110,.T.);
#11602=ADVANCED_FACE('',(#975),#11111,.T.);
#11603=ADVANCED_FACE('',(#976),#11112,.T.);
#11604=ADVANCED_FACE('',(#977),#11113,.T.);
#11605=ADVANCED_FACE('',(#978),#11114,.F.);
#11606=ADVANCED_FACE('',(#979),#11115,.T.);
#11607=ADVANCED_FACE('',(#980),#607,.F.);
#11608=ADVANCED_FACE('',(#981),#608,.T.);
#11609=ADVANCED_FACE('',(#982),#11116,.F.);
#11610=ADVANCED_FACE('',(#983),#11117,.T.);
#11611=ADVANCED_FACE('',(#984),#11118,.T.);
#11612=ADVANCED_FACE('',(#985),#11119,.T.);
#11613=ADVANCED_FACE('',(#986),#11120,.T.);
#11614=ADVANCED_FACE('',(#987),#11121,.T.);
#11615=ADVANCED_FACE('',(#988),#11122,.T.);
#11616=ADVANCED_FACE('',(#989),#11123,.F.);
#11617=ADVANCED_FACE('',(#990),#11124,.F.);
#11618=ADVANCED_FACE('',(#991),#11125,.F.);
#11619=ADVANCED_FACE('',(#992),#11126,.F.);
#11620=ADVANCED_FACE('',(#993),#11127,.F.);
#11621=ADVANCED_FACE('',(#994),#11128,.F.);
#11622=ADVANCED_FACE('',(#995),#11129,.T.);
#11623=ADVANCED_FACE('',(#996),#11130,.T.);
#11624=ADVANCED_FACE('',(#997),#609,.F.);
#11625=ADVANCED_FACE('',(#998),#11131,.T.);
#11626=ADVANCED_FACE('',(#999),#11132,.T.);
#11627=ADVANCED_FACE('',(#1000),#11133,.T.);
#11628=ADVANCED_FACE('',(#1001),#11134,.T.);
#11629=ADVANCED_FACE('',(#1002),#610,.T.);
#11630=ADVANCED_FACE('',(#1003),#11135,.T.);
#11631=ADVANCED_FACE('',(#1004),#11136,.T.);
#11632=ADVANCED_FACE('',(#1005),#11137,.T.);
#11633=ADVANCED_FACE('',(#1006),#11138,.T.);
#11634=ADVANCED_FACE('',(#1007),#11139,.T.);
#11635=ADVANCED_FACE('',(#1008),#11140,.F.);
#11636=ADVANCED_FACE('',(#1009),#11141,.F.);
#11637=ADVANCED_FACE('',(#1010),#611,.F.);
#11638=ADVANCED_FACE('',(#1011),#612,.F.);
#11639=ADVANCED_FACE('',(#1012),#11142,.T.);
#11640=ADVANCED_FACE('',(#1013),#11143,.T.);
#11641=ADVANCED_FACE('',(#1014),#11144,.T.);
#11642=ADVANCED_FACE('',(#1015),#11145,.T.);
#11643=ADVANCED_FACE('',(#1016),#11146,.T.);
#11644=ADVANCED_FACE('',(#1017),#11147,.T.);
#11645=ADVANCED_FACE('',(#1018),#11148,.T.);
#11646=ADVANCED_FACE('',(#1019),#11149,.T.);
#11647=ADVANCED_FACE('',(#1020),#11150,.T.);
#11648=ADVANCED_FACE('',(#1021),#11151,.T.);
#11649=ADVANCED_FACE('',(#1022),#11152,.F.);
#11650=ADVANCED_FACE('',(#1023),#11153,.T.);
#11651=ADVANCED_FACE('',(#1024),#613,.F.);
#11652=ADVANCED_FACE('',(#1025),#614,.T.);
#11653=ADVANCED_FACE('',(#1026),#11154,.F.);
#11654=ADVANCED_FACE('',(#1027),#11155,.T.);
#11655=ADVANCED_FACE('',(#1028),#11156,.T.);
#11656=ADVANCED_FACE('',(#1029),#11157,.T.);
#11657=ADVANCED_FACE('',(#1030),#11158,.T.);
#11658=ADVANCED_FACE('',(#1031),#11159,.T.);
#11659=ADVANCED_FACE('',(#1032),#11160,.T.);
#11660=ADVANCED_FACE('',(#1033),#11161,.F.);
#11661=ADVANCED_FACE('',(#1034),#11162,.F.);
#11662=ADVANCED_FACE('',(#1035),#11163,.F.);
#11663=ADVANCED_FACE('',(#1036),#11164,.F.);
#11664=ADVANCED_FACE('',(#1037),#11165,.F.);
#11665=ADVANCED_FACE('',(#1038),#11166,.F.);
#11666=ADVANCED_FACE('',(#1039),#11167,.T.);
#11667=ADVANCED_FACE('',(#1040),#11168,.T.);
#11668=ADVANCED_FACE('',(#1041),#615,.F.);
#11669=ADVANCED_FACE('',(#1042),#11169,.T.);
#11670=ADVANCED_FACE('',(#1043),#11170,.T.);
#11671=ADVANCED_FACE('',(#1044),#11171,.T.);
#11672=ADVANCED_FACE('',(#1045),#11172,.T.);
#11673=ADVANCED_FACE('',(#1046),#616,.T.);
#11674=ADVANCED_FACE('',(#1047),#11173,.T.);
#11675=ADVANCED_FACE('',(#1048),#11174,.T.);
#11676=ADVANCED_FACE('',(#1049),#11175,.T.);
#11677=ADVANCED_FACE('',(#1050),#11176,.T.);
#11678=ADVANCED_FACE('',(#1051),#11177,.T.);
#11679=ADVANCED_FACE('',(#1052),#11178,.F.);
#11680=ADVANCED_FACE('',(#1053),#11179,.F.);
#11681=ADVANCED_FACE('',(#1054),#617,.F.);
#11682=ADVANCED_FACE('',(#1055),#618,.F.);
#11683=ADVANCED_FACE('',(#1056),#11180,.T.);
#11684=ADVANCED_FACE('',(#1057),#11181,.T.);
#11685=ADVANCED_FACE('',(#1058),#11182,.T.);
#11686=ADVANCED_FACE('',(#1059),#11183,.T.);
#11687=ADVANCED_FACE('',(#1060),#11184,.T.);
#11688=ADVANCED_FACE('',(#1061),#11185,.T.);
#11689=ADVANCED_FACE('',(#1062),#11186,.T.);
#11690=ADVANCED_FACE('',(#1063),#11187,.T.);
#11691=ADVANCED_FACE('',(#1064),#11188,.T.);
#11692=ADVANCED_FACE('',(#1065),#11189,.T.);
#11693=ADVANCED_FACE('',(#1066),#11190,.F.);
#11694=ADVANCED_FACE('',(#1067),#11191,.T.);
#11695=ADVANCED_FACE('',(#1068),#619,.F.);
#11696=ADVANCED_FACE('',(#1069),#620,.T.);
#11697=ADVANCED_FACE('',(#1070),#11192,.F.);
#11698=ADVANCED_FACE('',(#1071),#11193,.T.);
#11699=ADVANCED_FACE('',(#1072),#11194,.T.);
#11700=ADVANCED_FACE('',(#1073),#11195,.T.);
#11701=ADVANCED_FACE('',(#1074),#11196,.T.);
#11702=ADVANCED_FACE('',(#1075),#11197,.T.);
#11703=ADVANCED_FACE('',(#1076),#11198,.T.);
#11704=ADVANCED_FACE('',(#1077),#11199,.F.);
#11705=ADVANCED_FACE('',(#1078),#11200,.F.);
#11706=ADVANCED_FACE('',(#1079),#11201,.F.);
#11707=ADVANCED_FACE('',(#1080),#11202,.F.);
#11708=ADVANCED_FACE('',(#1081),#11203,.F.);
#11709=ADVANCED_FACE('',(#1082),#11204,.F.);
#11710=ADVANCED_FACE('',(#1083),#11205,.T.);
#11711=ADVANCED_FACE('',(#1084),#11206,.T.);
#11712=ADVANCED_FACE('',(#1085),#621,.F.);
#11713=ADVANCED_FACE('',(#1086),#11207,.T.);
#11714=ADVANCED_FACE('',(#1087),#11208,.T.);
#11715=ADVANCED_FACE('',(#1088),#11209,.T.);
#11716=ADVANCED_FACE('',(#1089),#11210,.T.);
#11717=ADVANCED_FACE('',(#1090),#622,.T.);
#11718=ADVANCED_FACE('',(#1091),#11211,.T.);
#11719=ADVANCED_FACE('',(#1092),#11212,.T.);
#11720=ADVANCED_FACE('',(#1093),#11213,.T.);
#11721=ADVANCED_FACE('',(#1094),#11214,.T.);
#11722=ADVANCED_FACE('',(#1095),#11215,.T.);
#11723=ADVANCED_FACE('',(#1096),#11216,.F.);
#11724=ADVANCED_FACE('',(#1097),#11217,.T.);
#11725=ADVANCED_FACE('',(#1098),#11218,.T.);
#11726=ADVANCED_FACE('',(#1099),#11219,.T.);
#11727=ADVANCED_FACE('',(#1100),#11220,.T.);
#11728=ADVANCED_FACE('',(#1101),#11221,.T.);
#11729=ADVANCED_FACE('',(#1102),#11222,.T.);
#11730=ADVANCED_FACE('',(#1103),#11223,.F.);
#11731=ADVANCED_FACE('',(#1104),#11224,.F.);
#11732=ADVANCED_FACE('',(#1105),#11225,.F.);
#11733=ADVANCED_FACE('',(#1106),#11226,.F.);
#11734=ADVANCED_FACE('',(#1107),#11227,.F.);
#11735=ADVANCED_FACE('',(#1108,#291),#623,.F.);
#11736=ADVANCED_FACE('',(#1109),#11228,.F.);
#11737=ADVANCED_FACE('',(#1110,#292),#624,.F.);
#11738=ADVANCED_FACE('',(#1111),#11229,.F.);
#11739=ADVANCED_FACE('',(#1112,#293),#625,.F.);
#11740=ADVANCED_FACE('',(#1113),#11230,.F.);
#11741=ADVANCED_FACE('',(#1114,#294),#626,.F.);
#11742=ADVANCED_FACE('',(#1115),#11231,.F.);
#11743=ADVANCED_FACE('',(#1116),#11232,.F.);
#11744=ADVANCED_FACE('',(#1117),#11233,.F.);
#11745=ADVANCED_FACE('',(#1118),#11234,.F.);
#11746=ADVANCED_FACE('',(#1119),#11235,.F.);
#11747=ADVANCED_FACE('',(#1120),#11236,.F.);
#11748=ADVANCED_FACE('',(#1121,#295),#627,.F.);
#11749=ADVANCED_FACE('',(#1122),#11237,.T.);
#11750=ADVANCED_FACE('',(#1123,#296),#628,.F.);
#11751=ADVANCED_FACE('',(#1124),#11238,.T.);
#11752=ADVANCED_FACE('',(#1125,#297),#629,.F.);
#11753=ADVANCED_FACE('',(#1126),#11239,.T.);
#11754=ADVANCED_FACE('',(#1127,#298),#630,.F.);
#11755=ADVANCED_FACE('',(#1128),#11240,.T.);
#11756=ADVANCED_FACE('',(#1129),#11241,.F.);
#11757=ADVANCED_FACE('',(#1130),#11242,.F.);
#11758=ADVANCED_FACE('',(#1131),#11243,.F.);
#11759=ADVANCED_FACE('',(#1132),#11244,.F.);
#11760=ADVANCED_FACE('',(#1133),#11245,.F.);
#11761=ADVANCED_FACE('',(#1134),#631,.T.);
#11762=ADVANCED_FACE('',(#1135),#632,.T.);
#11763=ADVANCED_FACE('',(#1136),#633,.T.);
#11764=ADVANCED_FACE('',(#1137),#634,.T.);
#11765=ADVANCED_FACE('',(#1138),#275,.T.);
#11766=ADVANCED_FACE('',(#1139),#635,.T.);
#11767=ADVANCED_FACE('',(#1140),#267,.T.);
#11768=ADVANCED_FACE('',(#1141),#636,.T.);
#11769=ADVANCED_FACE('',(#1142),#637,.T.);
#11770=ADVANCED_FACE('',(#1143),#638,.T.);
#11771=ADVANCED_FACE('',(#1144),#268,.T.);
#11772=ADVANCED_FACE('',(#1145),#639,.T.);
#11773=ADVANCED_FACE('',(#1146),#276,.T.);
#11774=ADVANCED_FACE('',(#1147),#640,.T.);
#11775=ADVANCED_FACE('',(#1148),#269,.T.);
#11776=ADVANCED_FACE('',(#1149),#270,.T.);
#11777=ADVANCED_FACE('',(#1150),#11246,.F.);
#11778=ADVANCED_FACE('',(#1151,#299,#300,#301,#302,#303),#11247,.T.);
#11779=ADVANCED_FACE('',(#1152),#641,.T.);
#11780=ADVANCED_FACE('',(#1153),#11248,.T.);
#11781=ADVANCED_FACE('',(#1154),#11249,.T.);
#11782=ADVANCED_FACE('',(#1155),#11250,.T.);
#11783=ADVANCED_FACE('',(#1156),#642,.T.);
#11784=ADVANCED_FACE('',(#1157),#643,.T.);
#11785=ADVANCED_FACE('',(#1158),#644,.T.);
#11786=ADVANCED_FACE('',(#1159),#645,.T.);
#11787=ADVANCED_FACE('',(#1160),#646,.T.);
#11788=ADVANCED_FACE('',(#1161),#277,.T.);
#11789=ADVANCED_FACE('',(#1162),#647,.T.);
#11790=ADVANCED_FACE('',(#1163),#271,.T.);
#11791=ADVANCED_FACE('',(#1164),#648,.T.);
#11792=ADVANCED_FACE('',(#1165),#649,.T.);
#11793=ADVANCED_FACE('',(#1166),#650,.T.);
#11794=ADVANCED_FACE('',(#1167),#272,.T.);
#11795=ADVANCED_FACE('',(#1168),#651,.T.);
#11796=ADVANCED_FACE('',(#1169),#278,.T.);
#11797=ADVANCED_FACE('',(#1170),#652,.T.);
#11798=ADVANCED_FACE('',(#1171),#273,.T.);
#11799=ADVANCED_FACE('',(#1172),#274,.T.);
#11800=ADVANCED_FACE('',(#1173),#11251,.T.);
#11801=ADVANCED_FACE('',(#1174),#653,.T.);
#11802=ADVANCED_FACE('',(#1175),#11252,.T.);
#11803=ADVANCED_FACE('',(#1176),#11253,.T.);
#11804=ADVANCED_FACE('',(#1177),#11254,.T.);
#11805=ADVANCED_FACE('',(#1178),#654,.T.);
#11806=ADVANCED_FACE('',(#1179),#11255,.T.);
#11807=ADVANCED_FACE('',(#1180),#655,.F.);
#11808=ADVANCED_FACE('',(#1181),#11256,.T.);
#11809=ADVANCED_FACE('',(#1182,#304,#305,#306,#307,#308,#309),#11257,.F.);
#11810=ADVANCED_FACE('',(#1183),#656,.T.);
#11811=ADVANCED_FACE('',(#1184),#11258,.T.);
#11812=ADVANCED_FACE('',(#1185),#11259,.T.);
#11813=ADVANCED_FACE('',(#1186),#11260,.T.);
#11814=ADVANCED_FACE('',(#1187),#657,.T.);
#11815=ADVANCED_FACE('',(#1188),#11261,.F.);
#11816=ADVANCED_FACE('',(#1189),#658,.F.);
#11817=ADVANCED_FACE('',(#1190),#659,.T.);
#11818=ADVANCED_FACE('',(#1191),#11262,.T.);
#11819=ADVANCED_FACE('',(#1192),#11263,.T.);
#11820=ADVANCED_FACE('',(#1193),#11264,.T.);
#11821=ADVANCED_FACE('',(#1194),#660,.T.);
#11822=ADVANCED_FACE('',(#1195),#11265,.T.);
#11823=ADVANCED_FACE('',(#1196),#263,.F.);
#11824=ADVANCED_FACE('',(#1197),#661,.T.);
#11825=ADVANCED_FACE('',(#1198),#264,.F.);
#11826=ADVANCED_FACE('',(#1199),#265,.F.);
#11827=ADVANCED_FACE('',(#1200),#662,.T.);
#11828=ADVANCED_FACE('',(#1201),#266,.F.);
#11829=ADVANCED_FACE('',(#1202),#11266,.T.);
#11830=ADVANCED_FACE('',(#1203),#255,.T.);
#11831=ADVANCED_FACE('',(#1204),#256,.T.);
#11832=ADVANCED_FACE('',(#1205),#279,.T.);
#11833=ADVANCED_FACE('',(#1206),#663,.T.);
#11834=ADVANCED_FACE('',(#1207),#280,.T.);
#11835=ADVANCED_FACE('',(#1208),#281,.T.);
#11836=ADVANCED_FACE('',(#1209),#664,.T.);
#11837=ADVANCED_FACE('',(#1210),#282,.T.);
#11838=ADVANCED_FACE('',(#1211),#11267,.T.);
#11839=ADVANCED_FACE('',(#1212),#257,.T.);
#11840=ADVANCED_FACE('',(#1213),#258,.T.);
#11841=ADVANCED_FACE('',(#1214),#11268,.T.);
#11842=ADVANCED_FACE('',(#1215),#259,.T.);
#11843=ADVANCED_FACE('',(#1216),#260,.T.);
#11844=ADVANCED_FACE('',(#1217),#665,.T.);
#11845=ADVANCED_FACE('',(#1218),#666,.T.);
#11846=ADVANCED_FACE('',(#1219),#11269,.T.);
#11847=ADVANCED_FACE('',(#1220),#261,.T.);
#11848=ADVANCED_FACE('',(#1221),#262,.T.);
#11849=ADVANCED_FACE('',(#1222),#667,.T.);
#11850=ADVANCED_FACE('',(#1223),#668,.T.);
#11851=ADVANCED_FACE('',(#1224),#179,.F.);
#11852=ADVANCED_FACE('',(#1225),#180,.F.);
#11853=ADVANCED_FACE('',(#1226),#181,.F.);
#11854=ADVANCED_FACE('',(#1227),#182,.T.);
#11855=ADVANCED_FACE('',(#1228),#183,.T.);
#11856=ADVANCED_FACE('',(#1229),#184,.T.);
#11857=ADVANCED_FACE('',(#1230),#185,.T.);
#11858=ADVANCED_FACE('',(#1231,#310),#11270,.F.);
#11859=ADVANCED_FACE('',(#1232,#311),#11271,.T.);
#11860=ADVANCED_FACE('',(#1233),#186,.F.);
#11861=ADVANCED_FACE('',(#1234),#187,.F.);
#11862=ADVANCED_FACE('',(#1235),#188,.F.);
#11863=ADVANCED_FACE('',(#1236),#11272,.F.);
#11864=ADVANCED_FACE('',(#1237),#189,.F.);
#11865=ADVANCED_FACE('',(#1238),#190,.T.);
#11866=ADVANCED_FACE('',(#1239),#191,.T.);
#11867=ADVANCED_FACE('',(#1240),#192,.T.);
#11868=ADVANCED_FACE('',(#1241),#11273,.T.);
#11869=ADVANCED_FACE('',(#1242),#193,.T.);
#11870=ADVANCED_FACE('',(#1243),#194,.T.);
#11871=ADVANCED_FACE('',(#1244),#195,.T.);
#11872=ADVANCED_FACE('',(#1245),#196,.T.);
#11873=ADVANCED_FACE('',(#1246),#197,.T.);
#11874=ADVANCED_FACE('',(#1247),#198,.T.);
#11875=ADVANCED_FACE('',(#1248,#312),#11274,.T.);
#11876=ADVANCED_FACE('',(#1249,#313),#11275,.F.);
#11877=ADVANCED_FACE('',(#1250),#199,.T.);
#11878=ADVANCED_FACE('',(#1251),#200,.T.);
#11879=ADVANCED_FACE('',(#1252),#201,.T.);
#11880=ADVANCED_FACE('',(#1253),#202,.T.);
#11881=ADVANCED_FACE('',(#1254),#203,.T.);
#11882=ADVANCED_FACE('',(#1255),#204,.T.);
#11883=ADVANCED_FACE('',(#1256),#205,.T.);
#11884=ADVANCED_FACE('',(#1257),#206,.T.);
#11885=ADVANCED_FACE('',(#1258),#207,.T.);
#11886=ADVANCED_FACE('',(#1259),#208,.T.);
#11887=ADVANCED_FACE('',(#1260),#209,.T.);
#11888=ADVANCED_FACE('',(#1261),#210,.T.);
#11889=ADVANCED_FACE('',(#1262),#211,.T.);
#11890=ADVANCED_FACE('',(#1263),#212,.T.);
#11891=ADVANCED_FACE('',(#1264),#213,.T.);
#11892=ADVANCED_FACE('',(#1265),#214,.T.);
#11893=ADVANCED_FACE('',(#1266),#11276,.T.);
#11894=ADVANCED_FACE('',(#1267),#11277,.F.);
#11895=ADVANCED_FACE('',(#1268),#215,.T.);
#11896=ADVANCED_FACE('',(#1269),#216,.T.);
#11897=ADVANCED_FACE('',(#1270),#217,.T.);
#11898=ADVANCED_FACE('',(#1271),#11278,.T.);
#11899=ADVANCED_FACE('',(#1272),#11279,.F.);
#11900=ADVANCED_FACE('',(#1273),#218,.T.);
#11901=ADVANCED_FACE('',(#1274),#11280,.T.);
#11902=ADVANCED_FACE('',(#1275),#219,.T.);
#11903=ADVANCED_FACE('',(#1276),#220,.T.);
#11904=ADVANCED_FACE('',(#1277),#11281,.T.);
#11905=ADVANCED_FACE('',(#1278),#221,.T.);
#11906=ADVANCED_FACE('',(#1279),#11282,.T.);
#11907=ADVANCED_FACE('',(#1280),#11283,.F.);
#11908=ADVANCED_FACE('',(#1281),#222,.T.);
#11909=ADVANCED_FACE('',(#1282),#223,.T.);
#11910=ADVANCED_FACE('',(#1283),#224,.T.);
#11911=ADVANCED_FACE('',(#1284),#225,.T.);
#11912=ADVANCED_FACE('',(#1285),#226,.T.);
#11913=ADVANCED_FACE('',(#1286),#227,.T.);
#11914=ADVANCED_FACE('',(#1287),#11284,.T.);
#11915=ADVANCED_FACE('',(#1288),#228,.T.);
#11916=ADVANCED_FACE('',(#1289),#229,.T.);
#11917=ADVANCED_FACE('',(#1290),#230,.T.);
#11918=ADVANCED_FACE('',(#1291),#11285,.T.);
#11919=ADVANCED_FACE('',(#1292),#231,.T.);
#11920=ADVANCED_FACE('',(#1293),#232,.T.);
#11921=ADVANCED_FACE('',(#1294),#233,.T.);
#11922=ADVANCED_FACE('',(#1295),#11286,.T.);
#11923=ADVANCED_FACE('',(#1296),#11287,.T.);
#11924=ADVANCED_FACE('',(#1297),#11288,.F.);
#11925=ADVANCED_FACE('',(#1298),#234,.T.);
#11926=ADVANCED_FACE('',(#1299),#11289,.T.);
#11927=ADVANCED_FACE('',(#1300),#235,.T.);
#11928=ADVANCED_FACE('',(#1301),#236,.T.);
#11929=ADVANCED_FACE('',(#1302),#237,.T.);
#11930=ADVANCED_FACE('',(#1303),#238,.T.);
#11931=ADVANCED_FACE('',(#1304),#239,.T.);
#11932=ADVANCED_FACE('',(#1305),#240,.T.);
#11933=ADVANCED_FACE('',(#1306),#241,.T.);
#11934=ADVANCED_FACE('',(#1307),#242,.T.);
#11935=ADVANCED_FACE('',(#1308),#243,.T.);
#11936=ADVANCED_FACE('',(#1309),#244,.T.);
#11937=ADVANCED_FACE('',(#1310),#245,.T.);
#11938=ADVANCED_FACE('',(#1311),#11290,.T.);
#11939=ADVANCED_FACE('',(#1312),#246,.T.);
#11940=ADVANCED_FACE('',(#1313),#247,.T.);
#11941=ADVANCED_FACE('',(#1314),#248,.T.);
#11942=ADVANCED_FACE('',(#1315),#11291,.T.);
#11943=ADVANCED_FACE('',(#1316),#249,.T.);
#11944=ADVANCED_FACE('',(#1317),#250,.T.);
#11945=ADVANCED_FACE('',(#1318),#251,.T.);
#11946=ADVANCED_FACE('',(#1319),#252,.T.);
#11947=ADVANCED_FACE('',(#1320),#11292,.T.);
#11948=ADVANCED_FACE('',(#1321),#253,.T.);
#11949=ADVANCED_FACE('',(#1322),#254,.T.);
#11950=ADVANCED_FACE('',(#1323),#11293,.T.);
#11951=ADVANCED_FACE('',(#1324),#11294,.F.);
#11952=ADVANCED_FACE('',(#1325,#314),#669,.T.);
#11953=ADVANCED_FACE('',(#1326),#11295,.F.);
#11954=ADVANCED_FACE('',(#1327),#11296,.T.);
#11955=CLOSED_SHELL('',(#11297,#11298,#11299,#11300,#11301,#11302,#11303,
#11304,#11305,#11306,#11307,#11308,#11309,#11310,#11311,#11312,#11313,#11314,
#11315,#11316,#11317));
#11956=CLOSED_SHELL('',(#11318,#11319,#11320,#11321,#11322,#11323,#11324,
#11325,#11326,#11327,#11328,#11329,#11330,#11331,#11332,#11333,#11334,#11335,
#11336,#11337,#11338));
#11957=CLOSED_SHELL('',(#11339,#11340,#11341,#11342,#11343,#11344,#11345,
#11346,#11347,#11348,#11349,#11350,#11351,#11352,#11353,#11354,#11355,#11356,
#11357,#11358,#11359,#11360,#11361));
#11958=CLOSED_SHELL('',(#11362,#11363,#11364,#11365,#11366,#11367,#11368,
#11369,#11370,#11371,#11372,#11373,#11374,#11375,#11376,#11377,#11378,#11379,
#11380,#11381,#11382,#11383,#11384));
#11959=CLOSED_SHELL('',(#11385,#11386,#11387,#11388,#11389,#11390,#11391,
#11392,#11393,#11394,#11395,#11396,#11397,#11398,#11399,#11400,#11401,#11402,
#11403,#11404,#11405,#11406,#11407));
#11960=CLOSED_SHELL('',(#11408,#11409,#11410,#11411,#11412,#11413,#11414,
#11415,#11416,#11417,#11418,#11419,#11420,#11421,#11422,#11423,#11424,#11425,
#11426,#11427,#11428,#11429,#11430));
#11961=CLOSED_SHELL('',(#11431,#11432,#11433,#11434,#11435,#11436,#11437,
#11438,#11439,#11440,#11441,#11442,#11443,#11444,#11445,#11446,#11447,#11448,
#11449,#11450,#11451,#11452,#11453));
#11962=CLOSED_SHELL('',(#11454,#11455,#11456,#11457,#11458,#11459,#11460,
#11461,#11462,#11463,#11464,#11465,#11466,#11467,#11468,#11469,#11470,#11471,
#11472,#11473,#11474,#11475,#11476));
#11963=CLOSED_SHELL('',(#11477,#11478,#11479,#11480,#11481,#11482,#11483,
#11484,#11485,#11486,#11487,#11488,#11489,#11490,#11491,#11492,#11493,#11494,
#11495,#11496,#11497,#11498,#11499));
#11964=CLOSED_SHELL('',(#11500,#11501,#11502,#11503,#11504,#11505,#11506,
#11507,#11508,#11509,#11510,#11511,#11512,#11513,#11514,#11515,#11516,#11517,
#11518,#11519,#11520,#11521,#11522));
#11965=CLOSED_SHELL('',(#11523,#11524,#11525,#11526,#11527,#11528,#11529,
#11530,#11531,#11532,#11533,#11534,#11535,#11536,#11537,#11538,#11539,#11540,
#11541,#11542,#11543,#11544,#11545));
#11966=CLOSED_SHELL('',(#11546,#11547,#11548,#11549,#11550,#11551,#11552,
#11553,#11554,#11555,#11556,#11557,#11558,#11559,#11560,#11561,#11562,#11563,
#11564,#11565,#11566,#11567,#11568));
#11967=CLOSED_SHELL('',(#11569,#11570,#11571,#11572,#11573,#11574,#11575,
#11576,#11577,#11578,#11579,#11580,#11581,#11582,#11583,#11584,#11585,#11586,
#11587,#11588,#11589,#11590,#11591));
#11968=CLOSED_SHELL('',(#11592,#11593,#11594,#11595,#11596,#11597,#11598,
#11599,#11600,#11601,#11602,#11603,#11604,#11605,#11606,#11607,#11608,#11609,
#11610,#11611,#11612));
#11969=CLOSED_SHELL('',(#11613,#11614,#11615,#11616,#11617,#11618,#11619,
#11620,#11621,#11622,#11623,#11624,#11625,#11626,#11627,#11628,#11629,#11630,
#11631,#11632,#11633,#11634,#11635));
#11970=CLOSED_SHELL('',(#11636,#11637,#11638,#11639,#11640,#11641,#11642,
#11643,#11644,#11645,#11646,#11647,#11648,#11649,#11650,#11651,#11652,#11653,
#11654,#11655,#11656));
#11971=CLOSED_SHELL('',(#11657,#11658,#11659,#11660,#11661,#11662,#11663,
#11664,#11665,#11666,#11667,#11668,#11669,#11670,#11671,#11672,#11673,#11674,
#11675,#11676,#11677,#11678,#11679));
#11972=CLOSED_SHELL('',(#11680,#11681,#11682,#11683,#11684,#11685,#11686,
#11687,#11688,#11689,#11690,#11691,#11692,#11693,#11694,#11695,#11696,#11697,
#11698,#11699,#11700));
#11973=CLOSED_SHELL('',(#11701,#11702,#11703,#11704,#11705,#11706,#11707,
#11708,#11709,#11710,#11711,#11712,#11713,#11714,#11715,#11716,#11717,#11718,
#11719,#11720,#11721,#11722,#11723));
#11974=CLOSED_SHELL('',(#11724,#11725,#11726,#11727,#11728,#11729));
#11975=CLOSED_SHELL('',(#11730,#11731,#11732,#11733,#11734,#11735,#11736,
#11737,#11738,#11739,#11740,#11741,#11742,#11743,#11744,#11745,#11746,#11747,
#11748,#11749,#11750,#11751,#11752,#11753,#11754,#11755,#11756,#11757,#11758,
#11759,#11760,#11761,#11762,#11763,#11764,#11765,#11766,#11767,#11768,#11769,
#11770,#11771,#11772,#11773,#11774,#11775,#11776,#11777,#11778,#11779,#11780,
#11781,#11782,#11783,#11784,#11785,#11786,#11787,#11788,#11789,#11790,#11791,
#11792,#11793,#11794,#11795,#11796,#11797,#11798,#11799,#11800,#11801,#11802,
#11803,#11804,#11805,#11806,#11807,#11808,#11809,#11810,#11811,#11812,#11813,
#11814,#11815,#11816,#11817,#11818,#11819,#11820,#11821,#11822,#11823,#11824,
#11825,#11826,#11827,#11828,#11829,#11830,#11831,#11832,#11833,#11834,#11835,
#11836,#11837,#11838,#11839,#11840,#11841,#11842,#11843,#11844,#11845,#11846,
#11847,#11848,#11849,#11850));
#11976=CLOSED_SHELL('',(#11851,#11852,#11853,#11854,#11855,#11856,#11857,
#11858,#11859));
#11977=CLOSED_SHELL('',(#11860,#11861,#11862,#11863,#11864,#11865,#11866,
#11867,#11868,#11869,#11870,#11871,#11872,#11873,#11874,#11875,#11876));
#11978=CLOSED_SHELL('',(#11877,#11878,#11879,#11880,#11881,#11882,#11883,
#11884,#11885,#11886,#11887,#11888,#11889,#11890,#11891,#11892,#11893,#11894));
#11979=CLOSED_SHELL('',(#11895,#11896,#11897,#11898,#11899));
#11980=CLOSED_SHELL('',(#11900,#11901,#11902,#11903,#11904,#11905,#11906,
#11907));
#11981=CLOSED_SHELL('',(#11908,#11909,#11910,#11911,#11912,#11913,#11914,
#11915,#11916,#11917,#11918,#11919,#11920,#11921,#11922,#11923,#11924));
#11982=CLOSED_SHELL('',(#11925,#11926,#11927,#11928,#11929,#11930,#11931,
#11932,#11933,#11934,#11935,#11936,#11937,#11938,#11939,#11940,#11941,#11942,
#11943,#11944,#11945,#11946,#11947,#11948,#11949,#11950,#11951));
#11983=CLOSED_SHELL('',(#11952,#11953,#11954));
#11984=AXIS2_PLACEMENT_3D('placement',#15683,#12773,#12774);
#11985=AXIS2_PLACEMENT_3D('',#15684,#12775,#12776);
#11986=AXIS2_PLACEMENT_3D('',#15693,#12781,#12782);
#11987=AXIS2_PLACEMENT_3D('',#15696,#12783,#12784);
#11988=AXIS2_PLACEMENT_3D('',#15700,#12786,#12787);
#11989=AXIS2_PLACEMENT_3D('',#15702,#12789,#12790);
#11990=AXIS2_PLACEMENT_3D('',#15707,#12792,#12793);
#11991=AXIS2_PLACEMENT_3D('',#15710,#12795,#12796);
#11992=AXIS2_PLACEMENT_3D('',#15711,#12797,#12798);
#11993=AXIS2_PLACEMENT_3D('',#15714,#12801,#12802);
#11994=AXIS2_PLACEMENT_3D('',#15736,#12814,#12815);
#11995=AXIS2_PLACEMENT_3D('',#15742,#12819,#12820);
#11996=AXIS2_PLACEMENT_3D('',#15748,#12824,#12825);
#11997=AXIS2_PLACEMENT_3D('',#15754,#12829,#12830);
#11998=AXIS2_PLACEMENT_3D('',#15756,#12832,#12833);
#11999=AXIS2_PLACEMENT_3D('',#15762,#12837,#12838);
#12000=AXIS2_PLACEMENT_3D('',#15764,#12840,#12841);
#12001=AXIS2_PLACEMENT_3D('',#15768,#12843,#12844);
#12002=AXIS2_PLACEMENT_3D('',#15774,#12848,#12849);
#12003=AXIS2_PLACEMENT_3D('',#15775,#12850,#12851);
#12004=AXIS2_PLACEMENT_3D('',#15777,#12853,#12854);
#12005=AXIS2_PLACEMENT_3D('',#15779,#12855,#12856);
#12006=AXIS2_PLACEMENT_3D('',#15786,#12860,#12861);
#12007=AXIS2_PLACEMENT_3D('',#15788,#12863,#12864);
#12008=AXIS2_PLACEMENT_3D('',#15791,#12867,#12868);
#12009=AXIS2_PLACEMENT_3D('',#15793,#12870,#12871);
#12010=AXIS2_PLACEMENT_3D('',#15795,#12873,#12874);
#12011=AXIS2_PLACEMENT_3D('',#15796,#12875,#12876);
#12012=AXIS2_PLACEMENT_3D('',#15798,#12878,#12879);
#12013=AXIS2_PLACEMENT_3D('',#15799,#12880,#12881);
#12014=AXIS2_PLACEMENT_3D('',#15800,#12882,#12883);
#12015=AXIS2_PLACEMENT_3D('',#15809,#12888,#12889);
#12016=AXIS2_PLACEMENT_3D('',#15812,#12890,#12891);
#12017=AXIS2_PLACEMENT_3D('',#15816,#12893,#12894);
#12018=AXIS2_PLACEMENT_3D('',#15818,#12896,#12897);
#12019=AXIS2_PLACEMENT_3D('',#15823,#12899,#12900);
#12020=AXIS2_PLACEMENT_3D('',#15826,#12902,#12903);
#12021=AXIS2_PLACEMENT_3D('',#15827,#12904,#12905);
#12022=AXIS2_PLACEMENT_3D('',#15830,#12908,#12909);
#12023=AXIS2_PLACEMENT_3D('',#15852,#12921,#12922);
#12024=AXIS2_PLACEMENT_3D('',#15858,#12926,#12927);
#12025=AXIS2_PLACEMENT_3D('',#15864,#12931,#12932);
#12026=AXIS2_PLACEMENT_3D('',#15870,#12936,#12937);
#12027=AXIS2_PLACEMENT_3D('',#15872,#12939,#12940);
#12028=AXIS2_PLACEMENT_3D('',#15878,#12944,#12945);
#12029=AXIS2_PLACEMENT_3D('',#15880,#12947,#12948);
#12030=AXIS2_PLACEMENT_3D('',#15884,#12950,#12951);
#12031=AXIS2_PLACEMENT_3D('',#15890,#12955,#12956);
#12032=AXIS2_PLACEMENT_3D('',#15891,#12957,#12958);
#12033=AXIS2_PLACEMENT_3D('',#15893,#12960,#12961);
#12034=AXIS2_PLACEMENT_3D('',#15895,#12962,#12963);
#12035=AXIS2_PLACEMENT_3D('',#15902,#12967,#12968);
#12036=AXIS2_PLACEMENT_3D('',#15904,#12970,#12971);
#12037=AXIS2_PLACEMENT_3D('',#15907,#12974,#12975);
#12038=AXIS2_PLACEMENT_3D('',#15909,#12977,#12978);
#12039=AXIS2_PLACEMENT_3D('',#15911,#12980,#12981);
#12040=AXIS2_PLACEMENT_3D('',#15912,#12982,#12983);
#12041=AXIS2_PLACEMENT_3D('',#15914,#12985,#12986);
#12042=AXIS2_PLACEMENT_3D('',#15915,#12987,#12988);
#12043=AXIS2_PLACEMENT_3D('',#15916,#12989,#12990);
#12044=AXIS2_PLACEMENT_3D('',#15925,#12995,#12996);
#12045=AXIS2_PLACEMENT_3D('',#15930,#12998,#12999);
#12046=AXIS2_PLACEMENT_3D('',#15938,#13003,#13004);
#12047=AXIS2_PLACEMENT_3D('',#15940,#13006,#13007);
#12048=AXIS2_PLACEMENT_3D('',#15955,#13016,#13017);
#12049=AXIS2_PLACEMENT_3D('',#15961,#13021,#13022);
#12050=AXIS2_PLACEMENT_3D('',#15965,#13025,#13026);
#12051=AXIS2_PLACEMENT_3D('',#15967,#13028,#13029);
#12052=AXIS2_PLACEMENT_3D('',#15971,#13032,#13033);
#12053=AXIS2_PLACEMENT_3D('',#15975,#13036,#13037);
#12054=AXIS2_PLACEMENT_3D('',#15977,#13039,#13040);
#12055=AXIS2_PLACEMENT_3D('',#15994,#13049,#13050);
#12056=AXIS2_PLACEMENT_3D('',#15998,#13053,#13054);
#12057=AXIS2_PLACEMENT_3D('',#16000,#13055,#13056);
#12058=AXIS2_PLACEMENT_3D('',#16002,#13058,#13059);
#12059=AXIS2_PLACEMENT_3D('',#16007,#13062,#13063);
#12060=AXIS2_PLACEMENT_3D('',#16008,#13064,#13065);
#12061=AXIS2_PLACEMENT_3D('',#16014,#13069,#13070);
#12062=AXIS2_PLACEMENT_3D('',#16020,#13074,#13075);
#12063=AXIS2_PLACEMENT_3D('',#16032,#13083,#13084);
#12064=AXIS2_PLACEMENT_3D('',#16034,#13086,#13087);
#12065=AXIS2_PLACEMENT_3D('',#16037,#13090,#13091);
#12066=AXIS2_PLACEMENT_3D('',#16039,#13093,#13094);
#12067=AXIS2_PLACEMENT_3D('',#16041,#13096,#13097);
#12068=AXIS2_PLACEMENT_3D('',#16042,#13098,#13099);
#12069=AXIS2_PLACEMENT_3D('',#16043,#13100,#13101);
#12070=AXIS2_PLACEMENT_3D('',#16044,#13102,#13103);
#12071=AXIS2_PLACEMENT_3D('',#16053,#13108,#13109);
#12072=AXIS2_PLACEMENT_3D('',#16062,#13114,#13115);
#12073=AXIS2_PLACEMENT_3D('',#16071,#13120,#13121);
#12074=AXIS2_PLACEMENT_3D('',#16077,#13125,#13126);
#12075=AXIS2_PLACEMENT_3D('',#16091,#13134,#13135);
#12076=AXIS2_PLACEMENT_3D('',#16094,#13138,#13139);
#12077=AXIS2_PLACEMENT_3D('',#16096,#13140,#13141);
#12078=AXIS2_PLACEMENT_3D('',#16099,#13143,#13144);
#12079=AXIS2_PLACEMENT_3D('',#16100,#13145,#13146);
#12080=AXIS2_PLACEMENT_3D('',#16108,#13152,#13153);
#12081=AXIS2_PLACEMENT_3D('',#16110,#13155,#13156);
#12082=AXIS2_PLACEMENT_3D('',#16112,#13158,#13159);
#12083=AXIS2_PLACEMENT_3D('',#16114,#13160,#13161);
#12084=AXIS2_PLACEMENT_3D('',#16120,#13165,#13166);
#12085=AXIS2_PLACEMENT_3D('',#16122,#13167,#13168);
#12086=AXIS2_PLACEMENT_3D('',#16124,#13170,#13171);
#12087=AXIS2_PLACEMENT_3D('',#16140,#13180,#13181);
#12088=AXIS2_PLACEMENT_3D('',#16141,#13182,#13183);
#12089=AXIS2_PLACEMENT_3D('',#16147,#13187,#13188);
#12090=AXIS2_PLACEMENT_3D('',#16151,#13191,#13192);
#12091=AXIS2_PLACEMENT_3D('',#16155,#13195,#13196);
#12092=AXIS2_PLACEMENT_3D('',#16161,#13200,#13201);
#12093=AXIS2_PLACEMENT_3D('',#16165,#13204,#13205);
#12094=AXIS2_PLACEMENT_3D('',#16167,#13207,#13208);
#12095=AXIS2_PLACEMENT_3D('',#16170,#13211,#13212);
#12096=AXIS2_PLACEMENT_3D('',#16171,#13213,#13214);
#12097=AXIS2_PLACEMENT_3D('',#16172,#13215,#13216);
#12098=AXIS2_PLACEMENT_3D('',#16181,#13221,#13222);
#12099=AXIS2_PLACEMENT_3D('',#16186,#13224,#13225);
#12100=AXIS2_PLACEMENT_3D('',#16194,#13229,#13230);
#12101=AXIS2_PLACEMENT_3D('',#16196,#13232,#13233);
#12102=AXIS2_PLACEMENT_3D('',#16211,#13242,#13243);
#12103=AXIS2_PLACEMENT_3D('',#16217,#13247,#13248);
#12104=AXIS2_PLACEMENT_3D('',#16221,#13251,#13252);
#12105=AXIS2_PLACEMENT_3D('',#16223,#13254,#13255);
#12106=AXIS2_PLACEMENT_3D('',#16227,#13258,#13259);
#12107=AXIS2_PLACEMENT_3D('',#16231,#13262,#13263);
#12108=AXIS2_PLACEMENT_3D('',#16233,#13265,#13266);
#12109=AXIS2_PLACEMENT_3D('',#16250,#13275,#13276);
#12110=AXIS2_PLACEMENT_3D('',#16254,#13279,#13280);
#12111=AXIS2_PLACEMENT_3D('',#16256,#13281,#13282);
#12112=AXIS2_PLACEMENT_3D('',#16258,#13284,#13285);
#12113=AXIS2_PLACEMENT_3D('',#16263,#13288,#13289);
#12114=AXIS2_PLACEMENT_3D('',#16264,#13290,#13291);
#12115=AXIS2_PLACEMENT_3D('',#16270,#13295,#13296);
#12116=AXIS2_PLACEMENT_3D('',#16276,#13300,#13301);
#12117=AXIS2_PLACEMENT_3D('',#16288,#13309,#13310);
#12118=AXIS2_PLACEMENT_3D('',#16290,#13312,#13313);
#12119=AXIS2_PLACEMENT_3D('',#16293,#13316,#13317);
#12120=AXIS2_PLACEMENT_3D('',#16295,#13319,#13320);
#12121=AXIS2_PLACEMENT_3D('',#16297,#13322,#13323);
#12122=AXIS2_PLACEMENT_3D('',#16298,#13324,#13325);
#12123=AXIS2_PLACEMENT_3D('',#16299,#13326,#13327);
#12124=AXIS2_PLACEMENT_3D('',#16300,#13328,#13329);
#12125=AXIS2_PLACEMENT_3D('',#16309,#13334,#13335);
#12126=AXIS2_PLACEMENT_3D('',#16318,#13340,#13341);
#12127=AXIS2_PLACEMENT_3D('',#16327,#13346,#13347);
#12128=AXIS2_PLACEMENT_3D('',#16333,#13351,#13352);
#12129=AXIS2_PLACEMENT_3D('',#16347,#13360,#13361);
#12130=AXIS2_PLACEMENT_3D('',#16350,#13364,#13365);
#12131=AXIS2_PLACEMENT_3D('',#16352,#13366,#13367);
#12132=AXIS2_PLACEMENT_3D('',#16355,#13369,#13370);
#12133=AXIS2_PLACEMENT_3D('',#16356,#13371,#13372);
#12134=AXIS2_PLACEMENT_3D('',#16364,#13378,#13379);
#12135=AXIS2_PLACEMENT_3D('',#16366,#13381,#13382);
#12136=AXIS2_PLACEMENT_3D('',#16368,#13384,#13385);
#12137=AXIS2_PLACEMENT_3D('',#16370,#13386,#13387);
#12138=AXIS2_PLACEMENT_3D('',#16376,#13391,#13392);
#12139=AXIS2_PLACEMENT_3D('',#16378,#13393,#13394);
#12140=AXIS2_PLACEMENT_3D('',#16380,#13396,#13397);
#12141=AXIS2_PLACEMENT_3D('',#16396,#13406,#13407);
#12142=AXIS2_PLACEMENT_3D('',#16397,#13408,#13409);
#12143=AXIS2_PLACEMENT_3D('',#16403,#13413,#13414);
#12144=AXIS2_PLACEMENT_3D('',#16407,#13417,#13418);
#12145=AXIS2_PLACEMENT_3D('',#16411,#13421,#13422);
#12146=AXIS2_PLACEMENT_3D('',#16417,#13426,#13427);
#12147=AXIS2_PLACEMENT_3D('',#16421,#13430,#13431);
#12148=AXIS2_PLACEMENT_3D('',#16423,#13433,#13434);
#12149=AXIS2_PLACEMENT_3D('',#16426,#13437,#13438);
#12150=AXIS2_PLACEMENT_3D('',#16427,#13439,#13440);
#12151=AXIS2_PLACEMENT_3D('',#16428,#13441,#13442);
#12152=AXIS2_PLACEMENT_3D('',#16437,#13447,#13448);
#12153=AXIS2_PLACEMENT_3D('',#16442,#13450,#13451);
#12154=AXIS2_PLACEMENT_3D('',#16450,#13455,#13456);
#12155=AXIS2_PLACEMENT_3D('',#16452,#13458,#13459);
#12156=AXIS2_PLACEMENT_3D('',#16467,#13468,#13469);
#12157=AXIS2_PLACEMENT_3D('',#16473,#13473,#13474);
#12158=AXIS2_PLACEMENT_3D('',#16477,#13477,#13478);
#12159=AXIS2_PLACEMENT_3D('',#16479,#13480,#13481);
#12160=AXIS2_PLACEMENT_3D('',#16483,#13484,#13485);
#12161=AXIS2_PLACEMENT_3D('',#16487,#13488,#13489);
#12162=AXIS2_PLACEMENT_3D('',#16489,#13491,#13492);
#12163=AXIS2_PLACEMENT_3D('',#16506,#13501,#13502);
#12164=AXIS2_PLACEMENT_3D('',#16510,#13505,#13506);
#12165=AXIS2_PLACEMENT_3D('',#16512,#13507,#13508);
#12166=AXIS2_PLACEMENT_3D('',#16514,#13510,#13511);
#12167=AXIS2_PLACEMENT_3D('',#16519,#13514,#13515);
#12168=AXIS2_PLACEMENT_3D('',#16520,#13516,#13517);
#12169=AXIS2_PLACEMENT_3D('',#16526,#13521,#13522);
#12170=AXIS2_PLACEMENT_3D('',#16532,#13526,#13527);
#12171=AXIS2_PLACEMENT_3D('',#16544,#13535,#13536);
#12172=AXIS2_PLACEMENT_3D('',#16546,#13538,#13539);
#12173=AXIS2_PLACEMENT_3D('',#16549,#13542,#13543);
#12174=AXIS2_PLACEMENT_3D('',#16551,#13545,#13546);
#12175=AXIS2_PLACEMENT_3D('',#16553,#13548,#13549);
#12176=AXIS2_PLACEMENT_3D('',#16554,#13550,#13551);
#12177=AXIS2_PLACEMENT_3D('',#16555,#13552,#13553);
#12178=AXIS2_PLACEMENT_3D('',#16556,#13554,#13555);
#12179=AXIS2_PLACEMENT_3D('',#16565,#13560,#13561);
#12180=AXIS2_PLACEMENT_3D('',#16574,#13566,#13567);
#12181=AXIS2_PLACEMENT_3D('',#16583,#13572,#13573);
#12182=AXIS2_PLACEMENT_3D('',#16589,#13577,#13578);
#12183=AXIS2_PLACEMENT_3D('',#16603,#13586,#13587);
#12184=AXIS2_PLACEMENT_3D('',#16606,#13590,#13591);
#12185=AXIS2_PLACEMENT_3D('',#16608,#13592,#13593);
#12186=AXIS2_PLACEMENT_3D('',#16611,#13595,#13596);
#12187=AXIS2_PLACEMENT_3D('',#16612,#13597,#13598);
#12188=AXIS2_PLACEMENT_3D('',#16620,#13604,#13605);
#12189=AXIS2_PLACEMENT_3D('',#16622,#13607,#13608);
#12190=AXIS2_PLACEMENT_3D('',#16624,#13610,#13611);
#12191=AXIS2_PLACEMENT_3D('',#16626,#13612,#13613);
#12192=AXIS2_PLACEMENT_3D('',#16632,#13617,#13618);
#12193=AXIS2_PLACEMENT_3D('',#16634,#13619,#13620);
#12194=AXIS2_PLACEMENT_3D('',#16636,#13622,#13623);
#12195=AXIS2_PLACEMENT_3D('',#16652,#13632,#13633);
#12196=AXIS2_PLACEMENT_3D('',#16653,#13634,#13635);
#12197=AXIS2_PLACEMENT_3D('',#16659,#13639,#13640);
#12198=AXIS2_PLACEMENT_3D('',#16663,#13643,#13644);
#12199=AXIS2_PLACEMENT_3D('',#16667,#13647,#13648);
#12200=AXIS2_PLACEMENT_3D('',#16673,#13652,#13653);
#12201=AXIS2_PLACEMENT_3D('',#16677,#13656,#13657);
#12202=AXIS2_PLACEMENT_3D('',#16679,#13659,#13660);
#12203=AXIS2_PLACEMENT_3D('',#16682,#13663,#13664);
#12204=AXIS2_PLACEMENT_3D('',#16683,#13665,#13666);
#12205=AXIS2_PLACEMENT_3D('',#16684,#13667,#13668);
#12206=AXIS2_PLACEMENT_3D('',#16693,#13673,#13674);
#12207=AXIS2_PLACEMENT_3D('',#16698,#13676,#13677);
#12208=AXIS2_PLACEMENT_3D('',#16706,#13681,#13682);
#12209=AXIS2_PLACEMENT_3D('',#16708,#13684,#13685);
#12210=AXIS2_PLACEMENT_3D('',#16723,#13694,#13695);
#12211=AXIS2_PLACEMENT_3D('',#16729,#13699,#13700);
#12212=AXIS2_PLACEMENT_3D('',#16733,#13703,#13704);
#12213=AXIS2_PLACEMENT_3D('',#16735,#13706,#13707);
#12214=AXIS2_PLACEMENT_3D('',#16739,#13710,#13711);
#12215=AXIS2_PLACEMENT_3D('',#16743,#13714,#13715);
#12216=AXIS2_PLACEMENT_3D('',#16745,#13717,#13718);
#12217=AXIS2_PLACEMENT_3D('',#16762,#13727,#13728);
#12218=AXIS2_PLACEMENT_3D('',#16766,#13731,#13732);
#12219=AXIS2_PLACEMENT_3D('',#16768,#13733,#13734);
#12220=AXIS2_PLACEMENT_3D('',#16770,#13736,#13737);
#12221=AXIS2_PLACEMENT_3D('',#16775,#13740,#13741);
#12222=AXIS2_PLACEMENT_3D('',#16776,#13742,#13743);
#12223=AXIS2_PLACEMENT_3D('',#16782,#13747,#13748);
#12224=AXIS2_PLACEMENT_3D('',#16788,#13752,#13753);
#12225=AXIS2_PLACEMENT_3D('',#16800,#13761,#13762);
#12226=AXIS2_PLACEMENT_3D('',#16802,#13764,#13765);
#12227=AXIS2_PLACEMENT_3D('',#16805,#13768,#13769);
#12228=AXIS2_PLACEMENT_3D('',#16807,#13771,#13772);
#12229=AXIS2_PLACEMENT_3D('',#16809,#13774,#13775);
#12230=AXIS2_PLACEMENT_3D('',#16810,#13776,#13777);
#12231=AXIS2_PLACEMENT_3D('',#16811,#13778,#13779);
#12232=AXIS2_PLACEMENT_3D('',#16812,#13780,#13781);
#12233=AXIS2_PLACEMENT_3D('',#16821,#13786,#13787);
#12234=AXIS2_PLACEMENT_3D('',#16830,#13792,#13793);
#12235=AXIS2_PLACEMENT_3D('',#16839,#13798,#13799);
#12236=AXIS2_PLACEMENT_3D('',#16845,#13803,#13804);
#12237=AXIS2_PLACEMENT_3D('',#16859,#13812,#13813);
#12238=AXIS2_PLACEMENT_3D('',#16862,#13816,#13817);
#12239=AXIS2_PLACEMENT_3D('',#16864,#13818,#13819);
#12240=AXIS2_PLACEMENT_3D('',#16867,#13821,#13822);
#12241=AXIS2_PLACEMENT_3D('',#16868,#13823,#13824);
#12242=AXIS2_PLACEMENT_3D('',#16876,#13830,#13831);
#12243=AXIS2_PLACEMENT_3D('',#16878,#13833,#13834);
#12244=AXIS2_PLACEMENT_3D('',#16880,#13836,#13837);
#12245=AXIS2_PLACEMENT_3D('',#16882,#13838,#13839);
#12246=AXIS2_PLACEMENT_3D('',#16888,#13843,#13844);
#12247=AXIS2_PLACEMENT_3D('',#16890,#13845,#13846);
#12248=AXIS2_PLACEMENT_3D('',#16892,#13848,#13849);
#12249=AXIS2_PLACEMENT_3D('',#16908,#13858,#13859);
#12250=AXIS2_PLACEMENT_3D('',#16909,#13860,#13861);
#12251=AXIS2_PLACEMENT_3D('',#16915,#13865,#13866);
#12252=AXIS2_PLACEMENT_3D('',#16919,#13869,#13870);
#12253=AXIS2_PLACEMENT_3D('',#16923,#13873,#13874);
#12254=AXIS2_PLACEMENT_3D('',#16929,#13878,#13879);
#12255=AXIS2_PLACEMENT_3D('',#16933,#13882,#13883);
#12256=AXIS2_PLACEMENT_3D('',#16935,#13885,#13886);
#12257=AXIS2_PLACEMENT_3D('',#16938,#13889,#13890);
#12258=AXIS2_PLACEMENT_3D('',#16939,#13891,#13892);
#12259=AXIS2_PLACEMENT_3D('',#16940,#13893,#13894);
#12260=AXIS2_PLACEMENT_3D('',#16949,#13899,#13900);
#12261=AXIS2_PLACEMENT_3D('',#16954,#13902,#13903);
#12262=AXIS2_PLACEMENT_3D('',#16962,#13907,#13908);
#12263=AXIS2_PLACEMENT_3D('',#16964,#13910,#13911);
#12264=AXIS2_PLACEMENT_3D('',#16979,#13920,#13921);
#12265=AXIS2_PLACEMENT_3D('',#16985,#13925,#13926);
#12266=AXIS2_PLACEMENT_3D('',#16989,#13929,#13930);
#12267=AXIS2_PLACEMENT_3D('',#16991,#13932,#13933);
#12268=AXIS2_PLACEMENT_3D('',#16995,#13936,#13937);
#12269=AXIS2_PLACEMENT_3D('',#16999,#13940,#13941);
#12270=AXIS2_PLACEMENT_3D('',#17001,#13943,#13944);
#12271=AXIS2_PLACEMENT_3D('',#17018,#13953,#13954);
#12272=AXIS2_PLACEMENT_3D('',#17022,#13957,#13958);
#12273=AXIS2_PLACEMENT_3D('',#17024,#13959,#13960);
#12274=AXIS2_PLACEMENT_3D('',#17026,#13962,#13963);
#12275=AXIS2_PLACEMENT_3D('',#17031,#13966,#13967);
#12276=AXIS2_PLACEMENT_3D('',#17032,#13968,#13969);
#12277=AXIS2_PLACEMENT_3D('',#17038,#13973,#13974);
#12278=AXIS2_PLACEMENT_3D('',#17044,#13978,#13979);
#12279=AXIS2_PLACEMENT_3D('',#17056,#13987,#13988);
#12280=AXIS2_PLACEMENT_3D('',#17058,#13990,#13991);
#12281=AXIS2_PLACEMENT_3D('',#17061,#13994,#13995);
#12282=AXIS2_PLACEMENT_3D('',#17063,#13997,#13998);
#12283=AXIS2_PLACEMENT_3D('',#17065,#14000,#14001);
#12284=AXIS2_PLACEMENT_3D('',#17066,#14002,#14003);
#12285=AXIS2_PLACEMENT_3D('',#17067,#14004,#14005);
#12286=AXIS2_PLACEMENT_3D('',#17068,#14006,#14007);
#12287=AXIS2_PLACEMENT_3D('',#17077,#14012,#14013);
#12288=AXIS2_PLACEMENT_3D('',#17086,#14018,#14019);
#12289=AXIS2_PLACEMENT_3D('',#17095,#14024,#14025);
#12290=AXIS2_PLACEMENT_3D('',#17101,#14029,#14030);
#12291=AXIS2_PLACEMENT_3D('',#17115,#14038,#14039);
#12292=AXIS2_PLACEMENT_3D('',#17118,#14042,#14043);
#12293=AXIS2_PLACEMENT_3D('',#17120,#14044,#14045);
#12294=AXIS2_PLACEMENT_3D('',#17123,#14047,#14048);
#12295=AXIS2_PLACEMENT_3D('',#17124,#14049,#14050);
#12296=AXIS2_PLACEMENT_3D('',#17132,#14056,#14057);
#12297=AXIS2_PLACEMENT_3D('',#17134,#14059,#14060);
#12298=AXIS2_PLACEMENT_3D('',#17136,#14062,#14063);
#12299=AXIS2_PLACEMENT_3D('',#17138,#14064,#14065);
#12300=AXIS2_PLACEMENT_3D('',#17144,#14069,#14070);
#12301=AXIS2_PLACEMENT_3D('',#17146,#14071,#14072);
#12302=AXIS2_PLACEMENT_3D('',#17148,#14074,#14075);
#12303=AXIS2_PLACEMENT_3D('',#17164,#14084,#14085);
#12304=AXIS2_PLACEMENT_3D('',#17165,#14086,#14087);
#12305=AXIS2_PLACEMENT_3D('',#17171,#14091,#14092);
#12306=AXIS2_PLACEMENT_3D('',#17175,#14095,#14096);
#12307=AXIS2_PLACEMENT_3D('',#17179,#14099,#14100);
#12308=AXIS2_PLACEMENT_3D('',#17185,#14104,#14105);
#12309=AXIS2_PLACEMENT_3D('',#17189,#14108,#14109);
#12310=AXIS2_PLACEMENT_3D('',#17191,#14111,#14112);
#12311=AXIS2_PLACEMENT_3D('',#17194,#14115,#14116);
#12312=AXIS2_PLACEMENT_3D('',#17195,#14117,#14118);
#12313=AXIS2_PLACEMENT_3D('',#17196,#14119,#14120);
#12314=AXIS2_PLACEMENT_3D('',#17205,#14125,#14126);
#12315=AXIS2_PLACEMENT_3D('',#17210,#14128,#14129);
#12316=AXIS2_PLACEMENT_3D('',#17218,#14133,#14134);
#12317=AXIS2_PLACEMENT_3D('',#17220,#14136,#14137);
#12318=AXIS2_PLACEMENT_3D('',#17235,#14146,#14147);
#12319=AXIS2_PLACEMENT_3D('',#17241,#14151,#14152);
#12320=AXIS2_PLACEMENT_3D('',#17245,#14155,#14156);
#12321=AXIS2_PLACEMENT_3D('',#17247,#14158,#14159);
#12322=AXIS2_PLACEMENT_3D('',#17251,#14162,#14163);
#12323=AXIS2_PLACEMENT_3D('',#17255,#14166,#14167);
#12324=AXIS2_PLACEMENT_3D('',#17257,#14169,#14170);
#12325=AXIS2_PLACEMENT_3D('',#17274,#14179,#14180);
#12326=AXIS2_PLACEMENT_3D('',#17278,#14183,#14184);
#12327=AXIS2_PLACEMENT_3D('',#17280,#14185,#14186);
#12328=AXIS2_PLACEMENT_3D('',#17282,#14188,#14189);
#12329=AXIS2_PLACEMENT_3D('',#17287,#14192,#14193);
#12330=AXIS2_PLACEMENT_3D('',#17288,#14194,#14195);
#12331=AXIS2_PLACEMENT_3D('',#17294,#14199,#14200);
#12332=AXIS2_PLACEMENT_3D('',#17300,#14204,#14205);
#12333=AXIS2_PLACEMENT_3D('',#17312,#14213,#14214);
#12334=AXIS2_PLACEMENT_3D('',#17314,#14216,#14217);
#12335=AXIS2_PLACEMENT_3D('',#17317,#14220,#14221);
#12336=AXIS2_PLACEMENT_3D('',#17319,#14223,#14224);
#12337=AXIS2_PLACEMENT_3D('',#17321,#14226,#14227);
#12338=AXIS2_PLACEMENT_3D('',#17322,#14228,#14229);
#12339=AXIS2_PLACEMENT_3D('',#17323,#14230,#14231);
#12340=AXIS2_PLACEMENT_3D('',#17324,#14232,#14233);
#12341=AXIS2_PLACEMENT_3D('',#17333,#14238,#14239);
#12342=AXIS2_PLACEMENT_3D('',#17336,#14240,#14241);
#12343=AXIS2_PLACEMENT_3D('',#17340,#14243,#14244);
#12344=AXIS2_PLACEMENT_3D('',#17342,#14246,#14247);
#12345=AXIS2_PLACEMENT_3D('',#17347,#14249,#14250);
#12346=AXIS2_PLACEMENT_3D('',#17350,#14252,#14253);
#12347=AXIS2_PLACEMENT_3D('',#17351,#14254,#14255);
#12348=AXIS2_PLACEMENT_3D('',#17354,#14258,#14259);
#12349=AXIS2_PLACEMENT_3D('',#17376,#14271,#14272);
#12350=AXIS2_PLACEMENT_3D('',#17382,#14276,#14277);
#12351=AXIS2_PLACEMENT_3D('',#17388,#14281,#14282);
#12352=AXIS2_PLACEMENT_3D('',#17394,#14286,#14287);
#12353=AXIS2_PLACEMENT_3D('',#17396,#14289,#14290);
#12354=AXIS2_PLACEMENT_3D('',#17402,#14294,#14295);
#12355=AXIS2_PLACEMENT_3D('',#17404,#14297,#14298);
#12356=AXIS2_PLACEMENT_3D('',#17408,#14300,#14301);
#12357=AXIS2_PLACEMENT_3D('',#17414,#14305,#14306);
#12358=AXIS2_PLACEMENT_3D('',#17415,#14307,#14308);
#12359=AXIS2_PLACEMENT_3D('',#17417,#14310,#14311);
#12360=AXIS2_PLACEMENT_3D('',#17419,#14312,#14313);
#12361=AXIS2_PLACEMENT_3D('',#17426,#14317,#14318);
#12362=AXIS2_PLACEMENT_3D('',#17428,#14320,#14321);
#12363=AXIS2_PLACEMENT_3D('',#17431,#14324,#14325);
#12364=AXIS2_PLACEMENT_3D('',#17433,#14327,#14328);
#12365=AXIS2_PLACEMENT_3D('',#17435,#14330,#14331);
#12366=AXIS2_PLACEMENT_3D('',#17436,#14332,#14333);
#12367=AXIS2_PLACEMENT_3D('',#17438,#14335,#14336);
#12368=AXIS2_PLACEMENT_3D('',#17439,#14337,#14338);
#12369=AXIS2_PLACEMENT_3D('',#17440,#14339,#14340);
#12370=AXIS2_PLACEMENT_3D('',#17449,#14345,#14346);
#12371=AXIS2_PLACEMENT_3D('',#17454,#14348,#14349);
#12372=AXIS2_PLACEMENT_3D('',#17462,#14353,#14354);
#12373=AXIS2_PLACEMENT_3D('',#17464,#14356,#14357);
#12374=AXIS2_PLACEMENT_3D('',#17479,#14366,#14367);
#12375=AXIS2_PLACEMENT_3D('',#17485,#14371,#14372);
#12376=AXIS2_PLACEMENT_3D('',#17489,#14375,#14376);
#12377=AXIS2_PLACEMENT_3D('',#17491,#14378,#14379);
#12378=AXIS2_PLACEMENT_3D('',#17495,#14382,#14383);
#12379=AXIS2_PLACEMENT_3D('',#17499,#14386,#14387);
#12380=AXIS2_PLACEMENT_3D('',#17501,#14389,#14390);
#12381=AXIS2_PLACEMENT_3D('',#17518,#14399,#14400);
#12382=AXIS2_PLACEMENT_3D('',#17522,#14403,#14404);
#12383=AXIS2_PLACEMENT_3D('',#17524,#14405,#14406);
#12384=AXIS2_PLACEMENT_3D('',#17526,#14408,#14409);
#12385=AXIS2_PLACEMENT_3D('',#17531,#14412,#14413);
#12386=AXIS2_PLACEMENT_3D('',#17532,#14414,#14415);
#12387=AXIS2_PLACEMENT_3D('',#17538,#14419,#14420);
#12388=AXIS2_PLACEMENT_3D('',#17544,#14424,#14425);
#12389=AXIS2_PLACEMENT_3D('',#17556,#14433,#14434);
#12390=AXIS2_PLACEMENT_3D('',#17558,#14436,#14437);
#12391=AXIS2_PLACEMENT_3D('',#17561,#14440,#14441);
#12392=AXIS2_PLACEMENT_3D('',#17563,#14443,#14444);
#12393=AXIS2_PLACEMENT_3D('',#17565,#14446,#14447);
#12394=AXIS2_PLACEMENT_3D('',#17566,#14448,#14449);
#12395=AXIS2_PLACEMENT_3D('',#17567,#14450,#14451);
#12396=AXIS2_PLACEMENT_3D('',#17568,#14452,#14453);
#12397=AXIS2_PLACEMENT_3D('',#17577,#14458,#14459);
#12398=AXIS2_PLACEMENT_3D('',#17580,#14460,#14461);
#12399=AXIS2_PLACEMENT_3D('',#17584,#14463,#14464);
#12400=AXIS2_PLACEMENT_3D('',#17586,#14466,#14467);
#12401=AXIS2_PLACEMENT_3D('',#17591,#14469,#14470);
#12402=AXIS2_PLACEMENT_3D('',#17594,#14472,#14473);
#12403=AXIS2_PLACEMENT_3D('',#17595,#14474,#14475);
#12404=AXIS2_PLACEMENT_3D('',#17598,#14478,#14479);
#12405=AXIS2_PLACEMENT_3D('',#17620,#14491,#14492);
#12406=AXIS2_PLACEMENT_3D('',#17626,#14496,#14497);
#12407=AXIS2_PLACEMENT_3D('',#17632,#14501,#14502);
#12408=AXIS2_PLACEMENT_3D('',#17638,#14506,#14507);
#12409=AXIS2_PLACEMENT_3D('',#17640,#14509,#14510);
#12410=AXIS2_PLACEMENT_3D('',#17646,#14514,#14515);
#12411=AXIS2_PLACEMENT_3D('',#17648,#14517,#14518);
#12412=AXIS2_PLACEMENT_3D('',#17652,#14520,#14521);
#12413=AXIS2_PLACEMENT_3D('',#17658,#14525,#14526);
#12414=AXIS2_PLACEMENT_3D('',#17659,#14527,#14528);
#12415=AXIS2_PLACEMENT_3D('',#17661,#14530,#14531);
#12416=AXIS2_PLACEMENT_3D('',#17663,#14532,#14533);
#12417=AXIS2_PLACEMENT_3D('',#17670,#14537,#14538);
#12418=AXIS2_PLACEMENT_3D('',#17672,#14540,#14541);
#12419=AXIS2_PLACEMENT_3D('',#17675,#14544,#14545);
#12420=AXIS2_PLACEMENT_3D('',#17677,#14547,#14548);
#12421=AXIS2_PLACEMENT_3D('',#17679,#14550,#14551);
#12422=AXIS2_PLACEMENT_3D('',#17680,#14552,#14553);
#12423=AXIS2_PLACEMENT_3D('',#17682,#14555,#14556);
#12424=AXIS2_PLACEMENT_3D('',#17683,#14557,#14558);
#12425=AXIS2_PLACEMENT_3D('',#17684,#14559,#14560);
#12426=AXIS2_PLACEMENT_3D('',#17693,#14565,#14566);
#12427=AXIS2_PLACEMENT_3D('',#17698,#14568,#14569);
#12428=AXIS2_PLACEMENT_3D('',#17706,#14573,#14574);
#12429=AXIS2_PLACEMENT_3D('',#17708,#14576,#14577);
#12430=AXIS2_PLACEMENT_3D('',#17723,#14586,#14587);
#12431=AXIS2_PLACEMENT_3D('',#17729,#14591,#14592);
#12432=AXIS2_PLACEMENT_3D('',#17733,#14595,#14596);
#12433=AXIS2_PLACEMENT_3D('',#17735,#14598,#14599);
#12434=AXIS2_PLACEMENT_3D('',#17739,#14602,#14603);
#12435=AXIS2_PLACEMENT_3D('',#17743,#14606,#14607);
#12436=AXIS2_PLACEMENT_3D('',#17745,#14609,#14610);
#12437=AXIS2_PLACEMENT_3D('',#17762,#14619,#14620);
#12438=AXIS2_PLACEMENT_3D('',#17766,#14623,#14624);
#12439=AXIS2_PLACEMENT_3D('',#17768,#14625,#14626);
#12440=AXIS2_PLACEMENT_3D('',#17770,#14628,#14629);
#12441=AXIS2_PLACEMENT_3D('',#17775,#14632,#14633);
#12442=AXIS2_PLACEMENT_3D('',#17776,#14634,#14635);
#12443=AXIS2_PLACEMENT_3D('',#17782,#14639,#14640);
#12444=AXIS2_PLACEMENT_3D('',#17788,#14644,#14645);
#12445=AXIS2_PLACEMENT_3D('',#17800,#14653,#14654);
#12446=AXIS2_PLACEMENT_3D('',#17802,#14656,#14657);
#12447=AXIS2_PLACEMENT_3D('',#17805,#14660,#14661);
#12448=AXIS2_PLACEMENT_3D('',#17807,#14663,#14664);
#12449=AXIS2_PLACEMENT_3D('',#17809,#14666,#14667);
#12450=AXIS2_PLACEMENT_3D('',#17810,#14668,#14669);
#12451=AXIS2_PLACEMENT_3D('',#17811,#14670,#14671);
#12452=AXIS2_PLACEMENT_3D('',#17812,#14672,#14673);
#12453=AXIS2_PLACEMENT_3D('',#17821,#14678,#14679);
#12454=AXIS2_PLACEMENT_3D('',#17824,#14680,#14681);
#12455=AXIS2_PLACEMENT_3D('',#17828,#14683,#14684);
#12456=AXIS2_PLACEMENT_3D('',#17830,#14686,#14687);
#12457=AXIS2_PLACEMENT_3D('',#17835,#14689,#14690);
#12458=AXIS2_PLACEMENT_3D('',#17838,#14692,#14693);
#12459=AXIS2_PLACEMENT_3D('',#17839,#14694,#14695);
#12460=AXIS2_PLACEMENT_3D('',#17842,#14698,#14699);
#12461=AXIS2_PLACEMENT_3D('',#17864,#14711,#14712);
#12462=AXIS2_PLACEMENT_3D('',#17870,#14716,#14717);
#12463=AXIS2_PLACEMENT_3D('',#17876,#14721,#14722);
#12464=AXIS2_PLACEMENT_3D('',#17882,#14726,#14727);
#12465=AXIS2_PLACEMENT_3D('',#17884,#14729,#14730);
#12466=AXIS2_PLACEMENT_3D('',#17890,#14734,#14735);
#12467=AXIS2_PLACEMENT_3D('',#17892,#14737,#14738);
#12468=AXIS2_PLACEMENT_3D('',#17896,#14740,#14741);
#12469=AXIS2_PLACEMENT_3D('',#17902,#14745,#14746);
#12470=AXIS2_PLACEMENT_3D('',#17903,#14747,#14748);
#12471=AXIS2_PLACEMENT_3D('',#17905,#14750,#14751);
#12472=AXIS2_PLACEMENT_3D('',#17907,#14752,#14753);
#12473=AXIS2_PLACEMENT_3D('',#17914,#14757,#14758);
#12474=AXIS2_PLACEMENT_3D('',#17916,#14760,#14761);
#12475=AXIS2_PLACEMENT_3D('',#17919,#14764,#14765);
#12476=AXIS2_PLACEMENT_3D('',#17921,#14767,#14768);
#12477=AXIS2_PLACEMENT_3D('',#17923,#14770,#14771);
#12478=AXIS2_PLACEMENT_3D('',#17924,#14772,#14773);
#12479=AXIS2_PLACEMENT_3D('',#17926,#14775,#14776);
#12480=AXIS2_PLACEMENT_3D('',#17927,#14777,#14778);
#12481=AXIS2_PLACEMENT_3D('',#17928,#14779,#14780);
#12482=AXIS2_PLACEMENT_3D('',#17937,#14785,#14786);
#12483=AXIS2_PLACEMENT_3D('',#17942,#14788,#14789);
#12484=AXIS2_PLACEMENT_3D('',#17950,#14793,#14794);
#12485=AXIS2_PLACEMENT_3D('',#17952,#14796,#14797);
#12486=AXIS2_PLACEMENT_3D('',#17967,#14806,#14807);
#12487=AXIS2_PLACEMENT_3D('',#17973,#14811,#14812);
#12488=AXIS2_PLACEMENT_3D('',#17977,#14815,#14816);
#12489=AXIS2_PLACEMENT_3D('',#17979,#14818,#14819);
#12490=AXIS2_PLACEMENT_3D('',#17983,#14822,#14823);
#12491=AXIS2_PLACEMENT_3D('',#17987,#14826,#14827);
#12492=AXIS2_PLACEMENT_3D('',#17989,#14829,#14830);
#12493=AXIS2_PLACEMENT_3D('',#18006,#14839,#14840);
#12494=AXIS2_PLACEMENT_3D('',#18010,#14843,#14844);
#12495=AXIS2_PLACEMENT_3D('',#18012,#14845,#14846);
#12496=AXIS2_PLACEMENT_3D('',#18014,#14848,#14849);
#12497=AXIS2_PLACEMENT_3D('',#18019,#14852,#14853);
#12498=AXIS2_PLACEMENT_3D('',#18020,#14854,#14855);
#12499=AXIS2_PLACEMENT_3D('',#18026,#14859,#14860);
#12500=AXIS2_PLACEMENT_3D('',#18032,#14864,#14865);
#12501=AXIS2_PLACEMENT_3D('',#18044,#14873,#14874);
#12502=AXIS2_PLACEMENT_3D('',#18046,#14876,#14877);
#12503=AXIS2_PLACEMENT_3D('',#18049,#14880,#14881);
#12504=AXIS2_PLACEMENT_3D('',#18051,#14883,#14884);
#12505=AXIS2_PLACEMENT_3D('',#18053,#14886,#14887);
#12506=AXIS2_PLACEMENT_3D('',#18054,#14888,#14889);
#12507=AXIS2_PLACEMENT_3D('',#18055,#14890,#14891);
#12508=AXIS2_PLACEMENT_3D('placement',#18056,#14892,#14893);
#12509=AXIS2_PLACEMENT_3D('',#18057,#14894,#14895);
#12510=AXIS2_PLACEMENT_3D('',#18066,#14900,#14901);
#12511=AXIS2_PLACEMENT_3D('',#18072,#14905,#14906);
#12512=AXIS2_PLACEMENT_3D('',#18078,#14910,#14911);
#12513=AXIS2_PLACEMENT_3D('',#18081,#14914,#14915);
#12514=AXIS2_PLACEMENT_3D('',#18082,#14916,#14917);
#12515=AXIS2_PLACEMENT_3D('placement',#18083,#14918,#14919);
#12516=AXIS2_PLACEMENT_3D('',#18084,#14920,#14921);
#12517=AXIS2_PLACEMENT_3D('',#18093,#14926,#14927);
#12518=AXIS2_PLACEMENT_3D('',#18099,#14931,#14932);
#12519=AXIS2_PLACEMENT_3D('',#18105,#14936,#14937);
#12520=AXIS2_PLACEMENT_3D('',#18108,#14940,#14941);
#12521=AXIS2_PLACEMENT_3D('',#18109,#14942,#14943);
#12522=AXIS2_PLACEMENT_3D('',#18111,#14944,#14945);
#12523=AXIS2_PLACEMENT_3D('',#18113,#14946,#14947);
#12524=AXIS2_PLACEMENT_3D('',#18114,#14948,#14949);
#12525=AXIS2_PLACEMENT_3D('',#18115,#14950,#14951);
#12526=AXIS2_PLACEMENT_3D('',#18117,#14952,#14953);
#12527=AXIS2_PLACEMENT_3D('',#18119,#14954,#14955);
#12528=AXIS2_PLACEMENT_3D('',#18120,#14956,#14957);
#12529=AXIS2_PLACEMENT_3D('',#18121,#14958,#14959);
#12530=AXIS2_PLACEMENT_3D('',#18123,#14960,#14961);
#12531=AXIS2_PLACEMENT_3D('',#18125,#14962,#14963);
#12532=AXIS2_PLACEMENT_3D('',#18126,#14964,#14965);
#12533=AXIS2_PLACEMENT_3D('',#18127,#14966,#14967);
#12534=AXIS2_PLACEMENT_3D('',#18129,#14968,#14969);
#12535=AXIS2_PLACEMENT_3D('',#18131,#14970,#14971);
#12536=AXIS2_PLACEMENT_3D('',#18132,#14972,#14973);
#12537=AXIS2_PLACEMENT_3D('',#18133,#14974,#14975);
#12538=AXIS2_PLACEMENT_3D('',#18142,#14980,#14981);
#12539=AXIS2_PLACEMENT_3D('',#18148,#14985,#14986);
#12540=AXIS2_PLACEMENT_3D('',#18154,#14990,#14991);
#12541=AXIS2_PLACEMENT_3D('',#18157,#14994,#14995);
#12542=AXIS2_PLACEMENT_3D('',#18158,#14996,#14997);
#12543=AXIS2_PLACEMENT_3D('',#18160,#14998,#14999);
#12544=AXIS2_PLACEMENT_3D('',#18162,#15000,#15001);
#12545=AXIS2_PLACEMENT_3D('',#18163,#15002,#15003);
#12546=AXIS2_PLACEMENT_3D('',#18164,#15004,#15005);
#12547=AXIS2_PLACEMENT_3D('',#18166,#15006,#15007);
#12548=AXIS2_PLACEMENT_3D('',#18168,#15008,#15009);
#12549=AXIS2_PLACEMENT_3D('',#18169,#15010,#15011);
#12550=AXIS2_PLACEMENT_3D('',#18170,#15012,#15013);
#12551=AXIS2_PLACEMENT_3D('',#18172,#15014,#15015);
#12552=AXIS2_PLACEMENT_3D('',#18174,#15016,#15017);
#12553=AXIS2_PLACEMENT_3D('',#18175,#15018,#15019);
#12554=AXIS2_PLACEMENT_3D('',#18176,#15020,#15021);
#12555=AXIS2_PLACEMENT_3D('',#18178,#15022,#15023);
#12556=AXIS2_PLACEMENT_3D('',#18180,#15024,#15025);
#12557=AXIS2_PLACEMENT_3D('',#18181,#15026,#15027);
#12558=AXIS2_PLACEMENT_3D('',#18182,#15028,#15029);
#12559=AXIS2_PLACEMENT_3D('',#18191,#15034,#15035);
#12560=AXIS2_PLACEMENT_3D('',#18197,#15039,#15040);
#12561=AXIS2_PLACEMENT_3D('',#18203,#15044,#15045);
#12562=AXIS2_PLACEMENT_3D('',#18206,#15048,#15049);
#12563=AXIS2_PLACEMENT_3D('',#18207,#15050,#15051);
#12564=AXIS2_PLACEMENT_3D('',#18212,#15053,#15054);
#12565=AXIS2_PLACEMENT_3D('',#18215,#15056,#15057);
#12566=AXIS2_PLACEMENT_3D('',#18216,#15058,#15059);
#12567=AXIS2_PLACEMENT_3D('',#18221,#15061,#15062);
#12568=AXIS2_PLACEMENT_3D('',#18224,#15064,#15065);
#12569=AXIS2_PLACEMENT_3D('',#18225,#15066,#15067);
#12570=AXIS2_PLACEMENT_3D('',#18228,#15070,#15071);
#12571=AXIS2_PLACEMENT_3D('',#18230,#15072,#15073);
#12572=AXIS2_PLACEMENT_3D('',#18234,#15075,#15076);
#12573=AXIS2_PLACEMENT_3D('',#18236,#15078,#15079);
#12574=AXIS2_PLACEMENT_3D('',#18239,#15080,#15081);
#12575=AXIS2_PLACEMENT_3D('',#18240,#15082,#15083);
#12576=AXIS2_PLACEMENT_3D('',#18241,#15084,#15085);
#12577=AXIS2_PLACEMENT_3D('',#18242,#15086,#15087);
#12578=AXIS2_PLACEMENT_3D('',#18245,#15088,#15089);
#12579=AXIS2_PLACEMENT_3D('',#18248,#15092,#15093);
#12580=AXIS2_PLACEMENT_3D('',#18249,#15094,#15095);
#12581=AXIS2_PLACEMENT_3D('',#18250,#15096,#15097);
#12582=AXIS2_PLACEMENT_3D('',#18254,#15099,#15100);
#12583=AXIS2_PLACEMENT_3D('',#18257,#15102,#15103);
#12584=AXIS2_PLACEMENT_3D('',#18258,#15104,#15105);
#12585=AXIS2_PLACEMENT_3D('',#18263,#15108,#15109);
#12586=AXIS2_PLACEMENT_3D('',#18264,#15110,#15111);
#12587=AXIS2_PLACEMENT_3D('',#18268,#15113,#15114);
#12588=AXIS2_PLACEMENT_3D('',#18270,#15116,#15117);
#12589=AXIS2_PLACEMENT_3D('',#18271,#15118,#15119);
#12590=AXIS2_PLACEMENT_3D('',#18272,#15120,#15121);
#12591=AXIS2_PLACEMENT_3D('',#18274,#15122,#15123);
#12592=AXIS2_PLACEMENT_3D('',#18278,#15125,#15126);
#12593=AXIS2_PLACEMENT_3D('',#18280,#15128,#15129);
#12594=AXIS2_PLACEMENT_3D('',#18283,#15130,#15131);
#12595=AXIS2_PLACEMENT_3D('',#18284,#15132,#15133);
#12596=AXIS2_PLACEMENT_3D('',#18285,#15134,#15135);
#12597=AXIS2_PLACEMENT_3D('',#18286,#15136,#15137);
#12598=AXIS2_PLACEMENT_3D('',#18288,#15138,#15139);
#12599=AXIS2_PLACEMENT_3D('',#18291,#15142,#15143);
#12600=AXIS2_PLACEMENT_3D('',#18292,#15144,#15145);
#12601=AXIS2_PLACEMENT_3D('',#18293,#15146,#15147);
#12602=AXIS2_PLACEMENT_3D('',#18294,#15148,#15149);
#12603=AXIS2_PLACEMENT_3D('',#18295,#15150,#15151);
#12604=AXIS2_PLACEMENT_3D('',#18297,#15153,#15154);
#12605=AXIS2_PLACEMENT_3D('',#18301,#15156,#15157);
#12606=AXIS2_PLACEMENT_3D('',#18305,#15159,#15160);
#12607=AXIS2_PLACEMENT_3D('',#18311,#15163,#15164);
#12608=AXIS2_PLACEMENT_3D('',#18317,#15167,#15168);
#12609=AXIS2_PLACEMENT_3D('',#18321,#15170,#15171);
#12610=AXIS2_PLACEMENT_3D('',#18323,#15173,#15174);
#12611=AXIS2_PLACEMENT_3D('',#18326,#15176,#15177);
#12612=AXIS2_PLACEMENT_3D('',#18327,#15178,#15179);
#12613=AXIS2_PLACEMENT_3D('',#18331,#15182,#15183);
#12614=AXIS2_PLACEMENT_3D('',#18335,#15186,#15187);
#12615=AXIS2_PLACEMENT_3D('',#18339,#15190,#15191);
#12616=AXIS2_PLACEMENT_3D('',#18342,#15193,#15194);
#12617=AXIS2_PLACEMENT_3D('',#18343,#15195,#15196);
#12618=AXIS2_PLACEMENT_3D('',#18348,#15198,#15199);
#12619=AXIS2_PLACEMENT_3D('',#18351,#15201,#15202);
#12620=AXIS2_PLACEMENT_3D('',#18352,#15203,#15204);
#12621=AXIS2_PLACEMENT_3D('',#18357,#15206,#15207);
#12622=AXIS2_PLACEMENT_3D('',#18360,#15209,#15210);
#12623=AXIS2_PLACEMENT_3D('',#18361,#15211,#15212);
#12624=AXIS2_PLACEMENT_3D('',#18364,#15215,#15216);
#12625=AXIS2_PLACEMENT_3D('',#18365,#15217,#15218);
#12626=AXIS2_PLACEMENT_3D('',#18368,#15220,#15221);
#12627=AXIS2_PLACEMENT_3D('',#18369,#15222,#15223);
#12628=AXIS2_PLACEMENT_3D('',#18371,#15224,#15225);
#12629=AXIS2_PLACEMENT_3D('',#18372,#15226,#15227);
#12630=AXIS2_PLACEMENT_3D('',#18373,#15228,#15229);
#12631=AXIS2_PLACEMENT_3D('',#18375,#15230,#15231);
#12632=AXIS2_PLACEMENT_3D('',#18377,#15233,#15234);
#12633=AXIS2_PLACEMENT_3D('',#18378,#15235,#15236);
#12634=AXIS2_PLACEMENT_3D('',#18379,#15237,#15238);
#12635=AXIS2_PLACEMENT_3D('',#18383,#15240,#15241);
#12636=AXIS2_PLACEMENT_3D('',#18386,#15243,#15244);
#12637=AXIS2_PLACEMENT_3D('',#18387,#15245,#15246);
#12638=AXIS2_PLACEMENT_3D('',#18392,#15249,#15250);
#12639=AXIS2_PLACEMENT_3D('',#18393,#15251,#15252);
#12640=AXIS2_PLACEMENT_3D('',#18397,#15254,#15255);
#12641=AXIS2_PLACEMENT_3D('',#18399,#15257,#15258);
#12642=AXIS2_PLACEMENT_3D('',#18400,#15259,#15260);
#12643=AXIS2_PLACEMENT_3D('',#18401,#15261,#15262);
#12644=AXIS2_PLACEMENT_3D('',#18403,#15263,#15264);
#12645=AXIS2_PLACEMENT_3D('',#18407,#15266,#15267);
#12646=AXIS2_PLACEMENT_3D('',#18409,#15269,#15270);
#12647=AXIS2_PLACEMENT_3D('',#18412,#15271,#15272);
#12648=AXIS2_PLACEMENT_3D('',#18413,#15273,#15274);
#12649=AXIS2_PLACEMENT_3D('',#18414,#15275,#15276);
#12650=AXIS2_PLACEMENT_3D('',#18415,#15277,#15278);
#12651=AXIS2_PLACEMENT_3D('',#18417,#15279,#15280);
#12652=AXIS2_PLACEMENT_3D('',#18420,#15283,#15284);
#12653=AXIS2_PLACEMENT_3D('',#18421,#15285,#15286);
#12654=AXIS2_PLACEMENT_3D('',#18422,#15287,#15288);
#12655=AXIS2_PLACEMENT_3D('',#18423,#15289,#15290);
#12656=AXIS2_PLACEMENT_3D('',#18424,#15291,#15292);
#12657=AXIS2_PLACEMENT_3D('',#18426,#15294,#15295);
#12658=AXIS2_PLACEMENT_3D('',#18429,#15297,#15298);
#12659=AXIS2_PLACEMENT_3D('',#18430,#15299,#15300);
#12660=AXIS2_PLACEMENT_3D('',#18434,#15303,#15304);
#12661=AXIS2_PLACEMENT_3D('',#18438,#15307,#15308);
#12662=AXIS2_PLACEMENT_3D('',#18442,#15311,#15312);
#12663=AXIS2_PLACEMENT_3D('',#18445,#15314,#15315);
#12664=AXIS2_PLACEMENT_3D('',#18446,#15316,#15317);
#12665=AXIS2_PLACEMENT_3D('',#18455,#15322,#15323);
#12666=AXIS2_PLACEMENT_3D('',#18457,#15325,#15326);
#12667=AXIS2_PLACEMENT_3D('',#18458,#15327,#15328);
#12668=AXIS2_PLACEMENT_3D('',#18462,#15330,#15331);
#12669=AXIS2_PLACEMENT_3D('',#18465,#15333,#15334);
#12670=AXIS2_PLACEMENT_3D('',#18469,#15336,#15337);
#12671=AXIS2_PLACEMENT_3D('',#18472,#15339,#15340);
#12672=AXIS2_PLACEMENT_3D('',#18473,#15341,#15342);
#12673=AXIS2_PLACEMENT_3D('',#18476,#15344,#15345);
#12674=AXIS2_PLACEMENT_3D('',#18477,#15346,#15347);
#12675=AXIS2_PLACEMENT_3D('',#18481,#15350,#15351);
#12676=AXIS2_PLACEMENT_3D('',#18485,#15354,#15355);
#12677=AXIS2_PLACEMENT_3D('',#18489,#15358,#15359);
#12678=AXIS2_PLACEMENT_3D('',#18490,#15360,#15361);
#12679=AXIS2_PLACEMENT_3D('',#18491,#15362,#15363);
#12680=AXIS2_PLACEMENT_3D('',#18493,#15365,#15366);
#12681=AXIS2_PLACEMENT_3D('',#18494,#15367,#15368);
#12682=AXIS2_PLACEMENT_3D('',#18497,#15370,#15371);
#12683=AXIS2_PLACEMENT_3D('',#18498,#15372,#15373);
#12684=AXIS2_PLACEMENT_3D('',#18502,#15376,#15377);
#12685=AXIS2_PLACEMENT_3D('',#18506,#15380,#15381);
#12686=AXIS2_PLACEMENT_3D('',#18510,#15384,#15385);
#12687=AXIS2_PLACEMENT_3D('',#18511,#15386,#15387);
#12688=AXIS2_PLACEMENT_3D('',#18512,#15388,#15389);
#12689=AXIS2_PLACEMENT_3D('',#18531,#15394,#15395);
#12690=AXIS2_PLACEMENT_3D('',#18532,#15396,#15397);
#12691=AXIS2_PLACEMENT_3D('',#18533,#15398,#15399);
#12692=AXIS2_PLACEMENT_3D('',#18535,#15400,#15401);
#12693=AXIS2_PLACEMENT_3D('',#18546,#15403,#15404);
#12694=AXIS2_PLACEMENT_3D('',#18557,#15405,#15406);
#12695=AXIS2_PLACEMENT_3D('',#18558,#15407,#15408);
#12696=AXIS2_PLACEMENT_3D('',#18559,#15409,#15410);
#12697=AXIS2_PLACEMENT_3D('',#18561,#15411,#15412);
#12698=AXIS2_PLACEMENT_3D('',#18572,#15414,#15415);
#12699=AXIS2_PLACEMENT_3D('',#18573,#15416,#15417);
#12700=AXIS2_PLACEMENT_3D('',#18576,#15420,#15421);
#12701=AXIS2_PLACEMENT_3D('',#18577,#15422,#15423);
#12702=AXIS2_PLACEMENT_3D('',#18578,#15424,#15425);
#12703=AXIS2_PLACEMENT_3D('',#18580,#15427,#15428);
#12704=AXIS2_PLACEMENT_3D('',#18581,#15429,#15430);
#12705=AXIS2_PLACEMENT_3D('',#18583,#15431,#15432);
#12706=AXIS2_PLACEMENT_3D('',#18584,#15433,#15434);
#12707=AXIS2_PLACEMENT_3D('',#18585,#15435,#15436);
#12708=AXIS2_PLACEMENT_3D('',#18587,#15437,#15438);
#12709=AXIS2_PLACEMENT_3D('',#18589,#15440,#15441);
#12710=AXIS2_PLACEMENT_3D('',#18590,#15442,#15443);
#12711=AXIS2_PLACEMENT_3D('',#18591,#15444,#15445);
#12712=AXIS2_PLACEMENT_3D('',#18593,#15446,#15447);
#12713=AXIS2_PLACEMENT_3D('',#18594,#15448,#15449);
#12714=AXIS2_PLACEMENT_3D('',#18595,#15450,#15451);
#12715=AXIS2_PLACEMENT_3D('',#18597,#15452,#15453);
#12716=AXIS2_PLACEMENT_3D('',#18599,#15455,#15456);
#12717=AXIS2_PLACEMENT_3D('',#18600,#15457,#15458);
#12718=AXIS2_PLACEMENT_3D('',#18601,#15459,#15460);
#12719=AXIS2_PLACEMENT_3D('',#18604,#15463,#15464);
#12720=AXIS2_PLACEMENT_3D('',#18605,#15465,#15466);
#12721=AXIS2_PLACEMENT_3D('',#18606,#15467,#15468);
#12722=AXIS2_PLACEMENT_3D('',#18608,#15470,#15471);
#12723=AXIS2_PLACEMENT_3D('',#18609,#15472,#15473);
#12724=AXIS2_PLACEMENT_3D('',#18611,#15475,#15476);
#12725=AXIS2_PLACEMENT_3D('',#18612,#15477,#15478);
#12726=AXIS2_PLACEMENT_3D('',#18613,#15479,#15480);
#12727=AXIS2_PLACEMENT_3D('',#18614,#15481,#15482);
#12728=AXIS2_PLACEMENT_3D('',#18615,#15483,#15484);
#12729=AXIS2_PLACEMENT_3D('',#18616,#15485,#15486);
#12730=AXIS2_PLACEMENT_3D('',#18617,#15487,#15488);
#12731=AXIS2_PLACEMENT_3D('',#18618,#15489,#15490);
#12732=AXIS2_PLACEMENT_3D('',#18619,#15491,#15492);
#12733=AXIS2_PLACEMENT_3D('',#18621,#15494,#15495);
#12734=AXIS2_PLACEMENT_3D('',#18622,#15496,#15497);
#12735=AXIS2_PLACEMENT_3D('',#18623,#15498,#15499);
#12736=AXIS2_PLACEMENT_3D('',#18624,#15500,#15501);
#12737=AXIS2_PLACEMENT_3D('placement',#18625,#15502,#15503);
#12738=AXIS2_PLACEMENT_3D('',#18759,#15511,#15512);
#12739=AXIS2_PLACEMENT_3D('',#18760,#15513,#15514);
#12740=AXIS2_PLACEMENT_3D('',#18821,#15519,#15520);
#12741=AXIS2_PLACEMENT_3D('',#18903,#15528,#15529);
#12742=AXIS2_PLACEMENT_3D('',#19020,#15538,#15539);
#12743=AXIS2_PLACEMENT_3D('',#19021,#15540,#15541);
#12744=AXIS2_PLACEMENT_3D('',#19326,#15558,#15559);
#12745=AXIS2_PLACEMENT_3D('',#19327,#15560,#15561);
#12746=AXIS2_PLACEMENT_3D('',#19385,#15565,#15566);
#12747=AXIS2_PLACEMENT_3D('',#19386,#15567,#15568);
#12748=AXIS2_PLACEMENT_3D('',#19409,#15571,#15572);
#12749=AXIS2_PLACEMENT_3D('',#19453,#15578,#15579);
#12750=AXIS2_PLACEMENT_3D('',#19475,#15583,#15584);
#12751=AXIS2_PLACEMENT_3D('',#19476,#15585,#15586);
#12752=AXIS2_PLACEMENT_3D('',#19594,#15594,#15595);
#12753=AXIS2_PLACEMENT_3D('',#19657,#15602,#15603);
#12754=AXIS2_PLACEMENT_3D('',#19720,#15610,#15611);
#12755=AXIS2_PLACEMENT_3D('',#19723,#15614,#15615);
#12756=AXIS2_PLACEMENT_3D('',#19724,#15616,#15617);
#12757=AXIS2_PLACEMENT_3D('',#19747,#15620,#15621);
#12758=AXIS2_PLACEMENT_3D('',#19962,#15636,#15637);
#12759=AXIS2_PLACEMENT_3D('',#20025,#15644,#15645);
#12760=AXIS2_PLACEMENT_3D('',#20107,#15653,#15654);
#12761=AXIS2_PLACEMENT_3D('',#20148,#15659,#15660);
#12762=AXIS2_PLACEMENT_3D('',#20149,#15661,#15662);
#12763=AXIS2_PLACEMENT_3D('',#20150,#15663,#15664);
#12764=AXIS2_PLACEMENT_3D('',#20152,#15665,#15666);
#12765=AXIS2_PLACEMENT_3D('',#20154,#15667,#15668);
#12766=AXIS2_PLACEMENT_3D('',#20155,#15669,#15670);
#12767=AXIS2_PLACEMENT_3D('',#20156,#15671,#15672);
#12768=AXIS2_PLACEMENT_3D('placement',#20157,#15673,#15674);
#12769=AXIS2_PLACEMENT_3D('',#20158,#15675,#15676);
#12770=AXIS2_PLACEMENT_3D('',#20159,#15677,#15678);
#12771=AXIS2_PLACEMENT_3D('',#20160,#15679,#15680);
#12772=AXIS2_PLACEMENT_3D('',#20161,#15681,#15682);
#12773=DIRECTION('axis',(0.,0.,1.));
#12774=DIRECTION('refdir',(1.,0.,0.));
#12775=DIRECTION('center_axis',(-1.,0.,0.));
#12776=DIRECTION('ref_axis',(0.,0.,-1.));
#12777=DIRECTION('',(0.,-1.,0.));
#12778=DIRECTION('',(0.,0.,-1.));
#12779=DIRECTION('',(0.,1.,0.));
#12780=DIRECTION('',(0.,0.,1.));
#12781=DIRECTION('center_axis',(-1.,0.,0.));
#12782=DIRECTION('ref_axis',(0.,0.,-1.));
#12783=DIRECTION('center_axis',(-1.,0.,0.));
#12784=DIRECTION('ref_axis',(0.,0.,-1.));
#12785=DIRECTION('',(1.,0.,0.));
#12786=DIRECTION('center_axis',(1.,0.,0.));
#12787=DIRECTION('ref_axis',(0.,0.,-1.));
#12788=DIRECTION('',(-1.,0.,0.));
#12789=DIRECTION('center_axis',(-1.,0.,0.));
#12790=DIRECTION('ref_axis',(0.,0.,-1.));
#12791=DIRECTION('',(1.,0.,0.));
#12792=DIRECTION('center_axis',(1.,0.,0.));
#12793=DIRECTION('ref_axis',(0.,0.,-1.));
#12794=DIRECTION('',(-1.,0.,0.));
#12795=DIRECTION('center_axis',(-1.,0.,0.));
#12796=DIRECTION('ref_axis',(0.,0.,-1.));
#12797=DIRECTION('center_axis',(0.,0.,-1.));
#12798=DIRECTION('ref_axis',(-1.,0.,0.));
#12799=DIRECTION('',(0.,1.,0.));
#12800=DIRECTION('',(0.,1.,0.));
#12801=DIRECTION('center_axis',(-1.,0.,0.));
#12802=DIRECTION('ref_axis',(0.,0.,1.));
#12803=DIRECTION('',(0.,0.,-1.));
#12804=DIRECTION('',(0.,1.,0.));
#12805=DIRECTION('',(0.,0.,-1.));
#12806=DIRECTION('',(0.,-1.,0.));
#12807=DIRECTION('',(0.,0.,-1.));
#12808=DIRECTION('',(0.,1.,0.));
#12809=DIRECTION('',(0.,0.,1.));
#12810=DIRECTION('',(0.,-1.,0.));
#12811=DIRECTION('',(0.,0.,1.));
#12812=DIRECTION('',(0.,1.,0.));
#12813=DIRECTION('',(0.,0.,1.));
#12814=DIRECTION('center_axis',(0.,0.,-1.));
#12815=DIRECTION('ref_axis',(0.,1.,0.));
#12816=DIRECTION('',(1.,0.,0.));
#12817=DIRECTION('',(1.,0.,0.));
#12818=DIRECTION('',(0.,1.,0.));
#12819=DIRECTION('center_axis',(0.,0.,1.));
#12820=DIRECTION('ref_axis',(0.,-1.,0.));
#12821=DIRECTION('',(-1.,0.,0.));
#12822=DIRECTION('',(0.,-1.,0.));
#12823=DIRECTION('',(1.,0.,0.));
#12824=DIRECTION('center_axis',(0.,0.,1.));
#12825=DIRECTION('ref_axis',(0.,-1.,0.));
#12826=DIRECTION('',(1.,0.,0.));
#12827=DIRECTION('',(1.,0.,0.));
#12828=DIRECTION('',(0.,-1.,0.));
#12829=DIRECTION('center_axis',(0.,1.,0.));
#12830=DIRECTION('ref_axis',(0.,0.,1.));
#12831=DIRECTION('',(0.,0.,1.));
#12832=DIRECTION('center_axis',(0.,0.,-1.));
#12833=DIRECTION('ref_axis',(0.,1.,0.));
#12834=DIRECTION('',(-1.,0.,0.));
#12835=DIRECTION('',(0.,1.,0.));
#12836=DIRECTION('',(1.,0.,0.));
#12837=DIRECTION('center_axis',(0.,-1.,0.));
#12838=DIRECTION('ref_axis',(0.,0.,-1.));
#12839=DIRECTION('',(0.,0.,-1.));
#12840=DIRECTION('center_axis',(0.,-1.,0.));
#12841=DIRECTION('ref_axis',(0.,0.,-1.));
#12842=DIRECTION('',(-1.7859741534074E-14,0.,1.));
#12843=DIRECTION('center_axis',(0.,1.,0.));
#12844=DIRECTION('ref_axis',(1.,0.,0.));
#12845=DIRECTION('',(1.,0.,-4.01530660572765E-14));
#12846=DIRECTION('',(-1.,0.,0.));
#12847=DIRECTION('',(-3.88578058618805E-14,0.,-1.));
#12848=DIRECTION('center_axis',(0.,-1.,0.));
#12849=DIRECTION('ref_axis',(-1.,0.,5.55111512312578E-16));
#12850=DIRECTION('center_axis',(0.,-1.,0.));
#12851=DIRECTION('ref_axis',(0.,0.,-1.));
#12852=DIRECTION('',(-1.7859741534074E-14,0.,1.));
#12853=DIRECTION('center_axis',(0.,-1.,0.));
#12854=DIRECTION('ref_axis',(0.,0.,-1.));
#12855=DIRECTION('center_axis',(0.,1.,0.));
#12856=DIRECTION('ref_axis',(-1.,0.,5.55111512312578E-16));
#12857=DIRECTION('',(3.88578058618805E-14,0.,1.));
#12858=DIRECTION('',(1.,0.,-4.01530660572765E-14));
#12859=DIRECTION('',(-1.,0.,-2.73237785539272E-13));
#12860=DIRECTION('center_axis',(0.,-1.,0.));
#12861=DIRECTION('ref_axis',(1.,0.,0.));
#12862=DIRECTION('',(0.,0.,-1.));
#12863=DIRECTION('center_axis',(1.,0.,0.));
#12864=DIRECTION('ref_axis',(0.,0.,-1.));
#12865=DIRECTION('',(0.,0.,-1.));
#12866=DIRECTION('',(0.,1.,0.));
#12867=DIRECTION('center_axis',(0.,1.,0.));
#12868=DIRECTION('ref_axis',(1.,0.,0.));
#12869=DIRECTION('',(0.,-1.,0.));
#12870=DIRECTION('center_axis',(0.,1.,0.));
#12871=DIRECTION('ref_axis',(-1.,0.,5.55111512312578E-16));
#12872=DIRECTION('',(0.,-1.,0.));
#12873=DIRECTION('center_axis',(0.,-1.,0.));
#12874=DIRECTION('ref_axis',(0.,0.,-1.));
#12875=DIRECTION('center_axis',(-1.,0.,3.88578058618805E-14));
#12876=DIRECTION('ref_axis',(3.87245790989255E-14,0.,1.));
#12877=DIRECTION('',(0.,1.,0.));
#12878=DIRECTION('center_axis',(-4.01530660572765E-14,0.,-1.));
#12879=DIRECTION('ref_axis',(-1.,0.,4.01456645704457E-14));
#12880=DIRECTION('center_axis',(0.,0.,1.));
#12881=DIRECTION('ref_axis',(1.,0.,0.));
#12882=DIRECTION('center_axis',(-1.,0.,0.));
#12883=DIRECTION('ref_axis',(0.,0.,-1.));
#12884=DIRECTION('',(0.,0.,1.));
#12885=DIRECTION('',(0.,-1.,0.));
#12886=DIRECTION('',(0.,0.,-1.));
#12887=DIRECTION('',(0.,1.,0.));
#12888=DIRECTION('center_axis',(-1.,0.,0.));
#12889=DIRECTION('ref_axis',(0.,0.,-1.));
#12890=DIRECTION('center_axis',(-1.,0.,0.));
#12891=DIRECTION('ref_axis',(0.,0.,-1.));
#12892=DIRECTION('',(1.,0.,0.));
#12893=DIRECTION('center_axis',(1.,0.,0.));
#12894=DIRECTION('ref_axis',(0.,0.,-1.));
#12895=DIRECTION('',(-1.,0.,0.));
#12896=DIRECTION('center_axis',(-1.,0.,0.));
#12897=DIRECTION('ref_axis',(0.,0.,-1.));
#12898=DIRECTION('',(1.,0.,0.));
#12899=DIRECTION('center_axis',(1.,0.,0.));
#12900=DIRECTION('ref_axis',(0.,0.,-1.));
#12901=DIRECTION('',(-1.,0.,0.));
#12902=DIRECTION('center_axis',(-1.,0.,0.));
#12903=DIRECTION('ref_axis',(0.,0.,-1.));
#12904=DIRECTION('center_axis',(0.,0.,-1.));
#12905=DIRECTION('ref_axis',(-1.,0.,0.));
#12906=DIRECTION('',(0.,1.,0.));
#12907=DIRECTION('',(0.,1.,0.));
#12908=DIRECTION('center_axis',(-1.,0.,0.));
#12909=DIRECTION('ref_axis',(0.,0.,1.));
#12910=DIRECTION('',(0.,0.,-1.));
#12911=DIRECTION('',(0.,1.,0.));
#12912=DIRECTION('',(0.,0.,-1.));
#12913=DIRECTION('',(0.,-1.,0.));
#12914=DIRECTION('',(0.,0.,-1.));
#12915=DIRECTION('',(0.,1.,0.));
#12916=DIRECTION('',(0.,0.,1.));
#12917=DIRECTION('',(0.,-1.,0.));
#12918=DIRECTION('',(0.,0.,1.));
#12919=DIRECTION('',(0.,1.,0.));
#12920=DIRECTION('',(0.,0.,1.));
#12921=DIRECTION('center_axis',(0.,0.,-1.));
#12922=DIRECTION('ref_axis',(0.,1.,0.));
#12923=DIRECTION('',(1.,0.,0.));
#12924=DIRECTION('',(1.,0.,0.));
#12925=DIRECTION('',(0.,1.,0.));
#12926=DIRECTION('center_axis',(0.,0.,1.));
#12927=DIRECTION('ref_axis',(0.,-1.,0.));
#12928=DIRECTION('',(-1.,0.,0.));
#12929=DIRECTION('',(0.,-1.,0.));
#12930=DIRECTION('',(1.,0.,0.));
#12931=DIRECTION('center_axis',(0.,0.,1.));
#12932=DIRECTION('ref_axis',(0.,-1.,0.));
#12933=DIRECTION('',(1.,0.,0.));
#12934=DIRECTION('',(1.,0.,0.));
#12935=DIRECTION('',(0.,-1.,0.));
#12936=DIRECTION('center_axis',(0.,1.,0.));
#12937=DIRECTION('ref_axis',(0.,0.,1.));
#12938=DIRECTION('',(0.,0.,1.));
#12939=DIRECTION('center_axis',(0.,0.,-1.));
#12940=DIRECTION('ref_axis',(0.,1.,0.));
#12941=DIRECTION('',(-1.,0.,0.));
#12942=DIRECTION('',(0.,1.,0.));
#12943=DIRECTION('',(1.,0.,0.));
#12944=DIRECTION('center_axis',(0.,-1.,0.));
#12945=DIRECTION('ref_axis',(0.,0.,-1.));
#12946=DIRECTION('',(0.,0.,-1.));
#12947=DIRECTION('center_axis',(0.,-1.,0.));
#12948=DIRECTION('ref_axis',(0.,0.,-1.));
#12949=DIRECTION('',(-1.7859741534074E-14,0.,1.));
#12950=DIRECTION('center_axis',(0.,1.,0.));
#12951=DIRECTION('ref_axis',(1.,0.,0.));
#12952=DIRECTION('',(1.,0.,-4.01530660572765E-14));
#12953=DIRECTION('',(-1.,0.,0.));
#12954=DIRECTION('',(-3.88578058618805E-14,0.,-1.));
#12955=DIRECTION('center_axis',(0.,-1.,0.));
#12956=DIRECTION('ref_axis',(-1.,0.,5.55111512312578E-16));
#12957=DIRECTION('center_axis',(0.,-1.,0.));
#12958=DIRECTION('ref_axis',(0.,0.,-1.));
#12959=DIRECTION('',(-1.7859741534074E-14,0.,1.));
#12960=DIRECTION('center_axis',(0.,-1.,0.));
#12961=DIRECTION('ref_axis',(0.,0.,-1.));
#12962=DIRECTION('center_axis',(0.,1.,0.));
#12963=DIRECTION('ref_axis',(-1.,0.,5.55111512312578E-16));
#12964=DIRECTION('',(3.88578058618805E-14,0.,1.));
#12965=DIRECTION('',(1.,0.,-4.01530660572765E-14));
#12966=DIRECTION('',(-1.,0.,-2.73237785539272E-13));
#12967=DIRECTION('center_axis',(0.,-1.,0.));
#12968=DIRECTION('ref_axis',(1.,0.,0.));
#12969=DIRECTION('',(0.,0.,-1.));
#12970=DIRECTION('center_axis',(1.,0.,0.));
#12971=DIRECTION('ref_axis',(0.,0.,-1.));
#12972=DIRECTION('',(0.,0.,-1.));
#12973=DIRECTION('',(0.,1.,0.));
#12974=DIRECTION('center_axis',(0.,1.,0.));
#12975=DIRECTION('ref_axis',(1.,0.,0.));
#12976=DIRECTION('',(0.,-1.,0.));
#12977=DIRECTION('center_axis',(0.,1.,0.));
#12978=DIRECTION('ref_axis',(-1.,0.,5.55111512312578E-16));
#12979=DIRECTION('',(0.,-1.,0.));
#12980=DIRECTION('center_axis',(0.,-1.,0.));
#12981=DIRECTION('ref_axis',(0.,0.,-1.));
#12982=DIRECTION('center_axis',(-1.,0.,3.88578058618805E-14));
#12983=DIRECTION('ref_axis',(3.87245790989255E-14,0.,1.));
#12984=DIRECTION('',(0.,1.,0.));
#12985=DIRECTION('center_axis',(-4.01530660572765E-14,0.,-1.));
#12986=DIRECTION('ref_axis',(-1.,0.,4.01456645704457E-14));
#12987=DIRECTION('center_axis',(0.,0.,1.));
#12988=DIRECTION('ref_axis',(1.,0.,0.));
#12989=DIRECTION('center_axis',(0.,0.,-1.));
#12990=DIRECTION('ref_axis',(-1.,0.,0.));
#12991=DIRECTION('',(1.,0.,0.));
#12992=DIRECTION('',(0.,1.,0.));
#12993=DIRECTION('',(-1.,0.,0.));
#12994=DIRECTION('',(0.,1.,0.));
#12995=DIRECTION('center_axis',(0.,1.,0.));
#12996=DIRECTION('ref_axis',(0.,0.,1.));
#12997=DIRECTION('',(-3.88578058618805E-14,0.,1.));
#12998=DIRECTION('center_axis',(0.,-1.,0.));
#12999=DIRECTION('ref_axis',(0.707106781186534,0.,0.707106781186561));
#13000=DIRECTION('',(0.,0.,-1.));
#13001=DIRECTION('',(-1.,0.,0.));
#13002=DIRECTION('',(4.42319930129542E-16,0.,1.));
#13003=DIRECTION('center_axis',(0.,1.,0.));
#13004=DIRECTION('ref_axis',(0.707106781186545,0.,0.70710678118655));
#13005=DIRECTION('',(1.,0.,3.88578058618805E-14));
#13006=DIRECTION('center_axis',(1.,0.,0.));
#13007=DIRECTION('ref_axis',(0.,0.,-1.));
#13008=DIRECTION('',(0.,1.,0.));
#13009=DIRECTION('',(0.,0.,1.));
#13010=DIRECTION('',(0.,0.563556089085665,0.826077801695742));
#13011=DIRECTION('',(0.,0.441747493387157,-0.897139427339008));
#13012=DIRECTION('',(0.,0.,-1.));
#13013=DIRECTION('',(0.,0.,1.));
#13014=DIRECTION('',(0.,0.446087731062856,0.89498923803317));
#13015=DIRECTION('',(0.,0.441747493387158,-0.897139427339008));
#13016=DIRECTION('center_axis',(0.,0.897139427339008,0.441747493387157));
#13017=DIRECTION('ref_axis',(0.,0.441747493387157,-0.897139427339008));
#13018=DIRECTION('',(-1.,0.,0.));
#13019=DIRECTION('',(3.96822648817047E-16,-0.441747493387157,0.897139427339008));
#13020=DIRECTION('',(-1.,0.,0.));
#13021=DIRECTION('center_axis',(0.,-0.826077801695742,0.563556089085665));
#13022=DIRECTION('ref_axis',(0.,0.563556089085665,0.826077801695742));
#13023=DIRECTION('',(1.,0.,0.));
#13024=DIRECTION('',(-3.65390675527626E-16,-0.563556089085665,-0.826077801695742));
#13025=DIRECTION('center_axis',(0.,1.,0.));
#13026=DIRECTION('ref_axis',(0.,0.,-1.));
#13027=DIRECTION('',(4.42319930129542E-16,0.,1.));
#13028=DIRECTION('center_axis',(0.,-1.,0.));
#13029=DIRECTION('ref_axis',(0.,0.,1.));
#13030=DIRECTION('',(-4.42319930129542E-16,0.,-1.));
#13031=DIRECTION('',(-1.,0.,0.));
#13032=DIRECTION('center_axis',(0.,-0.89498923803317,0.446087731062856));
#13033=DIRECTION('ref_axis',(0.,0.446087731062855,0.89498923803317));
#13034=DIRECTION('',(-3.95871577233524E-16,-0.446087731062856,-0.89498923803317));
#13035=DIRECTION('',(-1.,0.,0.));
#13036=DIRECTION('center_axis',(0.,0.897139427339008,0.441747493387158));
#13037=DIRECTION('ref_axis',(0.,0.441747493387157,-0.897139427339008));
#13038=DIRECTION('',(3.96822648817047E-16,-0.441747493387158,0.897139427339008));
#13039=DIRECTION('center_axis',(-4.02455846426619E-14,0.,1.));
#13040=DIRECTION('ref_axis',(1.,0.,4.02344824124157E-14));
#13041=DIRECTION('',(1.,0.,0.));
#13042=DIRECTION('',(0.,1.,0.));
#13043=DIRECTION('',(-1.,0.,0.));
#13044=DIRECTION('',(0.,1.,0.));
#13045=DIRECTION('',(-1.,0.,-4.02455846426619E-14));
#13046=DIRECTION('',(0.,-1.,0.));
#13047=DIRECTION('',(1.,0.,4.02455846426619E-14));
#13048=DIRECTION('',(0.,1.,0.));
#13049=DIRECTION('center_axis',(-1.,0.,4.42319930129542E-16));
#13050=DIRECTION('ref_axis',(3.5527136788005E-16,0.,1.));
#13051=DIRECTION('',(0.,-1.,0.));
#13052=DIRECTION('',(-4.42319930129542E-16,0.,-1.));
#13053=DIRECTION('center_axis',(0.,-1.,0.));
#13054=DIRECTION('ref_axis',(0.707106781186545,0.,0.70710678118655));
#13055=DIRECTION('center_axis',(0.,-1.,0.));
#13056=DIRECTION('ref_axis',(0.707106781186545,0.,0.70710678118655));
#13057=DIRECTION('',(0.,1.,0.));
#13058=DIRECTION('center_axis',(0.,-1.,0.));
#13059=DIRECTION('ref_axis',(0.,0.,-1.));
#13060=DIRECTION('',(3.88578058618805E-14,0.,-1.));
#13061=DIRECTION('',(-1.,0.,-3.88578058618805E-14));
#13062=DIRECTION('center_axis',(0.,1.,0.));
#13063=DIRECTION('ref_axis',(0.707106781186534,0.,0.707106781186561));
#13064=DIRECTION('center_axis',(0.,-1.,0.));
#13065=DIRECTION('ref_axis',(0.,0.,-1.));
#13066=DIRECTION('',(-3.88578058618805E-14,0.,1.));
#13067=DIRECTION('',(0.,0.,1.));
#13068=DIRECTION('',(1.,0.,-1.46432293415788E-15));
#13069=DIRECTION('center_axis',(0.,1.,0.));
#13070=DIRECTION('ref_axis',(0.,0.,1.));
#13071=DIRECTION('',(3.88578058618805E-14,0.,-1.));
#13072=DIRECTION('',(-1.,0.,1.46432293415788E-15));
#13073=DIRECTION('',(0.,0.,-1.));
#13074=DIRECTION('center_axis',(-1.46432293415788E-15,0.,-1.));
#13075=DIRECTION('ref_axis',(-1.,0.,1.46549439250521E-15));
#13076=DIRECTION('',(0.,-1.,0.));
#13077=DIRECTION('',(0.,1.,0.));
#13078=DIRECTION('',(1.,0.,4.02455846426619E-14));
#13079=DIRECTION('',(0.,-1.,0.));
#13080=DIRECTION('',(0.,-1.,0.));
#13081=DIRECTION('',(-1.,0.,-4.02455846426619E-14));
#13082=DIRECTION('',(0.,1.,0.));
#13083=DIRECTION('center_axis',(0.,-1.,0.));
#13084=DIRECTION('ref_axis',(0.707106781186534,0.,0.707106781186561));
#13085=DIRECTION('',(0.,-1.,0.));
#13086=DIRECTION('center_axis',(0.,1.,0.));
#13087=DIRECTION('ref_axis',(1.,0.,4.02344824124157E-14));
#13088=DIRECTION('',(3.88578058618805E-14,0.,-1.));
#13089=DIRECTION('',(3.88578058618805E-14,0.,-1.));
#13090=DIRECTION('center_axis',(1.,0.,3.88578058618805E-14));
#13091=DIRECTION('ref_axis',(0.,-1.,0.));
#13092=DIRECTION('',(3.88578058618805E-14,0.,-1.));
#13093=DIRECTION('center_axis',(0.,-1.,0.));
#13094=DIRECTION('ref_axis',(-1.,0.,-4.02344824124157E-14));
#13095=DIRECTION('',(3.88578058618805E-14,0.,-1.));
#13096=DIRECTION('center_axis',(-1.,0.,-3.88578058618805E-14));
#13097=DIRECTION('ref_axis',(0.,1.,0.));
#13098=DIRECTION('center_axis',(-1.,0.,-3.88578058618805E-14));
#13099=DIRECTION('ref_axis',(0.,1.,0.));
#13100=DIRECTION('center_axis',(1.,0.,0.));
#13101=DIRECTION('ref_axis',(0.,0.,1.));
#13102=DIRECTION('center_axis',(1.,0.,0.));
#13103=DIRECTION('ref_axis',(0.,0.,1.));
#13104=DIRECTION('',(0.,0.,1.));
#13105=DIRECTION('',(0.,1.,0.));
#13106=DIRECTION('',(0.,0.,-1.));
#13107=DIRECTION('',(0.,-1.,0.));
#13108=DIRECTION('center_axis',(-1.,0.,-3.88578058618805E-14));
#13109=DIRECTION('ref_axis',(0.,1.,0.));
#13110=DIRECTION('',(-3.88578058618805E-14,0.,1.));
#13111=DIRECTION('',(0.,1.,0.));
#13112=DIRECTION('',(3.88578058618805E-14,0.,-1.));
#13113=DIRECTION('',(0.,1.,0.));
#13114=DIRECTION('center_axis',(-1.,0.,-3.88578058618805E-14));
#13115=DIRECTION('ref_axis',(0.,1.,0.));
#13116=DIRECTION('',(3.88578058618805E-14,0.,-1.));
#13117=DIRECTION('',(0.,1.,0.));
#13118=DIRECTION('',(3.88578058618805E-14,0.,-1.));
#13119=DIRECTION('',(0.,1.,0.));
#13120=DIRECTION('center_axis',(0.,-1.,0.));
#13121=DIRECTION('ref_axis',(-1.,0.,-4.02344824124157E-14));
#13122=DIRECTION('',(-1.,0.,-4.02455846426619E-14));
#13123=DIRECTION('',(-1.,0.,-4.02455846426619E-14));
#13124=DIRECTION('',(3.88578058618805E-14,0.,-1.));
#13125=DIRECTION('center_axis',(1.,0.,3.88578058618805E-14));
#13126=DIRECTION('ref_axis',(0.,-1.,0.));
#13127=DIRECTION('',(-3.88578058618805E-14,0.,1.));
#13128=DIRECTION('',(0.,-1.,0.));
#13129=DIRECTION('',(3.88578058618805E-14,0.,-1.));
#13130=DIRECTION('',(0.,-1.,0.));
#13131=DIRECTION('',(0.,-1.,0.));
#13132=DIRECTION('',(3.88578058618805E-14,0.,-1.));
#13133=DIRECTION('',(0.,-1.,0.));
#13134=DIRECTION('center_axis',(0.,1.,0.));
#13135=DIRECTION('ref_axis',(1.,0.,4.02344824124157E-14));
#13136=DIRECTION('',(1.,0.,4.02455846426619E-14));
#13137=DIRECTION('',(1.,0.,4.02455846426619E-14));
#13138=DIRECTION('center_axis',(0.,-1.,0.));
#13139=DIRECTION('ref_axis',(0.707106781186534,0.,0.707106781186561));
#13140=DIRECTION('center_axis',(0.,1.,0.));
#13141=DIRECTION('ref_axis',(0.707106781186534,0.,0.707106781186561));
#13142=DIRECTION('',(0.,1.,0.));
#13143=DIRECTION('center_axis',(0.,-1.,0.));
#13144=DIRECTION('ref_axis',(0.707106781186534,0.,0.707106781186561));
#13145=DIRECTION('center_axis',(-1.46432293415788E-15,0.,-1.));
#13146=DIRECTION('ref_axis',(-1.,0.,1.46549439250521E-15));
#13147=DIRECTION('',(1.,0.,-1.46432293415788E-15));
#13148=DIRECTION('',(-1.,0.,1.46432293415788E-15));
#13149=DIRECTION('',(1.,0.,3.88578058618805E-14));
#13150=DIRECTION('',(0.,1.,0.));
#13151=DIRECTION('',(-1.,0.,-3.88578058618805E-14));
#13152=DIRECTION('center_axis',(0.,1.,0.));
#13153=DIRECTION('ref_axis',(0.,0.,1.));
#13154=DIRECTION('',(1.,0.,0.));
#13155=DIRECTION('center_axis',(0.,-1.,0.));
#13156=DIRECTION('ref_axis',(0.,0.,-1.));
#13157=DIRECTION('',(-1.,0.,0.));
#13158=DIRECTION('center_axis',(0.,-1.,0.));
#13159=DIRECTION('ref_axis',(0.,0.,-1.));
#13160=DIRECTION('center_axis',(0.,-1.,0.));
#13161=DIRECTION('ref_axis',(0.707106781186545,0.,0.70710678118655));
#13162=DIRECTION('',(-4.42319930129542E-16,0.,-1.));
#13163=DIRECTION('',(1.,0.,0.));
#13164=DIRECTION('',(0.,0.,1.));
#13165=DIRECTION('center_axis',(0.,-1.,0.));
#13166=DIRECTION('ref_axis',(0.707106781186545,0.,0.70710678118655));
#13167=DIRECTION('center_axis',(0.,1.,0.));
#13168=DIRECTION('ref_axis',(0.707106781186545,0.,0.70710678118655));
#13169=DIRECTION('',(0.,-1.,0.));
#13170=DIRECTION('center_axis',(-1.,0.,4.42319930129542E-16));
#13171=DIRECTION('ref_axis',(3.5527136788005E-16,0.,1.));
#13172=DIRECTION('',(4.42319930129542E-16,0.,1.));
#13173=DIRECTION('',(3.96822648817047E-16,-0.441747493387158,0.897139427339008));
#13174=DIRECTION('',(-3.95871577233524E-16,-0.446087731062856,-0.89498923803317));
#13175=DIRECTION('',(-4.42319930129542E-16,0.,-1.));
#13176=DIRECTION('',(0.,1.,0.));
#13177=DIRECTION('',(4.42319930129542E-16,0.,1.));
#13178=DIRECTION('',(3.96822648817047E-16,-0.441747493387157,0.897139427339008));
#13179=DIRECTION('',(-3.65390675527626E-16,-0.563556089085665,-0.826077801695742));
#13180=DIRECTION('center_axis',(-4.02455846426619E-14,0.,1.));
#13181=DIRECTION('ref_axis',(1.,0.,4.02344824124157E-14));
#13182=DIRECTION('center_axis',(0.,0.897139427339008,0.441747493387158));
#13183=DIRECTION('ref_axis',(0.,0.441747493387157,-0.897139427339008));
#13184=DIRECTION('',(-1.,0.,0.));
#13185=DIRECTION('',(0.,0.441747493387158,-0.897139427339008));
#13186=DIRECTION('',(-1.,0.,0.));
#13187=DIRECTION('center_axis',(0.,-0.89498923803317,0.446087731062856));
#13188=DIRECTION('ref_axis',(0.,0.446087731062856,0.89498923803317));
#13189=DIRECTION('',(0.,0.446087731062856,0.89498923803317));
#13190=DIRECTION('',(-1.,0.,0.));
#13191=DIRECTION('center_axis',(0.,-1.,0.));
#13192=DIRECTION('ref_axis',(0.,0.,1.));
#13193=DIRECTION('',(1.,0.,0.));
#13194=DIRECTION('',(0.,0.,1.));
#13195=DIRECTION('center_axis',(0.,1.,0.));
#13196=DIRECTION('ref_axis',(0.,0.,-1.));
#13197=DIRECTION('',(-1.,0.,0.));
#13198=DIRECTION('',(0.,0.,-1.));
#13199=DIRECTION('',(-1.,0.,0.));
#13200=DIRECTION('center_axis',(0.,-0.826077801695742,0.563556089085665));
#13201=DIRECTION('ref_axis',(0.,0.563556089085665,0.826077801695742));
#13202=DIRECTION('',(-1.,0.,0.));
#13203=DIRECTION('',(0.,0.563556089085665,0.826077801695742));
#13204=DIRECTION('center_axis',(0.,0.897139427339008,0.441747493387157));
#13205=DIRECTION('ref_axis',(0.,0.441747493387157,-0.897139427339008));
#13206=DIRECTION('',(0.,0.441747493387157,-0.897139427339008));
#13207=DIRECTION('center_axis',(1.,0.,0.));
#13208=DIRECTION('ref_axis',(0.,0.,-1.));
#13209=DIRECTION('',(0.,1.,0.));
#13210=DIRECTION('',(0.,0.,-1.));
#13211=DIRECTION('center_axis',(0.,1.,0.));
#13212=DIRECTION('ref_axis',(0.,0.,1.));
#13213=DIRECTION('center_axis',(0.,0.,-1.));
#13214=DIRECTION('ref_axis',(-1.,0.,0.));
#13215=DIRECTION('center_axis',(0.,0.,-1.));
#13216=DIRECTION('ref_axis',(-1.,0.,0.));
#13217=DIRECTION('',(1.,0.,0.));
#13218=DIRECTION('',(0.,1.,0.));
#13219=DIRECTION('',(-1.,0.,0.));
#13220=DIRECTION('',(0.,1.,0.));
#13221=DIRECTION('center_axis',(0.,1.,0.));
#13222=DIRECTION('ref_axis',(0.,0.,1.));
#13223=DIRECTION('',(-3.88578058618805E-14,0.,1.));
#13224=DIRECTION('center_axis',(0.,-1.,0.));
#13225=DIRECTION('ref_axis',(0.707106781186534,0.,0.707106781186561));
#13226=DIRECTION('',(0.,0.,-1.));
#13227=DIRECTION('',(-1.,0.,0.));
#13228=DIRECTION('',(4.42319930129542E-16,0.,1.));
#13229=DIRECTION('center_axis',(0.,1.,0.));
#13230=DIRECTION('ref_axis',(0.707106781186545,0.,0.70710678118655));
#13231=DIRECTION('',(1.,0.,3.88578058618805E-14));
#13232=DIRECTION('center_axis',(1.,0.,0.));
#13233=DIRECTION('ref_axis',(0.,0.,-1.));
#13234=DIRECTION('',(0.,1.,0.));
#13235=DIRECTION('',(0.,0.,1.));
#13236=DIRECTION('',(0.,0.563556089085665,0.826077801695742));
#13237=DIRECTION('',(0.,0.441747493387157,-0.897139427339008));
#13238=DIRECTION('',(0.,0.,-1.));
#13239=DIRECTION('',(0.,0.,1.));
#13240=DIRECTION('',(0.,0.446087731062856,0.89498923803317));
#13241=DIRECTION('',(0.,0.441747493387158,-0.897139427339008));
#13242=DIRECTION('center_axis',(0.,0.897139427339008,0.441747493387157));
#13243=DIRECTION('ref_axis',(0.,0.441747493387157,-0.897139427339008));
#13244=DIRECTION('',(-1.,0.,0.));
#13245=DIRECTION('',(3.96822648817047E-16,-0.441747493387157,0.897139427339008));
#13246=DIRECTION('',(-1.,0.,0.));
#13247=DIRECTION('center_axis',(0.,-0.826077801695742,0.563556089085665));
#13248=DIRECTION('ref_axis',(0.,0.563556089085665,0.826077801695742));
#13249=DIRECTION('',(1.,0.,0.));
#13250=DIRECTION('',(-3.65390675527626E-16,-0.563556089085665,-0.826077801695742));
#13251=DIRECTION('center_axis',(0.,1.,0.));
#13252=DIRECTION('ref_axis',(0.,0.,-1.));
#13253=DIRECTION('',(4.42319930129542E-16,0.,1.));
#13254=DIRECTION('center_axis',(0.,-1.,0.));
#13255=DIRECTION('ref_axis',(0.,0.,1.));
#13256=DIRECTION('',(-4.42319930129542E-16,0.,-1.));
#13257=DIRECTION('',(-1.,0.,0.));
#13258=DIRECTION('center_axis',(0.,-0.89498923803317,0.446087731062856));
#13259=DIRECTION('ref_axis',(0.,0.446087731062856,0.89498923803317));
#13260=DIRECTION('',(-3.95871577233524E-16,-0.446087731062856,-0.89498923803317));
#13261=DIRECTION('',(-1.,0.,0.));
#13262=DIRECTION('center_axis',(0.,0.897139427339008,0.441747493387158));
#13263=DIRECTION('ref_axis',(0.,0.441747493387158,-0.897139427339008));
#13264=DIRECTION('',(3.96822648817047E-16,-0.441747493387158,0.897139427339008));
#13265=DIRECTION('center_axis',(-4.02455846426619E-14,0.,1.));
#13266=DIRECTION('ref_axis',(1.,0.,4.02344824124157E-14));
#13267=DIRECTION('',(1.,0.,0.));
#13268=DIRECTION('',(0.,1.,0.));
#13269=DIRECTION('',(-1.,0.,0.));
#13270=DIRECTION('',(0.,1.,0.));
#13271=DIRECTION('',(-1.,0.,-4.02455846426619E-14));
#13272=DIRECTION('',(0.,-1.,0.));
#13273=DIRECTION('',(1.,0.,4.02455846426619E-14));
#13274=DIRECTION('',(0.,1.,0.));
#13275=DIRECTION('center_axis',(-1.,0.,4.42319930129542E-16));
#13276=DIRECTION('ref_axis',(3.5527136788005E-16,0.,1.));
#13277=DIRECTION('',(0.,-1.,0.));
#13278=DIRECTION('',(-4.42319930129542E-16,0.,-1.));
#13279=DIRECTION('center_axis',(0.,-1.,0.));
#13280=DIRECTION('ref_axis',(0.707106781186545,0.,0.70710678118655));
#13281=DIRECTION('center_axis',(0.,-1.,0.));
#13282=DIRECTION('ref_axis',(0.707106781186545,0.,0.70710678118655));
#13283=DIRECTION('',(0.,1.,0.));
#13284=DIRECTION('center_axis',(0.,-1.,0.));
#13285=DIRECTION('ref_axis',(0.,0.,-1.));
#13286=DIRECTION('',(3.88578058618805E-14,0.,-1.));
#13287=DIRECTION('',(-1.,0.,-3.88578058618805E-14));
#13288=DIRECTION('center_axis',(0.,1.,0.));
#13289=DIRECTION('ref_axis',(0.707106781186534,0.,0.707106781186561));
#13290=DIRECTION('center_axis',(0.,-1.,0.));
#13291=DIRECTION('ref_axis',(0.,0.,-1.));
#13292=DIRECTION('',(-3.88578058618805E-14,0.,1.));
#13293=DIRECTION('',(0.,0.,1.));
#13294=DIRECTION('',(1.,0.,-1.46432293415788E-15));
#13295=DIRECTION('center_axis',(0.,1.,0.));
#13296=DIRECTION('ref_axis',(0.,0.,1.));
#13297=DIRECTION('',(3.88578058618805E-14,0.,-1.));
#13298=DIRECTION('',(-1.,0.,1.46432293415788E-15));
#13299=DIRECTION('',(0.,0.,-1.));
#13300=DIRECTION('center_axis',(-1.46432293415788E-15,0.,-1.));
#13301=DIRECTION('ref_axis',(-1.,0.,1.46549439250521E-15));
#13302=DIRECTION('',(0.,-1.,0.));
#13303=DIRECTION('',(0.,1.,0.));
#13304=DIRECTION('',(1.,0.,4.02455846426619E-14));
#13305=DIRECTION('',(0.,-1.,0.));
#13306=DIRECTION('',(0.,-1.,0.));
#13307=DIRECTION('',(-1.,0.,-4.02455846426619E-14));
#13308=DIRECTION('',(0.,1.,0.));
#13309=DIRECTION('center_axis',(0.,-1.,0.));
#13310=DIRECTION('ref_axis',(0.707106781186534,0.,0.707106781186561));
#13311=DIRECTION('',(0.,-1.,0.));
#13312=DIRECTION('center_axis',(0.,1.,0.));
#13313=DIRECTION('ref_axis',(1.,0.,4.02344824124157E-14));
#13314=DIRECTION('',(3.88578058618805E-14,0.,-1.));
#13315=DIRECTION('',(3.88578058618805E-14,0.,-1.));
#13316=DIRECTION('center_axis',(1.,0.,3.88578058618805E-14));
#13317=DIRECTION('ref_axis',(0.,-1.,0.));
#13318=DIRECTION('',(3.88578058618805E-14,0.,-1.));
#13319=DIRECTION('center_axis',(0.,-1.,0.));
#13320=DIRECTION('ref_axis',(-1.,0.,-4.02344824124157E-14));
#13321=DIRECTION('',(3.88578058618805E-14,0.,-1.));
#13322=DIRECTION('center_axis',(-1.,0.,-3.88578058618805E-14));
#13323=DIRECTION('ref_axis',(0.,1.,0.));
#13324=DIRECTION('center_axis',(-1.,0.,-3.88578058618805E-14));
#13325=DIRECTION('ref_axis',(0.,1.,0.));
#13326=DIRECTION('center_axis',(1.,0.,0.));
#13327=DIRECTION('ref_axis',(0.,0.,1.));
#13328=DIRECTION('center_axis',(1.,0.,0.));
#13329=DIRECTION('ref_axis',(0.,0.,1.));
#13330=DIRECTION('',(0.,0.,1.));
#13331=DIRECTION('',(0.,1.,0.));
#13332=DIRECTION('',(0.,0.,-1.));
#13333=DIRECTION('',(0.,-1.,0.));
#13334=DIRECTION('center_axis',(-1.,0.,-3.88578058618805E-14));
#13335=DIRECTION('ref_axis',(0.,1.,0.));
#13336=DIRECTION('',(-3.88578058618805E-14,0.,1.));
#13337=DIRECTION('',(0.,1.,0.));
#13338=DIRECTION('',(3.88578058618805E-14,0.,-1.));
#13339=DIRECTION('',(0.,1.,0.));
#13340=DIRECTION('center_axis',(-1.,0.,-3.88578058618805E-14));
#13341=DIRECTION('ref_axis',(0.,1.,0.));
#13342=DIRECTION('',(3.88578058618805E-14,0.,-1.));
#13343=DIRECTION('',(0.,1.,0.));
#13344=DIRECTION('',(3.88578058618805E-14,0.,-1.));
#13345=DIRECTION('',(0.,1.,0.));
#13346=DIRECTION('center_axis',(0.,-1.,0.));
#13347=DIRECTION('ref_axis',(-1.,0.,-4.02344824124157E-14));
#13348=DIRECTION('',(-1.,0.,-4.02455846426619E-14));
#13349=DIRECTION('',(-1.,0.,-4.02455846426619E-14));
#13350=DIRECTION('',(3.88578058618805E-14,0.,-1.));
#13351=DIRECTION('center_axis',(1.,0.,3.88578058618805E-14));
#13352=DIRECTION('ref_axis',(0.,-1.,0.));
#13353=DIRECTION('',(-3.88578058618805E-14,0.,1.));
#13354=DIRECTION('',(0.,-1.,0.));
#13355=DIRECTION('',(3.88578058618805E-14,0.,-1.));
#13356=DIRECTION('',(0.,-1.,0.));
#13357=DIRECTION('',(0.,-1.,0.));
#13358=DIRECTION('',(3.88578058618805E-14,0.,-1.));
#13359=DIRECTION('',(0.,-1.,0.));
#13360=DIRECTION('center_axis',(0.,1.,0.));
#13361=DIRECTION('ref_axis',(1.,0.,4.02344824124157E-14));
#13362=DIRECTION('',(1.,0.,4.02455846426619E-14));
#13363=DIRECTION('',(1.,0.,4.02455846426619E-14));
#13364=DIRECTION('center_axis',(0.,-1.,0.));
#13365=DIRECTION('ref_axis',(0.707106781186534,0.,0.707106781186561));
#13366=DIRECTION('center_axis',(0.,1.,0.));
#13367=DIRECTION('ref_axis',(0.707106781186534,0.,0.707106781186561));
#13368=DIRECTION('',(0.,1.,0.));
#13369=DIRECTION('center_axis',(0.,-1.,0.));
#13370=DIRECTION('ref_axis',(0.707106781186534,0.,0.707106781186561));
#13371=DIRECTION('center_axis',(-1.46432293415788E-15,0.,-1.));
#13372=DIRECTION('ref_axis',(-1.,0.,1.46549439250521E-15));
#13373=DIRECTION('',(1.,0.,-1.46432293415788E-15));
#13374=DIRECTION('',(-1.,0.,1.46432293415788E-15));
#13375=DIRECTION('',(1.,0.,3.88578058618805E-14));
#13376=DIRECTION('',(0.,1.,0.));
#13377=DIRECTION('',(-1.,0.,-3.88578058618805E-14));
#13378=DIRECTION('center_axis',(0.,1.,0.));
#13379=DIRECTION('ref_axis',(0.,0.,1.));
#13380=DIRECTION('',(1.,0.,0.));
#13381=DIRECTION('center_axis',(0.,-1.,0.));
#13382=DIRECTION('ref_axis',(0.,0.,-1.));
#13383=DIRECTION('',(-1.,0.,0.));
#13384=DIRECTION('center_axis',(0.,-1.,0.));
#13385=DIRECTION('ref_axis',(0.,0.,-1.));
#13386=DIRECTION('center_axis',(0.,-1.,0.));
#13387=DIRECTION('ref_axis',(0.707106781186545,0.,0.70710678118655));
#13388=DIRECTION('',(-4.42319930129542E-16,0.,-1.));
#13389=DIRECTION('',(1.,0.,0.));
#13390=DIRECTION('',(0.,0.,1.));
#13391=DIRECTION('center_axis',(0.,-1.,0.));
#13392=DIRECTION('ref_axis',(0.707106781186545,0.,0.70710678118655));
#13393=DIRECTION('center_axis',(0.,1.,0.));
#13394=DIRECTION('ref_axis',(0.707106781186545,0.,0.70710678118655));
#13395=DIRECTION('',(0.,-1.,0.));
#13396=DIRECTION('center_axis',(-1.,0.,4.42319930129542E-16));
#13397=DIRECTION('ref_axis',(3.5527136788005E-16,0.,1.));
#13398=DIRECTION('',(4.42319930129542E-16,0.,1.));
#13399=DIRECTION('',(3.96822648817047E-16,-0.441747493387158,0.897139427339008));
#13400=DIRECTION('',(-3.95871577233524E-16,-0.446087731062856,-0.89498923803317));
#13401=DIRECTION('',(-4.42319930129542E-16,0.,-1.));
#13402=DIRECTION('',(0.,1.,0.));
#13403=DIRECTION('',(4.42319930129542E-16,0.,1.));
#13404=DIRECTION('',(3.96822648817047E-16,-0.441747493387157,0.897139427339008));
#13405=DIRECTION('',(-3.65390675527626E-16,-0.563556089085665,-0.826077801695742));
#13406=DIRECTION('center_axis',(-4.02455846426619E-14,0.,1.));
#13407=DIRECTION('ref_axis',(1.,0.,4.02344824124157E-14));
#13408=DIRECTION('center_axis',(0.,0.897139427339008,0.441747493387158));
#13409=DIRECTION('ref_axis',(0.,0.441747493387157,-0.897139427339008));
#13410=DIRECTION('',(-1.,0.,0.));
#13411=DIRECTION('',(0.,0.441747493387158,-0.897139427339008));
#13412=DIRECTION('',(-1.,0.,0.));
#13413=DIRECTION('center_axis',(0.,-0.89498923803317,0.446087731062856));
#13414=DIRECTION('ref_axis',(0.,0.446087731062856,0.89498923803317));
#13415=DIRECTION('',(0.,0.446087731062856,0.89498923803317));
#13416=DIRECTION('',(-1.,0.,0.));
#13417=DIRECTION('center_axis',(0.,-1.,0.));
#13418=DIRECTION('ref_axis',(0.,0.,1.));
#13419=DIRECTION('',(1.,0.,0.));
#13420=DIRECTION('',(0.,0.,1.));
#13421=DIRECTION('center_axis',(0.,1.,0.));
#13422=DIRECTION('ref_axis',(0.,0.,-1.));
#13423=DIRECTION('',(-1.,0.,0.));
#13424=DIRECTION('',(0.,0.,-1.));
#13425=DIRECTION('',(-1.,0.,0.));
#13426=DIRECTION('center_axis',(0.,-0.826077801695742,0.563556089085665));
#13427=DIRECTION('ref_axis',(0.,0.563556089085665,0.826077801695742));
#13428=DIRECTION('',(-1.,0.,0.));
#13429=DIRECTION('',(0.,0.563556089085665,0.826077801695742));
#13430=DIRECTION('center_axis',(0.,0.897139427339008,0.441747493387157));
#13431=DIRECTION('ref_axis',(0.,0.441747493387157,-0.897139427339008));
#13432=DIRECTION('',(0.,0.441747493387157,-0.897139427339008));
#13433=DIRECTION('center_axis',(1.,0.,0.));
#13434=DIRECTION('ref_axis',(0.,0.,-1.));
#13435=DIRECTION('',(0.,1.,0.));
#13436=DIRECTION('',(0.,0.,-1.));
#13437=DIRECTION('center_axis',(0.,1.,0.));
#13438=DIRECTION('ref_axis',(0.,0.,1.));
#13439=DIRECTION('center_axis',(0.,0.,-1.));
#13440=DIRECTION('ref_axis',(-1.,0.,0.));
#13441=DIRECTION('center_axis',(0.,0.,-1.));
#13442=DIRECTION('ref_axis',(-1.,0.,0.));
#13443=DIRECTION('',(1.,0.,0.));
#13444=DIRECTION('',(0.,1.,0.));
#13445=DIRECTION('',(-1.,0.,0.));
#13446=DIRECTION('',(0.,1.,0.));
#13447=DIRECTION('center_axis',(0.,1.,0.));
#13448=DIRECTION('ref_axis',(0.,0.,1.));
#13449=DIRECTION('',(-3.88578058618805E-14,0.,1.));
#13450=DIRECTION('center_axis',(0.,-1.,0.));
#13451=DIRECTION('ref_axis',(0.707106781186534,0.,0.707106781186561));
#13452=DIRECTION('',(0.,0.,-1.));
#13453=DIRECTION('',(-1.,0.,0.));
#13454=DIRECTION('',(4.42319930129542E-16,0.,1.));
#13455=DIRECTION('center_axis',(0.,1.,0.));
#13456=DIRECTION('ref_axis',(0.707106781186545,0.,0.70710678118655));
#13457=DIRECTION('',(1.,0.,3.88578058618805E-14));
#13458=DIRECTION('center_axis',(1.,0.,0.));
#13459=DIRECTION('ref_axis',(0.,0.,-1.));
#13460=DIRECTION('',(0.,1.,0.));
#13461=DIRECTION('',(0.,0.,1.));
#13462=DIRECTION('',(0.,0.563556089085665,0.826077801695742));
#13463=DIRECTION('',(0.,0.441747493387157,-0.897139427339008));
#13464=DIRECTION('',(0.,0.,-1.));
#13465=DIRECTION('',(0.,0.,1.));
#13466=DIRECTION('',(0.,0.446087731062856,0.89498923803317));
#13467=DIRECTION('',(0.,0.441747493387158,-0.897139427339008));
#13468=DIRECTION('center_axis',(0.,0.897139427339008,0.441747493387157));
#13469=DIRECTION('ref_axis',(0.,0.441747493387157,-0.897139427339008));
#13470=DIRECTION('',(-1.,0.,0.));
#13471=DIRECTION('',(3.96822648817047E-16,-0.441747493387157,0.897139427339008));
#13472=DIRECTION('',(-1.,0.,0.));
#13473=DIRECTION('center_axis',(0.,-0.826077801695742,0.563556089085665));
#13474=DIRECTION('ref_axis',(0.,0.563556089085665,0.826077801695742));
#13475=DIRECTION('',(1.,0.,0.));
#13476=DIRECTION('',(-3.65390675527626E-16,-0.563556089085665,-0.826077801695742));
#13477=DIRECTION('center_axis',(0.,1.,0.));
#13478=DIRECTION('ref_axis',(0.,0.,-1.));
#13479=DIRECTION('',(4.42319930129542E-16,0.,1.));
#13480=DIRECTION('center_axis',(0.,-1.,0.));
#13481=DIRECTION('ref_axis',(0.,0.,1.));
#13482=DIRECTION('',(-4.42319930129542E-16,0.,-1.));
#13483=DIRECTION('',(-1.,0.,0.));
#13484=DIRECTION('center_axis',(0.,-0.89498923803317,0.446087731062856));
#13485=DIRECTION('ref_axis',(0.,0.446087731062856,0.89498923803317));
#13486=DIRECTION('',(-3.95871577233524E-16,-0.446087731062856,-0.89498923803317));
#13487=DIRECTION('',(-1.,0.,0.));
#13488=DIRECTION('center_axis',(0.,0.897139427339008,0.441747493387158));
#13489=DIRECTION('ref_axis',(0.,0.441747493387157,-0.897139427339008));
#13490=DIRECTION('',(3.96822648817047E-16,-0.441747493387158,0.897139427339008));
#13491=DIRECTION('center_axis',(-4.02455846426619E-14,0.,1.));
#13492=DIRECTION('ref_axis',(1.,0.,4.02344824124157E-14));
#13493=DIRECTION('',(1.,0.,0.));
#13494=DIRECTION('',(0.,1.,0.));
#13495=DIRECTION('',(-1.,0.,0.));
#13496=DIRECTION('',(0.,1.,0.));
#13497=DIRECTION('',(-1.,0.,-4.02455846426619E-14));
#13498=DIRECTION('',(0.,-1.,0.));
#13499=DIRECTION('',(1.,0.,4.02455846426619E-14));
#13500=DIRECTION('',(0.,1.,0.));
#13501=DIRECTION('center_axis',(-1.,0.,4.42319930129542E-16));
#13502=DIRECTION('ref_axis',(3.5527136788005E-16,0.,1.));
#13503=DIRECTION('',(0.,-1.,0.));
#13504=DIRECTION('',(-4.42319930129542E-16,0.,-1.));
#13505=DIRECTION('center_axis',(0.,-1.,0.));
#13506=DIRECTION('ref_axis',(0.707106781186545,0.,0.70710678118655));
#13507=DIRECTION('center_axis',(0.,-1.,0.));
#13508=DIRECTION('ref_axis',(0.707106781186545,0.,0.70710678118655));
#13509=DIRECTION('',(0.,1.,0.));
#13510=DIRECTION('center_axis',(0.,-1.,0.));
#13511=DIRECTION('ref_axis',(0.,0.,-1.));
#13512=DIRECTION('',(3.88578058618805E-14,0.,-1.));
#13513=DIRECTION('',(-1.,0.,-3.88578058618805E-14));
#13514=DIRECTION('center_axis',(0.,1.,0.));
#13515=DIRECTION('ref_axis',(0.707106781186534,0.,0.707106781186561));
#13516=DIRECTION('center_axis',(0.,-1.,0.));
#13517=DIRECTION('ref_axis',(0.,0.,-1.));
#13518=DIRECTION('',(-3.88578058618805E-14,0.,1.));
#13519=DIRECTION('',(0.,0.,1.));
#13520=DIRECTION('',(1.,0.,-1.46432293415788E-15));
#13521=DIRECTION('center_axis',(0.,1.,0.));
#13522=DIRECTION('ref_axis',(0.,0.,1.));
#13523=DIRECTION('',(3.88578058618805E-14,0.,-1.));
#13524=DIRECTION('',(-1.,0.,1.46432293415788E-15));
#13525=DIRECTION('',(0.,0.,-1.));
#13526=DIRECTION('center_axis',(-1.46432293415788E-15,0.,-1.));
#13527=DIRECTION('ref_axis',(-1.,0.,1.46549439250521E-15));
#13528=DIRECTION('',(0.,-1.,0.));
#13529=DIRECTION('',(0.,1.,0.));
#13530=DIRECTION('',(1.,0.,4.02455846426619E-14));
#13531=DIRECTION('',(0.,-1.,0.));
#13532=DIRECTION('',(0.,-1.,0.));
#13533=DIRECTION('',(-1.,0.,-4.02455846426619E-14));
#13534=DIRECTION('',(0.,1.,0.));
#13535=DIRECTION('center_axis',(0.,-1.,0.));
#13536=DIRECTION('ref_axis',(0.707106781186534,0.,0.707106781186561));
#13537=DIRECTION('',(0.,-1.,0.));
#13538=DIRECTION('center_axis',(0.,1.,0.));
#13539=DIRECTION('ref_axis',(1.,0.,4.02344824124157E-14));
#13540=DIRECTION('',(3.88578058618805E-14,0.,-1.));
#13541=DIRECTION('',(3.88578058618805E-14,0.,-1.));
#13542=DIRECTION('center_axis',(1.,0.,3.88578058618805E-14));
#13543=DIRECTION('ref_axis',(0.,-1.,0.));
#13544=DIRECTION('',(3.88578058618805E-14,0.,-1.));
#13545=DIRECTION('center_axis',(0.,-1.,0.));
#13546=DIRECTION('ref_axis',(-1.,0.,-4.02344824124157E-14));
#13547=DIRECTION('',(3.88578058618805E-14,0.,-1.));
#13548=DIRECTION('center_axis',(-1.,0.,-3.88578058618805E-14));
#13549=DIRECTION('ref_axis',(0.,1.,0.));
#13550=DIRECTION('center_axis',(-1.,0.,-3.88578058618805E-14));
#13551=DIRECTION('ref_axis',(0.,1.,0.));
#13552=DIRECTION('center_axis',(1.,0.,0.));
#13553=DIRECTION('ref_axis',(0.,0.,1.));
#13554=DIRECTION('center_axis',(1.,0.,0.));
#13555=DIRECTION('ref_axis',(0.,0.,1.));
#13556=DIRECTION('',(0.,0.,1.));
#13557=DIRECTION('',(0.,1.,0.));
#13558=DIRECTION('',(0.,0.,-1.));
#13559=DIRECTION('',(0.,-1.,0.));
#13560=DIRECTION('center_axis',(-1.,0.,-3.88578058618805E-14));
#13561=DIRECTION('ref_axis',(0.,1.,0.));
#13562=DIRECTION('',(-3.88578058618805E-14,0.,1.));
#13563=DIRECTION('',(0.,1.,0.));
#13564=DIRECTION('',(3.88578058618805E-14,0.,-1.));
#13565=DIRECTION('',(0.,1.,0.));
#13566=DIRECTION('center_axis',(-1.,0.,-3.88578058618805E-14));
#13567=DIRECTION('ref_axis',(0.,1.,0.));
#13568=DIRECTION('',(3.88578058618805E-14,0.,-1.));
#13569=DIRECTION('',(0.,1.,0.));
#13570=DIRECTION('',(3.88578058618805E-14,0.,-1.));
#13571=DIRECTION('',(0.,1.,0.));
#13572=DIRECTION('center_axis',(0.,-1.,0.));
#13573=DIRECTION('ref_axis',(-1.,0.,-4.02344824124157E-14));
#13574=DIRECTION('',(-1.,0.,-4.02455846426619E-14));
#13575=DIRECTION('',(-1.,0.,-4.02455846426619E-14));
#13576=DIRECTION('',(3.88578058618805E-14,0.,-1.));
#13577=DIRECTION('center_axis',(1.,0.,3.88578058618805E-14));
#13578=DIRECTION('ref_axis',(0.,-1.,0.));
#13579=DIRECTION('',(-3.88578058618805E-14,0.,1.));
#13580=DIRECTION('',(0.,-1.,0.));
#13581=DIRECTION('',(3.88578058618805E-14,0.,-1.));
#13582=DIRECTION('',(0.,-1.,0.));
#13583=DIRECTION('',(0.,-1.,0.));
#13584=DIRECTION('',(3.88578058618805E-14,0.,-1.));
#13585=DIRECTION('',(0.,-1.,0.));
#13586=DIRECTION('center_axis',(0.,1.,0.));
#13587=DIRECTION('ref_axis',(1.,0.,4.02344824124157E-14));
#13588=DIRECTION('',(1.,0.,4.02455846426619E-14));
#13589=DIRECTION('',(1.,0.,4.02455846426619E-14));
#13590=DIRECTION('center_axis',(0.,-1.,0.));
#13591=DIRECTION('ref_axis',(0.707106781186534,0.,0.707106781186561));
#13592=DIRECTION('center_axis',(0.,1.,0.));
#13593=DIRECTION('ref_axis',(0.707106781186534,0.,0.707106781186561));
#13594=DIRECTION('',(0.,1.,0.));
#13595=DIRECTION('center_axis',(0.,-1.,0.));
#13596=DIRECTION('ref_axis',(0.707106781186534,0.,0.707106781186561));
#13597=DIRECTION('center_axis',(-1.46432293415788E-15,0.,-1.));
#13598=DIRECTION('ref_axis',(-1.,0.,1.46549439250521E-15));
#13599=DIRECTION('',(1.,0.,-1.46432293415788E-15));
#13600=DIRECTION('',(-1.,0.,1.46432293415788E-15));
#13601=DIRECTION('',(1.,0.,3.88578058618805E-14));
#13602=DIRECTION('',(0.,1.,0.));
#13603=DIRECTION('',(-1.,0.,-3.88578058618805E-14));
#13604=DIRECTION('center_axis',(0.,1.,0.));
#13605=DIRECTION('ref_axis',(0.,0.,1.));
#13606=DIRECTION('',(1.,0.,0.));
#13607=DIRECTION('center_axis',(0.,-1.,0.));
#13608=DIRECTION('ref_axis',(0.,0.,-1.));
#13609=DIRECTION('',(-1.,0.,0.));
#13610=DIRECTION('center_axis',(0.,-1.,0.));
#13611=DIRECTION('ref_axis',(0.,0.,-1.));
#13612=DIRECTION('center_axis',(0.,-1.,0.));
#13613=DIRECTION('ref_axis',(0.707106781186545,0.,0.70710678118655));
#13614=DIRECTION('',(-4.42319930129542E-16,0.,-1.));
#13615=DIRECTION('',(1.,0.,0.));
#13616=DIRECTION('',(0.,0.,1.));
#13617=DIRECTION('center_axis',(0.,-1.,0.));
#13618=DIRECTION('ref_axis',(0.707106781186545,0.,0.70710678118655));
#13619=DIRECTION('center_axis',(0.,1.,0.));
#13620=DIRECTION('ref_axis',(0.707106781186545,0.,0.70710678118655));
#13621=DIRECTION('',(0.,-1.,0.));
#13622=DIRECTION('center_axis',(-1.,0.,4.42319930129542E-16));
#13623=DIRECTION('ref_axis',(3.5527136788005E-16,0.,1.));
#13624=DIRECTION('',(4.42319930129542E-16,0.,1.));
#13625=DIRECTION('',(3.96822648817047E-16,-0.441747493387157,0.897139427339008));
#13626=DIRECTION('',(-3.95871577233524E-16,-0.446087731062856,-0.89498923803317));
#13627=DIRECTION('',(-4.42319930129542E-16,0.,-1.));
#13628=DIRECTION('',(0.,1.,0.));
#13629=DIRECTION('',(4.42319930129542E-16,0.,1.));
#13630=DIRECTION('',(3.96822648817047E-16,-0.441747493387157,0.897139427339008));
#13631=DIRECTION('',(-3.65390675527626E-16,-0.563556089085665,-0.826077801695742));
#13632=DIRECTION('center_axis',(-4.02455846426619E-14,0.,1.));
#13633=DIRECTION('ref_axis',(1.,0.,4.02344824124157E-14));
#13634=DIRECTION('center_axis',(0.,0.897139427339008,0.441747493387158));
#13635=DIRECTION('ref_axis',(0.,0.441747493387158,-0.897139427339008));
#13636=DIRECTION('',(-1.,0.,0.));
#13637=DIRECTION('',(0.,0.441747493387157,-0.897139427339008));
#13638=DIRECTION('',(-1.,0.,0.));
#13639=DIRECTION('center_axis',(0.,-0.89498923803317,0.446087731062856));
#13640=DIRECTION('ref_axis',(0.,0.446087731062856,0.89498923803317));
#13641=DIRECTION('',(0.,0.446087731062856,0.89498923803317));
#13642=DIRECTION('',(-1.,0.,0.));
#13643=DIRECTION('center_axis',(0.,-1.,0.));
#13644=DIRECTION('ref_axis',(0.,0.,1.));
#13645=DIRECTION('',(1.,0.,0.));
#13646=DIRECTION('',(0.,0.,1.));
#13647=DIRECTION('center_axis',(0.,1.,0.));
#13648=DIRECTION('ref_axis',(0.,0.,-1.));
#13649=DIRECTION('',(-1.,0.,0.));
#13650=DIRECTION('',(0.,0.,-1.));
#13651=DIRECTION('',(-1.,0.,0.));
#13652=DIRECTION('center_axis',(0.,-0.826077801695742,0.563556089085665));
#13653=DIRECTION('ref_axis',(0.,0.563556089085665,0.826077801695742));
#13654=DIRECTION('',(-1.,0.,0.));
#13655=DIRECTION('',(0.,0.563556089085665,0.826077801695742));
#13656=DIRECTION('center_axis',(0.,0.897139427339008,0.441747493387157));
#13657=DIRECTION('ref_axis',(0.,0.441747493387157,-0.897139427339008));
#13658=DIRECTION('',(0.,0.441747493387157,-0.897139427339008));
#13659=DIRECTION('center_axis',(1.,0.,0.));
#13660=DIRECTION('ref_axis',(0.,0.,-1.));
#13661=DIRECTION('',(0.,1.,0.));
#13662=DIRECTION('',(0.,0.,-1.));
#13663=DIRECTION('center_axis',(0.,1.,0.));
#13664=DIRECTION('ref_axis',(0.,0.,1.));
#13665=DIRECTION('center_axis',(0.,0.,-1.));
#13666=DIRECTION('ref_axis',(-1.,0.,0.));
#13667=DIRECTION('center_axis',(0.,0.,-1.));
#13668=DIRECTION('ref_axis',(-1.,0.,0.));
#13669=DIRECTION('',(1.,0.,0.));
#13670=DIRECTION('',(0.,1.,0.));
#13671=DIRECTION('',(-1.,0.,0.));
#13672=DIRECTION('',(0.,1.,0.));
#13673=DIRECTION('center_axis',(0.,1.,0.));
#13674=DIRECTION('ref_axis',(0.,0.,1.));
#13675=DIRECTION('',(-3.88578058618805E-14,0.,1.));
#13676=DIRECTION('center_axis',(0.,-1.,0.));
#13677=DIRECTION('ref_axis',(0.707106781186534,0.,0.707106781186561));
#13678=DIRECTION('',(0.,0.,-1.));
#13679=DIRECTION('',(-1.,0.,0.));
#13680=DIRECTION('',(4.42319930129542E-16,0.,1.));
#13681=DIRECTION('center_axis',(0.,1.,0.));
#13682=DIRECTION('ref_axis',(0.707106781186545,0.,0.70710678118655));
#13683=DIRECTION('',(1.,0.,3.88578058618805E-14));
#13684=DIRECTION('center_axis',(1.,0.,0.));
#13685=DIRECTION('ref_axis',(0.,0.,-1.));
#13686=DIRECTION('',(0.,1.,0.));
#13687=DIRECTION('',(0.,0.,1.));
#13688=DIRECTION('',(0.,0.563556089085665,0.826077801695742));
#13689=DIRECTION('',(0.,0.441747493387157,-0.897139427339008));
#13690=DIRECTION('',(0.,0.,-1.));
#13691=DIRECTION('',(0.,0.,1.));
#13692=DIRECTION('',(0.,0.446087731062856,0.89498923803317));
#13693=DIRECTION('',(0.,0.441747493387157,-0.897139427339008));
#13694=DIRECTION('center_axis',(0.,0.897139427339008,0.441747493387157));
#13695=DIRECTION('ref_axis',(0.,0.441747493387157,-0.897139427339008));
#13696=DIRECTION('',(-1.,0.,0.));
#13697=DIRECTION('',(3.96822648817047E-16,-0.441747493387157,0.897139427339008));
#13698=DIRECTION('',(-1.,0.,0.));
#13699=DIRECTION('center_axis',(0.,-0.826077801695742,0.563556089085665));
#13700=DIRECTION('ref_axis',(0.,0.563556089085665,0.826077801695742));
#13701=DIRECTION('',(1.,0.,0.));
#13702=DIRECTION('',(-3.65390675527626E-16,-0.563556089085665,-0.826077801695742));
#13703=DIRECTION('center_axis',(0.,1.,0.));
#13704=DIRECTION('ref_axis',(0.,0.,-1.));
#13705=DIRECTION('',(4.42319930129542E-16,0.,1.));
#13706=DIRECTION('center_axis',(0.,-1.,0.));
#13707=DIRECTION('ref_axis',(0.,0.,1.));
#13708=DIRECTION('',(-4.42319930129542E-16,0.,-1.));
#13709=DIRECTION('',(-1.,0.,0.));
#13710=DIRECTION('center_axis',(0.,-0.89498923803317,0.446087731062856));
#13711=DIRECTION('ref_axis',(0.,0.446087731062856,0.89498923803317));
#13712=DIRECTION('',(-3.95871577233524E-16,-0.446087731062856,-0.89498923803317));
#13713=DIRECTION('',(-1.,0.,0.));
#13714=DIRECTION('center_axis',(0.,0.897139427339008,0.441747493387158));
#13715=DIRECTION('ref_axis',(0.,0.441747493387158,-0.897139427339008));
#13716=DIRECTION('',(3.96822648817047E-16,-0.441747493387158,0.897139427339008));
#13717=DIRECTION('center_axis',(-4.02455846426619E-14,0.,1.));
#13718=DIRECTION('ref_axis',(1.,0.,4.02344824124157E-14));
#13719=DIRECTION('',(1.,0.,0.));
#13720=DIRECTION('',(0.,1.,0.));
#13721=DIRECTION('',(-1.,0.,0.));
#13722=DIRECTION('',(0.,1.,0.));
#13723=DIRECTION('',(-1.,0.,-4.02455846426619E-14));
#13724=DIRECTION('',(0.,-1.,0.));
#13725=DIRECTION('',(1.,0.,4.02455846426619E-14));
#13726=DIRECTION('',(0.,1.,0.));
#13727=DIRECTION('center_axis',(-1.,0.,4.42319930129542E-16));
#13728=DIRECTION('ref_axis',(3.5527136788005E-16,0.,1.));
#13729=DIRECTION('',(0.,-1.,0.));
#13730=DIRECTION('',(-4.42319930129542E-16,0.,-1.));
#13731=DIRECTION('center_axis',(0.,-1.,0.));
#13732=DIRECTION('ref_axis',(0.707106781186545,0.,0.70710678118655));
#13733=DIRECTION('center_axis',(0.,-1.,0.));
#13734=DIRECTION('ref_axis',(0.707106781186545,0.,0.70710678118655));
#13735=DIRECTION('',(0.,1.,0.));
#13736=DIRECTION('center_axis',(0.,-1.,0.));
#13737=DIRECTION('ref_axis',(0.,0.,-1.));
#13738=DIRECTION('',(3.88578058618805E-14,0.,-1.));
#13739=DIRECTION('',(-1.,0.,-3.88578058618805E-14));
#13740=DIRECTION('center_axis',(0.,1.,0.));
#13741=DIRECTION('ref_axis',(0.707106781186534,0.,0.707106781186561));
#13742=DIRECTION('center_axis',(0.,-1.,0.));
#13743=DIRECTION('ref_axis',(0.,0.,-1.));
#13744=DIRECTION('',(-3.88578058618805E-14,0.,1.));
#13745=DIRECTION('',(0.,0.,1.));
#13746=DIRECTION('',(1.,0.,-1.46432293415788E-15));
#13747=DIRECTION('center_axis',(0.,1.,0.));
#13748=DIRECTION('ref_axis',(0.,0.,1.));
#13749=DIRECTION('',(3.88578058618805E-14,0.,-1.));
#13750=DIRECTION('',(-1.,0.,1.46432293415788E-15));
#13751=DIRECTION('',(0.,0.,-1.));
#13752=DIRECTION('center_axis',(-1.46432293415788E-15,0.,-1.));
#13753=DIRECTION('ref_axis',(-1.,0.,1.46549439250521E-15));
#13754=DIRECTION('',(0.,-1.,0.));
#13755=DIRECTION('',(0.,1.,0.));
#13756=DIRECTION('',(1.,0.,4.02455846426619E-14));
#13757=DIRECTION('',(0.,-1.,0.));
#13758=DIRECTION('',(0.,-1.,0.));
#13759=DIRECTION('',(-1.,0.,-4.02455846426619E-14));
#13760=DIRECTION('',(0.,1.,0.));
#13761=DIRECTION('center_axis',(0.,-1.,0.));
#13762=DIRECTION('ref_axis',(0.707106781186534,0.,0.707106781186561));
#13763=DIRECTION('',(0.,-1.,0.));
#13764=DIRECTION('center_axis',(0.,1.,0.));
#13765=DIRECTION('ref_axis',(1.,0.,4.02344824124157E-14));
#13766=DIRECTION('',(3.88578058618805E-14,0.,-1.));
#13767=DIRECTION('',(3.88578058618805E-14,0.,-1.));
#13768=DIRECTION('center_axis',(1.,0.,3.88578058618805E-14));
#13769=DIRECTION('ref_axis',(0.,-1.,0.));
#13770=DIRECTION('',(3.88578058618805E-14,0.,-1.));
#13771=DIRECTION('center_axis',(0.,-1.,0.));
#13772=DIRECTION('ref_axis',(-1.,0.,-4.02344824124157E-14));
#13773=DIRECTION('',(3.88578058618805E-14,0.,-1.));
#13774=DIRECTION('center_axis',(-1.,0.,-3.88578058618805E-14));
#13775=DIRECTION('ref_axis',(0.,1.,0.));
#13776=DIRECTION('center_axis',(-1.,0.,-3.88578058618805E-14));
#13777=DIRECTION('ref_axis',(0.,1.,0.));
#13778=DIRECTION('center_axis',(1.,0.,0.));
#13779=DIRECTION('ref_axis',(0.,0.,1.));
#13780=DIRECTION('center_axis',(1.,0.,0.));
#13781=DIRECTION('ref_axis',(0.,0.,1.));
#13782=DIRECTION('',(0.,0.,-1.));
#13783=DIRECTION('',(0.,-1.,0.));
#13784=DIRECTION('',(0.,0.,1.));
#13785=DIRECTION('',(0.,1.,0.));
#13786=DIRECTION('center_axis',(-1.,0.,-3.88578058618805E-14));
#13787=DIRECTION('ref_axis',(0.,1.,0.));
#13788=DIRECTION('',(-3.88578058618805E-14,0.,1.));
#13789=DIRECTION('',(0.,1.,0.));
#13790=DIRECTION('',(3.88578058618805E-14,0.,-1.));
#13791=DIRECTION('',(0.,1.,0.));
#13792=DIRECTION('center_axis',(-1.,0.,-3.88578058618805E-14));
#13793=DIRECTION('ref_axis',(0.,1.,0.));
#13794=DIRECTION('',(3.88578058618805E-14,0.,-1.));
#13795=DIRECTION('',(0.,1.,0.));
#13796=DIRECTION('',(3.88578058618805E-14,0.,-1.));
#13797=DIRECTION('',(0.,1.,0.));
#13798=DIRECTION('center_axis',(0.,-1.,0.));
#13799=DIRECTION('ref_axis',(-1.,0.,-4.02344824124157E-14));
#13800=DIRECTION('',(-1.,0.,-4.02455846426619E-14));
#13801=DIRECTION('',(-1.,0.,-4.02455846426619E-14));
#13802=DIRECTION('',(3.88578058618805E-14,0.,-1.));
#13803=DIRECTION('center_axis',(1.,0.,3.88578058618805E-14));
#13804=DIRECTION('ref_axis',(0.,-1.,0.));
#13805=DIRECTION('',(-3.88578058618805E-14,0.,1.));
#13806=DIRECTION('',(0.,-1.,0.));
#13807=DIRECTION('',(3.88578058618805E-14,0.,-1.));
#13808=DIRECTION('',(0.,-1.,0.));
#13809=DIRECTION('',(0.,-1.,0.));
#13810=DIRECTION('',(3.88578058618805E-14,0.,-1.));
#13811=DIRECTION('',(0.,-1.,0.));
#13812=DIRECTION('center_axis',(0.,1.,0.));
#13813=DIRECTION('ref_axis',(1.,0.,4.02344824124157E-14));
#13814=DIRECTION('',(1.,0.,4.02455846426619E-14));
#13815=DIRECTION('',(1.,0.,4.02455846426619E-14));
#13816=DIRECTION('center_axis',(0.,-1.,0.));
#13817=DIRECTION('ref_axis',(0.707106781186534,0.,0.707106781186561));
#13818=DIRECTION('center_axis',(0.,1.,0.));
#13819=DIRECTION('ref_axis',(0.707106781186534,0.,0.707106781186561));
#13820=DIRECTION('',(0.,1.,0.));
#13821=DIRECTION('center_axis',(0.,-1.,0.));
#13822=DIRECTION('ref_axis',(0.707106781186534,0.,0.707106781186561));
#13823=DIRECTION('center_axis',(-1.46432293415788E-15,0.,-1.));
#13824=DIRECTION('ref_axis',(-1.,0.,1.46549439250521E-15));
#13825=DIRECTION('',(1.,0.,-1.46432293415788E-15));
#13826=DIRECTION('',(-1.,0.,1.46432293415788E-15));
#13827=DIRECTION('',(1.,0.,3.88578058618805E-14));
#13828=DIRECTION('',(0.,1.,0.));
#13829=DIRECTION('',(-1.,0.,-3.88578058618805E-14));
#13830=DIRECTION('center_axis',(0.,1.,0.));
#13831=DIRECTION('ref_axis',(0.,0.,1.));
#13832=DIRECTION('',(1.,0.,0.));
#13833=DIRECTION('center_axis',(0.,-1.,0.));
#13834=DIRECTION('ref_axis',(0.,0.,-1.));
#13835=DIRECTION('',(-1.,0.,0.));
#13836=DIRECTION('center_axis',(0.,-1.,0.));
#13837=DIRECTION('ref_axis',(0.,0.,-1.));
#13838=DIRECTION('center_axis',(0.,-1.,0.));
#13839=DIRECTION('ref_axis',(0.707106781186545,0.,0.70710678118655));
#13840=DIRECTION('',(-4.42319930129542E-16,0.,-1.));
#13841=DIRECTION('',(1.,0.,0.));
#13842=DIRECTION('',(0.,0.,1.));
#13843=DIRECTION('center_axis',(0.,-1.,0.));
#13844=DIRECTION('ref_axis',(0.707106781186545,0.,0.70710678118655));
#13845=DIRECTION('center_axis',(0.,1.,0.));
#13846=DIRECTION('ref_axis',(0.707106781186545,0.,0.70710678118655));
#13847=DIRECTION('',(0.,-1.,0.));
#13848=DIRECTION('center_axis',(-1.,0.,4.42319930129542E-16));
#13849=DIRECTION('ref_axis',(3.5527136788005E-16,0.,1.));
#13850=DIRECTION('',(4.42319930129542E-16,0.,1.));
#13851=DIRECTION('',(3.96822648817047E-16,-0.441747493387157,0.897139427339008));
#13852=DIRECTION('',(-3.95871577233524E-16,-0.446087731062856,-0.89498923803317));
#13853=DIRECTION('',(-4.42319930129542E-16,0.,-1.));
#13854=DIRECTION('',(0.,1.,0.));
#13855=DIRECTION('',(4.42319930129542E-16,0.,1.));
#13856=DIRECTION('',(3.96822648817048E-16,-0.441747493387157,0.897139427339008));
#13857=DIRECTION('',(-3.65390675527626E-16,-0.563556089085665,-0.826077801695742));
#13858=DIRECTION('center_axis',(-4.02455846426619E-14,0.,1.));
#13859=DIRECTION('ref_axis',(1.,0.,4.02344824124157E-14));
#13860=DIRECTION('center_axis',(0.,0.897139427339008,0.441747493387158));
#13861=DIRECTION('ref_axis',(0.,0.441747493387158,-0.897139427339008));
#13862=DIRECTION('',(-1.,0.,0.));
#13863=DIRECTION('',(0.,0.441747493387157,-0.897139427339008));
#13864=DIRECTION('',(-1.,0.,0.));
#13865=DIRECTION('center_axis',(0.,-0.89498923803317,0.446087731062856));
#13866=DIRECTION('ref_axis',(0.,0.446087731062856,0.89498923803317));
#13867=DIRECTION('',(0.,0.446087731062856,0.89498923803317));
#13868=DIRECTION('',(-1.,0.,0.));
#13869=DIRECTION('center_axis',(0.,-1.,0.));
#13870=DIRECTION('ref_axis',(0.,0.,1.));
#13871=DIRECTION('',(1.,0.,0.));
#13872=DIRECTION('',(0.,0.,1.));
#13873=DIRECTION('center_axis',(0.,1.,0.));
#13874=DIRECTION('ref_axis',(0.,0.,-1.));
#13875=DIRECTION('',(-1.,0.,0.));
#13876=DIRECTION('',(0.,0.,-1.));
#13877=DIRECTION('',(-1.,0.,0.));
#13878=DIRECTION('center_axis',(0.,-0.826077801695742,0.563556089085665));
#13879=DIRECTION('ref_axis',(0.,0.563556089085665,0.826077801695742));
#13880=DIRECTION('',(-1.,0.,0.));
#13881=DIRECTION('',(0.,0.563556089085665,0.826077801695742));
#13882=DIRECTION('center_axis',(0.,0.897139427339008,0.441747493387157));
#13883=DIRECTION('ref_axis',(0.,0.441747493387157,-0.897139427339008));
#13884=DIRECTION('',(0.,0.441747493387157,-0.897139427339008));
#13885=DIRECTION('center_axis',(1.,0.,0.));
#13886=DIRECTION('ref_axis',(0.,0.,-1.));
#13887=DIRECTION('',(0.,1.,0.));
#13888=DIRECTION('',(0.,0.,-1.));
#13889=DIRECTION('center_axis',(0.,1.,0.));
#13890=DIRECTION('ref_axis',(0.,0.,1.));
#13891=DIRECTION('center_axis',(0.,0.,-1.));
#13892=DIRECTION('ref_axis',(-1.,0.,0.));
#13893=DIRECTION('center_axis',(0.,0.,-1.));
#13894=DIRECTION('ref_axis',(-1.,0.,0.));
#13895=DIRECTION('',(1.,0.,0.));
#13896=DIRECTION('',(0.,1.,0.));
#13897=DIRECTION('',(-1.,0.,0.));
#13898=DIRECTION('',(0.,1.,0.));
#13899=DIRECTION('center_axis',(0.,1.,0.));
#13900=DIRECTION('ref_axis',(0.,0.,1.));
#13901=DIRECTION('',(-3.88578058618805E-14,0.,1.));
#13902=DIRECTION('center_axis',(0.,-1.,0.));
#13903=DIRECTION('ref_axis',(0.707106781186534,0.,0.707106781186561));
#13904=DIRECTION('',(0.,0.,-1.));
#13905=DIRECTION('',(-1.,0.,0.));
#13906=DIRECTION('',(4.42319930129542E-16,0.,1.));
#13907=DIRECTION('center_axis',(0.,1.,0.));
#13908=DIRECTION('ref_axis',(0.707106781186545,0.,0.70710678118655));
#13909=DIRECTION('',(1.,0.,3.88578058618805E-14));
#13910=DIRECTION('center_axis',(1.,0.,0.));
#13911=DIRECTION('ref_axis',(0.,0.,-1.));
#13912=DIRECTION('',(0.,1.,0.));
#13913=DIRECTION('',(0.,0.,1.));
#13914=DIRECTION('',(0.,0.563556089085665,0.826077801695742));
#13915=DIRECTION('',(0.,0.441747493387157,-0.897139427339008));
#13916=DIRECTION('',(0.,0.,-1.));
#13917=DIRECTION('',(0.,0.,1.));
#13918=DIRECTION('',(0.,0.446087731062856,0.89498923803317));
#13919=DIRECTION('',(0.,0.441747493387157,-0.897139427339008));
#13920=DIRECTION('center_axis',(0.,0.897139427339008,0.441747493387157));
#13921=DIRECTION('ref_axis',(0.,0.441747493387157,-0.897139427339008));
#13922=DIRECTION('',(-1.,0.,0.));
#13923=DIRECTION('',(3.96822648817048E-16,-0.441747493387157,0.897139427339008));
#13924=DIRECTION('',(-1.,0.,0.));
#13925=DIRECTION('center_axis',(0.,-0.826077801695742,0.563556089085665));
#13926=DIRECTION('ref_axis',(0.,0.563556089085665,0.826077801695742));
#13927=DIRECTION('',(1.,0.,0.));
#13928=DIRECTION('',(-3.65390675527626E-16,-0.563556089085665,-0.826077801695742));
#13929=DIRECTION('center_axis',(0.,1.,0.));
#13930=DIRECTION('ref_axis',(0.,0.,-1.));
#13931=DIRECTION('',(4.42319930129542E-16,0.,1.));
#13932=DIRECTION('center_axis',(0.,-1.,0.));
#13933=DIRECTION('ref_axis',(0.,0.,1.));
#13934=DIRECTION('',(-4.42319930129542E-16,0.,-1.));
#13935=DIRECTION('',(-1.,0.,0.));
#13936=DIRECTION('center_axis',(0.,-0.89498923803317,0.446087731062856));
#13937=DIRECTION('ref_axis',(0.,0.446087731062856,0.89498923803317));
#13938=DIRECTION('',(-3.95871577233524E-16,-0.446087731062856,-0.89498923803317));
#13939=DIRECTION('',(-1.,0.,0.));
#13940=DIRECTION('center_axis',(0.,0.897139427339008,0.441747493387158));
#13941=DIRECTION('ref_axis',(0.,0.441747493387158,-0.897139427339008));
#13942=DIRECTION('',(3.96822648817047E-16,-0.441747493387157,0.897139427339008));
#13943=DIRECTION('center_axis',(-4.02455846426619E-14,0.,1.));
#13944=DIRECTION('ref_axis',(1.,0.,4.02344824124157E-14));
#13945=DIRECTION('',(1.,0.,0.));
#13946=DIRECTION('',(0.,1.,0.));
#13947=DIRECTION('',(-1.,0.,0.));
#13948=DIRECTION('',(0.,1.,0.));
#13949=DIRECTION('',(-1.,0.,-4.02455846426619E-14));
#13950=DIRECTION('',(0.,-1.,0.));
#13951=DIRECTION('',(1.,0.,4.02455846426619E-14));
#13952=DIRECTION('',(0.,1.,0.));
#13953=DIRECTION('center_axis',(-1.,0.,4.42319930129542E-16));
#13954=DIRECTION('ref_axis',(3.5527136788005E-16,0.,1.));
#13955=DIRECTION('',(0.,-1.,0.));
#13956=DIRECTION('',(-4.42319930129542E-16,0.,-1.));
#13957=DIRECTION('center_axis',(0.,-1.,0.));
#13958=DIRECTION('ref_axis',(0.707106781186545,0.,0.70710678118655));
#13959=DIRECTION('center_axis',(0.,-1.,0.));
#13960=DIRECTION('ref_axis',(0.707106781186545,0.,0.70710678118655));
#13961=DIRECTION('',(0.,1.,0.));
#13962=DIRECTION('center_axis',(0.,-1.,0.));
#13963=DIRECTION('ref_axis',(0.,0.,-1.));
#13964=DIRECTION('',(3.88578058618805E-14,0.,-1.));
#13965=DIRECTION('',(-1.,0.,-3.88578058618805E-14));
#13966=DIRECTION('center_axis',(0.,1.,0.));
#13967=DIRECTION('ref_axis',(0.707106781186534,0.,0.707106781186561));
#13968=DIRECTION('center_axis',(0.,-1.,0.));
#13969=DIRECTION('ref_axis',(0.,0.,-1.));
#13970=DIRECTION('',(-3.88578058618805E-14,0.,1.));
#13971=DIRECTION('',(0.,0.,1.));
#13972=DIRECTION('',(1.,0.,-1.46432293415788E-15));
#13973=DIRECTION('center_axis',(0.,1.,0.));
#13974=DIRECTION('ref_axis',(0.,0.,1.));
#13975=DIRECTION('',(3.88578058618805E-14,0.,-1.));
#13976=DIRECTION('',(-1.,0.,1.46432293415788E-15));
#13977=DIRECTION('',(0.,0.,-1.));
#13978=DIRECTION('center_axis',(-1.46432293415788E-15,0.,-1.));
#13979=DIRECTION('ref_axis',(-1.,0.,1.46549439250521E-15));
#13980=DIRECTION('',(0.,-1.,0.));
#13981=DIRECTION('',(0.,1.,0.));
#13982=DIRECTION('',(1.,0.,4.02455846426619E-14));
#13983=DIRECTION('',(0.,-1.,0.));
#13984=DIRECTION('',(0.,-1.,0.));
#13985=DIRECTION('',(-1.,0.,-4.02455846426619E-14));
#13986=DIRECTION('',(0.,1.,0.));
#13987=DIRECTION('center_axis',(0.,-1.,0.));
#13988=DIRECTION('ref_axis',(0.707106781186534,0.,0.707106781186561));
#13989=DIRECTION('',(0.,-1.,0.));
#13990=DIRECTION('center_axis',(0.,1.,0.));
#13991=DIRECTION('ref_axis',(1.,0.,4.02344824124157E-14));
#13992=DIRECTION('',(3.88578058618805E-14,0.,-1.));
#13993=DIRECTION('',(3.88578058618805E-14,0.,-1.));
#13994=DIRECTION('center_axis',(1.,0.,3.88578058618805E-14));
#13995=DIRECTION('ref_axis',(0.,-1.,0.));
#13996=DIRECTION('',(3.88578058618805E-14,0.,-1.));
#13997=DIRECTION('center_axis',(0.,-1.,0.));
#13998=DIRECTION('ref_axis',(-1.,0.,-4.02344824124157E-14));
#13999=DIRECTION('',(3.88578058618805E-14,0.,-1.));
#14000=DIRECTION('center_axis',(-1.,0.,-3.88578058618805E-14));
#14001=DIRECTION('ref_axis',(0.,1.,0.));
#14002=DIRECTION('center_axis',(-1.,0.,-3.88578058618805E-14));
#14003=DIRECTION('ref_axis',(0.,1.,0.));
#14004=DIRECTION('center_axis',(1.,0.,0.));
#14005=DIRECTION('ref_axis',(0.,0.,1.));
#14006=DIRECTION('center_axis',(1.,0.,0.));
#14007=DIRECTION('ref_axis',(0.,0.,1.));
#14008=DIRECTION('',(0.,0.,-1.));
#14009=DIRECTION('',(0.,-1.,0.));
#14010=DIRECTION('',(0.,0.,1.));
#14011=DIRECTION('',(0.,1.,0.));
#14012=DIRECTION('center_axis',(-1.,0.,-3.88578058618805E-14));
#14013=DIRECTION('ref_axis',(0.,1.,0.));
#14014=DIRECTION('',(-3.88578058618805E-14,0.,1.));
#14015=DIRECTION('',(0.,1.,0.));
#14016=DIRECTION('',(3.88578058618805E-14,0.,-1.));
#14017=DIRECTION('',(0.,1.,0.));
#14018=DIRECTION('center_axis',(-1.,0.,-3.88578058618805E-14));
#14019=DIRECTION('ref_axis',(0.,1.,0.));
#14020=DIRECTION('',(3.88578058618805E-14,0.,-1.));
#14021=DIRECTION('',(0.,1.,0.));
#14022=DIRECTION('',(3.88578058618805E-14,0.,-1.));
#14023=DIRECTION('',(0.,1.,0.));
#14024=DIRECTION('center_axis',(0.,-1.,0.));
#14025=DIRECTION('ref_axis',(-1.,0.,-4.02344824124157E-14));
#14026=DIRECTION('',(-1.,0.,-4.02455846426619E-14));
#14027=DIRECTION('',(-1.,0.,-4.02455846426619E-14));
#14028=DIRECTION('',(3.88578058618805E-14,0.,-1.));
#14029=DIRECTION('center_axis',(1.,0.,3.88578058618805E-14));
#14030=DIRECTION('ref_axis',(0.,-1.,0.));
#14031=DIRECTION('',(-3.88578058618805E-14,0.,1.));
#14032=DIRECTION('',(0.,-1.,0.));
#14033=DIRECTION('',(3.88578058618805E-14,0.,-1.));
#14034=DIRECTION('',(0.,-1.,0.));
#14035=DIRECTION('',(0.,-1.,0.));
#14036=DIRECTION('',(3.88578058618805E-14,0.,-1.));
#14037=DIRECTION('',(0.,-1.,0.));
#14038=DIRECTION('center_axis',(0.,1.,0.));
#14039=DIRECTION('ref_axis',(1.,0.,4.02344824124157E-14));
#14040=DIRECTION('',(1.,0.,4.02455846426619E-14));
#14041=DIRECTION('',(1.,0.,4.02455846426619E-14));
#14042=DIRECTION('center_axis',(0.,-1.,0.));
#14043=DIRECTION('ref_axis',(0.707106781186534,0.,0.707106781186561));
#14044=DIRECTION('center_axis',(0.,1.,0.));
#14045=DIRECTION('ref_axis',(0.707106781186534,0.,0.707106781186561));
#14046=DIRECTION('',(0.,1.,0.));
#14047=DIRECTION('center_axis',(0.,-1.,0.));
#14048=DIRECTION('ref_axis',(0.707106781186534,0.,0.707106781186561));
#14049=DIRECTION('center_axis',(-1.46432293415788E-15,0.,-1.));
#14050=DIRECTION('ref_axis',(-1.,0.,1.46549439250521E-15));
#14051=DIRECTION('',(1.,0.,-1.46432293415788E-15));
#14052=DIRECTION('',(-1.,0.,1.46432293415788E-15));
#14053=DIRECTION('',(1.,0.,3.88578058618805E-14));
#14054=DIRECTION('',(0.,1.,0.));
#14055=DIRECTION('',(-1.,0.,-3.88578058618805E-14));
#14056=DIRECTION('center_axis',(0.,1.,0.));
#14057=DIRECTION('ref_axis',(0.,0.,1.));
#14058=DIRECTION('',(1.,0.,0.));
#14059=DIRECTION('center_axis',(0.,-1.,0.));
#14060=DIRECTION('ref_axis',(0.,0.,-1.));
#14061=DIRECTION('',(-1.,0.,0.));
#14062=DIRECTION('center_axis',(0.,-1.,0.));
#14063=DIRECTION('ref_axis',(0.,0.,-1.));
#14064=DIRECTION('center_axis',(0.,-1.,0.));
#14065=DIRECTION('ref_axis',(0.707106781186545,0.,0.70710678118655));
#14066=DIRECTION('',(-4.42319930129542E-16,0.,-1.));
#14067=DIRECTION('',(1.,0.,0.));
#14068=DIRECTION('',(0.,0.,1.));
#14069=DIRECTION('center_axis',(0.,-1.,0.));
#14070=DIRECTION('ref_axis',(0.707106781186545,0.,0.70710678118655));
#14071=DIRECTION('center_axis',(0.,1.,0.));
#14072=DIRECTION('ref_axis',(0.707106781186545,0.,0.70710678118655));
#14073=DIRECTION('',(0.,-1.,0.));
#14074=DIRECTION('center_axis',(-1.,0.,4.42319930129542E-16));
#14075=DIRECTION('ref_axis',(3.5527136788005E-16,0.,1.));
#14076=DIRECTION('',(4.42319930129542E-16,0.,1.));
#14077=DIRECTION('',(3.96822648817047E-16,-0.441747493387157,0.897139427339008));
#14078=DIRECTION('',(-3.95871577233524E-16,-0.446087731062856,-0.89498923803317));
#14079=DIRECTION('',(-4.42319930129542E-16,0.,-1.));
#14080=DIRECTION('',(0.,1.,0.));
#14081=DIRECTION('',(4.42319930129542E-16,0.,1.));
#14082=DIRECTION('',(3.96822648817047E-16,-0.441747493387157,0.897139427339008));
#14083=DIRECTION('',(-3.65390675527626E-16,-0.563556089085665,-0.826077801695742));
#14084=DIRECTION('center_axis',(-4.02455846426619E-14,0.,1.));
#14085=DIRECTION('ref_axis',(1.,0.,4.02344824124157E-14));
#14086=DIRECTION('center_axis',(0.,0.897139427339008,0.441747493387158));
#14087=DIRECTION('ref_axis',(0.,0.441747493387158,-0.897139427339008));
#14088=DIRECTION('',(-1.,0.,0.));
#14089=DIRECTION('',(0.,0.441747493387157,-0.897139427339008));
#14090=DIRECTION('',(-1.,0.,0.));
#14091=DIRECTION('center_axis',(0.,-0.89498923803317,0.446087731062856));
#14092=DIRECTION('ref_axis',(0.,0.446087731062856,0.89498923803317));
#14093=DIRECTION('',(0.,0.446087731062856,0.89498923803317));
#14094=DIRECTION('',(-1.,0.,0.));
#14095=DIRECTION('center_axis',(0.,-1.,0.));
#14096=DIRECTION('ref_axis',(0.,0.,1.));
#14097=DIRECTION('',(1.,0.,0.));
#14098=DIRECTION('',(0.,0.,1.));
#14099=DIRECTION('center_axis',(0.,1.,0.));
#14100=DIRECTION('ref_axis',(0.,0.,-1.));
#14101=DIRECTION('',(-1.,0.,0.));
#14102=DIRECTION('',(0.,0.,-1.));
#14103=DIRECTION('',(-1.,0.,0.));
#14104=DIRECTION('center_axis',(0.,-0.826077801695742,0.563556089085665));
#14105=DIRECTION('ref_axis',(0.,0.563556089085665,0.826077801695742));
#14106=DIRECTION('',(-1.,0.,0.));
#14107=DIRECTION('',(0.,0.563556089085665,0.826077801695742));
#14108=DIRECTION('center_axis',(0.,0.897139427339008,0.441747493387157));
#14109=DIRECTION('ref_axis',(0.,0.441747493387157,-0.897139427339008));
#14110=DIRECTION('',(0.,0.441747493387157,-0.897139427339008));
#14111=DIRECTION('center_axis',(1.,0.,0.));
#14112=DIRECTION('ref_axis',(0.,0.,-1.));
#14113=DIRECTION('',(0.,1.,0.));
#14114=DIRECTION('',(0.,0.,-1.));
#14115=DIRECTION('center_axis',(0.,1.,0.));
#14116=DIRECTION('ref_axis',(0.,0.,1.));
#14117=DIRECTION('center_axis',(0.,0.,-1.));
#14118=DIRECTION('ref_axis',(-1.,0.,0.));
#14119=DIRECTION('center_axis',(0.,0.,-1.));
#14120=DIRECTION('ref_axis',(-1.,0.,0.));
#14121=DIRECTION('',(1.,0.,0.));
#14122=DIRECTION('',(0.,1.,0.));
#14123=DIRECTION('',(-1.,0.,0.));
#14124=DIRECTION('',(0.,1.,0.));
#14125=DIRECTION('center_axis',(0.,1.,0.));
#14126=DIRECTION('ref_axis',(0.,0.,1.));
#14127=DIRECTION('',(-3.88578058618805E-14,0.,1.));
#14128=DIRECTION('center_axis',(0.,-1.,0.));
#14129=DIRECTION('ref_axis',(0.707106781186534,0.,0.707106781186561));
#14130=DIRECTION('',(0.,0.,-1.));
#14131=DIRECTION('',(-1.,0.,0.));
#14132=DIRECTION('',(4.42319930129542E-16,0.,1.));
#14133=DIRECTION('center_axis',(0.,1.,0.));
#14134=DIRECTION('ref_axis',(0.707106781186545,0.,0.70710678118655));
#14135=DIRECTION('',(1.,0.,3.88578058618805E-14));
#14136=DIRECTION('center_axis',(1.,0.,0.));
#14137=DIRECTION('ref_axis',(0.,0.,-1.));
#14138=DIRECTION('',(0.,1.,0.));
#14139=DIRECTION('',(0.,0.,1.));
#14140=DIRECTION('',(0.,0.563556089085665,0.826077801695742));
#14141=DIRECTION('',(0.,0.441747493387157,-0.897139427339008));
#14142=DIRECTION('',(0.,0.,-1.));
#14143=DIRECTION('',(0.,0.,1.));
#14144=DIRECTION('',(0.,0.446087731062856,0.89498923803317));
#14145=DIRECTION('',(0.,0.441747493387157,-0.897139427339008));
#14146=DIRECTION('center_axis',(0.,0.897139427339008,0.441747493387157));
#14147=DIRECTION('ref_axis',(0.,0.441747493387157,-0.897139427339008));
#14148=DIRECTION('',(-1.,0.,0.));
#14149=DIRECTION('',(3.96822648817047E-16,-0.441747493387157,0.897139427339008));
#14150=DIRECTION('',(-1.,0.,0.));
#14151=DIRECTION('center_axis',(0.,-0.826077801695742,0.563556089085665));
#14152=DIRECTION('ref_axis',(0.,0.563556089085665,0.826077801695742));
#14153=DIRECTION('',(1.,0.,0.));
#14154=DIRECTION('',(-3.65390675527626E-16,-0.563556089085665,-0.826077801695742));
#14155=DIRECTION('center_axis',(0.,1.,0.));
#14156=DIRECTION('ref_axis',(0.,0.,-1.));
#14157=DIRECTION('',(4.42319930129542E-16,0.,1.));
#14158=DIRECTION('center_axis',(0.,-1.,0.));
#14159=DIRECTION('ref_axis',(0.,0.,1.));
#14160=DIRECTION('',(-4.42319930129542E-16,0.,-1.));
#14161=DIRECTION('',(-1.,0.,0.));
#14162=DIRECTION('center_axis',(0.,-0.89498923803317,0.446087731062856));
#14163=DIRECTION('ref_axis',(0.,0.446087731062856,0.89498923803317));
#14164=DIRECTION('',(-3.95871577233524E-16,-0.446087731062856,-0.89498923803317));
#14165=DIRECTION('',(-1.,0.,0.));
#14166=DIRECTION('center_axis',(0.,0.897139427339008,0.441747493387158));
#14167=DIRECTION('ref_axis',(0.,0.441747493387158,-0.897139427339008));
#14168=DIRECTION('',(3.96822648817047E-16,-0.441747493387157,0.897139427339008));
#14169=DIRECTION('center_axis',(-4.02455846426619E-14,0.,1.));
#14170=DIRECTION('ref_axis',(1.,0.,4.02344824124157E-14));
#14171=DIRECTION('',(1.,0.,0.));
#14172=DIRECTION('',(0.,1.,0.));
#14173=DIRECTION('',(-1.,0.,0.));
#14174=DIRECTION('',(0.,1.,0.));
#14175=DIRECTION('',(-1.,0.,-4.02455846426619E-14));
#14176=DIRECTION('',(0.,-1.,0.));
#14177=DIRECTION('',(1.,0.,4.02455846426619E-14));
#14178=DIRECTION('',(0.,1.,0.));
#14179=DIRECTION('center_axis',(-1.,0.,4.42319930129542E-16));
#14180=DIRECTION('ref_axis',(3.5527136788005E-16,0.,1.));
#14181=DIRECTION('',(0.,-1.,0.));
#14182=DIRECTION('',(-4.42319930129542E-16,0.,-1.));
#14183=DIRECTION('center_axis',(0.,-1.,0.));
#14184=DIRECTION('ref_axis',(0.707106781186545,0.,0.70710678118655));
#14185=DIRECTION('center_axis',(0.,-1.,0.));
#14186=DIRECTION('ref_axis',(0.707106781186545,0.,0.70710678118655));
#14187=DIRECTION('',(0.,1.,0.));
#14188=DIRECTION('center_axis',(0.,-1.,0.));
#14189=DIRECTION('ref_axis',(0.,0.,-1.));
#14190=DIRECTION('',(3.88578058618805E-14,0.,-1.));
#14191=DIRECTION('',(-1.,0.,-3.88578058618805E-14));
#14192=DIRECTION('center_axis',(0.,1.,0.));
#14193=DIRECTION('ref_axis',(0.707106781186534,0.,0.707106781186561));
#14194=DIRECTION('center_axis',(0.,-1.,0.));
#14195=DIRECTION('ref_axis',(0.,0.,-1.));
#14196=DIRECTION('',(-3.88578058618805E-14,0.,1.));
#14197=DIRECTION('',(0.,0.,1.));
#14198=DIRECTION('',(1.,0.,-1.46432293415788E-15));
#14199=DIRECTION('center_axis',(0.,1.,0.));
#14200=DIRECTION('ref_axis',(0.,0.,1.));
#14201=DIRECTION('',(3.88578058618805E-14,0.,-1.));
#14202=DIRECTION('',(-1.,0.,1.46432293415788E-15));
#14203=DIRECTION('',(0.,0.,-1.));
#14204=DIRECTION('center_axis',(-1.46432293415788E-15,0.,-1.));
#14205=DIRECTION('ref_axis',(-1.,0.,1.46549439250521E-15));
#14206=DIRECTION('',(0.,-1.,0.));
#14207=DIRECTION('',(0.,1.,0.));
#14208=DIRECTION('',(1.,0.,4.02455846426619E-14));
#14209=DIRECTION('',(0.,-1.,0.));
#14210=DIRECTION('',(0.,-1.,0.));
#14211=DIRECTION('',(-1.,0.,-4.02455846426619E-14));
#14212=DIRECTION('',(0.,1.,0.));
#14213=DIRECTION('center_axis',(0.,-1.,0.));
#14214=DIRECTION('ref_axis',(0.707106781186534,0.,0.707106781186561));
#14215=DIRECTION('',(0.,-1.,0.));
#14216=DIRECTION('center_axis',(0.,1.,0.));
#14217=DIRECTION('ref_axis',(1.,0.,4.02344824124157E-14));
#14218=DIRECTION('',(3.88578058618805E-14,0.,-1.));
#14219=DIRECTION('',(3.88578058618805E-14,0.,-1.));
#14220=DIRECTION('center_axis',(1.,0.,3.88578058618805E-14));
#14221=DIRECTION('ref_axis',(0.,-1.,0.));
#14222=DIRECTION('',(3.88578058618805E-14,0.,-1.));
#14223=DIRECTION('center_axis',(0.,-1.,0.));
#14224=DIRECTION('ref_axis',(-1.,0.,-4.02344824124157E-14));
#14225=DIRECTION('',(3.88578058618805E-14,0.,-1.));
#14226=DIRECTION('center_axis',(-1.,0.,-3.88578058618805E-14));
#14227=DIRECTION('ref_axis',(0.,1.,0.));
#14228=DIRECTION('center_axis',(-1.,0.,-3.88578058618805E-14));
#14229=DIRECTION('ref_axis',(0.,1.,0.));
#14230=DIRECTION('center_axis',(1.,0.,0.));
#14231=DIRECTION('ref_axis',(0.,0.,1.));
#14232=DIRECTION('center_axis',(-1.,0.,0.));
#14233=DIRECTION('ref_axis',(0.,0.,-1.));
#14234=DIRECTION('',(0.,0.,1.));
#14235=DIRECTION('',(0.,-1.,0.));
#14236=DIRECTION('',(0.,0.,-1.));
#14237=DIRECTION('',(0.,1.,0.));
#14238=DIRECTION('center_axis',(-1.,0.,0.));
#14239=DIRECTION('ref_axis',(0.,0.,-1.));
#14240=DIRECTION('center_axis',(-1.,0.,0.));
#14241=DIRECTION('ref_axis',(0.,0.,-1.));
#14242=DIRECTION('',(1.,0.,0.));
#14243=DIRECTION('center_axis',(1.,0.,0.));
#14244=DIRECTION('ref_axis',(0.,0.,-1.));
#14245=DIRECTION('',(-1.,0.,0.));
#14246=DIRECTION('center_axis',(-1.,0.,0.));
#14247=DIRECTION('ref_axis',(0.,0.,-1.));
#14248=DIRECTION('',(1.,0.,0.));
#14249=DIRECTION('center_axis',(1.,0.,0.));
#14250=DIRECTION('ref_axis',(0.,0.,-1.));
#14251=DIRECTION('',(-1.,0.,0.));
#14252=DIRECTION('center_axis',(-1.,0.,0.));
#14253=DIRECTION('ref_axis',(0.,0.,-1.));
#14254=DIRECTION('center_axis',(0.,0.,-1.));
#14255=DIRECTION('ref_axis',(-1.,0.,0.));
#14256=DIRECTION('',(0.,1.,0.));
#14257=DIRECTION('',(0.,1.,0.));
#14258=DIRECTION('center_axis',(-1.,0.,0.));
#14259=DIRECTION('ref_axis',(0.,0.,1.));
#14260=DIRECTION('',(0.,0.,-1.));
#14261=DIRECTION('',(0.,1.,0.));
#14262=DIRECTION('',(0.,0.,-1.));
#14263=DIRECTION('',(0.,-1.,0.));
#14264=DIRECTION('',(0.,0.,-1.));
#14265=DIRECTION('',(0.,1.,0.));
#14266=DIRECTION('',(0.,0.,1.));
#14267=DIRECTION('',(0.,-1.,0.));
#14268=DIRECTION('',(0.,0.,1.));
#14269=DIRECTION('',(0.,1.,0.));
#14270=DIRECTION('',(0.,0.,1.));
#14271=DIRECTION('center_axis',(0.,0.,-1.));
#14272=DIRECTION('ref_axis',(0.,1.,0.));
#14273=DIRECTION('',(1.,0.,0.));
#14274=DIRECTION('',(1.,0.,0.));
#14275=DIRECTION('',(0.,1.,0.));
#14276=DIRECTION('center_axis',(0.,0.,1.));
#14277=DIRECTION('ref_axis',(0.,-1.,0.));
#14278=DIRECTION('',(-1.,0.,0.));
#14279=DIRECTION('',(0.,-1.,0.));
#14280=DIRECTION('',(1.,0.,0.));
#14281=DIRECTION('center_axis',(0.,0.,1.));
#14282=DIRECTION('ref_axis',(0.,-1.,0.));
#14283=DIRECTION('',(1.,0.,0.));
#14284=DIRECTION('',(1.,0.,0.));
#14285=DIRECTION('',(0.,-1.,0.));
#14286=DIRECTION('center_axis',(0.,1.,0.));
#14287=DIRECTION('ref_axis',(0.,0.,1.));
#14288=DIRECTION('',(0.,0.,1.));
#14289=DIRECTION('center_axis',(0.,0.,-1.));
#14290=DIRECTION('ref_axis',(0.,1.,0.));
#14291=DIRECTION('',(-1.,0.,0.));
#14292=DIRECTION('',(0.,1.,0.));
#14293=DIRECTION('',(1.,0.,0.));
#14294=DIRECTION('center_axis',(0.,-1.,0.));
#14295=DIRECTION('ref_axis',(0.,0.,-1.));
#14296=DIRECTION('',(0.,0.,-1.));
#14297=DIRECTION('center_axis',(0.,-1.,0.));
#14298=DIRECTION('ref_axis',(0.,0.,-1.));
#14299=DIRECTION('',(-1.7859741534074E-14,0.,1.));
#14300=DIRECTION('center_axis',(0.,1.,0.));
#14301=DIRECTION('ref_axis',(1.,0.,0.));
#14302=DIRECTION('',(1.,0.,-4.01530660572765E-14));
#14303=DIRECTION('',(-1.,0.,0.));
#14304=DIRECTION('',(-3.88578058618805E-14,0.,-1.));
#14305=DIRECTION('center_axis',(0.,-1.,0.));
#14306=DIRECTION('ref_axis',(-1.,0.,5.55111512312578E-16));
#14307=DIRECTION('center_axis',(0.,-1.,0.));
#14308=DIRECTION('ref_axis',(0.,0.,-1.));
#14309=DIRECTION('',(-1.7859741534074E-14,0.,1.));
#14310=DIRECTION('center_axis',(0.,-1.,0.));
#14311=DIRECTION('ref_axis',(0.,0.,-1.));
#14312=DIRECTION('center_axis',(0.,1.,0.));
#14313=DIRECTION('ref_axis',(-1.,0.,5.55111512312578E-16));
#14314=DIRECTION('',(3.88578058618805E-14,0.,1.));
#14315=DIRECTION('',(1.,0.,-4.01530660572765E-14));
#14316=DIRECTION('',(-1.,0.,-2.73237785539272E-13));
#14317=DIRECTION('center_axis',(0.,-1.,0.));
#14318=DIRECTION('ref_axis',(1.,0.,0.));
#14319=DIRECTION('',(0.,0.,-1.));
#14320=DIRECTION('center_axis',(1.,0.,0.));
#14321=DIRECTION('ref_axis',(0.,0.,-1.));
#14322=DIRECTION('',(0.,0.,-1.));
#14323=DIRECTION('',(0.,1.,0.));
#14324=DIRECTION('center_axis',(0.,1.,0.));
#14325=DIRECTION('ref_axis',(1.,0.,0.));
#14326=DIRECTION('',(0.,-1.,0.));
#14327=DIRECTION('center_axis',(0.,1.,0.));
#14328=DIRECTION('ref_axis',(-1.,0.,5.55111512312578E-16));
#14329=DIRECTION('',(0.,-1.,0.));
#14330=DIRECTION('center_axis',(0.,-1.,0.));
#14331=DIRECTION('ref_axis',(0.,0.,-1.));
#14332=DIRECTION('center_axis',(-1.,0.,3.88578058618805E-14));
#14333=DIRECTION('ref_axis',(3.87245790989255E-14,0.,1.));
#14334=DIRECTION('',(0.,1.,0.));
#14335=DIRECTION('center_axis',(-4.01530660572765E-14,0.,-1.));
#14336=DIRECTION('ref_axis',(-1.,0.,4.01456645704457E-14));
#14337=DIRECTION('center_axis',(0.,0.,1.));
#14338=DIRECTION('ref_axis',(1.,0.,0.));
#14339=DIRECTION('center_axis',(0.,0.,-1.));
#14340=DIRECTION('ref_axis',(-1.,0.,0.));
#14341=DIRECTION('',(1.,0.,0.));
#14342=DIRECTION('',(0.,1.,0.));
#14343=DIRECTION('',(-1.,0.,0.));
#14344=DIRECTION('',(0.,1.,0.));
#14345=DIRECTION('center_axis',(0.,1.,0.));
#14346=DIRECTION('ref_axis',(0.,0.,1.));
#14347=DIRECTION('',(-3.88578058618805E-14,0.,1.));
#14348=DIRECTION('center_axis',(0.,-1.,0.));
#14349=DIRECTION('ref_axis',(0.707106781186534,0.,0.707106781186561));
#14350=DIRECTION('',(0.,0.,-1.));
#14351=DIRECTION('',(-1.,0.,0.));
#14352=DIRECTION('',(4.42319930129542E-16,0.,1.));
#14353=DIRECTION('center_axis',(0.,1.,0.));
#14354=DIRECTION('ref_axis',(0.707106781186545,0.,0.70710678118655));
#14355=DIRECTION('',(1.,0.,3.88578058618805E-14));
#14356=DIRECTION('center_axis',(1.,0.,0.));
#14357=DIRECTION('ref_axis',(0.,0.,-1.));
#14358=DIRECTION('',(0.,1.,0.));
#14359=DIRECTION('',(0.,0.,1.));
#14360=DIRECTION('',(0.,0.563556089085665,0.826077801695742));
#14361=DIRECTION('',(0.,0.441747493387157,-0.897139427339008));
#14362=DIRECTION('',(0.,0.,-1.));
#14363=DIRECTION('',(0.,0.,1.));
#14364=DIRECTION('',(0.,0.446087731062856,0.89498923803317));
#14365=DIRECTION('',(0.,0.441747493387157,-0.897139427339008));
#14366=DIRECTION('center_axis',(0.,0.897139427339008,0.441747493387157));
#14367=DIRECTION('ref_axis',(0.,0.441747493387157,-0.897139427339008));
#14368=DIRECTION('',(-1.,0.,0.));
#14369=DIRECTION('',(3.96822648817047E-16,-0.441747493387157,0.897139427339008));
#14370=DIRECTION('',(-1.,0.,0.));
#14371=DIRECTION('center_axis',(0.,-0.826077801695742,0.563556089085665));
#14372=DIRECTION('ref_axis',(0.,0.563556089085665,0.826077801695742));
#14373=DIRECTION('',(1.,0.,0.));
#14374=DIRECTION('',(-3.65390675527626E-16,-0.563556089085665,-0.826077801695742));
#14375=DIRECTION('center_axis',(0.,1.,0.));
#14376=DIRECTION('ref_axis',(0.,0.,-1.));
#14377=DIRECTION('',(4.42319930129542E-16,0.,1.));
#14378=DIRECTION('center_axis',(0.,-1.,0.));
#14379=DIRECTION('ref_axis',(0.,0.,1.));
#14380=DIRECTION('',(-4.42319930129542E-16,0.,-1.));
#14381=DIRECTION('',(-1.,0.,0.));
#14382=DIRECTION('center_axis',(0.,-0.89498923803317,0.446087731062856));
#14383=DIRECTION('ref_axis',(0.,0.446087731062856,0.89498923803317));
#14384=DIRECTION('',(-3.95871577233524E-16,-0.446087731062856,-0.89498923803317));
#14385=DIRECTION('',(-1.,0.,0.));
#14386=DIRECTION('center_axis',(0.,0.897139427339008,0.441747493387158));
#14387=DIRECTION('ref_axis',(0.,0.441747493387158,-0.897139427339008));
#14388=DIRECTION('',(3.96822648817047E-16,-0.441747493387157,0.897139427339008));
#14389=DIRECTION('center_axis',(-4.02455846426619E-14,0.,1.));
#14390=DIRECTION('ref_axis',(1.,0.,4.02344824124157E-14));
#14391=DIRECTION('',(1.,0.,0.));
#14392=DIRECTION('',(0.,1.,0.));
#14393=DIRECTION('',(-1.,0.,0.));
#14394=DIRECTION('',(0.,1.,0.));
#14395=DIRECTION('',(-1.,0.,-4.02455846426619E-14));
#14396=DIRECTION('',(0.,-1.,0.));
#14397=DIRECTION('',(1.,0.,4.02455846426619E-14));
#14398=DIRECTION('',(0.,1.,0.));
#14399=DIRECTION('center_axis',(-1.,0.,4.42319930129542E-16));
#14400=DIRECTION('ref_axis',(3.5527136788005E-16,0.,1.));
#14401=DIRECTION('',(0.,-1.,0.));
#14402=DIRECTION('',(-4.42319930129542E-16,0.,-1.));
#14403=DIRECTION('center_axis',(0.,-1.,0.));
#14404=DIRECTION('ref_axis',(0.707106781186545,0.,0.70710678118655));
#14405=DIRECTION('center_axis',(0.,-1.,0.));
#14406=DIRECTION('ref_axis',(0.707106781186545,0.,0.70710678118655));
#14407=DIRECTION('',(0.,1.,0.));
#14408=DIRECTION('center_axis',(0.,-1.,0.));
#14409=DIRECTION('ref_axis',(0.,0.,-1.));
#14410=DIRECTION('',(3.88578058618805E-14,0.,-1.));
#14411=DIRECTION('',(-1.,0.,-3.88578058618805E-14));
#14412=DIRECTION('center_axis',(0.,1.,0.));
#14413=DIRECTION('ref_axis',(0.707106781186534,0.,0.707106781186561));
#14414=DIRECTION('center_axis',(0.,-1.,0.));
#14415=DIRECTION('ref_axis',(0.,0.,-1.));
#14416=DIRECTION('',(-3.88578058618805E-14,0.,1.));
#14417=DIRECTION('',(0.,0.,1.));
#14418=DIRECTION('',(1.,0.,-1.46432293415788E-15));
#14419=DIRECTION('center_axis',(0.,1.,0.));
#14420=DIRECTION('ref_axis',(0.,0.,1.));
#14421=DIRECTION('',(3.88578058618805E-14,0.,-1.));
#14422=DIRECTION('',(-1.,0.,1.46432293415788E-15));
#14423=DIRECTION('',(0.,0.,-1.));
#14424=DIRECTION('center_axis',(-1.46432293415788E-15,0.,-1.));
#14425=DIRECTION('ref_axis',(-1.,0.,1.46549439250521E-15));
#14426=DIRECTION('',(0.,-1.,0.));
#14427=DIRECTION('',(0.,1.,0.));
#14428=DIRECTION('',(1.,0.,4.02455846426619E-14));
#14429=DIRECTION('',(0.,-1.,0.));
#14430=DIRECTION('',(0.,-1.,0.));
#14431=DIRECTION('',(-1.,0.,-4.02455846426619E-14));
#14432=DIRECTION('',(0.,1.,0.));
#14433=DIRECTION('center_axis',(0.,-1.,0.));
#14434=DIRECTION('ref_axis',(0.707106781186534,0.,0.707106781186561));
#14435=DIRECTION('',(0.,-1.,0.));
#14436=DIRECTION('center_axis',(0.,1.,0.));
#14437=DIRECTION('ref_axis',(1.,0.,4.02344824124157E-14));
#14438=DIRECTION('',(3.88578058618805E-14,0.,-1.));
#14439=DIRECTION('',(3.88578058618805E-14,0.,-1.));
#14440=DIRECTION('center_axis',(1.,0.,3.88578058618805E-14));
#14441=DIRECTION('ref_axis',(0.,-1.,0.));
#14442=DIRECTION('',(3.88578058618805E-14,0.,-1.));
#14443=DIRECTION('center_axis',(0.,-1.,0.));
#14444=DIRECTION('ref_axis',(-1.,0.,-4.02344824124157E-14));
#14445=DIRECTION('',(3.88578058618805E-14,0.,-1.));
#14446=DIRECTION('center_axis',(-1.,0.,-3.88578058618805E-14));
#14447=DIRECTION('ref_axis',(0.,1.,0.));
#14448=DIRECTION('center_axis',(-1.,0.,-3.88578058618805E-14));
#14449=DIRECTION('ref_axis',(0.,1.,0.));
#14450=DIRECTION('center_axis',(1.,0.,0.));
#14451=DIRECTION('ref_axis',(0.,0.,1.));
#14452=DIRECTION('center_axis',(-1.,0.,0.));
#14453=DIRECTION('ref_axis',(0.,0.,-1.));
#14454=DIRECTION('',(0.,0.,1.));
#14455=DIRECTION('',(0.,-1.,0.));
#14456=DIRECTION('',(0.,0.,-1.));
#14457=DIRECTION('',(0.,1.,0.));
#14458=DIRECTION('center_axis',(-1.,0.,0.));
#14459=DIRECTION('ref_axis',(0.,0.,-1.));
#14460=DIRECTION('center_axis',(-1.,0.,0.));
#14461=DIRECTION('ref_axis',(0.,0.,-1.));
#14462=DIRECTION('',(1.,0.,0.));
#14463=DIRECTION('center_axis',(1.,0.,0.));
#14464=DIRECTION('ref_axis',(0.,0.,-1.));
#14465=DIRECTION('',(-1.,0.,0.));
#14466=DIRECTION('center_axis',(-1.,0.,0.));
#14467=DIRECTION('ref_axis',(0.,0.,-1.));
#14468=DIRECTION('',(1.,0.,0.));
#14469=DIRECTION('center_axis',(1.,0.,0.));
#14470=DIRECTION('ref_axis',(0.,0.,-1.));
#14471=DIRECTION('',(-1.,0.,0.));
#14472=DIRECTION('center_axis',(-1.,0.,0.));
#14473=DIRECTION('ref_axis',(0.,0.,-1.));
#14474=DIRECTION('center_axis',(0.,0.,-1.));
#14475=DIRECTION('ref_axis',(-1.,0.,0.));
#14476=DIRECTION('',(0.,1.,0.));
#14477=DIRECTION('',(0.,1.,0.));
#14478=DIRECTION('center_axis',(-1.,0.,0.));
#14479=DIRECTION('ref_axis',(0.,0.,1.));
#14480=DIRECTION('',(0.,0.,-1.));
#14481=DIRECTION('',(0.,1.,0.));
#14482=DIRECTION('',(0.,0.,-1.));
#14483=DIRECTION('',(0.,-1.,0.));
#14484=DIRECTION('',(0.,0.,-1.));
#14485=DIRECTION('',(0.,1.,0.));
#14486=DIRECTION('',(0.,0.,1.));
#14487=DIRECTION('',(0.,-1.,0.));
#14488=DIRECTION('',(0.,0.,1.));
#14489=DIRECTION('',(0.,1.,0.));
#14490=DIRECTION('',(0.,0.,1.));
#14491=DIRECTION('center_axis',(0.,0.,-1.));
#14492=DIRECTION('ref_axis',(0.,1.,0.));
#14493=DIRECTION('',(1.,0.,0.));
#14494=DIRECTION('',(1.,0.,0.));
#14495=DIRECTION('',(0.,1.,0.));
#14496=DIRECTION('center_axis',(0.,0.,1.));
#14497=DIRECTION('ref_axis',(0.,-1.,0.));
#14498=DIRECTION('',(-1.,0.,0.));
#14499=DIRECTION('',(0.,-1.,0.));
#14500=DIRECTION('',(1.,0.,0.));
#14501=DIRECTION('center_axis',(0.,0.,1.));
#14502=DIRECTION('ref_axis',(0.,-1.,0.));
#14503=DIRECTION('',(1.,0.,0.));
#14504=DIRECTION('',(1.,0.,0.));
#14505=DIRECTION('',(0.,-1.,0.));
#14506=DIRECTION('center_axis',(0.,1.,0.));
#14507=DIRECTION('ref_axis',(0.,0.,1.));
#14508=DIRECTION('',(0.,0.,1.));
#14509=DIRECTION('center_axis',(0.,0.,-1.));
#14510=DIRECTION('ref_axis',(0.,1.,0.));
#14511=DIRECTION('',(-1.,0.,0.));
#14512=DIRECTION('',(0.,1.,0.));
#14513=DIRECTION('',(1.,0.,0.));
#14514=DIRECTION('center_axis',(0.,-1.,0.));
#14515=DIRECTION('ref_axis',(0.,0.,-1.));
#14516=DIRECTION('',(0.,0.,-1.));
#14517=DIRECTION('center_axis',(0.,-1.,0.));
#14518=DIRECTION('ref_axis',(0.,0.,-1.));
#14519=DIRECTION('',(-1.7859741534074E-14,0.,1.));
#14520=DIRECTION('center_axis',(0.,1.,0.));
#14521=DIRECTION('ref_axis',(1.,0.,0.));
#14522=DIRECTION('',(1.,0.,-4.01530660572765E-14));
#14523=DIRECTION('',(-1.,0.,0.));
#14524=DIRECTION('',(-3.88578058618805E-14,0.,-1.));
#14525=DIRECTION('center_axis',(0.,-1.,0.));
#14526=DIRECTION('ref_axis',(-1.,0.,5.55111512312578E-16));
#14527=DIRECTION('center_axis',(0.,-1.,0.));
#14528=DIRECTION('ref_axis',(0.,0.,-1.));
#14529=DIRECTION('',(-1.7859741534074E-14,0.,1.));
#14530=DIRECTION('center_axis',(0.,-1.,0.));
#14531=DIRECTION('ref_axis',(0.,0.,-1.));
#14532=DIRECTION('center_axis',(0.,1.,0.));
#14533=DIRECTION('ref_axis',(-1.,0.,5.55111512312578E-16));
#14534=DIRECTION('',(3.88578058618805E-14,0.,1.));
#14535=DIRECTION('',(1.,0.,-4.01530660572765E-14));
#14536=DIRECTION('',(-1.,0.,-2.73237785539272E-13));
#14537=DIRECTION('center_axis',(0.,-1.,0.));
#14538=DIRECTION('ref_axis',(1.,0.,0.));
#14539=DIRECTION('',(0.,0.,-1.));
#14540=DIRECTION('center_axis',(1.,0.,0.));
#14541=DIRECTION('ref_axis',(0.,0.,-1.));
#14542=DIRECTION('',(0.,0.,-1.));
#14543=DIRECTION('',(0.,1.,0.));
#14544=DIRECTION('center_axis',(0.,1.,0.));
#14545=DIRECTION('ref_axis',(1.,0.,0.));
#14546=DIRECTION('',(0.,-1.,0.));
#14547=DIRECTION('center_axis',(0.,1.,0.));
#14548=DIRECTION('ref_axis',(-1.,0.,5.55111512312578E-16));
#14549=DIRECTION('',(0.,-1.,0.));
#14550=DIRECTION('center_axis',(0.,-1.,0.));
#14551=DIRECTION('ref_axis',(0.,0.,-1.));
#14552=DIRECTION('center_axis',(-1.,0.,3.88578058618805E-14));
#14553=DIRECTION('ref_axis',(3.87245790989255E-14,0.,1.));
#14554=DIRECTION('',(0.,1.,0.));
#14555=DIRECTION('center_axis',(-4.01530660572765E-14,0.,-1.));
#14556=DIRECTION('ref_axis',(-1.,0.,4.01456645704457E-14));
#14557=DIRECTION('center_axis',(0.,0.,1.));
#14558=DIRECTION('ref_axis',(1.,0.,0.));
#14559=DIRECTION('center_axis',(0.,0.,-1.));
#14560=DIRECTION('ref_axis',(-1.,0.,0.));
#14561=DIRECTION('',(1.,0.,0.));
#14562=DIRECTION('',(0.,1.,0.));
#14563=DIRECTION('',(-1.,0.,0.));
#14564=DIRECTION('',(0.,1.,0.));
#14565=DIRECTION('center_axis',(0.,1.,0.));
#14566=DIRECTION('ref_axis',(0.,0.,1.));
#14567=DIRECTION('',(-3.88578058618805E-14,0.,1.));
#14568=DIRECTION('center_axis',(0.,-1.,0.));
#14569=DIRECTION('ref_axis',(0.707106781186534,0.,0.707106781186561));
#14570=DIRECTION('',(0.,0.,-1.));
#14571=DIRECTION('',(-1.,0.,0.));
#14572=DIRECTION('',(4.42319930129542E-16,0.,1.));
#14573=DIRECTION('center_axis',(0.,1.,0.));
#14574=DIRECTION('ref_axis',(0.707106781186545,0.,0.70710678118655));
#14575=DIRECTION('',(1.,0.,3.88578058618805E-14));
#14576=DIRECTION('center_axis',(1.,0.,0.));
#14577=DIRECTION('ref_axis',(0.,0.,-1.));
#14578=DIRECTION('',(0.,1.,0.));
#14579=DIRECTION('',(0.,0.,1.));
#14580=DIRECTION('',(0.,0.563556089085665,0.826077801695742));
#14581=DIRECTION('',(0.,0.441747493387157,-0.897139427339008));
#14582=DIRECTION('',(0.,0.,-1.));
#14583=DIRECTION('',(0.,0.,1.));
#14584=DIRECTION('',(0.,0.446087731062856,0.89498923803317));
#14585=DIRECTION('',(0.,0.441747493387157,-0.897139427339008));
#14586=DIRECTION('center_axis',(0.,0.897139427339008,0.441747493387157));
#14587=DIRECTION('ref_axis',(0.,0.441747493387157,-0.897139427339008));
#14588=DIRECTION('',(-1.,0.,0.));
#14589=DIRECTION('',(3.96822648817047E-16,-0.441747493387157,0.897139427339008));
#14590=DIRECTION('',(-1.,0.,0.));
#14591=DIRECTION('center_axis',(0.,-0.826077801695742,0.563556089085665));
#14592=DIRECTION('ref_axis',(0.,0.563556089085665,0.826077801695742));
#14593=DIRECTION('',(1.,0.,0.));
#14594=DIRECTION('',(-3.65390675527626E-16,-0.563556089085665,-0.826077801695742));
#14595=DIRECTION('center_axis',(0.,1.,0.));
#14596=DIRECTION('ref_axis',(0.,0.,-1.));
#14597=DIRECTION('',(4.42319930129542E-16,0.,1.));
#14598=DIRECTION('center_axis',(0.,-1.,0.));
#14599=DIRECTION('ref_axis',(0.,0.,1.));
#14600=DIRECTION('',(-4.42319930129542E-16,0.,-1.));
#14601=DIRECTION('',(-1.,0.,0.));
#14602=DIRECTION('center_axis',(0.,-0.89498923803317,0.446087731062856));
#14603=DIRECTION('ref_axis',(0.,0.446087731062856,0.89498923803317));
#14604=DIRECTION('',(-3.95871577233524E-16,-0.446087731062856,-0.89498923803317));
#14605=DIRECTION('',(-1.,0.,0.));
#14606=DIRECTION('center_axis',(0.,0.897139427339008,0.441747493387158));
#14607=DIRECTION('ref_axis',(0.,0.441747493387157,-0.897139427339008));
#14608=DIRECTION('',(3.96822648817047E-16,-0.441747493387157,0.897139427339008));
#14609=DIRECTION('center_axis',(-4.02455846426619E-14,0.,1.));
#14610=DIRECTION('ref_axis',(1.,0.,4.02344824124157E-14));
#14611=DIRECTION('',(1.,0.,0.));
#14612=DIRECTION('',(0.,1.,0.));
#14613=DIRECTION('',(-1.,0.,0.));
#14614=DIRECTION('',(0.,1.,0.));
#14615=DIRECTION('',(-1.,0.,-4.02455846426619E-14));
#14616=DIRECTION('',(0.,-1.,0.));
#14617=DIRECTION('',(1.,0.,4.02455846426619E-14));
#14618=DIRECTION('',(0.,1.,0.));
#14619=DIRECTION('center_axis',(-1.,0.,4.42319930129542E-16));
#14620=DIRECTION('ref_axis',(3.5527136788005E-16,0.,1.));
#14621=DIRECTION('',(0.,-1.,0.));
#14622=DIRECTION('',(-4.42319930129542E-16,0.,-1.));
#14623=DIRECTION('center_axis',(0.,-1.,0.));
#14624=DIRECTION('ref_axis',(0.707106781186545,0.,0.70710678118655));
#14625=DIRECTION('center_axis',(0.,-1.,0.));
#14626=DIRECTION('ref_axis',(0.707106781186545,0.,0.70710678118655));
#14627=DIRECTION('',(0.,1.,0.));
#14628=DIRECTION('center_axis',(0.,-1.,0.));
#14629=DIRECTION('ref_axis',(0.,0.,-1.));
#14630=DIRECTION('',(3.88578058618805E-14,0.,-1.));
#14631=DIRECTION('',(-1.,0.,-3.88578058618805E-14));
#14632=DIRECTION('center_axis',(0.,1.,0.));
#14633=DIRECTION('ref_axis',(0.707106781186534,0.,0.707106781186561));
#14634=DIRECTION('center_axis',(0.,-1.,0.));
#14635=DIRECTION('ref_axis',(0.,0.,-1.));
#14636=DIRECTION('',(-3.88578058618805E-14,0.,1.));
#14637=DIRECTION('',(0.,0.,1.));
#14638=DIRECTION('',(1.,0.,-1.46432293415788E-15));
#14639=DIRECTION('center_axis',(0.,1.,0.));
#14640=DIRECTION('ref_axis',(0.,0.,1.));
#14641=DIRECTION('',(3.88578058618805E-14,0.,-1.));
#14642=DIRECTION('',(-1.,0.,1.46432293415788E-15));
#14643=DIRECTION('',(0.,0.,-1.));
#14644=DIRECTION('center_axis',(-1.46432293415788E-15,0.,-1.));
#14645=DIRECTION('ref_axis',(-1.,0.,1.46549439250521E-15));
#14646=DIRECTION('',(0.,-1.,0.));
#14647=DIRECTION('',(0.,1.,0.));
#14648=DIRECTION('',(1.,0.,4.02455846426619E-14));
#14649=DIRECTION('',(0.,-1.,0.));
#14650=DIRECTION('',(0.,-1.,0.));
#14651=DIRECTION('',(-1.,0.,-4.02455846426619E-14));
#14652=DIRECTION('',(0.,1.,0.));
#14653=DIRECTION('center_axis',(0.,-1.,0.));
#14654=DIRECTION('ref_axis',(0.707106781186534,0.,0.707106781186561));
#14655=DIRECTION('',(0.,-1.,0.));
#14656=DIRECTION('center_axis',(0.,1.,0.));
#14657=DIRECTION('ref_axis',(1.,0.,4.02344824124157E-14));
#14658=DIRECTION('',(3.88578058618805E-14,0.,-1.));
#14659=DIRECTION('',(3.88578058618805E-14,0.,-1.));
#14660=DIRECTION('center_axis',(1.,0.,3.88578058618805E-14));
#14661=DIRECTION('ref_axis',(0.,-1.,0.));
#14662=DIRECTION('',(3.88578058618805E-14,0.,-1.));
#14663=DIRECTION('center_axis',(0.,-1.,0.));
#14664=DIRECTION('ref_axis',(-1.,0.,-4.02344824124157E-14));
#14665=DIRECTION('',(3.88578058618805E-14,0.,-1.));
#14666=DIRECTION('center_axis',(-1.,0.,-3.88578058618805E-14));
#14667=DIRECTION('ref_axis',(0.,1.,0.));
#14668=DIRECTION('center_axis',(-1.,0.,-3.88578058618805E-14));
#14669=DIRECTION('ref_axis',(0.,1.,0.));
#14670=DIRECTION('center_axis',(1.,0.,0.));
#14671=DIRECTION('ref_axis',(0.,0.,1.));
#14672=DIRECTION('center_axis',(-1.,0.,0.));
#14673=DIRECTION('ref_axis',(0.,0.,-1.));
#14674=DIRECTION('',(0.,0.,1.));
#14675=DIRECTION('',(0.,-1.,0.));
#14676=DIRECTION('',(0.,0.,-1.));
#14677=DIRECTION('',(0.,1.,0.));
#14678=DIRECTION('center_axis',(-1.,0.,0.));
#14679=DIRECTION('ref_axis',(0.,0.,-1.));
#14680=DIRECTION('center_axis',(-1.,0.,0.));
#14681=DIRECTION('ref_axis',(0.,0.,-1.));
#14682=DIRECTION('',(1.,0.,0.));
#14683=DIRECTION('center_axis',(1.,0.,0.));
#14684=DIRECTION('ref_axis',(0.,0.,-1.));
#14685=DIRECTION('',(-1.,0.,0.));
#14686=DIRECTION('center_axis',(-1.,0.,0.));
#14687=DIRECTION('ref_axis',(0.,0.,-1.));
#14688=DIRECTION('',(1.,0.,0.));
#14689=DIRECTION('center_axis',(1.,0.,0.));
#14690=DIRECTION('ref_axis',(0.,0.,-1.));
#14691=DIRECTION('',(-1.,0.,0.));
#14692=DIRECTION('center_axis',(-1.,0.,0.));
#14693=DIRECTION('ref_axis',(0.,0.,-1.));
#14694=DIRECTION('center_axis',(0.,0.,-1.));
#14695=DIRECTION('ref_axis',(-1.,0.,0.));
#14696=DIRECTION('',(0.,1.,0.));
#14697=DIRECTION('',(0.,1.,0.));
#14698=DIRECTION('center_axis',(-1.,0.,0.));
#14699=DIRECTION('ref_axis',(0.,0.,1.));
#14700=DIRECTION('',(0.,0.,-1.));
#14701=DIRECTION('',(0.,1.,0.));
#14702=DIRECTION('',(0.,0.,-1.));
#14703=DIRECTION('',(0.,-1.,0.));
#14704=DIRECTION('',(0.,0.,-1.));
#14705=DIRECTION('',(0.,1.,0.));
#14706=DIRECTION('',(0.,0.,1.));
#14707=DIRECTION('',(0.,-1.,0.));
#14708=DIRECTION('',(0.,0.,1.));
#14709=DIRECTION('',(0.,1.,0.));
#14710=DIRECTION('',(0.,0.,1.));
#14711=DIRECTION('center_axis',(0.,0.,-1.));
#14712=DIRECTION('ref_axis',(0.,1.,0.));
#14713=DIRECTION('',(1.,0.,0.));
#14714=DIRECTION('',(1.,0.,0.));
#14715=DIRECTION('',(0.,1.,0.));
#14716=DIRECTION('center_axis',(0.,0.,1.));
#14717=DIRECTION('ref_axis',(0.,-1.,0.));
#14718=DIRECTION('',(-1.,0.,0.));
#14719=DIRECTION('',(0.,-1.,0.));
#14720=DIRECTION('',(1.,0.,0.));
#14721=DIRECTION('center_axis',(0.,0.,1.));
#14722=DIRECTION('ref_axis',(0.,-1.,0.));
#14723=DIRECTION('',(1.,0.,0.));
#14724=DIRECTION('',(1.,0.,0.));
#14725=DIRECTION('',(0.,-1.,0.));
#14726=DIRECTION('center_axis',(0.,1.,0.));
#14727=DIRECTION('ref_axis',(0.,0.,1.));
#14728=DIRECTION('',(0.,0.,1.));
#14729=DIRECTION('center_axis',(0.,0.,-1.));
#14730=DIRECTION('ref_axis',(0.,1.,0.));
#14731=DIRECTION('',(-1.,0.,0.));
#14732=DIRECTION('',(0.,1.,0.));
#14733=DIRECTION('',(1.,0.,0.));
#14734=DIRECTION('center_axis',(0.,-1.,0.));
#14735=DIRECTION('ref_axis',(0.,0.,-1.));
#14736=DIRECTION('',(0.,0.,-1.));
#14737=DIRECTION('center_axis',(0.,-1.,0.));
#14738=DIRECTION('ref_axis',(0.,0.,-1.));
#14739=DIRECTION('',(-1.7859741534074E-14,0.,1.));
#14740=DIRECTION('center_axis',(0.,1.,0.));
#14741=DIRECTION('ref_axis',(1.,0.,0.));
#14742=DIRECTION('',(1.,0.,-4.01530660572765E-14));
#14743=DIRECTION('',(-1.,0.,0.));
#14744=DIRECTION('',(-3.88578058618805E-14,0.,-1.));
#14745=DIRECTION('center_axis',(0.,-1.,0.));
#14746=DIRECTION('ref_axis',(-1.,0.,5.55111512312578E-16));
#14747=DIRECTION('center_axis',(0.,-1.,0.));
#14748=DIRECTION('ref_axis',(0.,0.,-1.));
#14749=DIRECTION('',(-1.7859741534074E-14,0.,1.));
#14750=DIRECTION('center_axis',(0.,-1.,0.));
#14751=DIRECTION('ref_axis',(0.,0.,-1.));
#14752=DIRECTION('center_axis',(0.,1.,0.));
#14753=DIRECTION('ref_axis',(-1.,0.,5.55111512312578E-16));
#14754=DIRECTION('',(3.88578058618805E-14,0.,1.));
#14755=DIRECTION('',(1.,0.,-4.01530660572765E-14));
#14756=DIRECTION('',(-1.,0.,-2.73237785539272E-13));
#14757=DIRECTION('center_axis',(0.,-1.,0.));
#14758=DIRECTION('ref_axis',(1.,0.,0.));
#14759=DIRECTION('',(0.,0.,-1.));
#14760=DIRECTION('center_axis',(1.,0.,0.));
#14761=DIRECTION('ref_axis',(0.,0.,-1.));
#14762=DIRECTION('',(0.,0.,-1.));
#14763=DIRECTION('',(0.,1.,0.));
#14764=DIRECTION('center_axis',(0.,1.,0.));
#14765=DIRECTION('ref_axis',(1.,0.,0.));
#14766=DIRECTION('',(0.,-1.,0.));
#14767=DIRECTION('center_axis',(0.,1.,0.));
#14768=DIRECTION('ref_axis',(-1.,0.,5.55111512312578E-16));
#14769=DIRECTION('',(0.,-1.,0.));
#14770=DIRECTION('center_axis',(0.,-1.,0.));
#14771=DIRECTION('ref_axis',(0.,0.,-1.));
#14772=DIRECTION('center_axis',(-1.,0.,3.88578058618805E-14));
#14773=DIRECTION('ref_axis',(3.87245790989255E-14,0.,1.));
#14774=DIRECTION('',(0.,1.,0.));
#14775=DIRECTION('center_axis',(-4.01530660572765E-14,0.,-1.));
#14776=DIRECTION('ref_axis',(-1.,0.,4.01456645704457E-14));
#14777=DIRECTION('center_axis',(0.,0.,1.));
#14778=DIRECTION('ref_axis',(1.,0.,0.));
#14779=DIRECTION('center_axis',(0.,0.,-1.));
#14780=DIRECTION('ref_axis',(-1.,0.,0.));
#14781=DIRECTION('',(1.,0.,0.));
#14782=DIRECTION('',(0.,1.,0.));
#14783=DIRECTION('',(-1.,0.,0.));
#14784=DIRECTION('',(0.,1.,0.));
#14785=DIRECTION('center_axis',(0.,1.,0.));
#14786=DIRECTION('ref_axis',(0.,0.,1.));
#14787=DIRECTION('',(-3.88578058618805E-14,0.,1.));
#14788=DIRECTION('center_axis',(0.,-1.,0.));
#14789=DIRECTION('ref_axis',(0.707106781186534,0.,0.707106781186561));
#14790=DIRECTION('',(0.,0.,-1.));
#14791=DIRECTION('',(-1.,0.,0.));
#14792=DIRECTION('',(4.42319930129542E-16,0.,1.));
#14793=DIRECTION('center_axis',(0.,1.,0.));
#14794=DIRECTION('ref_axis',(0.707106781186545,0.,0.70710678118655));
#14795=DIRECTION('',(1.,0.,3.88578058618805E-14));
#14796=DIRECTION('center_axis',(1.,0.,0.));
#14797=DIRECTION('ref_axis',(0.,0.,-1.));
#14798=DIRECTION('',(0.,1.,0.));
#14799=DIRECTION('',(0.,0.,1.));
#14800=DIRECTION('',(0.,0.563556089085665,0.826077801695742));
#14801=DIRECTION('',(0.,0.441747493387157,-0.897139427339008));
#14802=DIRECTION('',(0.,0.,-1.));
#14803=DIRECTION('',(0.,0.,1.));
#14804=DIRECTION('',(0.,0.446087731062856,0.89498923803317));
#14805=DIRECTION('',(0.,0.441747493387157,-0.897139427339008));
#14806=DIRECTION('center_axis',(0.,0.897139427339008,0.441747493387157));
#14807=DIRECTION('ref_axis',(0.,0.441747493387157,-0.897139427339008));
#14808=DIRECTION('',(-1.,0.,0.));
#14809=DIRECTION('',(3.96822648817047E-16,-0.441747493387157,0.897139427339008));
#14810=DIRECTION('',(-1.,0.,0.));
#14811=DIRECTION('center_axis',(0.,-0.826077801695742,0.563556089085665));
#14812=DIRECTION('ref_axis',(0.,0.563556089085665,0.826077801695742));
#14813=DIRECTION('',(1.,0.,0.));
#14814=DIRECTION('',(-3.65390675527626E-16,-0.563556089085665,-0.826077801695742));
#14815=DIRECTION('center_axis',(0.,1.,0.));
#14816=DIRECTION('ref_axis',(0.,0.,-1.));
#14817=DIRECTION('',(4.42319930129542E-16,0.,1.));
#14818=DIRECTION('center_axis',(0.,-1.,0.));
#14819=DIRECTION('ref_axis',(0.,0.,1.));
#14820=DIRECTION('',(-4.42319930129542E-16,0.,-1.));
#14821=DIRECTION('',(-1.,0.,0.));
#14822=DIRECTION('center_axis',(0.,-0.89498923803317,0.446087731062856));
#14823=DIRECTION('ref_axis',(0.,0.446087731062856,0.89498923803317));
#14824=DIRECTION('',(-3.95871577233524E-16,-0.446087731062856,-0.89498923803317));
#14825=DIRECTION('',(-1.,0.,0.));
#14826=DIRECTION('center_axis',(0.,0.897139427339008,0.441747493387158));
#14827=DIRECTION('ref_axis',(0.,0.441747493387158,-0.897139427339008));
#14828=DIRECTION('',(3.96822648817047E-16,-0.441747493387157,0.897139427339008));
#14829=DIRECTION('center_axis',(-4.02455846426619E-14,0.,1.));
#14830=DIRECTION('ref_axis',(1.,0.,4.02344824124157E-14));
#14831=DIRECTION('',(1.,0.,0.));
#14832=DIRECTION('',(0.,1.,0.));
#14833=DIRECTION('',(-1.,0.,0.));
#14834=DIRECTION('',(0.,1.,0.));
#14835=DIRECTION('',(-1.,0.,-4.02455846426619E-14));
#14836=DIRECTION('',(0.,-1.,0.));
#14837=DIRECTION('',(1.,0.,4.02455846426619E-14));
#14838=DIRECTION('',(0.,1.,0.));
#14839=DIRECTION('center_axis',(-1.,0.,4.42319930129542E-16));
#14840=DIRECTION('ref_axis',(3.5527136788005E-16,0.,1.));
#14841=DIRECTION('',(0.,-1.,0.));
#14842=DIRECTION('',(-4.42319930129542E-16,0.,-1.));
#14843=DIRECTION('center_axis',(0.,-1.,0.));
#14844=DIRECTION('ref_axis',(0.707106781186545,0.,0.70710678118655));
#14845=DIRECTION('center_axis',(0.,-1.,0.));
#14846=DIRECTION('ref_axis',(0.707106781186545,0.,0.70710678118655));
#14847=DIRECTION('',(0.,1.,0.));
#14848=DIRECTION('center_axis',(0.,-1.,0.));
#14849=DIRECTION('ref_axis',(0.,0.,-1.));
#14850=DIRECTION('',(3.88578058618805E-14,0.,-1.));
#14851=DIRECTION('',(-1.,0.,-3.88578058618805E-14));
#14852=DIRECTION('center_axis',(0.,1.,0.));
#14853=DIRECTION('ref_axis',(0.707106781186534,0.,0.707106781186561));
#14854=DIRECTION('center_axis',(0.,-1.,0.));
#14855=DIRECTION('ref_axis',(0.,0.,-1.));
#14856=DIRECTION('',(-3.88578058618805E-14,0.,1.));
#14857=DIRECTION('',(0.,0.,1.));
#14858=DIRECTION('',(1.,0.,-1.46432293415788E-15));
#14859=DIRECTION('center_axis',(0.,1.,0.));
#14860=DIRECTION('ref_axis',(0.,0.,1.));
#14861=DIRECTION('',(3.88578058618805E-14,0.,-1.));
#14862=DIRECTION('',(-1.,0.,1.46432293415788E-15));
#14863=DIRECTION('',(0.,0.,-1.));
#14864=DIRECTION('center_axis',(-1.46432293415788E-15,0.,-1.));
#14865=DIRECTION('ref_axis',(-1.,0.,1.46549439250521E-15));
#14866=DIRECTION('',(0.,-1.,0.));
#14867=DIRECTION('',(0.,1.,0.));
#14868=DIRECTION('',(1.,0.,4.02455846426619E-14));
#14869=DIRECTION('',(0.,-1.,0.));
#14870=DIRECTION('',(0.,-1.,0.));
#14871=DIRECTION('',(-1.,0.,-4.02455846426619E-14));
#14872=DIRECTION('',(0.,1.,0.));
#14873=DIRECTION('center_axis',(0.,-1.,0.));
#14874=DIRECTION('ref_axis',(0.707106781186534,0.,0.707106781186561));
#14875=DIRECTION('',(0.,-1.,0.));
#14876=DIRECTION('center_axis',(0.,1.,0.));
#14877=DIRECTION('ref_axis',(1.,0.,4.02344824124157E-14));
#14878=DIRECTION('',(3.88578058618805E-14,0.,-1.));
#14879=DIRECTION('',(3.88578058618805E-14,0.,-1.));
#14880=DIRECTION('center_axis',(1.,0.,3.88578058618805E-14));
#14881=DIRECTION('ref_axis',(0.,-1.,0.));
#14882=DIRECTION('',(3.88578058618805E-14,0.,-1.));
#14883=DIRECTION('center_axis',(0.,-1.,0.));
#14884=DIRECTION('ref_axis',(-1.,0.,-4.02344824124157E-14));
#14885=DIRECTION('',(3.88578058618805E-14,0.,-1.));
#14886=DIRECTION('center_axis',(-1.,0.,-3.88578058618805E-14));
#14887=DIRECTION('ref_axis',(0.,1.,0.));
#14888=DIRECTION('center_axis',(-1.,0.,-3.88578058618805E-14));
#14889=DIRECTION('ref_axis',(0.,1.,0.));
#14890=DIRECTION('center_axis',(1.,0.,0.));
#14891=DIRECTION('ref_axis',(0.,0.,1.));
#14892=DIRECTION('axis',(0.,0.,1.));
#14893=DIRECTION('refdir',(1.,0.,0.));
#14894=DIRECTION('center_axis',(1.,0.,0.));
#14895=DIRECTION('ref_axis',(0.,-1.,0.));
#14896=DIRECTION('',(0.,-1.,0.));
#14897=DIRECTION('',(0.,0.,-1.));
#14898=DIRECTION('',(0.,-1.,0.));
#14899=DIRECTION('',(0.,0.,-1.));
#14900=DIRECTION('center_axis',(0.,1.,0.));
#14901=DIRECTION('ref_axis',(1.,0.,0.));
#14902=DIRECTION('',(1.,0.,0.));
#14903=DIRECTION('',(1.,0.,0.));
#14904=DIRECTION('',(0.,0.,-1.));
#14905=DIRECTION('center_axis',(-1.,0.,0.));
#14906=DIRECTION('ref_axis',(0.,1.,0.));
#14907=DIRECTION('',(0.,1.,0.));
#14908=DIRECTION('',(0.,1.,0.));
#14909=DIRECTION('',(0.,0.,-1.));
#14910=DIRECTION('center_axis',(0.,-1.,0.));
#14911=DIRECTION('ref_axis',(-1.,0.,0.));
#14912=DIRECTION('',(-1.,0.,0.));
#14913=DIRECTION('',(-1.,0.,0.));
#14914=DIRECTION('center_axis',(0.,0.,-1.));
#14915=DIRECTION('ref_axis',(-1.,0.,0.));
#14916=DIRECTION('center_axis',(0.,0.,1.));
#14917=DIRECTION('ref_axis',(1.,0.,0.));
#14918=DIRECTION('axis',(0.,0.,1.));
#14919=DIRECTION('refdir',(1.,0.,0.));
#14920=DIRECTION('center_axis',(1.,0.,0.));
#14921=DIRECTION('ref_axis',(0.,1.,0.));
#14922=DIRECTION('',(0.,1.,0.));
#14923=DIRECTION('',(0.,0.,1.));
#14924=DIRECTION('',(0.,1.,0.));
#14925=DIRECTION('',(0.,0.,1.));
#14926=DIRECTION('center_axis',(0.,-1.,0.));
#14927=DIRECTION('ref_axis',(1.,0.,0.));
#14928=DIRECTION('',(1.,0.,0.));
#14929=DIRECTION('',(0.,0.,1.));
#14930=DIRECTION('',(1.,0.,0.));
#14931=DIRECTION('center_axis',(-1.,0.,0.));
#14932=DIRECTION('ref_axis',(0.,-1.,0.));
#14933=DIRECTION('',(0.,-1.,0.));
#14934=DIRECTION('',(0.,0.,1.));
#14935=DIRECTION('',(0.,-1.,0.));
#14936=DIRECTION('center_axis',(0.,1.,0.));
#14937=DIRECTION('ref_axis',(-1.,0.,0.));
#14938=DIRECTION('',(-1.,0.,0.));
#14939=DIRECTION('',(-1.,0.,0.));
#14940=DIRECTION('center_axis',(0.,0.,1.));
#14941=DIRECTION('ref_axis',(1.,0.,0.));
#14942=DIRECTION('center_axis',(0.,0.,1.));
#14943=DIRECTION('ref_axis',(1.,0.,0.));
#14944=DIRECTION('center_axis',(0.,0.,1.));
#14945=DIRECTION('ref_axis',(1.,0.,0.));
#14946=DIRECTION('center_axis',(0.,0.,1.));
#14947=DIRECTION('ref_axis',(1.,0.,0.));
#14948=DIRECTION('center_axis',(0.,0.,1.));
#14949=DIRECTION('ref_axis',(1.,0.,0.));
#14950=DIRECTION('center_axis',(0.,0.,1.));
#14951=DIRECTION('ref_axis',(1.,0.,0.));
#14952=DIRECTION('center_axis',(0.,0.,1.));
#14953=DIRECTION('ref_axis',(1.,0.,0.));
#14954=DIRECTION('center_axis',(0.,0.,1.));
#14955=DIRECTION('ref_axis',(1.,0.,0.));
#14956=DIRECTION('center_axis',(0.,0.,1.));
#14957=DIRECTION('ref_axis',(1.,0.,0.));
#14958=DIRECTION('center_axis',(0.,0.,1.));
#14959=DIRECTION('ref_axis',(1.,0.,0.));
#14960=DIRECTION('center_axis',(0.,0.,1.));
#14961=DIRECTION('ref_axis',(1.,0.,0.));
#14962=DIRECTION('center_axis',(0.,0.,1.));
#14963=DIRECTION('ref_axis',(1.,0.,0.));
#14964=DIRECTION('center_axis',(0.,0.,1.));
#14965=DIRECTION('ref_axis',(1.,0.,0.));
#14966=DIRECTION('center_axis',(0.,0.,1.));
#14967=DIRECTION('ref_axis',(1.,0.,0.));
#14968=DIRECTION('center_axis',(0.,0.,1.));
#14969=DIRECTION('ref_axis',(1.,0.,0.));
#14970=DIRECTION('center_axis',(0.,0.,1.));
#14971=DIRECTION('ref_axis',(1.,0.,0.));
#14972=DIRECTION('center_axis',(0.,0.,1.));
#14973=DIRECTION('ref_axis',(1.,0.,0.));
#14974=DIRECTION('center_axis',(1.,0.,0.));
#14975=DIRECTION('ref_axis',(0.,1.,0.));
#14976=DIRECTION('',(0.,1.,0.));
#14977=DIRECTION('',(0.,0.,1.));
#14978=DIRECTION('',(0.,1.,0.));
#14979=DIRECTION('',(0.,0.,1.));
#14980=DIRECTION('center_axis',(0.,-1.,0.));
#14981=DIRECTION('ref_axis',(1.,0.,0.));
#14982=DIRECTION('',(1.,0.,0.));
#14983=DIRECTION('',(0.,0.,1.));
#14984=DIRECTION('',(1.,0.,0.));
#14985=DIRECTION('center_axis',(-1.,0.,0.));
#14986=DIRECTION('ref_axis',(0.,-1.,0.));
#14987=DIRECTION('',(0.,-1.,0.));
#14988=DIRECTION('',(0.,0.,1.));
#14989=DIRECTION('',(0.,-1.,0.));
#14990=DIRECTION('center_axis',(0.,1.,0.));
#14991=DIRECTION('ref_axis',(-1.,0.,0.));
#14992=DIRECTION('',(-1.,0.,0.));
#14993=DIRECTION('',(-1.,0.,0.));
#14994=DIRECTION('center_axis',(0.,0.,1.));
#14995=DIRECTION('ref_axis',(1.,0.,0.));
#14996=DIRECTION('center_axis',(0.,0.,-1.));
#14997=DIRECTION('ref_axis',(-1.,0.,0.));
#14998=DIRECTION('center_axis',(0.,0.,-1.));
#14999=DIRECTION('ref_axis',(-1.,0.,0.));
#15000=DIRECTION('center_axis',(0.,0.,-1.));
#15001=DIRECTION('ref_axis',(-1.,0.,0.));
#15002=DIRECTION('center_axis',(0.,0.,1.));
#15003=DIRECTION('ref_axis',(1.,0.,0.));
#15004=DIRECTION('center_axis',(0.,0.,-1.));
#15005=DIRECTION('ref_axis',(-1.,0.,0.));
#15006=DIRECTION('center_axis',(0.,0.,-1.));
#15007=DIRECTION('ref_axis',(-1.,0.,0.));
#15008=DIRECTION('center_axis',(0.,0.,-1.));
#15009=DIRECTION('ref_axis',(-1.,0.,0.));
#15010=DIRECTION('center_axis',(0.,0.,1.));
#15011=DIRECTION('ref_axis',(1.,0.,0.));
#15012=DIRECTION('center_axis',(0.,0.,-1.));
#15013=DIRECTION('ref_axis',(-1.,0.,0.));
#15014=DIRECTION('center_axis',(0.,0.,-1.));
#15015=DIRECTION('ref_axis',(-1.,0.,0.));
#15016=DIRECTION('center_axis',(0.,0.,-1.));
#15017=DIRECTION('ref_axis',(-1.,0.,0.));
#15018=DIRECTION('center_axis',(0.,0.,1.));
#15019=DIRECTION('ref_axis',(1.,0.,0.));
#15020=DIRECTION('center_axis',(0.,0.,-1.));
#15021=DIRECTION('ref_axis',(-1.,0.,0.));
#15022=DIRECTION('center_axis',(0.,0.,-1.));
#15023=DIRECTION('ref_axis',(-1.,0.,0.));
#15024=DIRECTION('center_axis',(0.,0.,-1.));
#15025=DIRECTION('ref_axis',(-1.,0.,0.));
#15026=DIRECTION('center_axis',(0.,0.,1.));
#15027=DIRECTION('ref_axis',(1.,0.,0.));
#15028=DIRECTION('center_axis',(1.,0.,0.));
#15029=DIRECTION('ref_axis',(0.,-1.,0.));
#15030=DIRECTION('',(0.,-1.,0.));
#15031=DIRECTION('',(0.,0.,-1.));
#15032=DIRECTION('',(0.,-1.,0.));
#15033=DIRECTION('',(0.,0.,-1.));
#15034=DIRECTION('center_axis',(0.,1.,0.));
#15035=DIRECTION('ref_axis',(1.,0.,0.));
#15036=DIRECTION('',(1.,0.,0.));
#15037=DIRECTION('',(0.,0.,-1.));
#15038=DIRECTION('',(1.,0.,0.));
#15039=DIRECTION('center_axis',(-1.,0.,0.));
#15040=DIRECTION('ref_axis',(0.,1.,0.));
#15041=DIRECTION('',(0.,1.,0.));
#15042=DIRECTION('',(0.,0.,-1.));
#15043=DIRECTION('',(0.,1.,0.));
#15044=DIRECTION('center_axis',(0.,-1.,0.));
#15045=DIRECTION('ref_axis',(-1.,0.,0.));
#15046=DIRECTION('',(-1.,0.,0.));
#15047=DIRECTION('',(-1.,0.,0.));
#15048=DIRECTION('center_axis',(0.,0.,-1.));
#15049=DIRECTION('ref_axis',(-1.,0.,0.));
#15050=DIRECTION('center_axis',(0.,-0.17364817766693,0.984807753012208));
#15051=DIRECTION('ref_axis',(0.707106781186549,-0.696364240320018,-0.122787803968973));
#15052=DIRECTION('',(0.,0.17364817766693,-0.984807753012208));
#15053=DIRECTION('center_axis',(0.,-0.17364817766693,0.984807753012208));
#15054=DIRECTION('ref_axis',(0.,-0.984807753012208,-0.17364817766693));
#15055=DIRECTION('',(0.,-0.17364817766693,0.984807753012208));
#15056=DIRECTION('center_axis',(0.,0.0871557427477076,-0.996194698091741));
#15057=DIRECTION('ref_axis',(0.,0.996194698091741,0.0871557427477076));
#15058=DIRECTION('center_axis',(0.,0.173648177666929,0.984807753012208));
#15059=DIRECTION('ref_axis',(0.70710678118655,-0.696364240320016,0.122787803968975));
#15060=DIRECTION('',(0.,0.173648177666929,0.984807753012208));
#15061=DIRECTION('center_axis',(0.,-0.173648177666931,-0.984807753012208));
#15062=DIRECTION('ref_axis',(1.,0.,0.));
#15063=DIRECTION('',(0.,-0.173648177666929,-0.984807753012208));
#15064=DIRECTION('center_axis',(1.84333048471826E-15,0.0871557427476948,
0.996194698091742));
#15065=DIRECTION('ref_axis',(2.10693638516134E-14,-0.996194698091742,0.0871557427476948));
#15066=DIRECTION('center_axis',(0.,0.,1.));
#15067=DIRECTION('ref_axis',(0.707106781186545,-0.70710678118655,0.));
#15068=DIRECTION('',(0.,0.,1.));
#15069=DIRECTION('',(0.,0.,-1.));
#15070=DIRECTION('center_axis',(0.,1.,0.));
#15071=DIRECTION('ref_axis',(0.707106781186547,0.,0.707106781186548));
#15072=DIRECTION('center_axis',(0.,1.,0.));
#15073=DIRECTION('ref_axis',(0.,0.,1.));
#15074=DIRECTION('',(0.,1.,0.));
#15075=DIRECTION('center_axis',(0.,-1.,0.));
#15076=DIRECTION('ref_axis',(1.,0.,0.));
#15077=DIRECTION('',(0.,-1.,0.));
#15078=DIRECTION('center_axis',(0.,0.,-1.));
#15079=DIRECTION('ref_axis',(-1.,0.,0.));
#15080=DIRECTION('center_axis',(0.,1.,0.));
#15081=DIRECTION('ref_axis',(-1.,0.,0.));
#15082=DIRECTION('center_axis',(0.,0.,1.));
#15083=DIRECTION('ref_axis',(-6.12323399573677E-17,1.,0.));
#15084=DIRECTION('center_axis',(0.,0.,-1.));
#15085=DIRECTION('ref_axis',(-6.12323399573677E-17,1.,0.));
#15086=DIRECTION('center_axis',(0.,-1.,0.));
#15087=DIRECTION('ref_axis',(-0.707106781186547,0.,0.707106781186548));
#15088=DIRECTION('center_axis',(0.,1.,0.));
#15089=DIRECTION('ref_axis',(-1.,0.,0.));
#15090=DIRECTION('',(0.,1.,0.));
#15091=DIRECTION('',(0.,-1.,0.));
#15092=DIRECTION('center_axis',(-0.349099057658941,-0.842769127051945,-0.409719472846656));
#15093=DIRECTION('ref_axis',(0.546578969722348,-0.538275207015992,0.641491411765698));
#15094=DIRECTION('center_axis',(1.,0.,0.));
#15095=DIRECTION('ref_axis',(0.,-0.642787609686537,0.76604444311898));
#15096=DIRECTION('center_axis',(0.,-0.173648177666929,-0.984807753012208));
#15097=DIRECTION('ref_axis',(-0.70710678118655,-0.696364240320017,0.12278780396897));
#15098=DIRECTION('',(0.,0.173648177666929,0.984807753012208));
#15099=DIRECTION('center_axis',(0.,-0.173648177666929,-0.984807753012208));
#15100=DIRECTION('ref_axis',(0.,-0.984807753012208,0.173648177666929));
#15101=DIRECTION('',(0.,-0.173648177666929,-0.984807753012208));
#15102=DIRECTION('center_axis',(0.,0.087155742747682,0.996194698091744));
#15103=DIRECTION('ref_axis',(0.,0.996194698091743,-0.087155742747682));
#15104=DIRECTION('center_axis',(0.,0.,-1.));
#15105=DIRECTION('ref_axis',(-0.707106781186545,-0.70710678118655,0.));
#15106=DIRECTION('',(0.,0.,1.));
#15107=DIRECTION('',(0.,0.,-1.));
#15108=DIRECTION('center_axis',(0.,-0.0871557427477936,0.996194698091734));
#15109=DIRECTION('ref_axis',(0.,0.996194698091734,0.0871557427477936));
#15110=DIRECTION('center_axis',(0.,0.17364817766693,-0.984807753012208));
#15111=DIRECTION('ref_axis',(-0.70710678118655,-0.696364240320017,-0.122787803968973));
#15112=DIRECTION('',(0.,0.17364817766693,-0.984807753012208));
#15113=DIRECTION('center_axis',(0.,-0.173648177666929,0.984807753012208));
#15114=DIRECTION('ref_axis',(-1.,0.,0.));
#15115=DIRECTION('',(0.,-0.17364817766693,0.984807753012208));
#15116=DIRECTION('center_axis',(0.349099057658941,-0.842769127051944,-0.409719472846658));
#15117=DIRECTION('ref_axis',(-0.546578969722346,-0.538275207015991,0.6414914117657));
#15118=DIRECTION('center_axis',(-1.,0.,0.));
#15119=DIRECTION('ref_axis',(0.,-0.642787609686537,0.76604444311898));
#15120=DIRECTION('center_axis',(0.,1.,0.));
#15121=DIRECTION('ref_axis',(-0.707106781186547,0.,-0.707106781186548));
#15122=DIRECTION('center_axis',(0.,1.,0.));
#15123=DIRECTION('ref_axis',(9.25185853854296E-16,0.,-1.));
#15124=DIRECTION('',(0.,1.,0.));
#15125=DIRECTION('center_axis',(0.,-1.,0.));
#15126=DIRECTION('ref_axis',(-1.,0.,0.));
#15127=DIRECTION('',(0.,-1.,0.));
#15128=DIRECTION('center_axis',(0.,0.,1.));
#15129=DIRECTION('ref_axis',(1.,0.,0.));
#15130=DIRECTION('center_axis',(0.,1.,0.));
#15131=DIRECTION('ref_axis',(1.,0.,0.));
#15132=DIRECTION('center_axis',(0.,0.,-1.));
#15133=DIRECTION('ref_axis',(-6.12323399573677E-17,1.,0.));
#15134=DIRECTION('center_axis',(0.,0.,1.));
#15135=DIRECTION('ref_axis',(-6.12323399573677E-17,1.,0.));
#15136=DIRECTION('center_axis',(0.,-1.,0.));
#15137=DIRECTION('ref_axis',(0.707106781186547,0.,-0.707106781186548));
#15138=DIRECTION('center_axis',(0.,1.,0.));
#15139=DIRECTION('ref_axis',(1.,0.,0.));
#15140=DIRECTION('',(0.,1.,0.));
#15141=DIRECTION('',(0.,-1.,0.));
#15142=DIRECTION('center_axis',(0.349099057658939,-0.842769127051947,0.409719472846655));
#15143=DIRECTION('ref_axis',(-0.546578969722351,-0.538275207015982,-0.641491411765703));
#15144=DIRECTION('center_axis',(-1.,0.,0.));
#15145=DIRECTION('ref_axis',(0.,-0.642787609686538,-0.766044443118979));
#15146=DIRECTION('center_axis',(-0.349099057658942,-0.842769127051944,0.409719472846658));
#15147=DIRECTION('ref_axis',(0.546578969722347,-0.538275207015992,-0.641491411765698));
#15148=DIRECTION('center_axis',(1.,0.,0.));
#15149=DIRECTION('ref_axis',(0.,-0.642787609686538,-0.766044443118979));
#15150=DIRECTION('center_axis',(1.,0.,0.));
#15151=DIRECTION('ref_axis',(0.,1.,0.));
#15152=DIRECTION('',(0.,0.,1.));
#15153=DIRECTION('center_axis',(0.,0.,1.));
#15154=DIRECTION('ref_axis',(1.,0.,0.));
#15155=DIRECTION('',(-1.,0.,0.));
#15156=DIRECTION('center_axis',(0.,0.,-1.));
#15157=DIRECTION('ref_axis',(0.707106781186548,-0.707106781186548,0.));
#15158=DIRECTION('',(0.,-1.,0.));
#15159=DIRECTION('center_axis',(0.,0.,-1.));
#15160=DIRECTION('ref_axis',(0.707106781186548,0.707106781186548,0.));
#15161=DIRECTION('',(1.,0.,0.));
#15162=DIRECTION('',(0.,1.,0.));
#15163=DIRECTION('center_axis',(0.,0.,1.));
#15164=DIRECTION('ref_axis',(-6.12323399573677E-17,-1.,0.));
#15165=DIRECTION('',(0.,-1.,0.));
#15166=DIRECTION('',(1.,0.,0.));
#15167=DIRECTION('center_axis',(0.,0.,-1.));
#15168=DIRECTION('ref_axis',(-0.707106781186548,0.707106781186548,0.));
#15169=DIRECTION('',(0.,1.,0.));
#15170=DIRECTION('center_axis',(0.,0.,-1.));
#15171=DIRECTION('ref_axis',(-0.707106781186548,-0.707106781186548,0.));
#15172=DIRECTION('',(-1.,0.,0.));
#15173=DIRECTION('center_axis',(-1.,0.,0.));
#15174=DIRECTION('ref_axis',(0.,-0.642787609686536,0.766044443118981));
#15175=DIRECTION('',(1.,0.,0.));
#15176=DIRECTION('center_axis',(1.,0.,0.));
#15177=DIRECTION('ref_axis',(0.,0.,1.));
#15178=DIRECTION('center_axis',(0.,-0.984807753012208,0.173648177666929));
#15179=DIRECTION('ref_axis',(0.,-0.173648177666929,-0.984807753012208));
#15180=DIRECTION('',(1.,0.,0.));
#15181=DIRECTION('',(0.,0.173648177666929,0.984807753012208));
#15182=DIRECTION('center_axis',(0.,-1.,0.));
#15183=DIRECTION('ref_axis',(1.,0.,0.));
#15184=DIRECTION('',(-1.,0.,0.));
#15185=DIRECTION('',(0.,0.,-1.));
#15186=DIRECTION('center_axis',(0.,-0.984807753012208,-0.17364817766693));
#15187=DIRECTION('ref_axis',(0.,0.17364817766693,-0.984807753012208));
#15188=DIRECTION('',(-1.,0.,0.));
#15189=DIRECTION('',(0.,-0.17364817766693,0.984807753012208));
#15190=DIRECTION('center_axis',(1.,0.,0.));
#15191=DIRECTION('ref_axis',(0.,-0.642787609686538,-0.766044443118979));
#15192=DIRECTION('',(1.,0.,0.));
#15193=DIRECTION('center_axis',(-1.,0.,0.));
#15194=DIRECTION('ref_axis',(0.,0.,-1.));
#15195=DIRECTION('center_axis',(0.,0.17364817766693,0.984807753012208));
#15196=DIRECTION('ref_axis',(-0.707106781186549,0.696364240320018,-0.122787803968973));
#15197=DIRECTION('',(0.,-0.17364817766693,-0.984807753012208));
#15198=DIRECTION('center_axis',(0.,0.173648177666929,0.984807753012208));
#15199=DIRECTION('ref_axis',(0.,0.984807753012208,-0.173648177666929));
#15200=DIRECTION('',(0.,0.17364817766693,0.984807753012208));
#15201=DIRECTION('center_axis',(0.,-0.0871557427477936,-0.996194698091734));
#15202=DIRECTION('ref_axis',(0.,-0.996194698091734,0.0871557427477936));
#15203=DIRECTION('center_axis',(0.,-0.173648177666929,0.984807753012208));
#15204=DIRECTION('ref_axis',(-0.70710678118655,0.696364240320016,0.12278780396897));
#15205=DIRECTION('',(0.,-0.173648177666929,0.984807753012208));
#15206=DIRECTION('center_axis',(0.,0.173648177666929,-0.984807753012208));
#15207=DIRECTION('ref_axis',(-1.,0.,0.));
#15208=DIRECTION('',(0.,0.173648177666929,-0.984807753012208));
#15209=DIRECTION('center_axis',(0.,-0.087155742747682,0.996194698091744));
#15210=DIRECTION('ref_axis',(0.,0.996194698091743,0.087155742747682));
#15211=DIRECTION('center_axis',(0.,0.,1.));
#15212=DIRECTION('ref_axis',(-0.707106781186545,0.70710678118655,0.));
#15213=DIRECTION('',(0.,0.,1.));
#15214=DIRECTION('',(0.,0.,-1.));
#15215=DIRECTION('center_axis',(0.,-1.,0.));
#15216=DIRECTION('ref_axis',(-0.707106781186547,0.,0.707106781186548));
#15217=DIRECTION('center_axis',(0.,-1.,0.));
#15218=DIRECTION('ref_axis',(0.,0.,1.));
#15219=DIRECTION('',(0.,-1.,0.));
#15220=DIRECTION('center_axis',(0.,1.,0.));
#15221=DIRECTION('ref_axis',(-1.,0.,0.));
#15222=DIRECTION('center_axis',(0.,0.,-1.));
#15223=DIRECTION('ref_axis',(-1.,0.,0.));
#15224=DIRECTION('center_axis',(0.,-1.,0.));
#15225=DIRECTION('ref_axis',(1.,0.,0.));
#15226=DIRECTION('center_axis',(0.,0.,-1.));
#15227=DIRECTION('ref_axis',(-6.12323399573677E-17,-1.,0.));
#15228=DIRECTION('center_axis',(0.,1.,0.));
#15229=DIRECTION('ref_axis',(0.707106781186547,0.,0.707106781186548));
#15230=DIRECTION('center_axis',(0.,-1.,0.));
#15231=DIRECTION('ref_axis',(1.,0.,0.));
#15232=DIRECTION('',(0.,1.,0.));
#15233=DIRECTION('center_axis',(-0.349099057658941,-0.842769127051945,0.409719472846656));
#15234=DIRECTION('ref_axis',(-0.546578969722347,0.538275207015991,0.641491411765699));
#15235=DIRECTION('center_axis',(-1.,0.,0.));
#15236=DIRECTION('ref_axis',(0.,0.642787609686537,0.76604444311898));
#15237=DIRECTION('center_axis',(0.,0.173648177666929,-0.984807753012208));
#15238=DIRECTION('ref_axis',(0.707106781186549,0.696364240320017,0.122787803968975));
#15239=DIRECTION('',(0.,-0.173648177666929,0.984807753012208));
#15240=DIRECTION('center_axis',(0.,0.173648177666931,-0.984807753012208));
#15241=DIRECTION('ref_axis',(0.,0.984807753012208,0.173648177666931));
#15242=DIRECTION('',(0.,0.173648177666929,-0.984807753012208));
#15243=DIRECTION('center_axis',(1.84333048471826E-15,-0.0871557427476948,
0.996194698091742));
#15244=DIRECTION('ref_axis',(-2.10693638516135E-14,-0.996194698091742,-0.0871557427476948));
#15245=DIRECTION('center_axis',(0.,0.,-1.));
#15246=DIRECTION('ref_axis',(0.707106781186545,0.70710678118655,0.));
#15247=DIRECTION('',(0.,0.,1.));
#15248=DIRECTION('',(0.,0.,-1.));
#15249=DIRECTION('center_axis',(0.,0.0871557427477076,0.996194698091741));
#15250=DIRECTION('ref_axis',(0.,-0.996194698091741,0.0871557427477076));
#15251=DIRECTION('center_axis',(0.,-0.17364817766693,-0.984807753012208));
#15252=DIRECTION('ref_axis',(0.70710678118655,0.696364240320017,-0.122787803968973));
#15253=DIRECTION('',(0.,-0.17364817766693,-0.984807753012208));
#15254=DIRECTION('center_axis',(0.,0.17364817766693,0.984807753012208));
#15255=DIRECTION('ref_axis',(1.,0.,0.));
#15256=DIRECTION('',(0.,0.17364817766693,0.984807753012208));
#15257=DIRECTION('center_axis',(0.349099057658941,-0.842769127051944,0.409719472846658));
#15258=DIRECTION('ref_axis',(0.546578969722346,0.538275207015991,0.6414914117657));
#15259=DIRECTION('center_axis',(1.,0.,0.));
#15260=DIRECTION('ref_axis',(0.,0.642787609686537,0.76604444311898));
#15261=DIRECTION('center_axis',(0.,-1.,0.));
#15262=DIRECTION('ref_axis',(0.707106781186547,0.,-0.707106781186548));
#15263=DIRECTION('center_axis',(0.,-1.,0.));
#15264=DIRECTION('ref_axis',(-9.25185853854296E-16,0.,-1.));
#15265=DIRECTION('',(0.,-1.,0.));
#15266=DIRECTION('center_axis',(0.,1.,0.));
#15267=DIRECTION('ref_axis',(1.,0.,0.));
#15268=DIRECTION('',(0.,1.,0.));
#15269=DIRECTION('center_axis',(0.,0.,1.));
#15270=DIRECTION('ref_axis',(1.,0.,0.));
#15271=DIRECTION('center_axis',(0.,-1.,0.));
#15272=DIRECTION('ref_axis',(-1.,0.,0.));
#15273=DIRECTION('center_axis',(0.,0.,-1.));
#15274=DIRECTION('ref_axis',(-6.12323399573677E-17,-1.,0.));
#15275=DIRECTION('center_axis',(0.,0.,1.));
#15276=DIRECTION('ref_axis',(-6.12323399573677E-17,-1.,0.));
#15277=DIRECTION('center_axis',(0.,1.,0.));
#15278=DIRECTION('ref_axis',(-0.707106781186547,0.,-0.707106781186548));
#15279=DIRECTION('center_axis',(0.,-1.,0.));
#15280=DIRECTION('ref_axis',(-1.,0.,0.));
#15281=DIRECTION('',(0.,-1.,0.));
#15282=DIRECTION('',(0.,1.,0.));
#15283=DIRECTION('center_axis',(0.349099057658941,-0.842769127051944,-0.409719472846658));
#15284=DIRECTION('ref_axis',(0.546578969722347,0.538275207015992,-0.641491411765699));
#15285=DIRECTION('center_axis',(1.,0.,0.));
#15286=DIRECTION('ref_axis',(0.,0.642787609686538,-0.766044443118979));
#15287=DIRECTION('center_axis',(-0.349099057658942,-0.842769127051944,-0.409719472846658));
#15288=DIRECTION('ref_axis',(-0.546578969722347,0.538275207015992,-0.641491411765698));
#15289=DIRECTION('center_axis',(-1.,0.,0.));
#15290=DIRECTION('ref_axis',(0.,0.642787609686538,-0.766044443118979));
#15291=DIRECTION('center_axis',(1.,0.,0.));
#15292=DIRECTION('ref_axis',(0.,1.,0.));
#15293=DIRECTION('',(0.,0.,1.));
#15294=DIRECTION('center_axis',(1.,0.,0.));
#15295=DIRECTION('ref_axis',(0.,0.642787609686536,0.766044443118981));
#15296=DIRECTION('',(-1.,0.,0.));
#15297=DIRECTION('center_axis',(-1.,0.,0.));
#15298=DIRECTION('ref_axis',(0.,0.,1.));
#15299=DIRECTION('center_axis',(0.,0.984807753012208,0.173648177666929));
#15300=DIRECTION('ref_axis',(0.,-0.173648177666929,0.984807753012208));
#15301=DIRECTION('',(-1.,0.,0.));
#15302=DIRECTION('',(0.,-0.173648177666929,0.984807753012208));
#15303=DIRECTION('center_axis',(0.,1.,0.));
#15304=DIRECTION('ref_axis',(-1.,0.,0.));
#15305=DIRECTION('',(1.,0.,0.));
#15306=DIRECTION('',(0.,0.,-1.));
#15307=DIRECTION('center_axis',(0.,0.984807753012208,-0.17364817766693));
#15308=DIRECTION('ref_axis',(0.,0.17364817766693,0.984807753012208));
#15309=DIRECTION('',(1.,0.,0.));
#15310=DIRECTION('',(0.,0.17364817766693,0.984807753012208));
#15311=DIRECTION('center_axis',(-1.,0.,0.));
#15312=DIRECTION('ref_axis',(0.,0.642787609686538,-0.766044443118979));
#15313=DIRECTION('',(-1.,0.,0.));
#15314=DIRECTION('center_axis',(-1.,0.,0.));
#15315=DIRECTION('ref_axis',(0.,0.984807753012208,-0.173648177666929));
#15316=DIRECTION('center_axis',(-1.,0.,0.));
#15317=DIRECTION('ref_axis',(0.,-1.,0.));
#15318=DIRECTION('',(0.,1.,0.));
#15319=DIRECTION('',(0.,0.,-1.));
#15320=DIRECTION('',(0.,-1.,0.));
#15321=DIRECTION('',(0.,0.,1.));
#15322=DIRECTION('center_axis',(0.,0.,-1.));
#15323=DIRECTION('ref_axis',(-1.,0.,0.));
#15324=DIRECTION('',(0.,0.,1.));
#15325=DIRECTION('center_axis',(-1.,0.,0.));
#15326=DIRECTION('ref_axis',(0.,-1.,0.));
#15327=DIRECTION('center_axis',(0.,0.,1.));
#15328=DIRECTION('ref_axis',(1.,0.,0.));
#15329=DIRECTION('',(1.,0.,0.));
#15330=DIRECTION('center_axis',(0.,0.,1.));
#15331=DIRECTION('ref_axis',(-0.70710678118655,-0.707106781186545,0.));
#15332=DIRECTION('',(0.,-1.,0.));
#15333=DIRECTION('center_axis',(0.,0.,1.));
#15334=DIRECTION('ref_axis',(-0.70710678118655,0.707106781186545,0.));
#15335=DIRECTION('',(-1.,0.,0.));
#15336=DIRECTION('center_axis',(0.,0.,1.));
#15337=DIRECTION('ref_axis',(0.70710678118655,0.707106781186545,0.));
#15338=DIRECTION('',(0.,1.,0.));
#15339=DIRECTION('center_axis',(0.,0.,1.));
#15340=DIRECTION('ref_axis',(0.70710678118655,-0.707106781186545,0.));
#15341=DIRECTION('center_axis',(-1.,0.,0.));
#15342=DIRECTION('ref_axis',(0.,0.642787609686538,-0.766044443118979));
#15343=DIRECTION('',(1.,0.,0.));
#15344=DIRECTION('center_axis',(1.,0.,0.));
#15345=DIRECTION('ref_axis',(0.,0.,-1.));
#15346=DIRECTION('center_axis',(0.,0.984807753012208,-0.17364817766693));
#15347=DIRECTION('ref_axis',(0.,0.17364817766693,0.984807753012208));
#15348=DIRECTION('',(1.,0.,0.));
#15349=DIRECTION('',(0.,0.173648177666929,0.984807753012208));
#15350=DIRECTION('center_axis',(0.,1.,0.));
#15351=DIRECTION('ref_axis',(-1.,0.,0.));
#15352=DIRECTION('',(-1.,0.,0.));
#15353=DIRECTION('',(0.,0.,1.));
#15354=DIRECTION('center_axis',(0.,0.984807753012208,0.173648177666929));
#15355=DIRECTION('ref_axis',(0.,-0.173648177666929,0.984807753012208));
#15356=DIRECTION('',(-1.,0.,0.));
#15357=DIRECTION('',(0.,-0.173648177666925,0.984807753012209));
#15358=DIRECTION('center_axis',(1.,0.,0.));
#15359=DIRECTION('ref_axis',(0.,0.642787609686536,0.766044443118981));
#15360=DIRECTION('center_axis',(1.,0.,0.));
#15361=DIRECTION('ref_axis',(0.,0.984807753012208,0.173648177666931));
#15362=DIRECTION('center_axis',(-1.,0.,0.));
#15363=DIRECTION('ref_axis',(0.,-1.,0.));
#15364=DIRECTION('',(0.,0.,1.));
#15365=DIRECTION('center_axis',(0.,0.,1.));
#15366=DIRECTION('ref_axis',(-1.,0.,0.));
#15367=DIRECTION('center_axis',(1.,0.,0.));
#15368=DIRECTION('ref_axis',(0.,-0.642787609686538,-0.766044443118979));
#15369=DIRECTION('',(-1.,0.,0.));
#15370=DIRECTION('center_axis',(-1.,0.,0.));
#15371=DIRECTION('ref_axis',(0.,0.,-1.));
#15372=DIRECTION('center_axis',(0.,-0.984807753012208,-0.17364817766693));
#15373=DIRECTION('ref_axis',(0.,0.17364817766693,-0.984807753012208));
#15374=DIRECTION('',(-1.,0.,0.));
#15375=DIRECTION('',(0.,-0.173648177666929,0.984807753012208));
#15376=DIRECTION('center_axis',(0.,-1.,0.));
#15377=DIRECTION('ref_axis',(1.,0.,0.));
#15378=DIRECTION('',(1.,0.,0.));
#15379=DIRECTION('',(0.,0.,1.));
#15380=DIRECTION('center_axis',(0.,-0.984807753012208,0.173648177666929));
#15381=DIRECTION('ref_axis',(0.,-0.173648177666929,-0.984807753012208));
#15382=DIRECTION('',(1.,0.,0.));
#15383=DIRECTION('',(0.,0.173648177666925,0.984807753012209));
#15384=DIRECTION('center_axis',(-1.,0.,0.));
#15385=DIRECTION('ref_axis',(0.,-0.642787609686536,0.766044443118981));
#15386=DIRECTION('center_axis',(1.,0.,0.));
#15387=DIRECTION('ref_axis',(0.,0.,1.));
#15388=DIRECTION('center_axis',(1.,0.,0.));
#15389=DIRECTION('ref_axis',(0.,1.,0.));
#15390=DIRECTION('',(0.,-1.,0.));
#15391=DIRECTION('',(0.,0.,-1.));
#15392=DIRECTION('',(0.,1.,0.));
#15393=DIRECTION('',(0.,0.,1.));
#15394=DIRECTION('center_axis',(1.50313333911023E-14,1.,0.));
#15395=DIRECTION('ref_axis',(0.,0.,-1.));
#15396=DIRECTION('center_axis',(1.27488542780892E-15,4.24961809269641E-16,
-1.));
#15397=DIRECTION('ref_axis',(-0.707106781186548,0.707106781186548,-6.00986754159733E-16));
#15398=DIRECTION('center_axis',(0.,-1.,0.));
#15399=DIRECTION('ref_axis',(-0.642787609686537,0.,-0.76604444311898));
#15400=DIRECTION('center_axis',(0.,1.,0.));
#15401=DIRECTION('ref_axis',(0.,0.,-1.));
#15402=DIRECTION('',(0.,1.,0.));
#15403=DIRECTION('center_axis',(-4.24961809269638E-16,4.24961809269638E-16,
-1.));
#15404=DIRECTION('ref_axis',(-0.707106781186548,-0.707106781186548,0.));
#15405=DIRECTION('center_axis',(-1.50313333911022E-14,-1.,0.));
#15406=DIRECTION('ref_axis',(0.,0.,-1.));
#15407=DIRECTION('center_axis',(-1.27488542780892E-15,-4.24961809269641E-16,
-1.));
#15408=DIRECTION('ref_axis',(0.707106781186548,-0.707106781186548,-6.00986754159733E-16));
#15409=DIRECTION('center_axis',(0.,1.,0.));
#15410=DIRECTION('ref_axis',(0.642787609686537,0.,-0.76604444311898));
#15411=DIRECTION('center_axis',(0.,-1.,0.));
#15412=DIRECTION('ref_axis',(0.,0.,-1.));
#15413=DIRECTION('',(0.,-1.,0.));
#15414=DIRECTION('center_axis',(4.24961809269638E-16,-4.24961809269638E-16,
-1.));
#15415=DIRECTION('ref_axis',(0.707106781186548,0.707106781186548,0.));
#15416=DIRECTION('center_axis',(0.984807753012208,0.,-0.17364817766693));
#15417=DIRECTION('ref_axis',(-0.17364817766693,0.,-0.984807753012208));
#15418=DIRECTION('',(0.17364817766693,0.,0.984807753012208));
#15419=DIRECTION('',(-0.17364817766693,0.,-0.984807753012208));
#15420=DIRECTION('center_axis',(0.,0.,1.));
#15421=DIRECTION('ref_axis',(0.707106781186549,0.707106781186546,0.));
#15422=DIRECTION('center_axis',(0.,0.,-1.));
#15423=DIRECTION('ref_axis',(0.707106781186549,0.707106781186546,0.));
#15424=DIRECTION('center_axis',(0.,0.,1.));
#15425=DIRECTION('ref_axis',(-0.707106781186549,0.707106781186546,0.));
#15426=DIRECTION('',(-0.173648177666931,0.,0.984807753012208));
#15427=DIRECTION('center_axis',(0.,0.,-1.));
#15428=DIRECTION('ref_axis',(-0.707106781186549,0.707106781186546,0.));
#15429=DIRECTION('center_axis',(0.,0.,-1.));
#15430=DIRECTION('ref_axis',(-1.,0.,0.));
#15431=DIRECTION('center_axis',(0.,1.,0.));
#15432=DIRECTION('ref_axis',(0.,0.,1.));
#15433=DIRECTION('center_axis',(0.,0.,1.));
#15434=DIRECTION('ref_axis',(0.707106781186545,0.70710678118655,0.));
#15435=DIRECTION('center_axis',(0.,-1.,0.));
#15436=DIRECTION('ref_axis',(0.642787609686542,0.,0.766044443118976));
#15437=DIRECTION('center_axis',(0.,1.,0.));
#15438=DIRECTION('ref_axis',(0.,0.,1.));
#15439=DIRECTION('',(0.,1.,0.));
#15440=DIRECTION('center_axis',(0.,0.,-1.));
#15441=DIRECTION('ref_axis',(-1.,0.,0.));
#15442=DIRECTION('center_axis',(0.,0.,1.));
#15443=DIRECTION('ref_axis',(0.707106781186545,-0.70710678118655,0.));
#15444=DIRECTION('center_axis',(0.,0.,-1.));
#15445=DIRECTION('ref_axis',(-1.,0.,0.));
#15446=DIRECTION('center_axis',(0.,-1.,0.));
#15447=DIRECTION('ref_axis',(0.,0.,1.));
#15448=DIRECTION('center_axis',(0.,0.,1.));
#15449=DIRECTION('ref_axis',(-0.707106781186545,-0.70710678118655,0.));
#15450=DIRECTION('center_axis',(0.,1.,0.));
#15451=DIRECTION('ref_axis',(-0.642787609686542,0.,0.766044443118976));
#15452=DIRECTION('center_axis',(0.,-1.,0.));
#15453=DIRECTION('ref_axis',(0.,0.,1.));
#15454=DIRECTION('',(0.,-1.,0.));
#15455=DIRECTION('center_axis',(0.,0.,-1.));
#15456=DIRECTION('ref_axis',(-1.,0.,0.));
#15457=DIRECTION('center_axis',(0.,0.,1.));
#15458=DIRECTION('ref_axis',(-0.707106781186545,0.70710678118655,0.));
#15459=DIRECTION('center_axis',(-0.984807753012208,0.,0.173648177666931));
#15460=DIRECTION('ref_axis',(0.173648177666931,0.,0.984807753012208));
#15461=DIRECTION('',(0.173648177666929,0.,0.984807753012208));
#15462=DIRECTION('',(0.173648177666931,0.,0.984807753012208));
#15463=DIRECTION('center_axis',(0.,0.,-1.));
#15464=DIRECTION('ref_axis',(-0.707106781186549,0.707106781186546,0.));
#15465=DIRECTION('center_axis',(0.,0.,1.));
#15466=DIRECTION('ref_axis',(-0.707106781186549,0.707106781186546,0.));
#15467=DIRECTION('center_axis',(0.,0.,-1.));
#15468=DIRECTION('ref_axis',(0.707106781186549,0.707106781186546,0.));
#15469=DIRECTION('',(-0.173648177666931,0.,0.984807753012208));
#15470=DIRECTION('center_axis',(0.,0.,1.));
#15471=DIRECTION('ref_axis',(0.707106781186549,0.707106781186546,0.));
#15472=DIRECTION('center_axis',(-0.984807753012208,0.,-0.17364817766693));
#15473=DIRECTION('ref_axis',(-0.17364817766693,0.,0.984807753012208));
#15474=DIRECTION('',(-0.17364817766693,0.,0.984807753012208));
#15475=DIRECTION('center_axis',(0.,0.,1.));
#15476=DIRECTION('ref_axis',(-0.707106781186549,-0.707106781186546,0.));
#15477=DIRECTION('center_axis',(0.,0.,-1.));
#15478=DIRECTION('ref_axis',(-0.707106781186549,-0.707106781186546,0.));
#15479=DIRECTION('center_axis',(0.,0.,1.));
#15480=DIRECTION('ref_axis',(0.707106781186549,-0.707106781186546,0.));
#15481=DIRECTION('center_axis',(0.,0.,-1.));
#15482=DIRECTION('ref_axis',(0.707106781186549,-0.707106781186546,0.));
#15483=DIRECTION('center_axis',(0.,0.,1.));
#15484=DIRECTION('ref_axis',(-0.707106781186549,-0.707106781186546,0.));
#15485=DIRECTION('center_axis',(0.,0.,1.));
#15486=DIRECTION('ref_axis',(-0.707106781186549,-0.707106781186546,0.));
#15487=DIRECTION('center_axis',(0.,0.,1.));
#15488=DIRECTION('ref_axis',(0.707106781186549,-0.707106781186546,0.));
#15489=DIRECTION('center_axis',(0.,0.,1.));
#15490=DIRECTION('ref_axis',(0.707106781186549,-0.707106781186546,0.));
#15491=DIRECTION('center_axis',(0.984807753012208,0.,0.173648177666931));
#15492=DIRECTION('ref_axis',(0.173648177666931,0.,-0.984807753012208));
#15493=DIRECTION('',(0.173648177666931,0.,-0.984807753012208));
#15494=DIRECTION('center_axis',(0.,0.,-1.));
#15495=DIRECTION('ref_axis',(-0.707106781186549,-0.707106781186546,0.));
#15496=DIRECTION('center_axis',(0.,0.,-1.));
#15497=DIRECTION('ref_axis',(0.707106781186549,-0.707106781186546,0.));
#15498=DIRECTION('center_axis',(0.,0.,1.));
#15499=DIRECTION('ref_axis',(-0.707106781186549,0.707106781186546,0.));
#15500=DIRECTION('center_axis',(0.,0.,1.));
#15501=DIRECTION('ref_axis',(0.707106781186549,0.707106781186546,0.));
#15502=DIRECTION('axis',(0.,0.,1.));
#15503=DIRECTION('refdir',(1.,0.,0.));
#15504=DIRECTION('',(0.,0.,1.));
#15505=DIRECTION('',(0.,0.,1.));
#15506=DIRECTION('',(0.,0.,1.));
#15507=DIRECTION('',(0.,0.,1.));
#15508=DIRECTION('',(0.,0.,1.));
#15509=DIRECTION('',(0.,0.,1.));
#15510=DIRECTION('',(0.,0.,1.));
#15511=DIRECTION('center_axis',(0.,0.,1.));
#15512=DIRECTION('ref_axis',(1.,0.,0.));
#15513=DIRECTION('center_axis',(0.,0.,1.));
#15514=DIRECTION('ref_axis',(1.,0.,0.));
#15515=DIRECTION('',(0.,0.,1.));
#15516=DIRECTION('',(0.,0.,1.));
#15517=DIRECTION('',(0.,0.,1.));
#15518=DIRECTION('',(0.,0.,1.));
#15519=DIRECTION('center_axis',(0.000374597517352011,-0.999999929838348,
0.));
#15520=DIRECTION('ref_axis',(0.999999929838348,0.000374597517351916,0.));
#15521=DIRECTION('',(0.999999929838348,0.000374597517352011,0.));
#15522=DIRECTION('',(0.,0.,1.));
#15523=DIRECTION('',(-0.999999929838348,-0.000374597517352011,0.));
#15524=DIRECTION('',(0.,0.,1.));
#15525=DIRECTION('',(0.,0.,1.));
#15526=DIRECTION('',(0.,0.,1.));
#15527=DIRECTION('',(0.,0.,1.));
#15528=DIRECTION('center_axis',(0.000374597517337187,-0.999999929838348,
0.));
#15529=DIRECTION('ref_axis',(0.999999929838348,0.000374597517337349,0.));
#15530=DIRECTION('',(0.999999929838348,0.000374597517337187,0.));
#15531=DIRECTION('',(0.999999929838348,0.000374597517337187,0.));
#15532=DIRECTION('',(0.,0.,1.));
#15533=DIRECTION('',(0.,0.,1.));
#15534=DIRECTION('',(0.,0.,1.));
#15535=DIRECTION('',(0.,0.,1.));
#15536=DIRECTION('',(0.,0.,1.));
#15537=DIRECTION('',(0.,0.,1.));
#15538=DIRECTION('center_axis',(0.,0.,1.));
#15539=DIRECTION('ref_axis',(1.,0.,0.));
#15540=DIRECTION('center_axis',(0.,0.,1.));
#15541=DIRECTION('ref_axis',(1.,0.,0.));
#15542=DIRECTION('',(0.,0.,1.));
#15543=DIRECTION('',(0.,0.,1.));
#15544=DIRECTION('',(0.,0.,1.));
#15545=DIRECTION('',(0.,0.,1.));
#15546=DIRECTION('',(0.,0.,1.));
#15547=DIRECTION('',(0.,0.,1.));
#15548=DIRECTION('',(0.,0.,1.));
#15549=DIRECTION('',(0.,0.,1.));
#15550=DIRECTION('',(0.,0.,1.));
#15551=DIRECTION('',(0.,0.,1.));
#15552=DIRECTION('',(0.,0.,1.));
#15553=DIRECTION('',(0.,0.,1.));
#15554=DIRECTION('',(0.,0.,1.));
#15555=DIRECTION('',(0.,0.,1.));
#15556=DIRECTION('',(0.,0.,1.));
#15557=DIRECTION('',(0.,0.,1.));
#15558=DIRECTION('center_axis',(0.,0.,1.));
#15559=DIRECTION('ref_axis',(1.,0.,0.));
#15560=DIRECTION('center_axis',(0.,0.,1.));
#15561=DIRECTION('ref_axis',(1.,0.,0.));
#15562=DIRECTION('',(0.,0.,1.));
#15563=DIRECTION('',(0.,0.,1.));
#15564=DIRECTION('',(0.,0.,1.));
#15565=DIRECTION('center_axis',(0.,0.,1.));
#15566=DIRECTION('ref_axis',(1.,0.,0.));
#15567=DIRECTION('center_axis',(0.,0.,1.));
#15568=DIRECTION('ref_axis',(1.,0.,0.));
#15569=DIRECTION('',(0.,0.,1.));
#15570=DIRECTION('',(0.,0.,1.));
#15571=DIRECTION('center_axis',(-0.924026859729645,0.382327559166443,0.));
#15572=DIRECTION('ref_axis',(-0.382327559166443,-0.924026859729645,0.));
#15573=DIRECTION('',(-0.382327559166443,-0.924026859729646,0.));
#15574=DIRECTION('',(-0.382327559166443,-0.924026859729646,0.));
#15575=DIRECTION('',(0.,0.,1.));
#15576=DIRECTION('',(0.,0.,1.));
#15577=DIRECTION('',(0.,0.,1.));
#15578=DIRECTION('center_axis',(-0.043062977272059,-0.999072359736003,0.));
#15579=DIRECTION('ref_axis',(0.999072359736003,-0.0430629772720589,0.));
#15580=DIRECTION('',(0.999072359736003,-0.043062977272059,0.));
#15581=DIRECTION('',(0.999072359736003,-0.043062977272059,0.));
#15582=DIRECTION('',(0.,0.,1.));
#15583=DIRECTION('center_axis',(0.,0.,1.));
#15584=DIRECTION('ref_axis',(1.,0.,0.));
#15585=DIRECTION('center_axis',(0.,0.,1.));
#15586=DIRECTION('ref_axis',(1.,0.,0.));
#15587=DIRECTION('',(0.,0.,1.));
#15588=DIRECTION('',(0.,0.,1.));
#15589=DIRECTION('',(0.,0.,1.));
#15590=DIRECTION('',(0.,0.,1.));
#15591=DIRECTION('',(0.,0.,1.));
#15592=DIRECTION('',(0.,0.,1.));
#15593=DIRECTION('',(0.,0.,1.));
#15594=DIRECTION('center_axis',(-0.999999929838348,-0.000374597517336332,
0.));
#15595=DIRECTION('ref_axis',(0.000374597517336284,-0.999999929838348,0.));
#15596=DIRECTION('',(0.000374597517336332,-0.999999929838348,0.));
#15597=DIRECTION('',(0.000374597517336332,-0.999999929838348,0.));
#15598=DIRECTION('',(0.,0.,1.));
#15599=DIRECTION('',(0.,0.,1.));
#15600=DIRECTION('',(0.,0.,1.));
#15601=DIRECTION('',(0.,0.,1.));
#15602=DIRECTION('center_axis',(0.999999929838348,0.000374597517350313,
0.));
#15603=DIRECTION('ref_axis',(-0.000374597517350317,0.999999929838348,0.));
#15604=DIRECTION('',(-0.000374597517350313,0.999999929838348,0.));
#15605=DIRECTION('',(-0.000374597517350313,0.999999929838348,0.));
#15606=DIRECTION('',(0.,0.,1.));
#15607=DIRECTION('',(0.,0.,1.));
#15608=DIRECTION('',(0.,0.,1.));
#15609=DIRECTION('',(0.,0.,1.));
#15610=DIRECTION('center_axis',(-0.999667382864848,-0.0257899910070701,
0.));
#15611=DIRECTION('ref_axis',(0.0257899910070702,-0.999667382864848,0.));
#15612=DIRECTION('',(0.0257899910070701,-0.999667382864848,0.));
#15613=DIRECTION('',(0.0257899910070701,-0.999667382864848,0.));
#15614=DIRECTION('center_axis',(0.,0.,1.));
#15615=DIRECTION('ref_axis',(1.,0.,0.));
#15616=DIRECTION('center_axis',(0.,0.,1.));
#15617=DIRECTION('ref_axis',(1.,0.,0.));
#15618=DIRECTION('',(0.,0.,1.));
#15619=DIRECTION('',(0.,0.,1.));
#15620=DIRECTION('center_axis',(-0.999999929838348,-0.000374597517337785,
0.));
#15621=DIRECTION('ref_axis',(0.000374597517337705,-0.999999929838348,0.));
#15622=DIRECTION('',(0.000374597517337784,-0.999999929838347,0.));
#15623=DIRECTION('',(0.000374597517337784,-0.999999929838347,0.));
#15624=DIRECTION('',(0.,0.,1.));
#15625=DIRECTION('',(0.,0.,1.));
#15626=DIRECTION('',(0.,0.,1.));
#15627=DIRECTION('',(0.,0.,1.));
#15628=DIRECTION('',(0.,0.,1.));
#15629=DIRECTION('',(0.,0.,1.));
#15630=DIRECTION('',(0.,0.,1.));
#15631=DIRECTION('',(0.,0.,1.));
#15632=DIRECTION('',(0.,0.,1.));
#15633=DIRECTION('',(0.,0.,1.));
#15634=DIRECTION('',(0.,0.,1.));
#15635=DIRECTION('',(0.,0.,1.));
#15636=DIRECTION('center_axis',(0.999999929838348,0.000374597517365029,
0.));
#15637=DIRECTION('ref_axis',(-0.000374597517365061,0.999999929838348,0.));
#15638=DIRECTION('',(-0.000374597517365029,0.999999929838348,0.));
#15639=DIRECTION('',(-0.000374597517365029,0.999999929838348,0.));
#15640=DIRECTION('',(0.,0.,1.));
#15641=DIRECTION('',(0.,0.,1.));
#15642=DIRECTION('',(0.,0.,1.));
#15643=DIRECTION('',(0.,0.,1.));
#15644=DIRECTION('center_axis',(-0.999999929838348,-0.000374597517317867,
0.));
#15645=DIRECTION('ref_axis',(0.000374597517317809,-0.999999929838348,0.));
#15646=DIRECTION('',(0.000374597517317867,-0.999999929838348,0.));
#15647=DIRECTION('',(0.000374597517317867,-0.999999929838348,0.));
#15648=DIRECTION('',(0.,0.,1.));
#15649=DIRECTION('',(0.,0.,1.));
#15650=DIRECTION('',(0.,0.,1.));
#15651=DIRECTION('',(0.,0.,1.));
#15652=DIRECTION('',(0.,0.,1.));
#15653=DIRECTION('center_axis',(0.999999929838348,0.000374597517347148,
0.));
#15654=DIRECTION('ref_axis',(-0.000374597517347119,0.999999929838348,0.));
#15655=DIRECTION('',(-0.000374597517347148,0.999999929838348,0.));
#15656=DIRECTION('',(-0.000374597517347148,0.999999929838348,0.));
#15657=DIRECTION('',(0.,0.,1.));
#15658=DIRECTION('',(0.,0.,1.));
#15659=DIRECTION('center_axis',(0.,0.,1.));
#15660=DIRECTION('ref_axis',(1.,0.,0.));
#15661=DIRECTION('center_axis',(0.,0.,1.));
#15662=DIRECTION('ref_axis',(1.,0.,0.));
#15663=DIRECTION('center_axis',(0.,0.,1.));
#15664=DIRECTION('ref_axis',(-1.,0.,0.));
#15665=DIRECTION('center_axis',(0.,0.,1.));
#15666=DIRECTION('ref_axis',(-1.,0.,0.));
#15667=DIRECTION('center_axis',(0.,0.,-1.));
#15668=DIRECTION('ref_axis',(-1.,0.,0.));
#15669=DIRECTION('center_axis',(0.,0.,1.));
#15670=DIRECTION('ref_axis',(1.,0.,0.));
#15671=DIRECTION('center_axis',(0.,0.,1.));
#15672=DIRECTION('ref_axis',(1.,0.,0.));
#15673=DIRECTION('axis',(0.,0.,1.));
#15674=DIRECTION('refdir',(1.,0.,0.));
#15675=DIRECTION('',(0.,0.,1.));
#15676=DIRECTION('',(1.,0.,0.));
#15677=DIRECTION('',(0.,0.,1.));
#15678=DIRECTION('',(1.,0.,0.));
#15679=DIRECTION('',(0.,0.,1.));
#15680=DIRECTION('',(1.,0.,0.));
#15681=DIRECTION('',(0.,0.,1.));
#15682=DIRECTION('',(1.,0.,0.));
#15683=CARTESIAN_POINT('',(0.,0.,0.));
#15684=CARTESIAN_POINT('Origin',(-14.5,-22.,5.93261256735725));
#15685=CARTESIAN_POINT('',(-14.5,11.,4.1));
#15686=CARTESIAN_POINT('',(-14.5,7.,4.1));
#15687=CARTESIAN_POINT('',(-14.5,11.,4.1));
#15688=CARTESIAN_POINT('',(-14.5,7.,3.3));
#15689=CARTESIAN_POINT('',(-14.5,7.,-0.551467354045235));
#15690=CARTESIAN_POINT('',(-14.5,11.,3.3));
#15691=CARTESIAN_POINT('',(-14.5,11.,3.3));
#15692=CARTESIAN_POINT('',(-14.5,11.,-0.551467354045235));
#15693=CARTESIAN_POINT('Origin',(-19.07,11.,-6.61000000000007));
#15694=CARTESIAN_POINT('',(-18.27,10.8,-6.61000000000007));
#15695=CARTESIAN_POINT('',(-18.27,11.,-6.41000000000006));
#15696=CARTESIAN_POINT('Origin',(-18.27,11.,-6.61000000000007));
#15697=CARTESIAN_POINT('',(-19.07,10.8,-6.61000000000007));
#15698=CARTESIAN_POINT('',(-19.07,10.8,-6.61000000000007));
#15699=CARTESIAN_POINT('',(-19.07,11.,-6.41000000000006));
#15700=CARTESIAN_POINT('Origin',(-19.07,11.,-6.61000000000007));
#15701=CARTESIAN_POINT('',(-19.07,11.,-6.41000000000006));
#15702=CARTESIAN_POINT('Origin',(-19.07,7.,-6.61000000000007));
#15703=CARTESIAN_POINT('',(-19.07,7.,-6.41000000000006));
#15704=CARTESIAN_POINT('',(-18.27,7.,-6.41000000000006));
#15705=CARTESIAN_POINT('',(-19.07,7.,-6.41000000000006));
#15706=CARTESIAN_POINT('',(-19.07,7.2,-6.61000000000007));
#15707=CARTESIAN_POINT('Origin',(-19.07,7.,-6.61000000000007));
#15708=CARTESIAN_POINT('',(-18.27,7.2,-6.61000000000007));
#15709=CARTESIAN_POINT('',(-19.07,7.2,-6.61000000000007));
#15710=CARTESIAN_POINT('Origin',(-18.27,7.,-6.61000000000007));
#15711=CARTESIAN_POINT('Origin',(-18.27,9.,-6.61000000000007));
#15712=CARTESIAN_POINT('',(-18.27,9.,-6.61000000000007));
#15713=CARTESIAN_POINT('',(-19.07,9.,-6.61000000000007));
#15714=CARTESIAN_POINT('Origin',(-19.07,9.,-6.0811192405417));
#15715=CARTESIAN_POINT('',(-19.07,7.,0.332782123045313));
#15716=CARTESIAN_POINT('',(-19.07,7.,-6.07069658628138));
#15717=CARTESIAN_POINT('',(-19.07,6.9,0.332782123045313));
#15718=CARTESIAN_POINT('',(-19.07,6.9,0.332782123045313));
#15719=CARTESIAN_POINT('',(-19.07,6.9,0.932782123045313));
#15720=CARTESIAN_POINT('',(-19.07,6.9,0.932782123045313));
#15721=CARTESIAN_POINT('',(-19.07,7.,0.932782123045314));
#15722=CARTESIAN_POINT('',(-19.07,11.1,0.932782123045313));
#15723=CARTESIAN_POINT('',(-19.07,7.,3.09999999999996));
#15724=CARTESIAN_POINT('',(-19.07,7.,-6.07069658628138));
#15725=CARTESIAN_POINT('',(-19.07,11.,3.09999999999996));
#15726=CARTESIAN_POINT('',(-19.07,9.,3.09999999999996));
#15727=CARTESIAN_POINT('',(-19.07,11.,0.932782123045314));
#15728=CARTESIAN_POINT('',(-19.07,11.,-6.07069658628138));
#15729=CARTESIAN_POINT('',(-19.07,11.1,0.932782123045313));
#15730=CARTESIAN_POINT('',(-19.07,11.1,0.932782123045313));
#15731=CARTESIAN_POINT('',(-19.07,11.1,0.332782123045313));
#15732=CARTESIAN_POINT('',(-19.07,11.1,0.332782123045313));
#15733=CARTESIAN_POINT('',(-19.07,11.,0.332782123045313));
#15734=CARTESIAN_POINT('',(-19.07,6.9,0.332782123045313));
#15735=CARTESIAN_POINT('',(-19.07,11.,-6.07069658628138));
#15736=CARTESIAN_POINT('Origin',(-19.07,6.9,0.332782123045313));
#15737=CARTESIAN_POINT('',(-18.27,11.,0.332782123045313));
#15738=CARTESIAN_POINT('',(-18.8555917604962,11.,0.332782123045313));
#15739=CARTESIAN_POINT('',(-18.27,11.1,0.332782123045313));
#15740=CARTESIAN_POINT('',(-19.07,11.1,0.332782123045313));
#15741=CARTESIAN_POINT('',(-18.27,7.95,0.332782123045313));
#15742=CARTESIAN_POINT('Origin',(-19.07,11.1,0.932782123045313));
#15743=CARTESIAN_POINT('',(-18.27,11.,0.932782123045314));
#15744=CARTESIAN_POINT('',(-18.8555917604962,11.,0.932782123045313));
#15745=CARTESIAN_POINT('',(-18.27,11.1,0.932782123045313));
#15746=CARTESIAN_POINT('',(-18.27,10.05,0.932782123045313));
#15747=CARTESIAN_POINT('',(-19.07,11.1,0.932782123045313));
#15748=CARTESIAN_POINT('Origin',(-19.07,11.1,0.932782123045313));
#15749=CARTESIAN_POINT('',(-18.27,7.,0.932782123045313));
#15750=CARTESIAN_POINT('',(-18.8555917604962,7.,0.932782123045313));
#15751=CARTESIAN_POINT('',(-18.27,6.9,0.932782123045313));
#15752=CARTESIAN_POINT('',(-19.07,6.9,0.932782123045313));
#15753=CARTESIAN_POINT('',(-18.27,10.05,0.932782123045313));
#15754=CARTESIAN_POINT('Origin',(-19.07,11.1,0.332782123045313));
#15755=CARTESIAN_POINT('',(-18.27,11.1,0.482782123045313));
#15756=CARTESIAN_POINT('Origin',(-19.07,6.9,0.332782123045313));
#15757=CARTESIAN_POINT('',(-18.27,7.,0.332782123045313));
#15758=CARTESIAN_POINT('',(-18.8555917604962,7.,0.332782123045313));
#15759=CARTESIAN_POINT('',(-18.27,6.9,0.332782123045313));
#15760=CARTESIAN_POINT('',(-18.27,7.95,0.332782123045313));
#15761=CARTESIAN_POINT('',(-19.07,6.9,0.332782123045313));
#15762=CARTESIAN_POINT('Origin',(-19.07,6.9,0.932782123045313));
#15763=CARTESIAN_POINT('',(-18.27,6.9,0.782782123045313));
#15764=CARTESIAN_POINT('Origin',(-18.6411835209924,7.,-1.10293470809047));
#15765=CARTESIAN_POINT('',(-18.27,7.,2.99999999999999));
#15766=CARTESIAN_POINT('',(-18.27,7.,-6.36134622805001));
#15767=CARTESIAN_POINT('',(-17.97,7.,3.3));
#15768=CARTESIAN_POINT('Origin',(-17.97,7.,2.99999999999999));
#15769=CARTESIAN_POINT('',(-15.1033869687219,7.,3.29999999999984));
#15770=CARTESIAN_POINT('',(-18.1033869687219,7.,4.09999999999996));
#15771=CARTESIAN_POINT('',(-15.1033869687219,7.,4.1));
#15772=CARTESIAN_POINT('',(-18.1033869687219,7.,4.09944249975648));
#15773=CARTESIAN_POINT('',(-18.1033869687219,7.,3.29999999999996));
#15774=CARTESIAN_POINT('Origin',(-18.07,7.,3.09999999999995));
#15775=CARTESIAN_POINT('Origin',(-18.6411835209924,7.,-1.10293470809047));
#15776=CARTESIAN_POINT('',(-18.27,7.,-6.36134622805001));
#15777=CARTESIAN_POINT('Origin',(-18.6411835209924,11.,-1.10293470809047));
#15778=CARTESIAN_POINT('',(-18.1033869687219,11.,4.09944249975648));
#15779=CARTESIAN_POINT('Origin',(-18.07,11.,3.09999999999995));
#15780=CARTESIAN_POINT('',(-18.1033869687219,11.,4.09999999999996));
#15781=CARTESIAN_POINT('',(-18.1033869687219,11.,3.29999999999996));
#15782=CARTESIAN_POINT('',(-18.1033869687219,11.,4.09999999999996));
#15783=CARTESIAN_POINT('',(-17.97,11.,3.3));
#15784=CARTESIAN_POINT('',(-14.5,11.,3.3));
#15785=CARTESIAN_POINT('',(-18.27,11.,2.99999999999999));
#15786=CARTESIAN_POINT('Origin',(-17.97,11.,2.99999999999999));
#15787=CARTESIAN_POINT('',(-18.27,11.,-6.36134622805001));
#15788=CARTESIAN_POINT('Origin',(-18.27,9.,2.99999999999999));
#15789=CARTESIAN_POINT('',(-18.27,11.,-6.36134622805001));
#15790=CARTESIAN_POINT('',(-18.27,9.,2.99999999999999));
#15791=CARTESIAN_POINT('Origin',(-17.97,9.,2.99999999999999));
#15792=CARTESIAN_POINT('',(-17.97,9.,3.29999999999995));
#15793=CARTESIAN_POINT('Origin',(-18.07,9.,3.09999999999995));
#15794=CARTESIAN_POINT('',(-18.1033869687219,9.,4.09944249975648));
#15795=CARTESIAN_POINT('Origin',(-18.6411835209924,11.,-1.10293470809047));
#15796=CARTESIAN_POINT('Origin',(-18.1033869687219,9.,3.29999999999996));
#15797=CARTESIAN_POINT('',(-18.1033869687219,9.,4.09999999999996));
#15798=CARTESIAN_POINT('Origin',(-15.1033869687219,9.,3.29999999999984));
#15799=CARTESIAN_POINT('Origin',(-15.1033869687219,9.,4.1));
#15800=CARTESIAN_POINT('Origin',(-14.5,-22.,5.93261256735725));
#15801=CARTESIAN_POINT('',(-14.5,5.,3.3));
#15802=CARTESIAN_POINT('',(-14.5,5.,4.1));
#15803=CARTESIAN_POINT('',(-14.5,5.,-0.551467354045235));
#15804=CARTESIAN_POINT('',(-14.5,1.,4.1));
#15805=CARTESIAN_POINT('',(-14.5,11.,4.1));
#15806=CARTESIAN_POINT('',(-14.5,1.,3.3));
#15807=CARTESIAN_POINT('',(-14.5,1.,-0.551467354045235));
#15808=CARTESIAN_POINT('',(-14.5,11.,3.3));
#15809=CARTESIAN_POINT('Origin',(-19.07,5.,-6.61000000000007));
#15810=CARTESIAN_POINT('',(-18.27,4.8,-6.61000000000007));
#15811=CARTESIAN_POINT('',(-18.27,5.,-6.41000000000006));
#15812=CARTESIAN_POINT('Origin',(-18.27,5.,-6.61000000000007));
#15813=CARTESIAN_POINT('',(-19.07,4.8,-6.61000000000007));
#15814=CARTESIAN_POINT('',(-19.07,4.8,-6.61000000000007));
#15815=CARTESIAN_POINT('',(-19.07,5.,-6.41000000000006));
#15816=CARTESIAN_POINT('Origin',(-19.07,5.,-6.61000000000007));
#15817=CARTESIAN_POINT('',(-19.07,5.,-6.41000000000006));
#15818=CARTESIAN_POINT('Origin',(-19.07,1.,-6.61000000000007));
#15819=CARTESIAN_POINT('',(-19.07,1.,-6.41000000000006));
#15820=CARTESIAN_POINT('',(-18.27,1.,-6.41000000000006));
#15821=CARTESIAN_POINT('',(-19.07,1.,-6.41000000000006));
#15822=CARTESIAN_POINT('',(-19.07,1.2,-6.61000000000007));
#15823=CARTESIAN_POINT('Origin',(-19.07,1.,-6.61000000000007));
#15824=CARTESIAN_POINT('',(-18.27,1.2,-6.61000000000007));
#15825=CARTESIAN_POINT('',(-19.07,1.2,-6.61000000000007));
#15826=CARTESIAN_POINT('Origin',(-18.27,1.,-6.61000000000007));
#15827=CARTESIAN_POINT('Origin',(-18.27,3.,-6.61000000000007));
#15828=CARTESIAN_POINT('',(-18.27,3.,-6.61000000000007));
#15829=CARTESIAN_POINT('',(-19.07,3.,-6.61000000000007));
#15830=CARTESIAN_POINT('Origin',(-19.07,3.,-6.0811192405417));
#15831=CARTESIAN_POINT('',(-19.07,1.,0.332782123045313));
#15832=CARTESIAN_POINT('',(-19.07,1.,-6.07069658628138));
#15833=CARTESIAN_POINT('',(-19.07,0.9,0.332782123045313));
#15834=CARTESIAN_POINT('',(-19.07,0.9,0.332782123045313));
#15835=CARTESIAN_POINT('',(-19.07,0.9,0.932782123045313));
#15836=CARTESIAN_POINT('',(-19.07,0.9,0.932782123045313));
#15837=CARTESIAN_POINT('',(-19.07,1.,0.932782123045314));
#15838=CARTESIAN_POINT('',(-19.07,5.1,0.932782123045313));
#15839=CARTESIAN_POINT('',(-19.07,1.,3.09999999999996));
#15840=CARTESIAN_POINT('',(-19.07,1.,-6.07069658628138));
#15841=CARTESIAN_POINT('',(-19.07,5.,3.09999999999996));
#15842=CARTESIAN_POINT('',(-19.07,3.,3.09999999999996));
#15843=CARTESIAN_POINT('',(-19.07,5.,0.932782123045314));
#15844=CARTESIAN_POINT('',(-19.07,5.,-6.07069658628138));
#15845=CARTESIAN_POINT('',(-19.07,5.1,0.932782123045313));
#15846=CARTESIAN_POINT('',(-19.07,5.1,0.932782123045313));
#15847=CARTESIAN_POINT('',(-19.07,5.1,0.332782123045313));
#15848=CARTESIAN_POINT('',(-19.07,5.1,0.332782123045313));
#15849=CARTESIAN_POINT('',(-19.07,5.,0.332782123045313));
#15850=CARTESIAN_POINT('',(-19.07,0.9,0.332782123045313));
#15851=CARTESIAN_POINT('',(-19.07,5.,-6.07069658628138));
#15852=CARTESIAN_POINT('Origin',(-19.07,0.9,0.332782123045313));
#15853=CARTESIAN_POINT('',(-18.27,5.,0.332782123045313));
#15854=CARTESIAN_POINT('',(-18.8555917604962,5.,0.332782123045313));
#15855=CARTESIAN_POINT('',(-18.27,5.1,0.332782123045313));
#15856=CARTESIAN_POINT('',(-19.07,5.1,0.332782123045313));
#15857=CARTESIAN_POINT('',(-18.27,1.95,0.332782123045313));
#15858=CARTESIAN_POINT('Origin',(-19.07,5.1,0.932782123045313));
#15859=CARTESIAN_POINT('',(-18.27,5.,0.932782123045314));
#15860=CARTESIAN_POINT('',(-18.8555917604962,5.,0.932782123045313));
#15861=CARTESIAN_POINT('',(-18.27,5.1,0.932782123045313));
#15862=CARTESIAN_POINT('',(-18.27,4.05,0.932782123045313));
#15863=CARTESIAN_POINT('',(-19.07,5.1,0.932782123045313));
#15864=CARTESIAN_POINT('Origin',(-19.07,5.1,0.932782123045313));
#15865=CARTESIAN_POINT('',(-18.27,1.,0.932782123045313));
#15866=CARTESIAN_POINT('',(-18.8555917604962,1.,0.932782123045313));
#15867=CARTESIAN_POINT('',(-18.27,0.9,0.932782123045313));
#15868=CARTESIAN_POINT('',(-19.07,0.9,0.932782123045313));
#15869=CARTESIAN_POINT('',(-18.27,4.05,0.932782123045313));
#15870=CARTESIAN_POINT('Origin',(-19.07,5.1,0.332782123045313));
#15871=CARTESIAN_POINT('',(-18.27,5.1,0.482782123045313));
#15872=CARTESIAN_POINT('Origin',(-19.07,0.9,0.332782123045313));
#15873=CARTESIAN_POINT('',(-18.27,1.,0.332782123045313));
#15874=CARTESIAN_POINT('',(-18.8555917604962,1.,0.332782123045313));
#15875=CARTESIAN_POINT('',(-18.27,0.9,0.332782123045313));
#15876=CARTESIAN_POINT('',(-18.27,1.95,0.332782123045313));
#15877=CARTESIAN_POINT('',(-19.07,0.9,0.332782123045313));
#15878=CARTESIAN_POINT('Origin',(-19.07,0.9,0.932782123045313));
#15879=CARTESIAN_POINT('',(-18.27,0.9,0.782782123045313));
#15880=CARTESIAN_POINT('Origin',(-18.6411835209924,1.,-1.10293470809047));
#15881=CARTESIAN_POINT('',(-18.27,1.,2.99999999999999));
#15882=CARTESIAN_POINT('',(-18.27,1.,-6.36134622805001));
#15883=CARTESIAN_POINT('',(-17.97,1.,3.3));
#15884=CARTESIAN_POINT('Origin',(-17.97,1.,2.99999999999999));
#15885=CARTESIAN_POINT('',(-15.1033869687219,1.,3.29999999999984));
#15886=CARTESIAN_POINT('',(-18.1033869687219,1.,4.09999999999996));
#15887=CARTESIAN_POINT('',(-15.1033869687219,1.,4.1));
#15888=CARTESIAN_POINT('',(-18.1033869687219,1.,4.09944249975648));
#15889=CARTESIAN_POINT('',(-18.1033869687219,1.,3.29999999999996));
#15890=CARTESIAN_POINT('Origin',(-18.07,1.,3.09999999999995));
#15891=CARTESIAN_POINT('Origin',(-18.6411835209924,1.,-1.10293470809047));
#15892=CARTESIAN_POINT('',(-18.27,1.,-6.36134622805001));
#15893=CARTESIAN_POINT('Origin',(-18.6411835209924,5.,-1.10293470809047));
#15894=CARTESIAN_POINT('',(-18.1033869687219,5.,4.09944249975648));
#15895=CARTESIAN_POINT('Origin',(-18.07,5.,3.09999999999995));
#15896=CARTESIAN_POINT('',(-18.1033869687219,5.,4.09999999999996));
#15897=CARTESIAN_POINT('',(-18.1033869687219,5.,3.29999999999996));
#15898=CARTESIAN_POINT('',(-18.1033869687219,5.,4.09999999999996));
#15899=CARTESIAN_POINT('',(-17.97,5.,3.3));
#15900=CARTESIAN_POINT('',(-14.5,5.,3.3));
#15901=CARTESIAN_POINT('',(-18.27,5.,2.99999999999999));
#15902=CARTESIAN_POINT('Origin',(-17.97,5.,2.99999999999999));
#15903=CARTESIAN_POINT('',(-18.27,5.,-6.36134622805001));
#15904=CARTESIAN_POINT('Origin',(-18.27,3.,2.99999999999999));
#15905=CARTESIAN_POINT('',(-18.27,5.,-6.36134622805001));
#15906=CARTESIAN_POINT('',(-18.27,3.,2.99999999999999));
#15907=CARTESIAN_POINT('Origin',(-17.97,3.,2.99999999999999));
#15908=CARTESIAN_POINT('',(-17.97,3.,3.29999999999995));
#15909=CARTESIAN_POINT('Origin',(-18.07,3.,3.09999999999995));
#15910=CARTESIAN_POINT('',(-18.1033869687219,3.,4.09944249975648));
#15911=CARTESIAN_POINT('Origin',(-18.6411835209924,5.,-1.10293470809047));
#15912=CARTESIAN_POINT('Origin',(-18.1033869687219,3.,3.29999999999996));
#15913=CARTESIAN_POINT('',(-18.1033869687219,3.,4.09999999999996));
#15914=CARTESIAN_POINT('Origin',(-15.1033869687219,3.,3.29999999999984));
#15915=CARTESIAN_POINT('Origin',(-15.1033869687219,3.,4.1));
#15916=CARTESIAN_POINT('Origin',(19.07,16.555,-6.61000000000007));
#15917=CARTESIAN_POINT('',(18.27,16.805,-6.61000000000007));
#15918=CARTESIAN_POINT('',(19.07,16.805,-6.61000000000007));
#15919=CARTESIAN_POINT('',(19.07,16.805,-6.61000000000007));
#15920=CARTESIAN_POINT('',(19.07,16.305,-6.61000000000007));
#15921=CARTESIAN_POINT('',(19.07,16.555,-6.61000000000007));
#15922=CARTESIAN_POINT('',(18.27,16.305,-6.61000000000007));
#15923=CARTESIAN_POINT('',(19.07,16.305,-6.61000000000007));
#15924=CARTESIAN_POINT('',(18.27,16.555,-6.61000000000007));
#15925=CARTESIAN_POINT('Origin',(18.67,16.955,-1.33226762955019E-14));
#15926=CARTESIAN_POINT('',(18.1033869687219,16.955,3.29999999999996));
#15927=CARTESIAN_POINT('',(18.1033869687219,16.955,4.09944249975648));
#15928=CARTESIAN_POINT('',(18.103386968722,16.955,2.04999999999996));
#15929=CARTESIAN_POINT('',(19.07,16.955,3.09999999999996));
#15930=CARTESIAN_POINT('Origin',(18.07,16.955,3.09999999999995));
#15931=CARTESIAN_POINT('',(19.07,16.955,-6.0811192405417));
#15932=CARTESIAN_POINT('',(19.07,16.955,-1.59000000000004));
#15933=CARTESIAN_POINT('',(18.27,16.955,-6.0811192405417));
#15934=CARTESIAN_POINT('',(18.87,16.955,-6.0811192405417));
#15935=CARTESIAN_POINT('',(18.27,16.955,2.99999999999999));
#15936=CARTESIAN_POINT('',(18.27,16.955,-6.61000000000007));
#15937=CARTESIAN_POINT('',(17.97,16.955,3.3));
#15938=CARTESIAN_POINT('Origin',(17.97,16.955,2.99999999999999));
#15939=CARTESIAN_POINT('',(17.6366934843609,16.955,3.29999999999993));
#15940=CARTESIAN_POINT('Origin',(19.07,16.555,-1.59000000000004));
#15941=CARTESIAN_POINT('',(19.07,16.155,3.09999999999996));
#15942=CARTESIAN_POINT('',(19.07,16.555,3.09999999999995));
#15943=CARTESIAN_POINT('',(19.07,16.155,-6.0852919100764));
#15944=CARTESIAN_POINT('',(19.07,16.155,-1.59000000000004));
#15945=CARTESIAN_POINT('',(19.07,16.163173033778,-6.07331162646796));
#15946=CARTESIAN_POINT('',(19.07,17.0687112468033,-4.74594593766659));
#15947=CARTESIAN_POINT('',(19.07,16.305,-6.36134622805001));
#15948=CARTESIAN_POINT('',(19.07,15.3130151742781,-4.3467367242058));
#15949=CARTESIAN_POINT('',(19.07,16.305,-3.97567311402502));
#15950=CARTESIAN_POINT('',(19.07,16.805,-6.36134622805001));
#15951=CARTESIAN_POINT('',(19.07,16.805,-4.22432688597502));
#15952=CARTESIAN_POINT('',(19.07,16.9498679310555,-6.07069658628138));
#15953=CARTESIAN_POINT('',(19.07,17.7325907222407,-4.50031384384433));
#15954=CARTESIAN_POINT('',(19.07,16.0234700990061,-4.18928688283227));
#15955=CARTESIAN_POINT('Origin',(19.07,16.163173033778,-6.07331162646796));
#15956=CARTESIAN_POINT('',(18.27,16.163173033778,-6.07331162646796));
#15957=CARTESIAN_POINT('',(19.07,16.163173033778,-6.07331162646796));
#15958=CARTESIAN_POINT('',(18.27,16.305,-6.36134622805001));
#15959=CARTESIAN_POINT('',(18.27,16.3077509983251,-6.36693319594208));
#15960=CARTESIAN_POINT('',(19.07,16.305,-6.36134622805001));
#15961=CARTESIAN_POINT('Origin',(19.07,15.7626408286857,-6.66042401847103));
#15962=CARTESIAN_POINT('',(18.27,16.155,-6.0852919100764));
#15963=CARTESIAN_POINT('',(18.87,16.155,-6.0852919100764));
#15964=CARTESIAN_POINT('',(18.27,15.9002028970409,-6.45878131914731));
#15965=CARTESIAN_POINT('Origin',(19.07,16.305,-6.36134622805001));
#15966=CARTESIAN_POINT('',(18.27,16.305,-6.48567311402504));
#15967=CARTESIAN_POINT('Origin',(19.07,16.805,-6.85865377195001));
#15968=CARTESIAN_POINT('',(18.27,16.805,-6.36134622805001));
#15969=CARTESIAN_POINT('',(18.27,16.805,-6.73432688597504));
#15970=CARTESIAN_POINT('',(19.07,16.805,-6.36134622805001));
#15971=CARTESIAN_POINT('Origin',(19.07,16.805,-6.36134622805001));
#15972=CARTESIAN_POINT('',(18.27,16.9498679310555,-6.07069658628138));
#15973=CARTESIAN_POINT('',(18.27,16.7304889887557,-6.51083824169428));
#15974=CARTESIAN_POINT('',(19.07,16.9498679310555,-6.07069658628138));
#15975=CARTESIAN_POINT('Origin',(19.07,16.9498679310555,-6.07069658628138));
#15976=CARTESIAN_POINT('',(18.27,17.018205923053,-6.20948335456855));
#15977=CARTESIAN_POINT('Origin',(18.27,16.555,4.09999999999996));
#15978=CARTESIAN_POINT('',(14.5,16.955,4.1));
#15979=CARTESIAN_POINT('',(15.1033869687219,16.955,4.1));
#15980=CARTESIAN_POINT('',(14.5,16.955,4.1));
#15981=CARTESIAN_POINT('',(14.5,16.155,4.1));
#15982=CARTESIAN_POINT('',(14.5,-11.,4.1));
#15983=CARTESIAN_POINT('',(15.1033869687219,16.155,4.09999999999984));
#15984=CARTESIAN_POINT('',(14.5,16.155,4.1));
#15985=CARTESIAN_POINT('',(15.1033869687219,15.855,4.09999999999984));
#15986=CARTESIAN_POINT('',(15.1033869687219,15.855,4.09999999999984));
#15987=CARTESIAN_POINT('',(18.1033869687219,15.855,4.09999999999996));
#15988=CARTESIAN_POINT('',(18.1033869687219,15.855,4.09999999999996));
#15989=CARTESIAN_POINT('',(18.1033869687219,17.255,4.09999999999996));
#15990=CARTESIAN_POINT('',(18.1033869687219,17.255,4.09999999999996));
#15991=CARTESIAN_POINT('',(15.1033869687219,17.255,4.09999999999984));
#15992=CARTESIAN_POINT('',(15.1033869687219,17.255,4.09999999999984));
#15993=CARTESIAN_POINT('',(15.1033869687219,15.855,4.09999999999984));
#15994=CARTESIAN_POINT('Origin',(18.27,16.555,-6.61000000000007));
#15995=CARTESIAN_POINT('',(18.27,16.155,2.99999999999999));
#15996=CARTESIAN_POINT('',(18.27,16.555,2.99999999999999));
#15997=CARTESIAN_POINT('',(18.27,16.155,-6.61000000000007));
#15998=CARTESIAN_POINT('Origin',(17.97,16.555,2.99999999999999));
#15999=CARTESIAN_POINT('',(17.97,16.155,3.3));
#16000=CARTESIAN_POINT('Origin',(17.97,16.155,2.99999999999999));
#16001=CARTESIAN_POINT('',(17.97,16.555,3.3));
#16002=CARTESIAN_POINT('Origin',(18.67,16.155,-1.33226762955019E-14));
#16003=CARTESIAN_POINT('',(18.1033869687219,16.155,4.09944249975648));
#16004=CARTESIAN_POINT('',(18.1033869687219,16.155,3.29999999999996));
#16005=CARTESIAN_POINT('',(18.103386968722,16.155,2.04999999999996));
#16006=CARTESIAN_POINT('',(17.6366934843609,16.155,3.29999999999993));
#16007=CARTESIAN_POINT('Origin',(18.07,16.155,3.09999999999995));
#16008=CARTESIAN_POINT('Origin',(18.67,16.155,-1.33226762955019E-14));
#16009=CARTESIAN_POINT('',(15.1033869687219,16.155,3.29999999999984));
#16010=CARTESIAN_POINT('',(15.103386968722,16.155,2.04999999999984));
#16011=CARTESIAN_POINT('',(14.5,16.155,3.3));
#16012=CARTESIAN_POINT('',(14.5,16.155,-6.66133814775094E-15));
#16013=CARTESIAN_POINT('',(18.67,16.155,3.29999999999999));
#16014=CARTESIAN_POINT('Origin',(18.67,16.955,-1.33226762955019E-14));
#16015=CARTESIAN_POINT('',(15.1033869687219,16.955,3.29999999999984));
#16016=CARTESIAN_POINT('',(15.103386968722,16.955,2.04999999999984));
#16017=CARTESIAN_POINT('',(14.5,16.955,3.3));
#16018=CARTESIAN_POINT('',(18.67,16.955,3.29999999999999));
#16019=CARTESIAN_POINT('',(14.5,16.955,-6.66133814775094E-15));
#16020=CARTESIAN_POINT('Origin',(18.67,16.555,3.29999999999999));
#16021=CARTESIAN_POINT('',(14.5,-11.,3.3));
#16022=CARTESIAN_POINT('',(15.1033869687219,17.255,3.29999999999984));
#16023=CARTESIAN_POINT('',(15.1033869687219,15.855,3.29999999999984));
#16024=CARTESIAN_POINT('',(18.1033869687219,17.255,3.29999999999996));
#16025=CARTESIAN_POINT('',(15.1033869687219,17.255,3.29999999999984));
#16026=CARTESIAN_POINT('',(18.1033869687219,17.255,3.29999999999996));
#16027=CARTESIAN_POINT('',(18.1033869687219,15.855,3.29999999999996));
#16028=CARTESIAN_POINT('',(18.1033869687219,17.255,3.29999999999996));
#16029=CARTESIAN_POINT('',(15.1033869687219,15.855,3.29999999999984));
#16030=CARTESIAN_POINT('',(18.1033869687219,15.855,3.29999999999996));
#16031=CARTESIAN_POINT('',(15.1033869687219,15.855,3.29999999999984));
#16032=CARTESIAN_POINT('Origin',(18.07,16.555,3.09999999999995));
#16033=CARTESIAN_POINT('',(18.1033869687219,16.555,4.09944249975648));
#16034=CARTESIAN_POINT('Origin',(15.1033869687219,17.255,4.09999999999984));
#16035=CARTESIAN_POINT('',(18.1033869687219,17.255,4.09999999999996));
#16036=CARTESIAN_POINT('',(15.1033869687219,17.255,4.09999999999984));
#16037=CARTESIAN_POINT('Origin',(18.1033869687219,17.255,4.09999999999996));
#16038=CARTESIAN_POINT('',(18.1033869687219,15.855,4.09999999999996));
#16039=CARTESIAN_POINT('Origin',(18.1033869687219,15.855,4.09999999999996));
#16040=CARTESIAN_POINT('',(15.1033869687219,15.855,4.09999999999984));
#16041=CARTESIAN_POINT('Origin',(15.1033869687219,15.855,4.09999999999984));
#16042=CARTESIAN_POINT('Origin',(15.1033869687219,15.855,4.09999999999984));
#16043=CARTESIAN_POINT('Origin',(14.5,-22.,-5.93261256735725));
#16044=CARTESIAN_POINT('Origin',(14.5,-22.,-5.93261256735725));
#16045=CARTESIAN_POINT('',(14.5,13.615,3.3));
#16046=CARTESIAN_POINT('',(14.5,13.615,4.1));
#16047=CARTESIAN_POINT('',(14.5,13.615,-6.66133814775094E-15));
#16048=CARTESIAN_POINT('',(14.5,14.415,4.1));
#16049=CARTESIAN_POINT('',(14.5,-11.,4.1));
#16050=CARTESIAN_POINT('',(14.5,14.415,3.3));
#16051=CARTESIAN_POINT('',(14.5,14.415,-6.66133814775094E-15));
#16052=CARTESIAN_POINT('',(14.5,-11.,3.3));
#16053=CARTESIAN_POINT('Origin',(15.1033869687219,13.315,4.09999999999984));
#16054=CARTESIAN_POINT('',(15.1033869687219,13.615,3.29999999999984));
#16055=CARTESIAN_POINT('',(15.1033869687219,13.615,4.09999999999984));
#16056=CARTESIAN_POINT('',(15.103386968722,13.615,2.04999999999984));
#16057=CARTESIAN_POINT('',(15.1033869687219,13.315,3.29999999999984));
#16058=CARTESIAN_POINT('',(15.1033869687219,13.315,3.29999999999984));
#16059=CARTESIAN_POINT('',(15.1033869687219,13.315,4.09999999999984));
#16060=CARTESIAN_POINT('',(15.1033869687219,13.315,4.09999999999984));
#16061=CARTESIAN_POINT('',(15.1033869687219,13.315,4.09999999999984));
#16062=CARTESIAN_POINT('Origin',(15.1033869687219,13.315,4.09999999999984));
#16063=CARTESIAN_POINT('',(15.1033869687219,14.415,4.1));
#16064=CARTESIAN_POINT('',(15.1033869687219,14.415,3.29999999999984));
#16065=CARTESIAN_POINT('',(15.103386968722,14.415,2.04999999999984));
#16066=CARTESIAN_POINT('',(15.1033869687219,14.715,4.09999999999984));
#16067=CARTESIAN_POINT('',(15.1033869687219,13.315,4.09999999999984));
#16068=CARTESIAN_POINT('',(15.1033869687219,14.715,3.29999999999984));
#16069=CARTESIAN_POINT('',(15.1033869687219,14.715,4.09999999999984));
#16070=CARTESIAN_POINT('',(15.1033869687219,13.315,3.29999999999984));
#16071=CARTESIAN_POINT('Origin',(18.1033869687219,13.315,4.09999999999996));
#16072=CARTESIAN_POINT('',(18.1033869687219,13.315,4.09999999999996));
#16073=CARTESIAN_POINT('',(18.1033869687219,13.315,4.09999999999996));
#16074=CARTESIAN_POINT('',(18.1033869687219,13.315,3.29999999999996));
#16075=CARTESIAN_POINT('',(18.1033869687219,13.315,3.29999999999996));
#16076=CARTESIAN_POINT('',(18.1033869687219,13.315,4.09999999999996));
#16077=CARTESIAN_POINT('Origin',(18.1033869687219,14.715,4.09999999999996));
#16078=CARTESIAN_POINT('',(18.1033869687219,14.415,3.29999999999996));
#16079=CARTESIAN_POINT('',(18.1033869687219,14.415,4.09944249975648));
#16080=CARTESIAN_POINT('',(18.103386968722,14.415,2.04999999999996));
#16081=CARTESIAN_POINT('',(18.1033869687219,14.715,3.29999999999996));
#16082=CARTESIAN_POINT('',(18.1033869687219,14.715,3.29999999999996));
#16083=CARTESIAN_POINT('',(18.1033869687219,14.715,4.09999999999996));
#16084=CARTESIAN_POINT('',(18.1033869687219,14.715,4.09999999999996));
#16085=CARTESIAN_POINT('',(18.1033869687219,14.715,4.09999999999996));
#16086=CARTESIAN_POINT('',(18.1033869687219,13.615,3.29999999999996));
#16087=CARTESIAN_POINT('',(18.1033869687219,14.715,3.29999999999996));
#16088=CARTESIAN_POINT('',(18.1033869687219,13.615,4.09944249975648));
#16089=CARTESIAN_POINT('',(18.103386968722,13.615,2.04999999999996));
#16090=CARTESIAN_POINT('',(18.1033869687219,14.015,4.09944249975648));
#16091=CARTESIAN_POINT('Origin',(15.1033869687219,14.715,4.09999999999984));
#16092=CARTESIAN_POINT('',(15.1033869687219,14.715,4.09999999999984));
#16093=CARTESIAN_POINT('',(15.1033869687219,14.715,3.29999999999984));
#16094=CARTESIAN_POINT('Origin',(18.07,14.015,3.09999999999995));
#16095=CARTESIAN_POINT('',(19.07,13.615,3.09999999999996));
#16096=CARTESIAN_POINT('Origin',(18.07,13.615,3.09999999999995));
#16097=CARTESIAN_POINT('',(19.07,14.415,3.09999999999996));
#16098=CARTESIAN_POINT('',(19.07,14.015,3.09999999999995));
#16099=CARTESIAN_POINT('Origin',(18.07,14.415,3.09999999999995));
#16100=CARTESIAN_POINT('Origin',(18.67,14.015,3.29999999999999));
#16101=CARTESIAN_POINT('',(18.67,13.615,3.29999999999999));
#16102=CARTESIAN_POINT('',(18.67,14.415,3.29999999999999));
#16103=CARTESIAN_POINT('',(17.97,14.415,3.3));
#16104=CARTESIAN_POINT('',(17.6366934843609,14.415,3.29999999999993));
#16105=CARTESIAN_POINT('',(17.97,13.615,3.3));
#16106=CARTESIAN_POINT('',(17.97,14.015,3.3));
#16107=CARTESIAN_POINT('',(17.6366934843609,13.615,3.29999999999993));
#16108=CARTESIAN_POINT('Origin',(18.67,14.415,-1.33226762955019E-14));
#16109=CARTESIAN_POINT('',(14.5,14.415,4.1));
#16110=CARTESIAN_POINT('Origin',(18.67,13.615,-1.33226762955019E-14));
#16111=CARTESIAN_POINT('',(14.5,13.615,4.1));
#16112=CARTESIAN_POINT('Origin',(18.67,13.615,-1.33226762955019E-14));
#16113=CARTESIAN_POINT('',(18.27,13.615,2.99999999999999));
#16114=CARTESIAN_POINT('Origin',(17.97,13.615,2.99999999999999));
#16115=CARTESIAN_POINT('',(18.27,13.615,-6.0852919100764));
#16116=CARTESIAN_POINT('',(18.27,13.615,-6.61000000000007));
#16117=CARTESIAN_POINT('',(19.07,13.615,-6.0852919100764));
#16118=CARTESIAN_POINT('',(18.87,13.615,-6.0852919100764));
#16119=CARTESIAN_POINT('',(19.07,13.615,-1.59000000000004));
#16120=CARTESIAN_POINT('Origin',(17.97,14.015,2.99999999999999));
#16121=CARTESIAN_POINT('',(18.27,14.415,2.99999999999999));
#16122=CARTESIAN_POINT('Origin',(17.97,14.415,2.99999999999999));
#16123=CARTESIAN_POINT('',(18.27,14.015,2.99999999999999));
#16124=CARTESIAN_POINT('Origin',(18.27,14.015,-6.61000000000007));
#16125=CARTESIAN_POINT('',(18.27,14.415,-6.0811192405417));
#16126=CARTESIAN_POINT('',(18.27,14.415,-6.61000000000007));
#16127=CARTESIAN_POINT('',(18.27,14.4098679310555,-6.07069658628138));
#16128=CARTESIAN_POINT('',(18.27,14.478205923053,-6.20948335456855));
#16129=CARTESIAN_POINT('',(18.27,14.265,-6.36134622805001));
#16130=CARTESIAN_POINT('',(18.27,14.1904889887557,-6.51083824169428));
#16131=CARTESIAN_POINT('',(18.27,14.265,-6.61000000000007));
#16132=CARTESIAN_POINT('',(18.27,14.265,-6.73432688597504));
#16133=CARTESIAN_POINT('',(18.27,13.765,-6.61000000000007));
#16134=CARTESIAN_POINT('',(18.27,14.015,-6.61000000000007));
#16135=CARTESIAN_POINT('',(18.27,13.765,-6.36134622805001));
#16136=CARTESIAN_POINT('',(18.27,13.765,-6.48567311402504));
#16137=CARTESIAN_POINT('',(18.27,13.623173033778,-6.07331162646796));
#16138=CARTESIAN_POINT('',(18.27,13.7677509983251,-6.36693319594208));
#16139=CARTESIAN_POINT('',(18.27,13.3602028970409,-6.45878131914731));
#16140=CARTESIAN_POINT('Origin',(18.27,14.015,4.09999999999996));
#16141=CARTESIAN_POINT('Origin',(19.07,14.4098679310555,-6.07069658628138));
#16142=CARTESIAN_POINT('',(19.07,14.415,-6.0811192405417));
#16143=CARTESIAN_POINT('',(18.87,14.415,-6.0811192405417));
#16144=CARTESIAN_POINT('',(19.07,14.4098679310555,-6.07069658628138));
#16145=CARTESIAN_POINT('',(19.07,13.4834700990061,-4.18928688283227));
#16146=CARTESIAN_POINT('',(19.07,14.4098679310555,-6.07069658628138));
#16147=CARTESIAN_POINT('Origin',(19.07,14.265,-6.36134622805001));
#16148=CARTESIAN_POINT('',(19.07,14.265,-6.36134622805001));
#16149=CARTESIAN_POINT('',(19.07,15.1925907222407,-4.50031384384433));
#16150=CARTESIAN_POINT('',(19.07,14.265,-6.36134622805001));
#16151=CARTESIAN_POINT('Origin',(19.07,14.265,-6.85865377195001));
#16152=CARTESIAN_POINT('',(19.07,14.265,-6.61000000000007));
#16153=CARTESIAN_POINT('',(19.07,14.265,-6.61000000000007));
#16154=CARTESIAN_POINT('',(19.07,14.265,-4.22432688597502));
#16155=CARTESIAN_POINT('Origin',(19.07,13.765,-6.36134622805001));
#16156=CARTESIAN_POINT('',(19.07,13.765,-6.61000000000007));
#16157=CARTESIAN_POINT('',(19.07,13.765,-6.61000000000007));
#16158=CARTESIAN_POINT('',(19.07,13.765,-6.36134622805001));
#16159=CARTESIAN_POINT('',(19.07,13.765,-3.97567311402502));
#16160=CARTESIAN_POINT('',(19.07,13.765,-6.36134622805001));
#16161=CARTESIAN_POINT('Origin',(19.07,13.2226408286857,-6.66042401847103));
#16162=CARTESIAN_POINT('',(19.07,13.623173033778,-6.07331162646796));
#16163=CARTESIAN_POINT('',(19.07,13.623173033778,-6.07331162646796));
#16164=CARTESIAN_POINT('',(19.07,14.5287112468033,-4.74594593766659));
#16165=CARTESIAN_POINT('Origin',(19.07,13.623173033778,-6.07331162646796));
#16166=CARTESIAN_POINT('',(19.07,12.7730151742781,-4.3467367242058));
#16167=CARTESIAN_POINT('Origin',(19.07,14.015,-1.59000000000004));
#16168=CARTESIAN_POINT('',(19.07,14.015,-6.61000000000007));
#16169=CARTESIAN_POINT('',(19.07,14.415,-1.59000000000004));
#16170=CARTESIAN_POINT('Origin',(18.67,14.415,-1.33226762955019E-14));
#16171=CARTESIAN_POINT('Origin',(19.07,14.015,-6.61000000000007));
#16172=CARTESIAN_POINT('Origin',(19.07,11.475,-6.61000000000007));
#16173=CARTESIAN_POINT('',(18.27,11.725,-6.61000000000007));
#16174=CARTESIAN_POINT('',(19.07,11.725,-6.61000000000007));
#16175=CARTESIAN_POINT('',(19.07,11.725,-6.61000000000007));
#16176=CARTESIAN_POINT('',(19.07,11.225,-6.61000000000007));
#16177=CARTESIAN_POINT('',(19.07,11.475,-6.61000000000007));
#16178=CARTESIAN_POINT('',(18.27,11.225,-6.61000000000007));
#16179=CARTESIAN_POINT('',(19.07,11.225,-6.61000000000007));
#16180=CARTESIAN_POINT('',(18.27,11.475,-6.61000000000007));
#16181=CARTESIAN_POINT('Origin',(18.67,11.875,-1.33226762955019E-14));
#16182=CARTESIAN_POINT('',(18.1033869687219,11.875,3.29999999999996));
#16183=CARTESIAN_POINT('',(18.1033869687219,11.875,4.09944249975648));
#16184=CARTESIAN_POINT('',(18.103386968722,11.875,2.04999999999996));
#16185=CARTESIAN_POINT('',(19.07,11.875,3.09999999999996));
#16186=CARTESIAN_POINT('Origin',(18.07,11.875,3.09999999999995));
#16187=CARTESIAN_POINT('',(19.07,11.875,-6.0811192405417));
#16188=CARTESIAN_POINT('',(19.07,11.875,-1.59000000000004));
#16189=CARTESIAN_POINT('',(18.27,11.875,-6.0811192405417));
#16190=CARTESIAN_POINT('',(18.87,11.875,-6.0811192405417));
#16191=CARTESIAN_POINT('',(18.27,11.875,2.99999999999999));
#16192=CARTESIAN_POINT('',(18.27,11.875,-6.61000000000007));
#16193=CARTESIAN_POINT('',(17.97,11.875,3.3));
#16194=CARTESIAN_POINT('Origin',(17.97,11.875,2.99999999999999));
#16195=CARTESIAN_POINT('',(17.6366934843609,11.875,3.29999999999993));
#16196=CARTESIAN_POINT('Origin',(19.07,11.475,-1.59000000000004));
#16197=CARTESIAN_POINT('',(19.07,11.075,3.09999999999996));
#16198=CARTESIAN_POINT('',(19.07,11.475,3.09999999999995));
#16199=CARTESIAN_POINT('',(19.07,11.075,-6.0852919100764));
#16200=CARTESIAN_POINT('',(19.07,11.075,-1.59000000000004));
#16201=CARTESIAN_POINT('',(19.07,11.083173033778,-6.07331162646796));
#16202=CARTESIAN_POINT('',(19.07,11.9887112468033,-4.74594593766659));
#16203=CARTESIAN_POINT('',(19.07,11.225,-6.36134622805001));
#16204=CARTESIAN_POINT('',(19.07,10.2330151742781,-4.3467367242058));
#16205=CARTESIAN_POINT('',(19.07,11.225,-3.97567311402502));
#16206=CARTESIAN_POINT('',(19.07,11.725,-6.36134622805001));
#16207=CARTESIAN_POINT('',(19.07,11.725,-4.22432688597502));
#16208=CARTESIAN_POINT('',(19.07,11.8698679310555,-6.07069658628138));
#16209=CARTESIAN_POINT('',(19.07,12.6525907222407,-4.50031384384433));
#16210=CARTESIAN_POINT('',(19.07,10.9434700990061,-4.18928688283227));
#16211=CARTESIAN_POINT('Origin',(19.07,11.083173033778,-6.07331162646796));
#16212=CARTESIAN_POINT('',(18.27,11.083173033778,-6.07331162646796));
#16213=CARTESIAN_POINT('',(19.07,11.083173033778,-6.07331162646796));
#16214=CARTESIAN_POINT('',(18.27,11.225,-6.36134622805001));
#16215=CARTESIAN_POINT('',(18.27,11.2277509983251,-6.36693319594208));
#16216=CARTESIAN_POINT('',(19.07,11.225,-6.36134622805001));
#16217=CARTESIAN_POINT('Origin',(19.07,10.6826408286857,-6.66042401847103));
#16218=CARTESIAN_POINT('',(18.27,11.075,-6.0852919100764));
#16219=CARTESIAN_POINT('',(18.87,11.075,-6.0852919100764));
#16220=CARTESIAN_POINT('',(18.27,10.8202028970409,-6.45878131914731));
#16221=CARTESIAN_POINT('Origin',(19.07,11.225,-6.36134622805001));
#16222=CARTESIAN_POINT('',(18.27,11.225,-6.48567311402504));
#16223=CARTESIAN_POINT('Origin',(19.07,11.725,-6.85865377195001));
#16224=CARTESIAN_POINT('',(18.27,11.725,-6.36134622805001));
#16225=CARTESIAN_POINT('',(18.27,11.725,-6.73432688597504));
#16226=CARTESIAN_POINT('',(19.07,11.725,-6.36134622805001));
#16227=CARTESIAN_POINT('Origin',(19.07,11.725,-6.36134622805001));
#16228=CARTESIAN_POINT('',(18.27,11.8698679310555,-6.07069658628138));
#16229=CARTESIAN_POINT('',(18.27,11.6504889887557,-6.51083824169428));
#16230=CARTESIAN_POINT('',(19.07,11.8698679310555,-6.07069658628138));
#16231=CARTESIAN_POINT('Origin',(19.07,11.8698679310555,-6.07069658628138));
#16232=CARTESIAN_POINT('',(18.27,11.938205923053,-6.20948335456855));
#16233=CARTESIAN_POINT('Origin',(18.27,11.475,4.09999999999996));
#16234=CARTESIAN_POINT('',(14.5,11.875,4.1));
#16235=CARTESIAN_POINT('',(15.1033869687219,11.875,4.1));
#16236=CARTESIAN_POINT('',(14.5,11.875,4.1));
#16237=CARTESIAN_POINT('',(14.5,11.075,4.1));
#16238=CARTESIAN_POINT('',(14.5,-11.,4.1));
#16239=CARTESIAN_POINT('',(15.1033869687219,11.075,4.09999999999984));
#16240=CARTESIAN_POINT('',(14.5,11.075,4.1));
#16241=CARTESIAN_POINT('',(15.1033869687219,10.775,4.09999999999984));
#16242=CARTESIAN_POINT('',(15.1033869687219,10.775,4.09999999999984));
#16243=CARTESIAN_POINT('',(18.1033869687219,10.775,4.09999999999996));
#16244=CARTESIAN_POINT('',(18.1033869687219,10.775,4.09999999999996));
#16245=CARTESIAN_POINT('',(18.1033869687219,12.175,4.09999999999996));
#16246=CARTESIAN_POINT('',(18.1033869687219,12.175,4.09999999999996));
#16247=CARTESIAN_POINT('',(15.1033869687219,12.175,4.09999999999984));
#16248=CARTESIAN_POINT('',(15.1033869687219,12.175,4.09999999999984));
#16249=CARTESIAN_POINT('',(15.1033869687219,10.775,4.09999999999984));
#16250=CARTESIAN_POINT('Origin',(18.27,11.475,-6.61000000000007));
#16251=CARTESIAN_POINT('',(18.27,11.075,2.99999999999999));
#16252=CARTESIAN_POINT('',(18.27,11.475,2.99999999999999));
#16253=CARTESIAN_POINT('',(18.27,11.075,-6.61000000000007));
#16254=CARTESIAN_POINT('Origin',(17.97,11.475,2.99999999999999));
#16255=CARTESIAN_POINT('',(17.97,11.075,3.3));
#16256=CARTESIAN_POINT('Origin',(17.97,11.075,2.99999999999999));
#16257=CARTESIAN_POINT('',(17.97,11.475,3.3));
#16258=CARTESIAN_POINT('Origin',(18.67,11.075,-1.33226762955019E-14));
#16259=CARTESIAN_POINT('',(18.1033869687219,11.075,4.09944249975648));
#16260=CARTESIAN_POINT('',(18.1033869687219,11.075,3.29999999999996));
#16261=CARTESIAN_POINT('',(18.103386968722,11.075,2.04999999999996));
#16262=CARTESIAN_POINT('',(17.6366934843609,11.075,3.29999999999993));
#16263=CARTESIAN_POINT('Origin',(18.07,11.075,3.09999999999995));
#16264=CARTESIAN_POINT('Origin',(18.67,11.075,-1.33226762955019E-14));
#16265=CARTESIAN_POINT('',(15.1033869687219,11.075,3.29999999999984));
#16266=CARTESIAN_POINT('',(15.103386968722,11.075,2.04999999999984));
#16267=CARTESIAN_POINT('',(14.5,11.075,3.3));
#16268=CARTESIAN_POINT('',(14.5,11.075,-6.66133814775094E-15));
#16269=CARTESIAN_POINT('',(18.67,11.075,3.29999999999999));
#16270=CARTESIAN_POINT('Origin',(18.67,11.875,-1.33226762955019E-14));
#16271=CARTESIAN_POINT('',(15.1033869687219,11.875,3.29999999999984));
#16272=CARTESIAN_POINT('',(15.103386968722,11.875,2.04999999999984));
#16273=CARTESIAN_POINT('',(14.5,11.875,3.3));
#16274=CARTESIAN_POINT('',(18.67,11.875,3.29999999999999));
#16275=CARTESIAN_POINT('',(14.5,11.875,-6.66133814775094E-15));
#16276=CARTESIAN_POINT('Origin',(18.67,11.475,3.29999999999999));
#16277=CARTESIAN_POINT('',(14.5,-11.,3.3));
#16278=CARTESIAN_POINT('',(15.1033869687219,12.175,3.29999999999984));
#16279=CARTESIAN_POINT('',(15.1033869687219,10.775,3.29999999999984));
#16280=CARTESIAN_POINT('',(18.1033869687219,12.175,3.29999999999996));
#16281=CARTESIAN_POINT('',(15.1033869687219,12.175,3.29999999999984));
#16282=CARTESIAN_POINT('',(18.1033869687219,12.175,3.29999999999996));
#16283=CARTESIAN_POINT('',(18.1033869687219,10.775,3.29999999999996));
#16284=CARTESIAN_POINT('',(18.1033869687219,12.175,3.29999999999996));
#16285=CARTESIAN_POINT('',(15.1033869687219,10.775,3.29999999999984));
#16286=CARTESIAN_POINT('',(18.1033869687219,10.775,3.29999999999996));
#16287=CARTESIAN_POINT('',(15.1033869687219,10.775,3.29999999999984));
#16288=CARTESIAN_POINT('Origin',(18.07,11.475,3.09999999999995));
#16289=CARTESIAN_POINT('',(18.1033869687219,11.475,4.09944249975648));
#16290=CARTESIAN_POINT('Origin',(15.1033869687219,12.175,4.09999999999984));
#16291=CARTESIAN_POINT('',(18.1033869687219,12.175,4.09999999999996));
#16292=CARTESIAN_POINT('',(15.1033869687219,12.175,4.09999999999984));
#16293=CARTESIAN_POINT('Origin',(18.1033869687219,12.175,4.09999999999996));
#16294=CARTESIAN_POINT('',(18.1033869687219,10.775,4.09999999999996));
#16295=CARTESIAN_POINT('Origin',(18.1033869687219,10.775,4.09999999999996));
#16296=CARTESIAN_POINT('',(15.1033869687219,10.775,4.09999999999984));
#16297=CARTESIAN_POINT('Origin',(15.1033869687219,10.775,4.09999999999984));
#16298=CARTESIAN_POINT('Origin',(15.1033869687219,10.775,4.09999999999984));
#16299=CARTESIAN_POINT('Origin',(14.5,-22.,-5.93261256735725));
#16300=CARTESIAN_POINT('Origin',(14.5,-22.,-5.93261256735725));
#16301=CARTESIAN_POINT('',(14.5,8.535,3.3));
#16302=CARTESIAN_POINT('',(14.5,8.535,4.1));
#16303=CARTESIAN_POINT('',(14.5,8.535,-6.66133814775094E-15));
#16304=CARTESIAN_POINT('',(14.5,9.335,4.1));
#16305=CARTESIAN_POINT('',(14.5,-11.,4.1));
#16306=CARTESIAN_POINT('',(14.5,9.335,3.3));
#16307=CARTESIAN_POINT('',(14.5,9.335,-6.66133814775094E-15));
#16308=CARTESIAN_POINT('',(14.5,-11.,3.3));
#16309=CARTESIAN_POINT('Origin',(15.1033869687219,8.235,4.09999999999984));
#16310=CARTESIAN_POINT('',(15.1033869687219,8.535,3.29999999999984));
#16311=CARTESIAN_POINT('',(15.1033869687219,8.535,4.09999999999984));
#16312=CARTESIAN_POINT('',(15.103386968722,8.535,2.04999999999984));
#16313=CARTESIAN_POINT('',(15.1033869687219,8.235,3.29999999999984));
#16314=CARTESIAN_POINT('',(15.1033869687219,8.235,3.29999999999984));
#16315=CARTESIAN_POINT('',(15.1033869687219,8.235,4.09999999999984));
#16316=CARTESIAN_POINT('',(15.1033869687219,8.235,4.09999999999984));
#16317=CARTESIAN_POINT('',(15.1033869687219,8.235,4.09999999999984));
#16318=CARTESIAN_POINT('Origin',(15.1033869687219,8.235,4.09999999999984));
#16319=CARTESIAN_POINT('',(15.1033869687219,9.335,4.1));
#16320=CARTESIAN_POINT('',(15.1033869687219,9.335,3.29999999999984));
#16321=CARTESIAN_POINT('',(15.103386968722,9.335,2.04999999999984));
#16322=CARTESIAN_POINT('',(15.1033869687219,9.635,4.09999999999984));
#16323=CARTESIAN_POINT('',(15.1033869687219,8.235,4.09999999999984));
#16324=CARTESIAN_POINT('',(15.1033869687219,9.635,3.29999999999984));
#16325=CARTESIAN_POINT('',(15.1033869687219,9.635,4.09999999999984));
#16326=CARTESIAN_POINT('',(15.1033869687219,8.235,3.29999999999984));
#16327=CARTESIAN_POINT('Origin',(18.1033869687219,8.235,4.09999999999996));
#16328=CARTESIAN_POINT('',(18.1033869687219,8.235,4.09999999999996));
#16329=CARTESIAN_POINT('',(18.1033869687219,8.235,4.09999999999996));
#16330=CARTESIAN_POINT('',(18.1033869687219,8.235,3.29999999999996));
#16331=CARTESIAN_POINT('',(18.1033869687219,8.235,3.29999999999996));
#16332=CARTESIAN_POINT('',(18.1033869687219,8.235,4.09999999999996));
#16333=CARTESIAN_POINT('Origin',(18.1033869687219,9.635,4.09999999999996));
#16334=CARTESIAN_POINT('',(18.1033869687219,9.335,3.29999999999996));
#16335=CARTESIAN_POINT('',(18.1033869687219,9.335,4.09944249975648));
#16336=CARTESIAN_POINT('',(18.103386968722,9.335,2.04999999999996));
#16337=CARTESIAN_POINT('',(18.1033869687219,9.635,3.29999999999996));
#16338=CARTESIAN_POINT('',(18.1033869687219,9.635,3.29999999999996));
#16339=CARTESIAN_POINT('',(18.1033869687219,9.635,4.09999999999996));
#16340=CARTESIAN_POINT('',(18.1033869687219,9.635,4.09999999999996));
#16341=CARTESIAN_POINT('',(18.1033869687219,9.635,4.09999999999996));
#16342=CARTESIAN_POINT('',(18.1033869687219,8.535,3.29999999999996));
#16343=CARTESIAN_POINT('',(18.1033869687219,9.635,3.29999999999996));
#16344=CARTESIAN_POINT('',(18.1033869687219,8.535,4.09944249975648));
#16345=CARTESIAN_POINT('',(18.103386968722,8.535,2.04999999999996));
#16346=CARTESIAN_POINT('',(18.1033869687219,8.935,4.09944249975648));
#16347=CARTESIAN_POINT('Origin',(15.1033869687219,9.635,4.09999999999984));
#16348=CARTESIAN_POINT('',(15.1033869687219,9.635,4.09999999999984));
#16349=CARTESIAN_POINT('',(15.1033869687219,9.635,3.29999999999984));
#16350=CARTESIAN_POINT('Origin',(18.07,8.935,3.09999999999995));
#16351=CARTESIAN_POINT('',(19.07,8.535,3.09999999999996));
#16352=CARTESIAN_POINT('Origin',(18.07,8.535,3.09999999999995));
#16353=CARTESIAN_POINT('',(19.07,9.335,3.09999999999996));
#16354=CARTESIAN_POINT('',(19.07,8.935,3.09999999999995));
#16355=CARTESIAN_POINT('Origin',(18.07,9.335,3.09999999999995));
#16356=CARTESIAN_POINT('Origin',(18.67,8.935,3.29999999999999));
#16357=CARTESIAN_POINT('',(18.67,8.535,3.29999999999999));
#16358=CARTESIAN_POINT('',(18.67,9.335,3.29999999999999));
#16359=CARTESIAN_POINT('',(17.97,9.335,3.3));
#16360=CARTESIAN_POINT('',(17.6366934843609,9.335,3.29999999999993));
#16361=CARTESIAN_POINT('',(17.97,8.535,3.3));
#16362=CARTESIAN_POINT('',(17.97,8.935,3.3));
#16363=CARTESIAN_POINT('',(17.6366934843609,8.535,3.29999999999993));
#16364=CARTESIAN_POINT('Origin',(18.67,9.335,-1.33226762955019E-14));
#16365=CARTESIAN_POINT('',(14.5,9.335,4.1));
#16366=CARTESIAN_POINT('Origin',(18.67,8.535,-1.33226762955019E-14));
#16367=CARTESIAN_POINT('',(14.5,8.535,4.1));
#16368=CARTESIAN_POINT('Origin',(18.67,8.535,-1.33226762955019E-14));
#16369=CARTESIAN_POINT('',(18.27,8.535,2.99999999999999));
#16370=CARTESIAN_POINT('Origin',(17.97,8.535,2.99999999999999));
#16371=CARTESIAN_POINT('',(18.27,8.535,-6.0852919100764));
#16372=CARTESIAN_POINT('',(18.27,8.535,-6.61000000000007));
#16373=CARTESIAN_POINT('',(19.07,8.535,-6.0852919100764));
#16374=CARTESIAN_POINT('',(18.87,8.535,-6.0852919100764));
#16375=CARTESIAN_POINT('',(19.07,8.535,-1.59000000000004));
#16376=CARTESIAN_POINT('Origin',(17.97,8.935,2.99999999999999));
#16377=CARTESIAN_POINT('',(18.27,9.335,2.99999999999999));
#16378=CARTESIAN_POINT('Origin',(17.97,9.335,2.99999999999999));
#16379=CARTESIAN_POINT('',(18.27,8.935,2.99999999999999));
#16380=CARTESIAN_POINT('Origin',(18.27,8.935,-6.61000000000007));
#16381=CARTESIAN_POINT('',(18.27,9.335,-6.0811192405417));
#16382=CARTESIAN_POINT('',(18.27,9.335,-6.61000000000007));
#16383=CARTESIAN_POINT('',(18.27,9.32986793105549,-6.07069658628138));
#16384=CARTESIAN_POINT('',(18.27,9.39820592305303,-6.20948335456855));
#16385=CARTESIAN_POINT('',(18.27,9.185,-6.36134622805001));
#16386=CARTESIAN_POINT('',(18.27,9.11048898875573,-6.51083824169428));
#16387=CARTESIAN_POINT('',(18.27,9.185,-6.61000000000007));
#16388=CARTESIAN_POINT('',(18.27,9.185,-6.73432688597504));
#16389=CARTESIAN_POINT('',(18.27,8.685,-6.61000000000007));
#16390=CARTESIAN_POINT('',(18.27,8.935,-6.61000000000007));
#16391=CARTESIAN_POINT('',(18.27,8.685,-6.36134622805001));
#16392=CARTESIAN_POINT('',(18.27,8.685,-6.48567311402504));
#16393=CARTESIAN_POINT('',(18.27,8.54317303377799,-6.07331162646796));
#16394=CARTESIAN_POINT('',(18.27,8.68775099832506,-6.36693319594208));
#16395=CARTESIAN_POINT('',(18.27,8.28020289704087,-6.45878131914731));
#16396=CARTESIAN_POINT('Origin',(18.27,8.935,4.09999999999996));
#16397=CARTESIAN_POINT('Origin',(19.07,9.32986793105549,-6.07069658628138));
#16398=CARTESIAN_POINT('',(19.07,9.335,-6.0811192405417));
#16399=CARTESIAN_POINT('',(18.87,9.335,-6.0811192405417));
#16400=CARTESIAN_POINT('',(19.07,9.32986793105549,-6.07069658628138));
#16401=CARTESIAN_POINT('',(19.07,8.40347009900607,-4.18928688283227));
#16402=CARTESIAN_POINT('',(19.07,9.32986793105549,-6.07069658628138));
#16403=CARTESIAN_POINT('Origin',(19.07,9.185,-6.36134622805001));
#16404=CARTESIAN_POINT('',(19.07,9.185,-6.36134622805001));
#16405=CARTESIAN_POINT('',(19.07,10.1125907222407,-4.50031384384433));
#16406=CARTESIAN_POINT('',(19.07,9.185,-6.36134622805001));
#16407=CARTESIAN_POINT('Origin',(19.07,9.185,-6.85865377195001));
#16408=CARTESIAN_POINT('',(19.07,9.185,-6.61000000000007));
#16409=CARTESIAN_POINT('',(19.07,9.185,-6.61000000000007));
#16410=CARTESIAN_POINT('',(19.07,9.185,-4.22432688597502));
#16411=CARTESIAN_POINT('Origin',(19.07,8.685,-6.36134622805001));
#16412=CARTESIAN_POINT('',(19.07,8.685,-6.61000000000007));
#16413=CARTESIAN_POINT('',(19.07,8.685,-6.61000000000007));
#16414=CARTESIAN_POINT('',(19.07,8.685,-6.36134622805001));
#16415=CARTESIAN_POINT('',(19.07,8.685,-3.97567311402502));
#16416=CARTESIAN_POINT('',(19.07,8.685,-6.36134622805001));
#16417=CARTESIAN_POINT('Origin',(19.07,8.14264082868571,-6.66042401847103));
#16418=CARTESIAN_POINT('',(19.07,8.54317303377799,-6.07331162646796));
#16419=CARTESIAN_POINT('',(19.07,8.54317303377799,-6.07331162646796));
#16420=CARTESIAN_POINT('',(19.07,9.44871124680326,-4.74594593766659));
#16421=CARTESIAN_POINT('Origin',(19.07,8.54317303377799,-6.07331162646796));
#16422=CARTESIAN_POINT('',(19.07,7.69301517427811,-4.3467367242058));
#16423=CARTESIAN_POINT('Origin',(19.07,8.935,-1.59000000000004));
#16424=CARTESIAN_POINT('',(19.07,8.935,-6.61000000000007));
#16425=CARTESIAN_POINT('',(19.07,9.335,-1.59000000000004));
#16426=CARTESIAN_POINT('Origin',(18.67,9.335,-1.33226762955019E-14));
#16427=CARTESIAN_POINT('Origin',(19.07,8.935,-6.61000000000007));
#16428=CARTESIAN_POINT('Origin',(19.07,6.395,-6.61000000000007));
#16429=CARTESIAN_POINT('',(18.27,6.645,-6.61000000000007));
#16430=CARTESIAN_POINT('',(19.07,6.645,-6.61000000000007));
#16431=CARTESIAN_POINT('',(19.07,6.645,-6.61000000000007));
#16432=CARTESIAN_POINT('',(19.07,6.145,-6.61000000000007));
#16433=CARTESIAN_POINT('',(19.07,6.395,-6.61000000000007));
#16434=CARTESIAN_POINT('',(18.27,6.145,-6.61000000000007));
#16435=CARTESIAN_POINT('',(19.07,6.145,-6.61000000000007));
#16436=CARTESIAN_POINT('',(18.27,6.395,-6.61000000000007));
#16437=CARTESIAN_POINT('Origin',(18.67,6.795,-1.33226762955019E-14));
#16438=CARTESIAN_POINT('',(18.1033869687219,6.795,3.29999999999996));
#16439=CARTESIAN_POINT('',(18.1033869687219,6.795,4.09944249975648));
#16440=CARTESIAN_POINT('',(18.103386968722,6.795,2.04999999999996));
#16441=CARTESIAN_POINT('',(19.07,6.795,3.09999999999996));
#16442=CARTESIAN_POINT('Origin',(18.07,6.795,3.09999999999995));
#16443=CARTESIAN_POINT('',(19.07,6.795,-6.0811192405417));
#16444=CARTESIAN_POINT('',(19.07,6.795,-1.59000000000004));
#16445=CARTESIAN_POINT('',(18.27,6.795,-6.0811192405417));
#16446=CARTESIAN_POINT('',(18.87,6.795,-6.0811192405417));
#16447=CARTESIAN_POINT('',(18.27,6.795,2.99999999999999));
#16448=CARTESIAN_POINT('',(18.27,6.795,-6.61000000000007));
#16449=CARTESIAN_POINT('',(17.97,6.795,3.3));
#16450=CARTESIAN_POINT('Origin',(17.97,6.795,2.99999999999999));
#16451=CARTESIAN_POINT('',(17.6366934843609,6.795,3.29999999999993));
#16452=CARTESIAN_POINT('Origin',(19.07,6.395,-1.59000000000004));
#16453=CARTESIAN_POINT('',(19.07,5.995,3.09999999999996));
#16454=CARTESIAN_POINT('',(19.07,6.395,3.09999999999995));
#16455=CARTESIAN_POINT('',(19.07,5.995,-6.0852919100764));
#16456=CARTESIAN_POINT('',(19.07,5.995,-1.59000000000004));
#16457=CARTESIAN_POINT('',(19.07,6.00317303377799,-6.07331162646796));
#16458=CARTESIAN_POINT('',(19.07,6.90871124680326,-4.74594593766659));
#16459=CARTESIAN_POINT('',(19.07,6.145,-6.36134622805001));
#16460=CARTESIAN_POINT('',(19.07,5.15301517427811,-4.3467367242058));
#16461=CARTESIAN_POINT('',(19.07,6.145,-3.97567311402502));
#16462=CARTESIAN_POINT('',(19.07,6.645,-6.36134622805001));
#16463=CARTESIAN_POINT('',(19.07,6.645,-4.22432688597502));
#16464=CARTESIAN_POINT('',(19.07,6.78986793105549,-6.07069658628138));
#16465=CARTESIAN_POINT('',(19.07,7.57259072224066,-4.50031384384433));
#16466=CARTESIAN_POINT('',(19.07,5.86347009900607,-4.18928688283227));
#16467=CARTESIAN_POINT('Origin',(19.07,6.00317303377799,-6.07331162646796));
#16468=CARTESIAN_POINT('',(18.27,6.00317303377799,-6.07331162646796));
#16469=CARTESIAN_POINT('',(19.07,6.00317303377799,-6.07331162646796));
#16470=CARTESIAN_POINT('',(18.27,6.145,-6.36134622805001));
#16471=CARTESIAN_POINT('',(18.27,6.14775099832506,-6.36693319594208));
#16472=CARTESIAN_POINT('',(19.07,6.145,-6.36134622805001));
#16473=CARTESIAN_POINT('Origin',(19.07,5.60264082868571,-6.66042401847103));
#16474=CARTESIAN_POINT('',(18.27,5.995,-6.0852919100764));
#16475=CARTESIAN_POINT('',(18.87,5.995,-6.0852919100764));
#16476=CARTESIAN_POINT('',(18.27,5.74020289704087,-6.45878131914731));
#16477=CARTESIAN_POINT('Origin',(19.07,6.145,-6.36134622805001));
#16478=CARTESIAN_POINT('',(18.27,6.145,-6.48567311402504));
#16479=CARTESIAN_POINT('Origin',(19.07,6.645,-6.85865377195001));
#16480=CARTESIAN_POINT('',(18.27,6.645,-6.36134622805001));
#16481=CARTESIAN_POINT('',(18.27,6.645,-6.73432688597504));
#16482=CARTESIAN_POINT('',(19.07,6.645,-6.36134622805001));
#16483=CARTESIAN_POINT('Origin',(19.07,6.645,-6.36134622805001));
#16484=CARTESIAN_POINT('',(18.27,6.78986793105549,-6.07069658628138));
#16485=CARTESIAN_POINT('',(18.27,6.57048898875573,-6.51083824169428));
#16486=CARTESIAN_POINT('',(19.07,6.78986793105549,-6.07069658628138));
#16487=CARTESIAN_POINT('Origin',(19.07,6.78986793105549,-6.07069658628138));
#16488=CARTESIAN_POINT('',(18.27,6.85820592305302,-6.20948335456855));
#16489=CARTESIAN_POINT('Origin',(18.27,6.395,4.09999999999996));
#16490=CARTESIAN_POINT('',(14.5,6.795,4.1));
#16491=CARTESIAN_POINT('',(15.1033869687219,6.795,4.1));
#16492=CARTESIAN_POINT('',(14.5,6.795,4.1));
#16493=CARTESIAN_POINT('',(14.5,5.995,4.1));
#16494=CARTESIAN_POINT('',(14.5,-11.,4.1));
#16495=CARTESIAN_POINT('',(15.1033869687219,5.995,4.09999999999984));
#16496=CARTESIAN_POINT('',(14.5,5.995,4.1));
#16497=CARTESIAN_POINT('',(15.1033869687219,5.695,4.09999999999984));
#16498=CARTESIAN_POINT('',(15.1033869687219,5.695,4.09999999999984));
#16499=CARTESIAN_POINT('',(18.1033869687219,5.695,4.09999999999996));
#16500=CARTESIAN_POINT('',(18.1033869687219,5.695,4.09999999999996));
#16501=CARTESIAN_POINT('',(18.1033869687219,7.095,4.09999999999996));
#16502=CARTESIAN_POINT('',(18.1033869687219,7.095,4.09999999999996));
#16503=CARTESIAN_POINT('',(15.1033869687219,7.095,4.09999999999984));
#16504=CARTESIAN_POINT('',(15.1033869687219,7.095,4.09999999999984));
#16505=CARTESIAN_POINT('',(15.1033869687219,5.695,4.09999999999984));
#16506=CARTESIAN_POINT('Origin',(18.27,6.395,-6.61000000000007));
#16507=CARTESIAN_POINT('',(18.27,5.995,2.99999999999999));
#16508=CARTESIAN_POINT('',(18.27,6.395,2.99999999999999));
#16509=CARTESIAN_POINT('',(18.27,5.995,-6.61000000000007));
#16510=CARTESIAN_POINT('Origin',(17.97,6.395,2.99999999999999));
#16511=CARTESIAN_POINT('',(17.97,5.995,3.3));
#16512=CARTESIAN_POINT('Origin',(17.97,5.995,2.99999999999999));
#16513=CARTESIAN_POINT('',(17.97,6.395,3.3));
#16514=CARTESIAN_POINT('Origin',(18.67,5.995,-1.33226762955019E-14));
#16515=CARTESIAN_POINT('',(18.1033869687219,5.995,4.09944249975648));
#16516=CARTESIAN_POINT('',(18.1033869687219,5.995,3.29999999999996));
#16517=CARTESIAN_POINT('',(18.103386968722,5.995,2.04999999999996));
#16518=CARTESIAN_POINT('',(17.6366934843609,5.995,3.29999999999993));
#16519=CARTESIAN_POINT('Origin',(18.07,5.995,3.09999999999995));
#16520=CARTESIAN_POINT('Origin',(18.67,5.995,-1.33226762955019E-14));
#16521=CARTESIAN_POINT('',(15.1033869687219,5.995,3.29999999999984));
#16522=CARTESIAN_POINT('',(15.103386968722,5.995,2.04999999999984));
#16523=CARTESIAN_POINT('',(14.5,5.995,3.3));
#16524=CARTESIAN_POINT('',(14.5,5.995,-6.66133814775094E-15));
#16525=CARTESIAN_POINT('',(18.67,5.995,3.29999999999999));
#16526=CARTESIAN_POINT('Origin',(18.67,6.795,-1.33226762955019E-14));
#16527=CARTESIAN_POINT('',(15.1033869687219,6.795,3.29999999999984));
#16528=CARTESIAN_POINT('',(15.103386968722,6.795,2.04999999999984));
#16529=CARTESIAN_POINT('',(14.5,6.795,3.3));
#16530=CARTESIAN_POINT('',(18.67,6.795,3.29999999999999));
#16531=CARTESIAN_POINT('',(14.5,6.795,-6.66133814775094E-15));
#16532=CARTESIAN_POINT('Origin',(18.67,6.395,3.29999999999999));
#16533=CARTESIAN_POINT('',(14.5,-11.,3.3));
#16534=CARTESIAN_POINT('',(15.1033869687219,7.095,3.29999999999984));
#16535=CARTESIAN_POINT('',(15.1033869687219,5.695,3.29999999999984));
#16536=CARTESIAN_POINT('',(18.1033869687219,7.095,3.29999999999996));
#16537=CARTESIAN_POINT('',(15.1033869687219,7.095,3.29999999999984));
#16538=CARTESIAN_POINT('',(18.1033869687219,7.095,3.29999999999996));
#16539=CARTESIAN_POINT('',(18.1033869687219,5.695,3.29999999999996));
#16540=CARTESIAN_POINT('',(18.1033869687219,7.095,3.29999999999996));
#16541=CARTESIAN_POINT('',(15.1033869687219,5.695,3.29999999999984));
#16542=CARTESIAN_POINT('',(18.1033869687219,5.695,3.29999999999996));
#16543=CARTESIAN_POINT('',(15.1033869687219,5.695,3.29999999999984));
#16544=CARTESIAN_POINT('Origin',(18.07,6.395,3.09999999999995));
#16545=CARTESIAN_POINT('',(18.1033869687219,6.395,4.09944249975648));
#16546=CARTESIAN_POINT('Origin',(15.1033869687219,7.095,4.09999999999984));
#16547=CARTESIAN_POINT('',(18.1033869687219,7.095,4.09999999999996));
#16548=CARTESIAN_POINT('',(15.1033869687219,7.095,4.09999999999984));
#16549=CARTESIAN_POINT('Origin',(18.1033869687219,7.095,4.09999999999996));
#16550=CARTESIAN_POINT('',(18.1033869687219,5.695,4.09999999999996));
#16551=CARTESIAN_POINT('Origin',(18.1033869687219,5.695,4.09999999999996));
#16552=CARTESIAN_POINT('',(15.1033869687219,5.695,4.09999999999984));
#16553=CARTESIAN_POINT('Origin',(15.1033869687219,5.695,4.09999999999984));
#16554=CARTESIAN_POINT('Origin',(15.1033869687219,5.695,4.09999999999984));
#16555=CARTESIAN_POINT('Origin',(14.5,-22.,-5.93261256735725));
#16556=CARTESIAN_POINT('Origin',(14.5,-22.,-5.93261256735725));
#16557=CARTESIAN_POINT('',(14.5,3.455,3.3));
#16558=CARTESIAN_POINT('',(14.5,3.455,4.1));
#16559=CARTESIAN_POINT('',(14.5,3.455,-6.66133814775094E-15));
#16560=CARTESIAN_POINT('',(14.5,4.255,4.1));
#16561=CARTESIAN_POINT('',(14.5,-11.,4.1));
#16562=CARTESIAN_POINT('',(14.5,4.255,3.3));
#16563=CARTESIAN_POINT('',(14.5,4.255,-6.66133814775094E-15));
#16564=CARTESIAN_POINT('',(14.5,-11.,3.3));
#16565=CARTESIAN_POINT('Origin',(15.1033869687219,3.155,4.09999999999984));
#16566=CARTESIAN_POINT('',(15.1033869687219,3.455,3.29999999999984));
#16567=CARTESIAN_POINT('',(15.1033869687219,3.455,4.09999999999984));
#16568=CARTESIAN_POINT('',(15.103386968722,3.455,2.04999999999984));
#16569=CARTESIAN_POINT('',(15.1033869687219,3.155,3.29999999999984));
#16570=CARTESIAN_POINT('',(15.1033869687219,3.155,3.29999999999984));
#16571=CARTESIAN_POINT('',(15.1033869687219,3.155,4.09999999999984));
#16572=CARTESIAN_POINT('',(15.1033869687219,3.155,4.09999999999984));
#16573=CARTESIAN_POINT('',(15.1033869687219,3.155,4.09999999999984));
#16574=CARTESIAN_POINT('Origin',(15.1033869687219,3.155,4.09999999999984));
#16575=CARTESIAN_POINT('',(15.1033869687219,4.255,4.1));
#16576=CARTESIAN_POINT('',(15.1033869687219,4.255,3.29999999999984));
#16577=CARTESIAN_POINT('',(15.103386968722,4.255,2.04999999999984));
#16578=CARTESIAN_POINT('',(15.1033869687219,4.555,4.09999999999984));
#16579=CARTESIAN_POINT('',(15.1033869687219,3.155,4.09999999999984));
#16580=CARTESIAN_POINT('',(15.1033869687219,4.555,3.29999999999984));
#16581=CARTESIAN_POINT('',(15.1033869687219,4.555,4.09999999999984));
#16582=CARTESIAN_POINT('',(15.1033869687219,3.155,3.29999999999984));
#16583=CARTESIAN_POINT('Origin',(18.1033869687219,3.155,4.09999999999996));
#16584=CARTESIAN_POINT('',(18.1033869687219,3.155,4.09999999999996));
#16585=CARTESIAN_POINT('',(18.1033869687219,3.155,4.09999999999996));
#16586=CARTESIAN_POINT('',(18.1033869687219,3.155,3.29999999999996));
#16587=CARTESIAN_POINT('',(18.1033869687219,3.155,3.29999999999996));
#16588=CARTESIAN_POINT('',(18.1033869687219,3.155,4.09999999999996));
#16589=CARTESIAN_POINT('Origin',(18.1033869687219,4.555,4.09999999999996));
#16590=CARTESIAN_POINT('',(18.1033869687219,4.255,3.29999999999996));
#16591=CARTESIAN_POINT('',(18.1033869687219,4.255,4.09944249975648));
#16592=CARTESIAN_POINT('',(18.103386968722,4.255,2.04999999999996));
#16593=CARTESIAN_POINT('',(18.1033869687219,4.555,3.29999999999996));
#16594=CARTESIAN_POINT('',(18.1033869687219,4.555,3.29999999999996));
#16595=CARTESIAN_POINT('',(18.1033869687219,4.555,4.09999999999996));
#16596=CARTESIAN_POINT('',(18.1033869687219,4.555,4.09999999999996));
#16597=CARTESIAN_POINT('',(18.1033869687219,4.555,4.09999999999996));
#16598=CARTESIAN_POINT('',(18.1033869687219,3.455,3.29999999999996));
#16599=CARTESIAN_POINT('',(18.1033869687219,4.555,3.29999999999996));
#16600=CARTESIAN_POINT('',(18.1033869687219,3.455,4.09944249975648));
#16601=CARTESIAN_POINT('',(18.103386968722,3.455,2.04999999999996));
#16602=CARTESIAN_POINT('',(18.1033869687219,3.855,4.09944249975648));
#16603=CARTESIAN_POINT('Origin',(15.1033869687219,4.555,4.09999999999984));
#16604=CARTESIAN_POINT('',(15.1033869687219,4.555,4.09999999999984));
#16605=CARTESIAN_POINT('',(15.1033869687219,4.555,3.29999999999984));
#16606=CARTESIAN_POINT('Origin',(18.07,3.855,3.09999999999995));
#16607=CARTESIAN_POINT('',(19.07,3.455,3.09999999999996));
#16608=CARTESIAN_POINT('Origin',(18.07,3.455,3.09999999999995));
#16609=CARTESIAN_POINT('',(19.07,4.255,3.09999999999996));
#16610=CARTESIAN_POINT('',(19.07,3.855,3.09999999999995));
#16611=CARTESIAN_POINT('Origin',(18.07,4.255,3.09999999999995));
#16612=CARTESIAN_POINT('Origin',(18.67,3.855,3.29999999999999));
#16613=CARTESIAN_POINT('',(18.67,3.455,3.29999999999999));
#16614=CARTESIAN_POINT('',(18.67,4.255,3.29999999999999));
#16615=CARTESIAN_POINT('',(17.97,4.255,3.3));
#16616=CARTESIAN_POINT('',(17.6366934843609,4.255,3.29999999999993));
#16617=CARTESIAN_POINT('',(17.97,3.455,3.3));
#16618=CARTESIAN_POINT('',(17.97,3.855,3.3));
#16619=CARTESIAN_POINT('',(17.6366934843609,3.455,3.29999999999993));
#16620=CARTESIAN_POINT('Origin',(18.67,4.255,-1.33226762955019E-14));
#16621=CARTESIAN_POINT('',(14.5,4.255,4.1));
#16622=CARTESIAN_POINT('Origin',(18.67,3.455,-1.33226762955019E-14));
#16623=CARTESIAN_POINT('',(14.5,3.455,4.1));
#16624=CARTESIAN_POINT('Origin',(18.67,3.455,-1.33226762955019E-14));
#16625=CARTESIAN_POINT('',(18.27,3.455,2.99999999999999));
#16626=CARTESIAN_POINT('Origin',(17.97,3.455,2.99999999999999));
#16627=CARTESIAN_POINT('',(18.27,3.455,-6.0852919100764));
#16628=CARTESIAN_POINT('',(18.27,3.455,-6.61000000000007));
#16629=CARTESIAN_POINT('',(19.07,3.455,-6.0852919100764));
#16630=CARTESIAN_POINT('',(18.87,3.455,-6.0852919100764));
#16631=CARTESIAN_POINT('',(19.07,3.455,-1.59000000000004));
#16632=CARTESIAN_POINT('Origin',(17.97,3.855,2.99999999999999));
#16633=CARTESIAN_POINT('',(18.27,4.255,2.99999999999999));
#16634=CARTESIAN_POINT('Origin',(17.97,4.255,2.99999999999999));
#16635=CARTESIAN_POINT('',(18.27,3.855,2.99999999999999));
#16636=CARTESIAN_POINT('Origin',(18.27,3.855,-6.61000000000007));
#16637=CARTESIAN_POINT('',(18.27,4.255,-6.0811192405417));
#16638=CARTESIAN_POINT('',(18.27,4.255,-6.61000000000007));
#16639=CARTESIAN_POINT('',(18.27,4.2498679310555,-6.07069658628138));
#16640=CARTESIAN_POINT('',(18.27,4.31820592305303,-6.20948335456855));
#16641=CARTESIAN_POINT('',(18.27,4.105,-6.36134622805001));
#16642=CARTESIAN_POINT('',(18.27,4.03048898875573,-6.51083824169428));
#16643=CARTESIAN_POINT('',(18.27,4.105,-6.61000000000007));
#16644=CARTESIAN_POINT('',(18.27,4.105,-6.73432688597504));
#16645=CARTESIAN_POINT('',(18.27,3.605,-6.61000000000007));
#16646=CARTESIAN_POINT('',(18.27,3.855,-6.61000000000007));
#16647=CARTESIAN_POINT('',(18.27,3.605,-6.36134622805001));
#16648=CARTESIAN_POINT('',(18.27,3.605,-6.48567311402504));
#16649=CARTESIAN_POINT('',(18.27,3.46317303377799,-6.07331162646796));
#16650=CARTESIAN_POINT('',(18.27,3.60775099832506,-6.36693319594208));
#16651=CARTESIAN_POINT('',(18.27,3.20020289704087,-6.45878131914731));
#16652=CARTESIAN_POINT('Origin',(18.27,3.855,4.09999999999996));
#16653=CARTESIAN_POINT('Origin',(19.07,4.2498679310555,-6.07069658628138));
#16654=CARTESIAN_POINT('',(19.07,4.255,-6.0811192405417));
#16655=CARTESIAN_POINT('',(18.87,4.255,-6.0811192405417));
#16656=CARTESIAN_POINT('',(19.07,4.2498679310555,-6.07069658628138));
#16657=CARTESIAN_POINT('',(19.07,3.32347009900607,-4.18928688283227));
#16658=CARTESIAN_POINT('',(19.07,4.2498679310555,-6.07069658628138));
#16659=CARTESIAN_POINT('Origin',(19.07,4.105,-6.36134622805001));
#16660=CARTESIAN_POINT('',(19.07,4.105,-6.36134622805001));
#16661=CARTESIAN_POINT('',(19.07,5.03259072224066,-4.50031384384433));
#16662=CARTESIAN_POINT('',(19.07,4.105,-6.36134622805001));
#16663=CARTESIAN_POINT('Origin',(19.07,4.105,-6.85865377195001));
#16664=CARTESIAN_POINT('',(19.07,4.105,-6.61000000000007));
#16665=CARTESIAN_POINT('',(19.07,4.105,-6.61000000000007));
#16666=CARTESIAN_POINT('',(19.07,4.105,-4.22432688597502));
#16667=CARTESIAN_POINT('Origin',(19.07,3.605,-6.36134622805001));
#16668=CARTESIAN_POINT('',(19.07,3.605,-6.61000000000007));
#16669=CARTESIAN_POINT('',(19.07,3.605,-6.61000000000007));
#16670=CARTESIAN_POINT('',(19.07,3.605,-6.36134622805001));
#16671=CARTESIAN_POINT('',(19.07,3.605,-3.97567311402502));
#16672=CARTESIAN_POINT('',(19.07,3.605,-6.36134622805001));
#16673=CARTESIAN_POINT('Origin',(19.07,3.06264082868571,-6.66042401847103));
#16674=CARTESIAN_POINT('',(19.07,3.46317303377799,-6.07331162646796));
#16675=CARTESIAN_POINT('',(19.07,3.46317303377799,-6.07331162646796));
#16676=CARTESIAN_POINT('',(19.07,4.36871124680326,-4.74594593766659));
#16677=CARTESIAN_POINT('Origin',(19.07,3.46317303377799,-6.07331162646796));
#16678=CARTESIAN_POINT('',(19.07,2.61301517427811,-4.3467367242058));
#16679=CARTESIAN_POINT('Origin',(19.07,3.855,-1.59000000000004));
#16680=CARTESIAN_POINT('',(19.07,3.855,-6.61000000000007));
#16681=CARTESIAN_POINT('',(19.07,4.255,-1.59000000000004));
#16682=CARTESIAN_POINT('Origin',(18.67,4.255,-1.33226762955019E-14));
#16683=CARTESIAN_POINT('Origin',(19.07,3.855,-6.61000000000007));
#16684=CARTESIAN_POINT('Origin',(19.07,1.315,-6.61000000000007));
#16685=CARTESIAN_POINT('',(18.27,1.565,-6.61000000000007));
#16686=CARTESIAN_POINT('',(19.07,1.565,-6.61000000000007));
#16687=CARTESIAN_POINT('',(19.07,1.565,-6.61000000000007));
#16688=CARTESIAN_POINT('',(19.07,1.065,-6.61000000000007));
#16689=CARTESIAN_POINT('',(19.07,1.315,-6.61000000000007));
#16690=CARTESIAN_POINT('',(18.27,1.065,-6.61000000000007));
#16691=CARTESIAN_POINT('',(19.07,1.065,-6.61000000000007));
#16692=CARTESIAN_POINT('',(18.27,1.315,-6.61000000000007));
#16693=CARTESIAN_POINT('Origin',(18.67,1.715,-1.33226762955019E-14));
#16694=CARTESIAN_POINT('',(18.1033869687219,1.715,3.29999999999996));
#16695=CARTESIAN_POINT('',(18.1033869687219,1.715,4.09944249975648));
#16696=CARTESIAN_POINT('',(18.103386968722,1.715,2.04999999999996));
#16697=CARTESIAN_POINT('',(19.07,1.715,3.09999999999996));
#16698=CARTESIAN_POINT('Origin',(18.07,1.715,3.09999999999995));
#16699=CARTESIAN_POINT('',(19.07,1.715,-6.0811192405417));
#16700=CARTESIAN_POINT('',(19.07,1.715,-1.59000000000004));
#16701=CARTESIAN_POINT('',(18.27,1.715,-6.0811192405417));
#16702=CARTESIAN_POINT('',(18.87,1.715,-6.0811192405417));
#16703=CARTESIAN_POINT('',(18.27,1.715,2.99999999999999));
#16704=CARTESIAN_POINT('',(18.27,1.715,-6.61000000000007));
#16705=CARTESIAN_POINT('',(17.97,1.715,3.3));
#16706=CARTESIAN_POINT('Origin',(17.97,1.715,2.99999999999999));
#16707=CARTESIAN_POINT('',(17.6366934843609,1.715,3.29999999999993));
#16708=CARTESIAN_POINT('Origin',(19.07,1.315,-1.59000000000004));
#16709=CARTESIAN_POINT('',(19.07,0.914999999999999,3.09999999999996));
#16710=CARTESIAN_POINT('',(19.07,1.315,3.09999999999995));
#16711=CARTESIAN_POINT('',(19.07,0.914999999999999,-6.0852919100764));
#16712=CARTESIAN_POINT('',(19.07,0.914999999999999,-1.59000000000004));
#16713=CARTESIAN_POINT('',(19.07,0.923173033777993,-6.07331162646796));
#16714=CARTESIAN_POINT('',(19.07,1.82871124680326,-4.74594593766659));
#16715=CARTESIAN_POINT('',(19.07,1.065,-6.36134622805001));
#16716=CARTESIAN_POINT('',(19.07,0.0730151742781082,-4.3467367242058));
#16717=CARTESIAN_POINT('',(19.07,1.065,-3.97567311402502));
#16718=CARTESIAN_POINT('',(19.07,1.565,-6.36134622805001));
#16719=CARTESIAN_POINT('',(19.07,1.565,-4.22432688597502));
#16720=CARTESIAN_POINT('',(19.07,1.7098679310555,-6.07069658628138));
#16721=CARTESIAN_POINT('',(19.07,2.49259072224066,-4.50031384384433));
#16722=CARTESIAN_POINT('',(19.07,0.783470099006072,-4.18928688283227));
#16723=CARTESIAN_POINT('Origin',(19.07,0.923173033777993,-6.07331162646796));
#16724=CARTESIAN_POINT('',(18.27,0.923173033777993,-6.07331162646796));
#16725=CARTESIAN_POINT('',(19.07,0.923173033777993,-6.07331162646796));
#16726=CARTESIAN_POINT('',(18.27,1.065,-6.36134622805001));
#16727=CARTESIAN_POINT('',(18.27,1.06775099832506,-6.36693319594208));
#16728=CARTESIAN_POINT('',(19.07,1.065,-6.36134622805001));
#16729=CARTESIAN_POINT('Origin',(19.07,0.522640828685708,-6.66042401847103));
#16730=CARTESIAN_POINT('',(18.27,0.914999999999999,-6.0852919100764));
#16731=CARTESIAN_POINT('',(18.87,0.914999999999999,-6.0852919100764));
#16732=CARTESIAN_POINT('',(18.27,0.660202897040869,-6.45878131914731));
#16733=CARTESIAN_POINT('Origin',(19.07,1.065,-6.36134622805001));
#16734=CARTESIAN_POINT('',(18.27,1.065,-6.48567311402504));
#16735=CARTESIAN_POINT('Origin',(19.07,1.565,-6.85865377195001));
#16736=CARTESIAN_POINT('',(18.27,1.565,-6.36134622805001));
#16737=CARTESIAN_POINT('',(18.27,1.565,-6.73432688597504));
#16738=CARTESIAN_POINT('',(19.07,1.565,-6.36134622805001));
#16739=CARTESIAN_POINT('Origin',(19.07,1.565,-6.36134622805001));
#16740=CARTESIAN_POINT('',(18.27,1.7098679310555,-6.07069658628138));
#16741=CARTESIAN_POINT('',(18.27,1.49048898875573,-6.51083824169428));
#16742=CARTESIAN_POINT('',(19.07,1.7098679310555,-6.07069658628138));
#16743=CARTESIAN_POINT('Origin',(19.07,1.7098679310555,-6.07069658628138));
#16744=CARTESIAN_POINT('',(18.27,1.77820592305303,-6.20948335456855));
#16745=CARTESIAN_POINT('Origin',(18.27,1.315,4.09999999999996));
#16746=CARTESIAN_POINT('',(14.5,1.715,4.1));
#16747=CARTESIAN_POINT('',(15.1033869687219,1.715,4.1));
#16748=CARTESIAN_POINT('',(14.5,1.715,4.1));
#16749=CARTESIAN_POINT('',(14.5,0.914999999999999,4.1));
#16750=CARTESIAN_POINT('',(14.5,-11.,4.1));
#16751=CARTESIAN_POINT('',(15.1033869687219,0.914999999999999,4.09999999999984));
#16752=CARTESIAN_POINT('',(14.5,0.914999999999999,4.1));
#16753=CARTESIAN_POINT('',(15.1033869687219,0.615000000000001,4.09999999999984));
#16754=CARTESIAN_POINT('',(15.1033869687219,0.615000000000001,4.09999999999984));
#16755=CARTESIAN_POINT('',(18.1033869687219,0.615000000000001,4.09999999999996));
#16756=CARTESIAN_POINT('',(18.1033869687219,0.615000000000001,4.09999999999996));
#16757=CARTESIAN_POINT('',(18.1033869687219,2.015,4.09999999999996));
#16758=CARTESIAN_POINT('',(18.1033869687219,2.015,4.09999999999996));
#16759=CARTESIAN_POINT('',(15.1033869687219,2.015,4.09999999999984));
#16760=CARTESIAN_POINT('',(15.1033869687219,2.015,4.09999999999984));
#16761=CARTESIAN_POINT('',(15.1033869687219,0.615000000000001,4.09999999999984));
#16762=CARTESIAN_POINT('Origin',(18.27,1.315,-6.61000000000007));
#16763=CARTESIAN_POINT('',(18.27,0.914999999999999,2.99999999999999));
#16764=CARTESIAN_POINT('',(18.27,1.315,2.99999999999999));
#16765=CARTESIAN_POINT('',(18.27,0.914999999999999,-6.61000000000007));
#16766=CARTESIAN_POINT('Origin',(17.97,1.315,2.99999999999999));
#16767=CARTESIAN_POINT('',(17.97,0.914999999999999,3.3));
#16768=CARTESIAN_POINT('Origin',(17.97,0.914999999999999,2.99999999999999));
#16769=CARTESIAN_POINT('',(17.97,1.315,3.3));
#16770=CARTESIAN_POINT('Origin',(18.67,0.914999999999999,-1.33226762955019E-14));
#16771=CARTESIAN_POINT('',(18.1033869687219,0.914999999999999,4.09944249975648));
#16772=CARTESIAN_POINT('',(18.1033869687219,0.914999999999999,3.29999999999996));
#16773=CARTESIAN_POINT('',(18.103386968722,0.914999999999999,2.04999999999996));
#16774=CARTESIAN_POINT('',(17.6366934843609,0.914999999999999,3.29999999999993));
#16775=CARTESIAN_POINT('Origin',(18.07,0.914999999999999,3.09999999999995));
#16776=CARTESIAN_POINT('Origin',(18.67,0.914999999999999,-1.33226762955019E-14));
#16777=CARTESIAN_POINT('',(15.1033869687219,0.914999999999999,3.29999999999984));
#16778=CARTESIAN_POINT('',(15.103386968722,0.914999999999999,2.04999999999984));
#16779=CARTESIAN_POINT('',(14.5,0.914999999999999,3.3));
#16780=CARTESIAN_POINT('',(14.5,0.914999999999999,-6.66133814775094E-15));
#16781=CARTESIAN_POINT('',(18.67,0.914999999999999,3.29999999999999));
#16782=CARTESIAN_POINT('Origin',(18.67,1.715,-1.33226762955019E-14));
#16783=CARTESIAN_POINT('',(15.1033869687219,1.715,3.29999999999984));
#16784=CARTESIAN_POINT('',(15.103386968722,1.715,2.04999999999984));
#16785=CARTESIAN_POINT('',(14.5,1.715,3.3));
#16786=CARTESIAN_POINT('',(18.67,1.715,3.29999999999999));
#16787=CARTESIAN_POINT('',(14.5,1.715,-6.66133814775094E-15));
#16788=CARTESIAN_POINT('Origin',(18.67,1.315,3.29999999999999));
#16789=CARTESIAN_POINT('',(14.5,-11.,3.3));
#16790=CARTESIAN_POINT('',(15.1033869687219,2.015,3.29999999999984));
#16791=CARTESIAN_POINT('',(15.1033869687219,0.615000000000001,3.29999999999984));
#16792=CARTESIAN_POINT('',(18.1033869687219,2.015,3.29999999999996));
#16793=CARTESIAN_POINT('',(15.1033869687219,2.015,3.29999999999984));
#16794=CARTESIAN_POINT('',(18.1033869687219,2.015,3.29999999999996));
#16795=CARTESIAN_POINT('',(18.1033869687219,0.615000000000001,3.29999999999996));
#16796=CARTESIAN_POINT('',(18.1033869687219,2.015,3.29999999999996));
#16797=CARTESIAN_POINT('',(15.1033869687219,0.615000000000001,3.29999999999984));
#16798=CARTESIAN_POINT('',(18.1033869687219,0.615000000000001,3.29999999999996));
#16799=CARTESIAN_POINT('',(15.1033869687219,0.615000000000001,3.29999999999984));
#16800=CARTESIAN_POINT('Origin',(18.07,1.315,3.09999999999995));
#16801=CARTESIAN_POINT('',(18.1033869687219,1.315,4.09944249975648));
#16802=CARTESIAN_POINT('Origin',(15.1033869687219,2.015,4.09999999999984));
#16803=CARTESIAN_POINT('',(18.1033869687219,2.015,4.09999999999996));
#16804=CARTESIAN_POINT('',(15.1033869687219,2.015,4.09999999999984));
#16805=CARTESIAN_POINT('Origin',(18.1033869687219,2.015,4.09999999999996));
#16806=CARTESIAN_POINT('',(18.1033869687219,0.615000000000001,4.09999999999996));
#16807=CARTESIAN_POINT('Origin',(18.1033869687219,0.615000000000001,4.09999999999996));
#16808=CARTESIAN_POINT('',(15.1033869687219,0.615000000000001,4.09999999999984));
#16809=CARTESIAN_POINT('Origin',(15.1033869687219,0.615000000000001,4.09999999999984));
#16810=CARTESIAN_POINT('Origin',(15.1033869687219,0.615000000000001,4.09999999999984));
#16811=CARTESIAN_POINT('Origin',(14.5,-22.,-5.93261256735725));
#16812=CARTESIAN_POINT('Origin',(14.5,-22.,-5.93261256735725));
#16813=CARTESIAN_POINT('',(14.5,-5.905,4.1));
#16814=CARTESIAN_POINT('',(14.5,-5.905,3.3));
#16815=CARTESIAN_POINT('',(14.5,-5.905,-6.66133814775094E-15));
#16816=CARTESIAN_POINT('',(14.5,-6.705,3.3));
#16817=CARTESIAN_POINT('',(14.5,-11.,3.3));
#16818=CARTESIAN_POINT('',(14.5,-6.705,4.1));
#16819=CARTESIAN_POINT('',(14.5,-6.705,-6.66133814775094E-15));
#16820=CARTESIAN_POINT('',(14.5,-11.,4.1));
#16821=CARTESIAN_POINT('Origin',(15.1033869687219,-7.005,4.09999999999984));
#16822=CARTESIAN_POINT('',(15.1033869687219,-6.705,3.29999999999984));
#16823=CARTESIAN_POINT('',(15.1033869687219,-6.705,4.09999999999984));
#16824=CARTESIAN_POINT('',(15.103386968722,-6.705,2.04999999999984));
#16825=CARTESIAN_POINT('',(15.1033869687219,-7.005,3.29999999999984));
#16826=CARTESIAN_POINT('',(15.1033869687219,-7.005,3.29999999999984));
#16827=CARTESIAN_POINT('',(15.1033869687219,-7.005,4.09999999999984));
#16828=CARTESIAN_POINT('',(15.1033869687219,-7.005,4.09999999999984));
#16829=CARTESIAN_POINT('',(15.1033869687219,-7.005,4.09999999999984));
#16830=CARTESIAN_POINT('Origin',(15.1033869687219,-7.005,4.09999999999984));
#16831=CARTESIAN_POINT('',(15.1033869687219,-5.905,4.1));
#16832=CARTESIAN_POINT('',(15.1033869687219,-5.905,3.29999999999984));
#16833=CARTESIAN_POINT('',(15.103386968722,-5.905,2.04999999999984));
#16834=CARTESIAN_POINT('',(15.1033869687219,-5.605,4.09999999999984));
#16835=CARTESIAN_POINT('',(15.1033869687219,-7.005,4.09999999999984));
#16836=CARTESIAN_POINT('',(15.1033869687219,-5.605,3.29999999999984));
#16837=CARTESIAN_POINT('',(15.1033869687219,-5.605,4.09999999999984));
#16838=CARTESIAN_POINT('',(15.1033869687219,-7.005,3.29999999999984));
#16839=CARTESIAN_POINT('Origin',(18.1033869687219,-7.005,4.09999999999996));
#16840=CARTESIAN_POINT('',(18.1033869687219,-7.005,4.09999999999996));
#16841=CARTESIAN_POINT('',(18.1033869687219,-7.005,4.09999999999996));
#16842=CARTESIAN_POINT('',(18.1033869687219,-7.005,3.29999999999996));
#16843=CARTESIAN_POINT('',(18.1033869687219,-7.005,3.29999999999996));
#16844=CARTESIAN_POINT('',(18.1033869687219,-7.005,4.09999999999996));
#16845=CARTESIAN_POINT('Origin',(18.1033869687219,-5.605,4.09999999999996));
#16846=CARTESIAN_POINT('',(18.1033869687219,-5.905,3.29999999999996));
#16847=CARTESIAN_POINT('',(18.1033869687219,-5.905,4.09944249975648));
#16848=CARTESIAN_POINT('',(18.103386968722,-5.905,2.04999999999996));
#16849=CARTESIAN_POINT('',(18.1033869687219,-5.605,3.29999999999996));
#16850=CARTESIAN_POINT('',(18.1033869687219,-5.605,3.29999999999996));
#16851=CARTESIAN_POINT('',(18.1033869687219,-5.605,4.09999999999996));
#16852=CARTESIAN_POINT('',(18.1033869687219,-5.605,4.09999999999996));
#16853=CARTESIAN_POINT('',(18.1033869687219,-5.605,4.09999999999996));
#16854=CARTESIAN_POINT('',(18.1033869687219,-6.705,3.29999999999996));
#16855=CARTESIAN_POINT('',(18.1033869687219,-5.605,3.29999999999996));
#16856=CARTESIAN_POINT('',(18.1033869687219,-6.705,4.09944249975648));
#16857=CARTESIAN_POINT('',(18.103386968722,-6.705,2.04999999999996));
#16858=CARTESIAN_POINT('',(18.1033869687219,-6.305,4.09944249975648));
#16859=CARTESIAN_POINT('Origin',(15.1033869687219,-5.605,4.09999999999984));
#16860=CARTESIAN_POINT('',(15.1033869687219,-5.605,4.09999999999984));
#16861=CARTESIAN_POINT('',(15.1033869687219,-5.605,3.29999999999984));
#16862=CARTESIAN_POINT('Origin',(18.07,-6.305,3.09999999999995));
#16863=CARTESIAN_POINT('',(19.07,-6.705,3.09999999999996));
#16864=CARTESIAN_POINT('Origin',(18.07,-6.705,3.09999999999995));
#16865=CARTESIAN_POINT('',(19.07,-5.905,3.09999999999996));
#16866=CARTESIAN_POINT('',(19.07,-6.305,3.09999999999995));
#16867=CARTESIAN_POINT('Origin',(18.07,-5.905,3.09999999999995));
#16868=CARTESIAN_POINT('Origin',(18.67,-6.305,3.29999999999999));
#16869=CARTESIAN_POINT('',(18.67,-6.705,3.29999999999999));
#16870=CARTESIAN_POINT('',(18.67,-5.905,3.29999999999999));
#16871=CARTESIAN_POINT('',(17.97,-5.905,3.3));
#16872=CARTESIAN_POINT('',(17.6366934843609,-5.905,3.29999999999993));
#16873=CARTESIAN_POINT('',(17.97,-6.705,3.3));
#16874=CARTESIAN_POINT('',(17.97,-6.305,3.3));
#16875=CARTESIAN_POINT('',(17.6366934843609,-6.705,3.29999999999993));
#16876=CARTESIAN_POINT('Origin',(18.67,-5.905,-1.33226762955019E-14));
#16877=CARTESIAN_POINT('',(14.5,-5.905,4.1));
#16878=CARTESIAN_POINT('Origin',(18.67,-6.705,-1.33226762955019E-14));
#16879=CARTESIAN_POINT('',(14.5,-6.705,4.1));
#16880=CARTESIAN_POINT('Origin',(18.67,-6.705,-1.33226762955019E-14));
#16881=CARTESIAN_POINT('',(18.27,-6.705,2.99999999999999));
#16882=CARTESIAN_POINT('Origin',(17.97,-6.705,2.99999999999999));
#16883=CARTESIAN_POINT('',(18.27,-6.705,-6.0852919100764));
#16884=CARTESIAN_POINT('',(18.27,-6.705,-6.61000000000007));
#16885=CARTESIAN_POINT('',(19.07,-6.705,-6.0852919100764));
#16886=CARTESIAN_POINT('',(18.87,-6.705,-6.0852919100764));
#16887=CARTESIAN_POINT('',(19.07,-6.705,-1.59000000000004));
#16888=CARTESIAN_POINT('Origin',(17.97,-6.305,2.99999999999999));
#16889=CARTESIAN_POINT('',(18.27,-5.905,2.99999999999999));
#16890=CARTESIAN_POINT('Origin',(17.97,-5.905,2.99999999999999));
#16891=CARTESIAN_POINT('',(18.27,-6.305,2.99999999999999));
#16892=CARTESIAN_POINT('Origin',(18.27,-6.305,-6.61000000000007));
#16893=CARTESIAN_POINT('',(18.27,-5.905,-6.0811192405417));
#16894=CARTESIAN_POINT('',(18.27,-5.905,-6.61000000000007));
#16895=CARTESIAN_POINT('',(18.27,-5.91013206894451,-6.07069658628138));
#16896=CARTESIAN_POINT('',(18.27,-5.84179407694697,-6.20948335456855));
#16897=CARTESIAN_POINT('',(18.27,-6.055,-6.36134622805001));
#16898=CARTESIAN_POINT('',(18.27,-6.12951101124427,-6.51083824169428));
#16899=CARTESIAN_POINT('',(18.27,-6.055,-6.61000000000007));
#16900=CARTESIAN_POINT('',(18.27,-6.055,-6.73432688597504));
#16901=CARTESIAN_POINT('',(18.27,-6.555,-6.61000000000007));
#16902=CARTESIAN_POINT('',(18.27,-6.305,-6.61000000000007));
#16903=CARTESIAN_POINT('',(18.27,-6.555,-6.36134622805001));
#16904=CARTESIAN_POINT('',(18.27,-6.555,-6.48567311402504));
#16905=CARTESIAN_POINT('',(18.27,-6.69682696622201,-6.07331162646796));
#16906=CARTESIAN_POINT('',(18.27,-6.55224900167494,-6.36693319594208));
#16907=CARTESIAN_POINT('',(18.27,-6.95979710295913,-6.45878131914731));
#16908=CARTESIAN_POINT('Origin',(18.27,-6.305,4.09999999999996));
#16909=CARTESIAN_POINT('Origin',(19.07,-5.91013206894451,-6.07069658628138));
#16910=CARTESIAN_POINT('',(19.07,-5.905,-6.0811192405417));
#16911=CARTESIAN_POINT('',(18.87,-5.905,-6.0811192405417));
#16912=CARTESIAN_POINT('',(19.07,-5.91013206894451,-6.07069658628138));
#16913=CARTESIAN_POINT('',(19.07,-6.83652990099393,-4.18928688283227));
#16914=CARTESIAN_POINT('',(19.07,-5.91013206894451,-6.07069658628138));
#16915=CARTESIAN_POINT('Origin',(19.07,-6.055,-6.36134622805001));
#16916=CARTESIAN_POINT('',(19.07,-6.055,-6.36134622805001));
#16917=CARTESIAN_POINT('',(19.07,-5.12740927775934,-4.50031384384433));
#16918=CARTESIAN_POINT('',(19.07,-6.055,-6.36134622805001));
#16919=CARTESIAN_POINT('Origin',(19.07,-6.055,-6.85865377195001));
#16920=CARTESIAN_POINT('',(19.07,-6.055,-6.61000000000007));
#16921=CARTESIAN_POINT('',(19.07,-6.055,-6.61000000000007));
#16922=CARTESIAN_POINT('',(19.07,-6.055,-4.22432688597502));
#16923=CARTESIAN_POINT('Origin',(19.07,-6.555,-6.36134622805001));
#16924=CARTESIAN_POINT('',(19.07,-6.555,-6.61000000000007));
#16925=CARTESIAN_POINT('',(19.07,-6.555,-6.61000000000007));
#16926=CARTESIAN_POINT('',(19.07,-6.555,-6.36134622805001));
#16927=CARTESIAN_POINT('',(19.07,-6.555,-3.97567311402502));
#16928=CARTESIAN_POINT('',(19.07,-6.555,-6.36134622805001));
#16929=CARTESIAN_POINT('Origin',(19.07,-7.09735917131429,-6.66042401847103));
#16930=CARTESIAN_POINT('',(19.07,-6.69682696622201,-6.07331162646796));
#16931=CARTESIAN_POINT('',(19.07,-6.69682696622201,-6.07331162646796));
#16932=CARTESIAN_POINT('',(19.07,-5.79128875319674,-4.74594593766659));
#16933=CARTESIAN_POINT('Origin',(19.07,-6.69682696622201,-6.07331162646796));
#16934=CARTESIAN_POINT('',(19.07,-7.54698482572189,-4.3467367242058));
#16935=CARTESIAN_POINT('Origin',(19.07,-6.305,-1.59000000000004));
#16936=CARTESIAN_POINT('',(19.07,-6.305,-6.61000000000007));
#16937=CARTESIAN_POINT('',(19.07,-5.905,-1.59000000000004));
#16938=CARTESIAN_POINT('Origin',(18.67,-5.905,-1.33226762955019E-14));
#16939=CARTESIAN_POINT('Origin',(19.07,-6.305,-6.61000000000007));
#16940=CARTESIAN_POINT('Origin',(19.07,-8.845,-6.61000000000007));
#16941=CARTESIAN_POINT('',(18.27,-8.595,-6.61000000000007));
#16942=CARTESIAN_POINT('',(19.07,-8.595,-6.61000000000007));
#16943=CARTESIAN_POINT('',(19.07,-8.595,-6.61000000000007));
#16944=CARTESIAN_POINT('',(19.07,-9.095,-6.61000000000007));
#16945=CARTESIAN_POINT('',(19.07,-8.845,-6.61000000000007));
#16946=CARTESIAN_POINT('',(18.27,-9.095,-6.61000000000007));
#16947=CARTESIAN_POINT('',(19.07,-9.095,-6.61000000000007));
#16948=CARTESIAN_POINT('',(18.27,-8.845,-6.61000000000007));
#16949=CARTESIAN_POINT('Origin',(18.67,-8.445,-1.33226762955019E-14));
#16950=CARTESIAN_POINT('',(18.1033869687219,-8.445,3.29999999999996));
#16951=CARTESIAN_POINT('',(18.1033869687219,-8.445,4.09944249975648));
#16952=CARTESIAN_POINT('',(18.103386968722,-8.445,2.04999999999996));
#16953=CARTESIAN_POINT('',(19.07,-8.445,3.09999999999996));
#16954=CARTESIAN_POINT('Origin',(18.07,-8.445,3.09999999999995));
#16955=CARTESIAN_POINT('',(19.07,-8.445,-6.0811192405417));
#16956=CARTESIAN_POINT('',(19.07,-8.445,-1.59000000000004));
#16957=CARTESIAN_POINT('',(18.27,-8.445,-6.0811192405417));
#16958=CARTESIAN_POINT('',(18.87,-8.445,-6.0811192405417));
#16959=CARTESIAN_POINT('',(18.27,-8.445,2.99999999999999));
#16960=CARTESIAN_POINT('',(18.27,-8.445,-6.61000000000007));
#16961=CARTESIAN_POINT('',(17.97,-8.445,3.3));
#16962=CARTESIAN_POINT('Origin',(17.97,-8.445,2.99999999999999));
#16963=CARTESIAN_POINT('',(17.6366934843609,-8.445,3.29999999999993));
#16964=CARTESIAN_POINT('Origin',(19.07,-8.845,-1.59000000000004));
#16965=CARTESIAN_POINT('',(19.07,-9.245,3.09999999999996));
#16966=CARTESIAN_POINT('',(19.07,-8.845,3.09999999999995));
#16967=CARTESIAN_POINT('',(19.07,-9.245,-6.0852919100764));
#16968=CARTESIAN_POINT('',(19.07,-9.245,-1.59000000000004));
#16969=CARTESIAN_POINT('',(19.07,-9.23682696622201,-6.07331162646796));
#16970=CARTESIAN_POINT('',(19.07,-8.33128875319674,-4.74594593766659));
#16971=CARTESIAN_POINT('',(19.07,-9.095,-6.36134622805001));
#16972=CARTESIAN_POINT('',(19.07,-10.0869848257219,-4.3467367242058));
#16973=CARTESIAN_POINT('',(19.07,-9.095,-3.97567311402502));
#16974=CARTESIAN_POINT('',(19.07,-8.595,-6.36134622805001));
#16975=CARTESIAN_POINT('',(19.07,-8.595,-4.22432688597502));
#16976=CARTESIAN_POINT('',(19.07,-8.45013206894451,-6.07069658628138));
#16977=CARTESIAN_POINT('',(19.07,-7.66740927775934,-4.50031384384433));
#16978=CARTESIAN_POINT('',(19.07,-9.37652990099393,-4.18928688283227));
#16979=CARTESIAN_POINT('Origin',(19.07,-9.23682696622201,-6.07331162646796));
#16980=CARTESIAN_POINT('',(18.27,-9.23682696622201,-6.07331162646796));
#16981=CARTESIAN_POINT('',(19.07,-9.23682696622201,-6.07331162646796));
#16982=CARTESIAN_POINT('',(18.27,-9.095,-6.36134622805001));
#16983=CARTESIAN_POINT('',(18.27,-9.09224900167494,-6.36693319594208));
#16984=CARTESIAN_POINT('',(19.07,-9.095,-6.36134622805001));
#16985=CARTESIAN_POINT('Origin',(19.07,-9.63735917131429,-6.66042401847103));
#16986=CARTESIAN_POINT('',(18.27,-9.245,-6.0852919100764));
#16987=CARTESIAN_POINT('',(18.87,-9.245,-6.0852919100764));
#16988=CARTESIAN_POINT('',(18.27,-9.49979710295913,-6.45878131914731));
#16989=CARTESIAN_POINT('Origin',(19.07,-9.095,-6.36134622805001));
#16990=CARTESIAN_POINT('',(18.27,-9.095,-6.48567311402504));
#16991=CARTESIAN_POINT('Origin',(19.07,-8.595,-6.85865377195001));
#16992=CARTESIAN_POINT('',(18.27,-8.595,-6.36134622805001));
#16993=CARTESIAN_POINT('',(18.27,-8.595,-6.73432688597504));
#16994=CARTESIAN_POINT('',(19.07,-8.595,-6.36134622805001));
#16995=CARTESIAN_POINT('Origin',(19.07,-8.595,-6.36134622805001));
#16996=CARTESIAN_POINT('',(18.27,-8.45013206894451,-6.07069658628138));
#16997=CARTESIAN_POINT('',(18.27,-8.66951101124427,-6.51083824169428));
#16998=CARTESIAN_POINT('',(19.07,-8.45013206894451,-6.07069658628138));
#16999=CARTESIAN_POINT('Origin',(19.07,-8.45013206894451,-6.07069658628138));
#17000=CARTESIAN_POINT('',(18.27,-8.38179407694697,-6.20948335456855));
#17001=CARTESIAN_POINT('Origin',(18.27,-8.845,4.09999999999996));
#17002=CARTESIAN_POINT('',(14.5,-8.445,4.1));
#17003=CARTESIAN_POINT('',(15.1033869687219,-8.445,4.1));
#17004=CARTESIAN_POINT('',(14.5,-8.445,4.1));
#17005=CARTESIAN_POINT('',(14.5,-9.245,4.1));
#17006=CARTESIAN_POINT('',(14.5,-11.,4.1));
#17007=CARTESIAN_POINT('',(15.1033869687219,-9.245,4.09999999999984));
#17008=CARTESIAN_POINT('',(14.5,-9.245,4.1));
#17009=CARTESIAN_POINT('',(15.1033869687219,-9.545,4.09999999999984));
#17010=CARTESIAN_POINT('',(15.1033869687219,-9.545,4.09999999999984));
#17011=CARTESIAN_POINT('',(18.1033869687219,-9.545,4.09999999999996));
#17012=CARTESIAN_POINT('',(18.1033869687219,-9.545,4.09999999999996));
#17013=CARTESIAN_POINT('',(18.1033869687219,-8.145,4.09999999999996));
#17014=CARTESIAN_POINT('',(18.1033869687219,-8.145,4.09999999999996));
#17015=CARTESIAN_POINT('',(15.1033869687219,-8.145,4.09999999999984));
#17016=CARTESIAN_POINT('',(15.1033869687219,-8.145,4.09999999999984));
#17017=CARTESIAN_POINT('',(15.1033869687219,-9.545,4.09999999999984));
#17018=CARTESIAN_POINT('Origin',(18.27,-8.845,-6.61000000000007));
#17019=CARTESIAN_POINT('',(18.27,-9.245,2.99999999999999));
#17020=CARTESIAN_POINT('',(18.27,-8.845,2.99999999999999));
#17021=CARTESIAN_POINT('',(18.27,-9.245,-6.61000000000007));
#17022=CARTESIAN_POINT('Origin',(17.97,-8.845,2.99999999999999));
#17023=CARTESIAN_POINT('',(17.97,-9.245,3.3));
#17024=CARTESIAN_POINT('Origin',(17.97,-9.245,2.99999999999999));
#17025=CARTESIAN_POINT('',(17.97,-8.845,3.3));
#17026=CARTESIAN_POINT('Origin',(18.67,-9.245,-1.33226762955019E-14));
#17027=CARTESIAN_POINT('',(18.1033869687219,-9.245,4.09944249975648));
#17028=CARTESIAN_POINT('',(18.1033869687219,-9.245,3.29999999999996));
#17029=CARTESIAN_POINT('',(18.103386968722,-9.245,2.04999999999996));
#17030=CARTESIAN_POINT('',(17.6366934843609,-9.245,3.29999999999993));
#17031=CARTESIAN_POINT('Origin',(18.07,-9.245,3.09999999999995));
#17032=CARTESIAN_POINT('Origin',(18.67,-9.245,-1.33226762955019E-14));
#17033=CARTESIAN_POINT('',(15.1033869687219,-9.245,3.29999999999984));
#17034=CARTESIAN_POINT('',(15.103386968722,-9.245,2.04999999999984));
#17035=CARTESIAN_POINT('',(14.5,-9.245,3.3));
#17036=CARTESIAN_POINT('',(14.5,-9.245,-6.66133814775094E-15));
#17037=CARTESIAN_POINT('',(18.67,-9.245,3.29999999999999));
#17038=CARTESIAN_POINT('Origin',(18.67,-8.445,-1.33226762955019E-14));
#17039=CARTESIAN_POINT('',(15.1033869687219,-8.445,3.29999999999984));
#17040=CARTESIAN_POINT('',(15.103386968722,-8.445,2.04999999999984));
#17041=CARTESIAN_POINT('',(14.5,-8.445,3.3));
#17042=CARTESIAN_POINT('',(18.67,-8.445,3.29999999999999));
#17043=CARTESIAN_POINT('',(14.5,-8.445,-6.66133814775094E-15));
#17044=CARTESIAN_POINT('Origin',(18.67,-8.845,3.29999999999999));
#17045=CARTESIAN_POINT('',(14.5,-11.,3.3));
#17046=CARTESIAN_POINT('',(15.1033869687219,-8.145,3.29999999999984));
#17047=CARTESIAN_POINT('',(15.1033869687219,-9.545,3.29999999999984));
#17048=CARTESIAN_POINT('',(18.1033869687219,-8.145,3.29999999999996));
#17049=CARTESIAN_POINT('',(15.1033869687219,-8.145,3.29999999999984));
#17050=CARTESIAN_POINT('',(18.1033869687219,-8.145,3.29999999999996));
#17051=CARTESIAN_POINT('',(18.1033869687219,-9.545,3.29999999999996));
#17052=CARTESIAN_POINT('',(18.1033869687219,-8.145,3.29999999999996));
#17053=CARTESIAN_POINT('',(15.1033869687219,-9.545,3.29999999999984));
#17054=CARTESIAN_POINT('',(18.1033869687219,-9.545,3.29999999999996));
#17055=CARTESIAN_POINT('',(15.1033869687219,-9.545,3.29999999999984));
#17056=CARTESIAN_POINT('Origin',(18.07,-8.845,3.09999999999995));
#17057=CARTESIAN_POINT('',(18.1033869687219,-8.845,4.09944249975648));
#17058=CARTESIAN_POINT('Origin',(15.1033869687219,-8.145,4.09999999999984));
#17059=CARTESIAN_POINT('',(18.1033869687219,-8.145,4.09999999999996));
#17060=CARTESIAN_POINT('',(15.1033869687219,-8.145,4.09999999999984));
#17061=CARTESIAN_POINT('Origin',(18.1033869687219,-8.145,4.09999999999996));
#17062=CARTESIAN_POINT('',(18.1033869687219,-9.545,4.09999999999996));
#17063=CARTESIAN_POINT('Origin',(18.1033869687219,-9.545,4.09999999999996));
#17064=CARTESIAN_POINT('',(15.1033869687219,-9.545,4.09999999999984));
#17065=CARTESIAN_POINT('Origin',(15.1033869687219,-9.545,4.09999999999984));
#17066=CARTESIAN_POINT('Origin',(15.1033869687219,-9.545,4.09999999999984));
#17067=CARTESIAN_POINT('Origin',(14.5,-22.,-5.93261256735725));
#17068=CARTESIAN_POINT('Origin',(14.5,-22.,-5.93261256735725));
#17069=CARTESIAN_POINT('',(14.5,-3.365,4.1));
#17070=CARTESIAN_POINT('',(14.5,-3.365,3.3));
#17071=CARTESIAN_POINT('',(14.5,-3.365,-6.66133814775094E-15));
#17072=CARTESIAN_POINT('',(14.5,-4.165,3.3));
#17073=CARTESIAN_POINT('',(14.5,-11.,3.3));
#17074=CARTESIAN_POINT('',(14.5,-4.165,4.1));
#17075=CARTESIAN_POINT('',(14.5,-4.165,-6.66133814775094E-15));
#17076=CARTESIAN_POINT('',(14.5,-11.,4.1));
#17077=CARTESIAN_POINT('Origin',(15.1033869687219,-4.465,4.09999999999984));
#17078=CARTESIAN_POINT('',(15.1033869687219,-4.165,3.29999999999984));
#17079=CARTESIAN_POINT('',(15.1033869687219,-4.165,4.09999999999984));
#17080=CARTESIAN_POINT('',(15.103386968722,-4.165,2.04999999999984));
#17081=CARTESIAN_POINT('',(15.1033869687219,-4.465,3.29999999999984));
#17082=CARTESIAN_POINT('',(15.1033869687219,-4.465,3.29999999999984));
#17083=CARTESIAN_POINT('',(15.1033869687219,-4.465,4.09999999999984));
#17084=CARTESIAN_POINT('',(15.1033869687219,-4.465,4.09999999999984));
#17085=CARTESIAN_POINT('',(15.1033869687219,-4.465,4.09999999999984));
#17086=CARTESIAN_POINT('Origin',(15.1033869687219,-4.465,4.09999999999984));
#17087=CARTESIAN_POINT('',(15.1033869687219,-3.365,4.1));
#17088=CARTESIAN_POINT('',(15.1033869687219,-3.365,3.29999999999984));
#17089=CARTESIAN_POINT('',(15.103386968722,-3.365,2.04999999999984));
#17090=CARTESIAN_POINT('',(15.1033869687219,-3.065,4.09999999999984));
#17091=CARTESIAN_POINT('',(15.1033869687219,-4.465,4.09999999999984));
#17092=CARTESIAN_POINT('',(15.1033869687219,-3.065,3.29999999999984));
#17093=CARTESIAN_POINT('',(15.1033869687219,-3.065,4.09999999999984));
#17094=CARTESIAN_POINT('',(15.1033869687219,-4.465,3.29999999999984));
#17095=CARTESIAN_POINT('Origin',(18.1033869687219,-4.465,4.09999999999996));
#17096=CARTESIAN_POINT('',(18.1033869687219,-4.465,4.09999999999996));
#17097=CARTESIAN_POINT('',(18.1033869687219,-4.465,4.09999999999996));
#17098=CARTESIAN_POINT('',(18.1033869687219,-4.465,3.29999999999996));
#17099=CARTESIAN_POINT('',(18.1033869687219,-4.465,3.29999999999996));
#17100=CARTESIAN_POINT('',(18.1033869687219,-4.465,4.09999999999996));
#17101=CARTESIAN_POINT('Origin',(18.1033869687219,-3.065,4.09999999999996));
#17102=CARTESIAN_POINT('',(18.1033869687219,-3.365,3.29999999999996));
#17103=CARTESIAN_POINT('',(18.1033869687219,-3.365,4.09944249975648));
#17104=CARTESIAN_POINT('',(18.103386968722,-3.365,2.04999999999996));
#17105=CARTESIAN_POINT('',(18.1033869687219,-3.065,3.29999999999996));
#17106=CARTESIAN_POINT('',(18.1033869687219,-3.065,3.29999999999996));
#17107=CARTESIAN_POINT('',(18.1033869687219,-3.065,4.09999999999996));
#17108=CARTESIAN_POINT('',(18.1033869687219,-3.065,4.09999999999996));
#17109=CARTESIAN_POINT('',(18.1033869687219,-3.065,4.09999999999996));
#17110=CARTESIAN_POINT('',(18.1033869687219,-4.165,3.29999999999996));
#17111=CARTESIAN_POINT('',(18.1033869687219,-3.065,3.29999999999996));
#17112=CARTESIAN_POINT('',(18.1033869687219,-4.165,4.09944249975648));
#17113=CARTESIAN_POINT('',(18.103386968722,-4.165,2.04999999999996));
#17114=CARTESIAN_POINT('',(18.1033869687219,-3.765,4.09944249975648));
#17115=CARTESIAN_POINT('Origin',(15.1033869687219,-3.065,4.09999999999984));
#17116=CARTESIAN_POINT('',(15.1033869687219,-3.065,4.09999999999984));
#17117=CARTESIAN_POINT('',(15.1033869687219,-3.065,3.29999999999984));
#17118=CARTESIAN_POINT('Origin',(18.07,-3.765,3.09999999999995));
#17119=CARTESIAN_POINT('',(19.07,-4.165,3.09999999999996));
#17120=CARTESIAN_POINT('Origin',(18.07,-4.165,3.09999999999995));
#17121=CARTESIAN_POINT('',(19.07,-3.365,3.09999999999996));
#17122=CARTESIAN_POINT('',(19.07,-3.765,3.09999999999995));
#17123=CARTESIAN_POINT('Origin',(18.07,-3.365,3.09999999999995));
#17124=CARTESIAN_POINT('Origin',(18.67,-3.765,3.29999999999999));
#17125=CARTESIAN_POINT('',(18.67,-4.165,3.29999999999999));
#17126=CARTESIAN_POINT('',(18.67,-3.365,3.29999999999999));
#17127=CARTESIAN_POINT('',(17.97,-3.365,3.3));
#17128=CARTESIAN_POINT('',(17.6366934843609,-3.365,3.29999999999993));
#17129=CARTESIAN_POINT('',(17.97,-4.165,3.3));
#17130=CARTESIAN_POINT('',(17.97,-3.765,3.3));
#17131=CARTESIAN_POINT('',(17.6366934843609,-4.165,3.29999999999993));
#17132=CARTESIAN_POINT('Origin',(18.67,-3.365,-1.33226762955019E-14));
#17133=CARTESIAN_POINT('',(14.5,-3.365,4.1));
#17134=CARTESIAN_POINT('Origin',(18.67,-4.165,-1.33226762955019E-14));
#17135=CARTESIAN_POINT('',(14.5,-4.165,4.1));
#17136=CARTESIAN_POINT('Origin',(18.67,-4.165,-1.33226762955019E-14));
#17137=CARTESIAN_POINT('',(18.27,-4.165,2.99999999999999));
#17138=CARTESIAN_POINT('Origin',(17.97,-4.165,2.99999999999999));
#17139=CARTESIAN_POINT('',(18.27,-4.165,-6.0852919100764));
#17140=CARTESIAN_POINT('',(18.27,-4.165,-6.61000000000007));
#17141=CARTESIAN_POINT('',(19.07,-4.165,-6.0852919100764));
#17142=CARTESIAN_POINT('',(18.87,-4.165,-6.0852919100764));
#17143=CARTESIAN_POINT('',(19.07,-4.165,-1.59000000000004));
#17144=CARTESIAN_POINT('Origin',(17.97,-3.765,2.99999999999999));
#17145=CARTESIAN_POINT('',(18.27,-3.365,2.99999999999999));
#17146=CARTESIAN_POINT('Origin',(17.97,-3.365,2.99999999999999));
#17147=CARTESIAN_POINT('',(18.27,-3.765,2.99999999999999));
#17148=CARTESIAN_POINT('Origin',(18.27,-3.765,-6.61000000000007));
#17149=CARTESIAN_POINT('',(18.27,-3.365,-6.0811192405417));
#17150=CARTESIAN_POINT('',(18.27,-3.365,-6.61000000000007));
#17151=CARTESIAN_POINT('',(18.27,-3.3701320689445,-6.07069658628138));
#17152=CARTESIAN_POINT('',(18.27,-3.30179407694697,-6.20948335456855));
#17153=CARTESIAN_POINT('',(18.27,-3.515,-6.36134622805001));
#17154=CARTESIAN_POINT('',(18.27,-3.58951101124427,-6.51083824169428));
#17155=CARTESIAN_POINT('',(18.27,-3.515,-6.61000000000007));
#17156=CARTESIAN_POINT('',(18.27,-3.515,-6.73432688597504));
#17157=CARTESIAN_POINT('',(18.27,-4.015,-6.61000000000007));
#17158=CARTESIAN_POINT('',(18.27,-3.765,-6.61000000000007));
#17159=CARTESIAN_POINT('',(18.27,-4.015,-6.36134622805001));
#17160=CARTESIAN_POINT('',(18.27,-4.015,-6.48567311402504));
#17161=CARTESIAN_POINT('',(18.27,-4.15682696622201,-6.07331162646796));
#17162=CARTESIAN_POINT('',(18.27,-4.01224900167494,-6.36693319594208));
#17163=CARTESIAN_POINT('',(18.27,-4.41979710295913,-6.45878131914731));
#17164=CARTESIAN_POINT('Origin',(18.27,-3.765,4.09999999999996));
#17165=CARTESIAN_POINT('Origin',(19.07,-3.3701320689445,-6.07069658628138));
#17166=CARTESIAN_POINT('',(19.07,-3.365,-6.0811192405417));
#17167=CARTESIAN_POINT('',(18.87,-3.365,-6.0811192405417));
#17168=CARTESIAN_POINT('',(19.07,-3.3701320689445,-6.07069658628138));
#17169=CARTESIAN_POINT('',(19.07,-4.29652990099393,-4.18928688283227));
#17170=CARTESIAN_POINT('',(19.07,-3.3701320689445,-6.07069658628138));
#17171=CARTESIAN_POINT('Origin',(19.07,-3.515,-6.36134622805001));
#17172=CARTESIAN_POINT('',(19.07,-3.515,-6.36134622805001));
#17173=CARTESIAN_POINT('',(19.07,-2.58740927775934,-4.50031384384433));
#17174=CARTESIAN_POINT('',(19.07,-3.515,-6.36134622805001));
#17175=CARTESIAN_POINT('Origin',(19.07,-3.515,-6.85865377195001));
#17176=CARTESIAN_POINT('',(19.07,-3.515,-6.61000000000007));
#17177=CARTESIAN_POINT('',(19.07,-3.515,-6.61000000000007));
#17178=CARTESIAN_POINT('',(19.07,-3.515,-4.22432688597502));
#17179=CARTESIAN_POINT('Origin',(19.07,-4.015,-6.36134622805001));
#17180=CARTESIAN_POINT('',(19.07,-4.015,-6.61000000000007));
#17181=CARTESIAN_POINT('',(19.07,-4.015,-6.61000000000007));
#17182=CARTESIAN_POINT('',(19.07,-4.015,-6.36134622805001));
#17183=CARTESIAN_POINT('',(19.07,-4.015,-3.97567311402502));
#17184=CARTESIAN_POINT('',(19.07,-4.015,-6.36134622805001));
#17185=CARTESIAN_POINT('Origin',(19.07,-4.55735917131429,-6.66042401847103));
#17186=CARTESIAN_POINT('',(19.07,-4.15682696622201,-6.07331162646796));
#17187=CARTESIAN_POINT('',(19.07,-4.15682696622201,-6.07331162646796));
#17188=CARTESIAN_POINT('',(19.07,-3.25128875319674,-4.74594593766659));
#17189=CARTESIAN_POINT('Origin',(19.07,-4.15682696622201,-6.07331162646796));
#17190=CARTESIAN_POINT('',(19.07,-5.00698482572189,-4.3467367242058));
#17191=CARTESIAN_POINT('Origin',(19.07,-3.765,-1.59000000000004));
#17192=CARTESIAN_POINT('',(19.07,-3.765,-6.61000000000007));
#17193=CARTESIAN_POINT('',(19.07,-3.365,-1.59000000000004));
#17194=CARTESIAN_POINT('Origin',(18.67,-3.365,-1.33226762955019E-14));
#17195=CARTESIAN_POINT('Origin',(19.07,-3.765,-6.61000000000007));
#17196=CARTESIAN_POINT('Origin',(19.07,-11.385,-6.61000000000007));
#17197=CARTESIAN_POINT('',(18.27,-11.135,-6.61000000000007));
#17198=CARTESIAN_POINT('',(19.07,-11.135,-6.61000000000007));
#17199=CARTESIAN_POINT('',(19.07,-11.135,-6.61000000000007));
#17200=CARTESIAN_POINT('',(19.07,-11.635,-6.61000000000007));
#17201=CARTESIAN_POINT('',(19.07,-11.385,-6.61000000000007));
#17202=CARTESIAN_POINT('',(18.27,-11.635,-6.61000000000007));
#17203=CARTESIAN_POINT('',(19.07,-11.635,-6.61000000000007));
#17204=CARTESIAN_POINT('',(18.27,-11.385,-6.61000000000007));
#17205=CARTESIAN_POINT('Origin',(18.67,-10.985,-1.33226762955019E-14));
#17206=CARTESIAN_POINT('',(18.1033869687219,-10.985,3.29999999999996));
#17207=CARTESIAN_POINT('',(18.1033869687219,-10.985,4.09944249975648));
#17208=CARTESIAN_POINT('',(18.103386968722,-10.985,2.04999999999996));
#17209=CARTESIAN_POINT('',(19.07,-10.985,3.09999999999996));
#17210=CARTESIAN_POINT('Origin',(18.07,-10.985,3.09999999999995));
#17211=CARTESIAN_POINT('',(19.07,-10.985,-6.0811192405417));
#17212=CARTESIAN_POINT('',(19.07,-10.985,-1.59000000000004));
#17213=CARTESIAN_POINT('',(18.27,-10.985,-6.0811192405417));
#17214=CARTESIAN_POINT('',(18.87,-10.985,-6.0811192405417));
#17215=CARTESIAN_POINT('',(18.27,-10.985,2.99999999999999));
#17216=CARTESIAN_POINT('',(18.27,-10.985,-6.61000000000007));
#17217=CARTESIAN_POINT('',(17.97,-10.985,3.3));
#17218=CARTESIAN_POINT('Origin',(17.97,-10.985,2.99999999999999));
#17219=CARTESIAN_POINT('',(17.6366934843609,-10.985,3.29999999999993));
#17220=CARTESIAN_POINT('Origin',(19.07,-11.385,-1.59000000000004));
#17221=CARTESIAN_POINT('',(19.07,-11.785,3.09999999999996));
#17222=CARTESIAN_POINT('',(19.07,-11.385,3.09999999999995));
#17223=CARTESIAN_POINT('',(19.07,-11.785,-6.0852919100764));
#17224=CARTESIAN_POINT('',(19.07,-11.785,-1.59000000000004));
#17225=CARTESIAN_POINT('',(19.07,-11.776826966222,-6.07331162646796));
#17226=CARTESIAN_POINT('',(19.07,-10.8712887531967,-4.74594593766659));
#17227=CARTESIAN_POINT('',(19.07,-11.635,-6.36134622805001));
#17228=CARTESIAN_POINT('',(19.07,-12.6269848257219,-4.3467367242058));
#17229=CARTESIAN_POINT('',(19.07,-11.635,-3.97567311402502));
#17230=CARTESIAN_POINT('',(19.07,-11.135,-6.36134622805001));
#17231=CARTESIAN_POINT('',(19.07,-11.135,-4.22432688597502));
#17232=CARTESIAN_POINT('',(19.07,-10.9901320689445,-6.07069658628138));
#17233=CARTESIAN_POINT('',(19.07,-10.2074092777593,-4.50031384384433));
#17234=CARTESIAN_POINT('',(19.07,-11.9165299009939,-4.18928688283227));
#17235=CARTESIAN_POINT('Origin',(19.07,-11.776826966222,-6.07331162646796));
#17236=CARTESIAN_POINT('',(18.27,-11.776826966222,-6.07331162646796));
#17237=CARTESIAN_POINT('',(19.07,-11.776826966222,-6.07331162646796));
#17238=CARTESIAN_POINT('',(18.27,-11.635,-6.36134622805001));
#17239=CARTESIAN_POINT('',(18.27,-11.6322490016749,-6.36693319594208));
#17240=CARTESIAN_POINT('',(19.07,-11.635,-6.36134622805001));
#17241=CARTESIAN_POINT('Origin',(19.07,-12.1773591713143,-6.66042401847103));
#17242=CARTESIAN_POINT('',(18.27,-11.785,-6.0852919100764));
#17243=CARTESIAN_POINT('',(18.87,-11.785,-6.0852919100764));
#17244=CARTESIAN_POINT('',(18.27,-12.0397971029591,-6.45878131914731));
#17245=CARTESIAN_POINT('Origin',(19.07,-11.635,-6.36134622805001));
#17246=CARTESIAN_POINT('',(18.27,-11.635,-6.48567311402504));
#17247=CARTESIAN_POINT('Origin',(19.07,-11.135,-6.85865377195001));
#17248=CARTESIAN_POINT('',(18.27,-11.135,-6.36134622805001));
#17249=CARTESIAN_POINT('',(18.27,-11.135,-6.73432688597504));
#17250=CARTESIAN_POINT('',(19.07,-11.135,-6.36134622805001));
#17251=CARTESIAN_POINT('Origin',(19.07,-11.135,-6.36134622805001));
#17252=CARTESIAN_POINT('',(18.27,-10.9901320689445,-6.07069658628138));
#17253=CARTESIAN_POINT('',(18.27,-11.2095110112443,-6.51083824169428));
#17254=CARTESIAN_POINT('',(19.07,-10.9901320689445,-6.07069658628138));
#17255=CARTESIAN_POINT('Origin',(19.07,-10.9901320689445,-6.07069658628138));
#17256=CARTESIAN_POINT('',(18.27,-10.921794076947,-6.20948335456855));
#17257=CARTESIAN_POINT('Origin',(18.27,-11.385,4.09999999999996));
#17258=CARTESIAN_POINT('',(14.5,-10.985,4.1));
#17259=CARTESIAN_POINT('',(15.1033869687219,-10.985,4.1));
#17260=CARTESIAN_POINT('',(14.5,-10.985,4.1));
#17261=CARTESIAN_POINT('',(14.5,-11.785,4.1));
#17262=CARTESIAN_POINT('',(14.5,-11.,4.1));
#17263=CARTESIAN_POINT('',(15.1033869687219,-11.785,4.09999999999984));
#17264=CARTESIAN_POINT('',(14.5,-11.785,4.1));
#17265=CARTESIAN_POINT('',(15.1033869687219,-12.085,4.09999999999984));
#17266=CARTESIAN_POINT('',(15.1033869687219,-12.085,4.09999999999984));
#17267=CARTESIAN_POINT('',(18.1033869687219,-12.085,4.09999999999996));
#17268=CARTESIAN_POINT('',(18.1033869687219,-12.085,4.09999999999996));
#17269=CARTESIAN_POINT('',(18.1033869687219,-10.685,4.09999999999996));
#17270=CARTESIAN_POINT('',(18.1033869687219,-10.685,4.09999999999996));
#17271=CARTESIAN_POINT('',(15.1033869687219,-10.685,4.09999999999984));
#17272=CARTESIAN_POINT('',(15.1033869687219,-10.685,4.09999999999984));
#17273=CARTESIAN_POINT('',(15.1033869687219,-12.085,4.09999999999984));
#17274=CARTESIAN_POINT('Origin',(18.27,-11.385,-6.61000000000007));
#17275=CARTESIAN_POINT('',(18.27,-11.785,2.99999999999999));
#17276=CARTESIAN_POINT('',(18.27,-11.385,2.99999999999999));
#17277=CARTESIAN_POINT('',(18.27,-11.785,-6.61000000000007));
#17278=CARTESIAN_POINT('Origin',(17.97,-11.385,2.99999999999999));
#17279=CARTESIAN_POINT('',(17.97,-11.785,3.3));
#17280=CARTESIAN_POINT('Origin',(17.97,-11.785,2.99999999999999));
#17281=CARTESIAN_POINT('',(17.97,-11.385,3.3));
#17282=CARTESIAN_POINT('Origin',(18.67,-11.785,-1.33226762955019E-14));
#17283=CARTESIAN_POINT('',(18.1033869687219,-11.785,4.09944249975648));
#17284=CARTESIAN_POINT('',(18.1033869687219,-11.785,3.29999999999996));
#17285=CARTESIAN_POINT('',(18.103386968722,-11.785,2.04999999999996));
#17286=CARTESIAN_POINT('',(17.6366934843609,-11.785,3.29999999999993));
#17287=CARTESIAN_POINT('Origin',(18.07,-11.785,3.09999999999995));
#17288=CARTESIAN_POINT('Origin',(18.67,-11.785,-1.33226762955019E-14));
#17289=CARTESIAN_POINT('',(15.1033869687219,-11.785,3.29999999999984));
#17290=CARTESIAN_POINT('',(15.103386968722,-11.785,2.04999999999984));
#17291=CARTESIAN_POINT('',(14.5,-11.785,3.3));
#17292=CARTESIAN_POINT('',(14.5,-11.785,-6.66133814775094E-15));
#17293=CARTESIAN_POINT('',(18.67,-11.785,3.29999999999999));
#17294=CARTESIAN_POINT('Origin',(18.67,-10.985,-1.33226762955019E-14));
#17295=CARTESIAN_POINT('',(15.1033869687219,-10.985,3.29999999999984));
#17296=CARTESIAN_POINT('',(15.103386968722,-10.985,2.04999999999984));
#17297=CARTESIAN_POINT('',(14.5,-10.985,3.3));
#17298=CARTESIAN_POINT('',(18.67,-10.985,3.29999999999999));
#17299=CARTESIAN_POINT('',(14.5,-10.985,-6.66133814775094E-15));
#17300=CARTESIAN_POINT('Origin',(18.67,-11.385,3.29999999999999));
#17301=CARTESIAN_POINT('',(14.5,-11.,3.3));
#17302=CARTESIAN_POINT('',(15.1033869687219,-10.685,3.29999999999984));
#17303=CARTESIAN_POINT('',(15.1033869687219,-12.085,3.29999999999984));
#17304=CARTESIAN_POINT('',(18.1033869687219,-10.685,3.29999999999996));
#17305=CARTESIAN_POINT('',(15.1033869687219,-10.685,3.29999999999984));
#17306=CARTESIAN_POINT('',(18.1033869687219,-10.685,3.29999999999996));
#17307=CARTESIAN_POINT('',(18.1033869687219,-12.085,3.29999999999996));
#17308=CARTESIAN_POINT('',(18.1033869687219,-10.685,3.29999999999996));
#17309=CARTESIAN_POINT('',(15.1033869687219,-12.085,3.29999999999984));
#17310=CARTESIAN_POINT('',(18.1033869687219,-12.085,3.29999999999996));
#17311=CARTESIAN_POINT('',(15.1033869687219,-12.085,3.29999999999984));
#17312=CARTESIAN_POINT('Origin',(18.07,-11.385,3.09999999999995));
#17313=CARTESIAN_POINT('',(18.1033869687219,-11.385,4.09944249975648));
#17314=CARTESIAN_POINT('Origin',(15.1033869687219,-10.685,4.09999999999984));
#17315=CARTESIAN_POINT('',(18.1033869687219,-10.685,4.09999999999996));
#17316=CARTESIAN_POINT('',(15.1033869687219,-10.685,4.09999999999984));
#17317=CARTESIAN_POINT('Origin',(18.1033869687219,-10.685,4.09999999999996));
#17318=CARTESIAN_POINT('',(18.1033869687219,-12.085,4.09999999999996));
#17319=CARTESIAN_POINT('Origin',(18.1033869687219,-12.085,4.09999999999996));
#17320=CARTESIAN_POINT('',(15.1033869687219,-12.085,4.09999999999984));
#17321=CARTESIAN_POINT('Origin',(15.1033869687219,-12.085,4.09999999999984));
#17322=CARTESIAN_POINT('Origin',(15.1033869687219,-12.085,4.09999999999984));
#17323=CARTESIAN_POINT('Origin',(14.5,-22.,-5.93261256735725));
#17324=CARTESIAN_POINT('Origin',(-14.5,-22.,5.93261256735725));
#17325=CARTESIAN_POINT('',(-14.5,-15.,3.3));
#17326=CARTESIAN_POINT('',(-14.5,-15.,4.1));
#17327=CARTESIAN_POINT('',(-14.5,-15.,-0.551467354045235));
#17328=CARTESIAN_POINT('',(-14.5,-19.,4.1));
#17329=CARTESIAN_POINT('',(-14.5,11.,4.1));
#17330=CARTESIAN_POINT('',(-14.5,-19.,3.3));
#17331=CARTESIAN_POINT('',(-14.5,-19.,-0.551467354045235));
#17332=CARTESIAN_POINT('',(-14.5,11.,3.3));
#17333=CARTESIAN_POINT('Origin',(-19.07,-15.,-6.61000000000007));
#17334=CARTESIAN_POINT('',(-18.27,-15.2,-6.61000000000007));
#17335=CARTESIAN_POINT('',(-18.27,-15.,-6.41000000000006));
#17336=CARTESIAN_POINT('Origin',(-18.27,-15.,-6.61000000000007));
#17337=CARTESIAN_POINT('',(-19.07,-15.2,-6.61000000000007));
#17338=CARTESIAN_POINT('',(-19.07,-15.2,-6.61000000000007));
#17339=CARTESIAN_POINT('',(-19.07,-15.,-6.41000000000006));
#17340=CARTESIAN_POINT('Origin',(-19.07,-15.,-6.61000000000007));
#17341=CARTESIAN_POINT('',(-19.07,-15.,-6.41000000000006));
#17342=CARTESIAN_POINT('Origin',(-19.07,-19.,-6.61000000000007));
#17343=CARTESIAN_POINT('',(-19.07,-19.,-6.41000000000006));
#17344=CARTESIAN_POINT('',(-18.27,-19.,-6.41000000000006));
#17345=CARTESIAN_POINT('',(-19.07,-19.,-6.41000000000006));
#17346=CARTESIAN_POINT('',(-19.07,-18.8,-6.61000000000007));
#17347=CARTESIAN_POINT('Origin',(-19.07,-19.,-6.61000000000007));
#17348=CARTESIAN_POINT('',(-18.27,-18.8,-6.61000000000007));
#17349=CARTESIAN_POINT('',(-19.07,-18.8,-6.61000000000007));
#17350=CARTESIAN_POINT('Origin',(-18.27,-19.,-6.61000000000007));
#17351=CARTESIAN_POINT('Origin',(-18.27,-17.,-6.61000000000007));
#17352=CARTESIAN_POINT('',(-18.27,-17.,-6.61000000000007));
#17353=CARTESIAN_POINT('',(-19.07,-17.,-6.61000000000007));
#17354=CARTESIAN_POINT('Origin',(-19.07,-17.,-6.0811192405417));
#17355=CARTESIAN_POINT('',(-19.07,-19.,0.332782123045313));
#17356=CARTESIAN_POINT('',(-19.07,-19.,-6.07069658628138));
#17357=CARTESIAN_POINT('',(-19.07,-19.1,0.332782123045313));
#17358=CARTESIAN_POINT('',(-19.07,-19.1,0.332782123045313));
#17359=CARTESIAN_POINT('',(-19.07,-19.1,0.932782123045313));
#17360=CARTESIAN_POINT('',(-19.07,-19.1,0.932782123045313));
#17361=CARTESIAN_POINT('',(-19.07,-19.,0.932782123045314));
#17362=CARTESIAN_POINT('',(-19.07,-14.9,0.932782123045313));
#17363=CARTESIAN_POINT('',(-19.07,-19.,3.09999999999996));
#17364=CARTESIAN_POINT('',(-19.07,-19.,-6.07069658628138));
#17365=CARTESIAN_POINT('',(-19.07,-15.,3.09999999999996));
#17366=CARTESIAN_POINT('',(-19.07,-17.,3.09999999999996));
#17367=CARTESIAN_POINT('',(-19.07,-15.,0.932782123045314));
#17368=CARTESIAN_POINT('',(-19.07,-15.,-6.07069658628138));
#17369=CARTESIAN_POINT('',(-19.07,-14.9,0.932782123045313));
#17370=CARTESIAN_POINT('',(-19.07,-14.9,0.932782123045313));
#17371=CARTESIAN_POINT('',(-19.07,-14.9,0.332782123045313));
#17372=CARTESIAN_POINT('',(-19.07,-14.9,0.332782123045313));
#17373=CARTESIAN_POINT('',(-19.07,-15.,0.332782123045313));
#17374=CARTESIAN_POINT('',(-19.07,-19.1,0.332782123045313));
#17375=CARTESIAN_POINT('',(-19.07,-15.,-6.07069658628138));
#17376=CARTESIAN_POINT('Origin',(-19.07,-19.1,0.332782123045313));
#17377=CARTESIAN_POINT('',(-18.27,-15.,0.332782123045313));
#17378=CARTESIAN_POINT('',(-18.8555917604962,-15.,0.332782123045313));
#17379=CARTESIAN_POINT('',(-18.27,-14.9,0.332782123045313));
#17380=CARTESIAN_POINT('',(-19.07,-14.9,0.332782123045313));
#17381=CARTESIAN_POINT('',(-18.27,-18.05,0.332782123045313));
#17382=CARTESIAN_POINT('Origin',(-19.07,-14.9,0.932782123045313));
#17383=CARTESIAN_POINT('',(-18.27,-15.,0.932782123045314));
#17384=CARTESIAN_POINT('',(-18.8555917604962,-15.,0.932782123045313));
#17385=CARTESIAN_POINT('',(-18.27,-14.9,0.932782123045313));
#17386=CARTESIAN_POINT('',(-18.27,-15.95,0.932782123045313));
#17387=CARTESIAN_POINT('',(-19.07,-14.9,0.932782123045313));
#17388=CARTESIAN_POINT('Origin',(-19.07,-14.9,0.932782123045313));
#17389=CARTESIAN_POINT('',(-18.27,-19.,0.932782123045313));
#17390=CARTESIAN_POINT('',(-18.8555917604962,-19.,0.932782123045313));
#17391=CARTESIAN_POINT('',(-18.27,-19.1,0.932782123045313));
#17392=CARTESIAN_POINT('',(-19.07,-19.1,0.932782123045313));
#17393=CARTESIAN_POINT('',(-18.27,-15.95,0.932782123045313));
#17394=CARTESIAN_POINT('Origin',(-19.07,-14.9,0.332782123045313));
#17395=CARTESIAN_POINT('',(-18.27,-14.9,0.482782123045313));
#17396=CARTESIAN_POINT('Origin',(-19.07,-19.1,0.332782123045313));
#17397=CARTESIAN_POINT('',(-18.27,-19.,0.332782123045313));
#17398=CARTESIAN_POINT('',(-18.8555917604962,-19.,0.332782123045313));
#17399=CARTESIAN_POINT('',(-18.27,-19.1,0.332782123045313));
#17400=CARTESIAN_POINT('',(-18.27,-18.05,0.332782123045313));
#17401=CARTESIAN_POINT('',(-19.07,-19.1,0.332782123045313));
#17402=CARTESIAN_POINT('Origin',(-19.07,-19.1,0.932782123045313));
#17403=CARTESIAN_POINT('',(-18.27,-19.1,0.782782123045313));
#17404=CARTESIAN_POINT('Origin',(-18.6411835209924,-19.,-1.10293470809047));
#17405=CARTESIAN_POINT('',(-18.27,-19.,2.99999999999999));
#17406=CARTESIAN_POINT('',(-18.27,-19.,-6.36134622805001));
#17407=CARTESIAN_POINT('',(-17.97,-19.,3.3));
#17408=CARTESIAN_POINT('Origin',(-17.97,-19.,2.99999999999999));
#17409=CARTESIAN_POINT('',(-15.1033869687219,-19.,3.29999999999984));
#17410=CARTESIAN_POINT('',(-18.1033869687219,-19.,4.09999999999996));
#17411=CARTESIAN_POINT('',(-15.1033869687219,-19.,4.1));
#17412=CARTESIAN_POINT('',(-18.1033869687219,-19.,4.09944249975648));
#17413=CARTESIAN_POINT('',(-18.1033869687219,-19.,3.29999999999996));
#17414=CARTESIAN_POINT('Origin',(-18.07,-19.,3.09999999999995));
#17415=CARTESIAN_POINT('Origin',(-18.6411835209924,-19.,-1.10293470809047));
#17416=CARTESIAN_POINT('',(-18.27,-19.,-6.36134622805001));
#17417=CARTESIAN_POINT('Origin',(-18.6411835209924,-15.,-1.10293470809047));
#17418=CARTESIAN_POINT('',(-18.1033869687219,-15.,4.09944249975648));
#17419=CARTESIAN_POINT('Origin',(-18.07,-15.,3.09999999999995));
#17420=CARTESIAN_POINT('',(-18.1033869687219,-15.,4.09999999999996));
#17421=CARTESIAN_POINT('',(-18.1033869687219,-15.,3.29999999999996));
#17422=CARTESIAN_POINT('',(-18.1033869687219,-15.,4.09999999999996));
#17423=CARTESIAN_POINT('',(-17.97,-15.,3.3));
#17424=CARTESIAN_POINT('',(-14.5,-15.,3.3));
#17425=CARTESIAN_POINT('',(-18.27,-15.,2.99999999999999));
#17426=CARTESIAN_POINT('Origin',(-17.97,-15.,2.99999999999999));
#17427=CARTESIAN_POINT('',(-18.27,-15.,-6.36134622805001));
#17428=CARTESIAN_POINT('Origin',(-18.27,-17.,2.99999999999999));
#17429=CARTESIAN_POINT('',(-18.27,-15.,-6.36134622805001));
#17430=CARTESIAN_POINT('',(-18.27,-17.,2.99999999999999));
#17431=CARTESIAN_POINT('Origin',(-17.97,-17.,2.99999999999999));
#17432=CARTESIAN_POINT('',(-17.97,-17.,3.29999999999995));
#17433=CARTESIAN_POINT('Origin',(-18.07,-17.,3.09999999999995));
#17434=CARTESIAN_POINT('',(-18.1033869687219,-17.,4.09944249975648));
#17435=CARTESIAN_POINT('Origin',(-18.6411835209924,-15.,-1.10293470809047));
#17436=CARTESIAN_POINT('Origin',(-18.1033869687219,-17.,3.29999999999996));
#17437=CARTESIAN_POINT('',(-18.1033869687219,-17.,4.09999999999996));
#17438=CARTESIAN_POINT('Origin',(-15.1033869687219,-17.,3.29999999999984));
#17439=CARTESIAN_POINT('Origin',(-15.1033869687219,-17.,4.1));
#17440=CARTESIAN_POINT('Origin',(19.07,-13.925,-6.61000000000007));
#17441=CARTESIAN_POINT('',(18.27,-13.675,-6.61000000000007));
#17442=CARTESIAN_POINT('',(19.07,-13.675,-6.61000000000007));
#17443=CARTESIAN_POINT('',(19.07,-13.675,-6.61000000000007));
#17444=CARTESIAN_POINT('',(19.07,-14.175,-6.61000000000007));
#17445=CARTESIAN_POINT('',(19.07,-13.925,-6.61000000000007));
#17446=CARTESIAN_POINT('',(18.27,-14.175,-6.61000000000007));
#17447=CARTESIAN_POINT('',(19.07,-14.175,-6.61000000000007));
#17448=CARTESIAN_POINT('',(18.27,-13.925,-6.61000000000007));
#17449=CARTESIAN_POINT('Origin',(18.67,-13.525,-1.33226762955019E-14));
#17450=CARTESIAN_POINT('',(18.1033869687219,-13.525,3.29999999999996));
#17451=CARTESIAN_POINT('',(18.1033869687219,-13.525,4.09944249975648));
#17452=CARTESIAN_POINT('',(18.103386968722,-13.525,2.04999999999996));
#17453=CARTESIAN_POINT('',(19.07,-13.525,3.09999999999996));
#17454=CARTESIAN_POINT('Origin',(18.07,-13.525,3.09999999999995));
#17455=CARTESIAN_POINT('',(19.07,-13.525,-6.0811192405417));
#17456=CARTESIAN_POINT('',(19.07,-13.525,-1.59000000000004));
#17457=CARTESIAN_POINT('',(18.27,-13.525,-6.0811192405417));
#17458=CARTESIAN_POINT('',(18.87,-13.525,-6.0811192405417));
#17459=CARTESIAN_POINT('',(18.27,-13.525,2.99999999999999));
#17460=CARTESIAN_POINT('',(18.27,-13.525,-6.61000000000007));
#17461=CARTESIAN_POINT('',(17.97,-13.525,3.3));
#17462=CARTESIAN_POINT('Origin',(17.97,-13.525,2.99999999999999));
#17463=CARTESIAN_POINT('',(17.6366934843609,-13.525,3.29999999999993));
#17464=CARTESIAN_POINT('Origin',(19.07,-13.925,-1.59000000000004));
#17465=CARTESIAN_POINT('',(19.07,-14.325,3.09999999999996));
#17466=CARTESIAN_POINT('',(19.07,-13.925,3.09999999999995));
#17467=CARTESIAN_POINT('',(19.07,-14.325,-6.0852919100764));
#17468=CARTESIAN_POINT('',(19.07,-14.325,-1.59000000000004));
#17469=CARTESIAN_POINT('',(19.07,-14.316826966222,-6.07331162646796));
#17470=CARTESIAN_POINT('',(19.07,-13.4112887531967,-4.74594593766659));
#17471=CARTESIAN_POINT('',(19.07,-14.175,-6.36134622805001));
#17472=CARTESIAN_POINT('',(19.07,-15.1669848257219,-4.3467367242058));
#17473=CARTESIAN_POINT('',(19.07,-14.175,-3.97567311402502));
#17474=CARTESIAN_POINT('',(19.07,-13.675,-6.36134622805001));
#17475=CARTESIAN_POINT('',(19.07,-13.675,-4.22432688597502));
#17476=CARTESIAN_POINT('',(19.07,-13.5301320689445,-6.07069658628138));
#17477=CARTESIAN_POINT('',(19.07,-12.7474092777593,-4.50031384384433));
#17478=CARTESIAN_POINT('',(19.07,-14.4565299009939,-4.18928688283227));
#17479=CARTESIAN_POINT('Origin',(19.07,-14.316826966222,-6.07331162646796));
#17480=CARTESIAN_POINT('',(18.27,-14.316826966222,-6.07331162646796));
#17481=CARTESIAN_POINT('',(19.07,-14.316826966222,-6.07331162646796));
#17482=CARTESIAN_POINT('',(18.27,-14.175,-6.36134622805001));
#17483=CARTESIAN_POINT('',(18.27,-14.1722490016749,-6.36693319594208));
#17484=CARTESIAN_POINT('',(19.07,-14.175,-6.36134622805001));
#17485=CARTESIAN_POINT('Origin',(19.07,-14.7173591713143,-6.66042401847103));
#17486=CARTESIAN_POINT('',(18.27,-14.325,-6.0852919100764));
#17487=CARTESIAN_POINT('',(18.87,-14.325,-6.0852919100764));
#17488=CARTESIAN_POINT('',(18.27,-14.5797971029591,-6.45878131914731));
#17489=CARTESIAN_POINT('Origin',(19.07,-14.175,-6.36134622805001));
#17490=CARTESIAN_POINT('',(18.27,-14.175,-6.48567311402504));
#17491=CARTESIAN_POINT('Origin',(19.07,-13.675,-6.85865377195001));
#17492=CARTESIAN_POINT('',(18.27,-13.675,-6.36134622805001));
#17493=CARTESIAN_POINT('',(18.27,-13.675,-6.73432688597504));
#17494=CARTESIAN_POINT('',(19.07,-13.675,-6.36134622805001));
#17495=CARTESIAN_POINT('Origin',(19.07,-13.675,-6.36134622805001));
#17496=CARTESIAN_POINT('',(18.27,-13.5301320689445,-6.07069658628138));
#17497=CARTESIAN_POINT('',(18.27,-13.7495110112443,-6.51083824169428));
#17498=CARTESIAN_POINT('',(19.07,-13.5301320689445,-6.07069658628138));
#17499=CARTESIAN_POINT('Origin',(19.07,-13.5301320689445,-6.07069658628138));
#17500=CARTESIAN_POINT('',(18.27,-13.461794076947,-6.20948335456855));
#17501=CARTESIAN_POINT('Origin',(18.27,-13.925,4.09999999999996));
#17502=CARTESIAN_POINT('',(14.5,-13.525,4.1));
#17503=CARTESIAN_POINT('',(15.1033869687219,-13.525,4.1));
#17504=CARTESIAN_POINT('',(14.5,-13.525,4.1));
#17505=CARTESIAN_POINT('',(14.5,-14.325,4.1));
#17506=CARTESIAN_POINT('',(14.5,-11.,4.1));
#17507=CARTESIAN_POINT('',(15.1033869687219,-14.325,4.09999999999984));
#17508=CARTESIAN_POINT('',(14.5,-14.325,4.1));
#17509=CARTESIAN_POINT('',(15.1033869687219,-14.625,4.09999999999984));
#17510=CARTESIAN_POINT('',(15.1033869687219,-14.625,4.09999999999984));
#17511=CARTESIAN_POINT('',(18.1033869687219,-14.625,4.09999999999996));
#17512=CARTESIAN_POINT('',(18.1033869687219,-14.625,4.09999999999996));
#17513=CARTESIAN_POINT('',(18.1033869687219,-13.225,4.09999999999996));
#17514=CARTESIAN_POINT('',(18.1033869687219,-13.225,4.09999999999996));
#17515=CARTESIAN_POINT('',(15.1033869687219,-13.225,4.09999999999984));
#17516=CARTESIAN_POINT('',(15.1033869687219,-13.225,4.09999999999984));
#17517=CARTESIAN_POINT('',(15.1033869687219,-14.625,4.09999999999984));
#17518=CARTESIAN_POINT('Origin',(18.27,-13.925,-6.61000000000007));
#17519=CARTESIAN_POINT('',(18.27,-14.325,2.99999999999999));
#17520=CARTESIAN_POINT('',(18.27,-13.925,2.99999999999999));
#17521=CARTESIAN_POINT('',(18.27,-14.325,-6.61000000000007));
#17522=CARTESIAN_POINT('Origin',(17.97,-13.925,2.99999999999999));
#17523=CARTESIAN_POINT('',(17.97,-14.325,3.3));
#17524=CARTESIAN_POINT('Origin',(17.97,-14.325,2.99999999999999));
#17525=CARTESIAN_POINT('',(17.97,-13.925,3.3));
#17526=CARTESIAN_POINT('Origin',(18.67,-14.325,-1.33226762955019E-14));
#17527=CARTESIAN_POINT('',(18.1033869687219,-14.325,4.09944249975648));
#17528=CARTESIAN_POINT('',(18.1033869687219,-14.325,3.29999999999996));
#17529=CARTESIAN_POINT('',(18.103386968722,-14.325,2.04999999999996));
#17530=CARTESIAN_POINT('',(17.6366934843609,-14.325,3.29999999999993));
#17531=CARTESIAN_POINT('Origin',(18.07,-14.325,3.09999999999995));
#17532=CARTESIAN_POINT('Origin',(18.67,-14.325,-1.33226762955019E-14));
#17533=CARTESIAN_POINT('',(15.1033869687219,-14.325,3.29999999999984));
#17534=CARTESIAN_POINT('',(15.103386968722,-14.325,2.04999999999984));
#17535=CARTESIAN_POINT('',(14.5,-14.325,3.3));
#17536=CARTESIAN_POINT('',(14.5,-14.325,-6.66133814775094E-15));
#17537=CARTESIAN_POINT('',(18.67,-14.325,3.29999999999999));
#17538=CARTESIAN_POINT('Origin',(18.67,-13.525,-1.33226762955019E-14));
#17539=CARTESIAN_POINT('',(15.1033869687219,-13.525,3.29999999999984));
#17540=CARTESIAN_POINT('',(15.103386968722,-13.525,2.04999999999984));
#17541=CARTESIAN_POINT('',(14.5,-13.525,3.3));
#17542=CARTESIAN_POINT('',(18.67,-13.525,3.29999999999999));
#17543=CARTESIAN_POINT('',(14.5,-13.525,-6.66133814775094E-15));
#17544=CARTESIAN_POINT('Origin',(18.67,-13.925,3.29999999999999));
#17545=CARTESIAN_POINT('',(14.5,-11.,3.3));
#17546=CARTESIAN_POINT('',(15.1033869687219,-13.225,3.29999999999984));
#17547=CARTESIAN_POINT('',(15.1033869687219,-14.625,3.29999999999984));
#17548=CARTESIAN_POINT('',(18.1033869687219,-13.225,3.29999999999996));
#17549=CARTESIAN_POINT('',(15.1033869687219,-13.225,3.29999999999984));
#17550=CARTESIAN_POINT('',(18.1033869687219,-13.225,3.29999999999996));
#17551=CARTESIAN_POINT('',(18.1033869687219,-14.625,3.29999999999996));
#17552=CARTESIAN_POINT('',(18.1033869687219,-13.225,3.29999999999996));
#17553=CARTESIAN_POINT('',(15.1033869687219,-14.625,3.29999999999984));
#17554=CARTESIAN_POINT('',(18.1033869687219,-14.625,3.29999999999996));
#17555=CARTESIAN_POINT('',(15.1033869687219,-14.625,3.29999999999984));
#17556=CARTESIAN_POINT('Origin',(18.07,-13.925,3.09999999999995));
#17557=CARTESIAN_POINT('',(18.1033869687219,-13.925,4.09944249975648));
#17558=CARTESIAN_POINT('Origin',(15.1033869687219,-13.225,4.09999999999984));
#17559=CARTESIAN_POINT('',(18.1033869687219,-13.225,4.09999999999996));
#17560=CARTESIAN_POINT('',(15.1033869687219,-13.225,4.09999999999984));
#17561=CARTESIAN_POINT('Origin',(18.1033869687219,-13.225,4.09999999999996));
#17562=CARTESIAN_POINT('',(18.1033869687219,-14.625,4.09999999999996));
#17563=CARTESIAN_POINT('Origin',(18.1033869687219,-14.625,4.09999999999996));
#17564=CARTESIAN_POINT('',(15.1033869687219,-14.625,4.09999999999984));
#17565=CARTESIAN_POINT('Origin',(15.1033869687219,-14.625,4.09999999999984));
#17566=CARTESIAN_POINT('Origin',(15.1033869687219,-14.625,4.09999999999984));
#17567=CARTESIAN_POINT('Origin',(14.5,-22.,-5.93261256735725));
#17568=CARTESIAN_POINT('Origin',(-14.5,-22.,5.93261256735725));
#17569=CARTESIAN_POINT('',(-14.5,-7.,3.3));
#17570=CARTESIAN_POINT('',(-14.5,-7.,4.1));
#17571=CARTESIAN_POINT('',(-14.5,-7.,-0.551467354045235));
#17572=CARTESIAN_POINT('',(-14.5,-11.,4.1));
#17573=CARTESIAN_POINT('',(-14.5,11.,4.1));
#17574=CARTESIAN_POINT('',(-14.5,-11.,3.3));
#17575=CARTESIAN_POINT('',(-14.5,-11.,-0.551467354045235));
#17576=CARTESIAN_POINT('',(-14.5,11.,3.3));
#17577=CARTESIAN_POINT('Origin',(-19.07,-7.,-6.61000000000007));
#17578=CARTESIAN_POINT('',(-18.27,-7.2,-6.61000000000007));
#17579=CARTESIAN_POINT('',(-18.27,-7.,-6.41000000000006));
#17580=CARTESIAN_POINT('Origin',(-18.27,-7.,-6.61000000000007));
#17581=CARTESIAN_POINT('',(-19.07,-7.2,-6.61000000000007));
#17582=CARTESIAN_POINT('',(-19.07,-7.2,-6.61000000000007));
#17583=CARTESIAN_POINT('',(-19.07,-7.,-6.41000000000006));
#17584=CARTESIAN_POINT('Origin',(-19.07,-7.,-6.61000000000007));
#17585=CARTESIAN_POINT('',(-19.07,-7.,-6.41000000000006));
#17586=CARTESIAN_POINT('Origin',(-19.07,-11.,-6.61000000000007));
#17587=CARTESIAN_POINT('',(-19.07,-11.,-6.41000000000006));
#17588=CARTESIAN_POINT('',(-18.27,-11.,-6.41000000000006));
#17589=CARTESIAN_POINT('',(-19.07,-11.,-6.41000000000006));
#17590=CARTESIAN_POINT('',(-19.07,-10.8,-6.61000000000007));
#17591=CARTESIAN_POINT('Origin',(-19.07,-11.,-6.61000000000007));
#17592=CARTESIAN_POINT('',(-18.27,-10.8,-6.61000000000007));
#17593=CARTESIAN_POINT('',(-19.07,-10.8,-6.61000000000007));
#17594=CARTESIAN_POINT('Origin',(-18.27,-11.,-6.61000000000007));
#17595=CARTESIAN_POINT('Origin',(-18.27,-9.,-6.61000000000007));
#17596=CARTESIAN_POINT('',(-18.27,-9.,-6.61000000000007));
#17597=CARTESIAN_POINT('',(-19.07,-9.,-6.61000000000007));
#17598=CARTESIAN_POINT('Origin',(-19.07,-9.,-6.0811192405417));
#17599=CARTESIAN_POINT('',(-19.07,-11.,0.332782123045313));
#17600=CARTESIAN_POINT('',(-19.07,-11.,-6.07069658628138));
#17601=CARTESIAN_POINT('',(-19.07,-11.1,0.332782123045313));
#17602=CARTESIAN_POINT('',(-19.07,-11.1,0.332782123045313));
#17603=CARTESIAN_POINT('',(-19.07,-11.1,0.932782123045313));
#17604=CARTESIAN_POINT('',(-19.07,-11.1,0.932782123045313));
#17605=CARTESIAN_POINT('',(-19.07,-11.,0.932782123045314));
#17606=CARTESIAN_POINT('',(-19.07,-6.9,0.932782123045313));
#17607=CARTESIAN_POINT('',(-19.07,-11.,3.09999999999996));
#17608=CARTESIAN_POINT('',(-19.07,-11.,-6.07069658628138));
#17609=CARTESIAN_POINT('',(-19.07,-7.,3.09999999999996));
#17610=CARTESIAN_POINT('',(-19.07,-9.,3.09999999999996));
#17611=CARTESIAN_POINT('',(-19.07,-7.,0.932782123045314));
#17612=CARTESIAN_POINT('',(-19.07,-7.,-6.07069658628138));
#17613=CARTESIAN_POINT('',(-19.07,-6.9,0.932782123045313));
#17614=CARTESIAN_POINT('',(-19.07,-6.9,0.932782123045313));
#17615=CARTESIAN_POINT('',(-19.07,-6.9,0.332782123045313));
#17616=CARTESIAN_POINT('',(-19.07,-6.9,0.332782123045313));
#17617=CARTESIAN_POINT('',(-19.07,-7.,0.332782123045313));
#17618=CARTESIAN_POINT('',(-19.07,-11.1,0.332782123045313));
#17619=CARTESIAN_POINT('',(-19.07,-7.,-6.07069658628138));
#17620=CARTESIAN_POINT('Origin',(-19.07,-11.1,0.332782123045313));
#17621=CARTESIAN_POINT('',(-18.27,-7.,0.332782123045313));
#17622=CARTESIAN_POINT('',(-18.8555917604962,-7.,0.332782123045313));
#17623=CARTESIAN_POINT('',(-18.27,-6.9,0.332782123045313));
#17624=CARTESIAN_POINT('',(-19.07,-6.9,0.332782123045313));
#17625=CARTESIAN_POINT('',(-18.27,-10.05,0.332782123045313));
#17626=CARTESIAN_POINT('Origin',(-19.07,-6.9,0.932782123045313));
#17627=CARTESIAN_POINT('',(-18.27,-7.,0.932782123045314));
#17628=CARTESIAN_POINT('',(-18.8555917604962,-7.,0.932782123045313));
#17629=CARTESIAN_POINT('',(-18.27,-6.9,0.932782123045313));
#17630=CARTESIAN_POINT('',(-18.27,-7.95,0.932782123045313));
#17631=CARTESIAN_POINT('',(-19.07,-6.9,0.932782123045313));
#17632=CARTESIAN_POINT('Origin',(-19.07,-6.9,0.932782123045313));
#17633=CARTESIAN_POINT('',(-18.27,-11.,0.932782123045313));
#17634=CARTESIAN_POINT('',(-18.8555917604962,-11.,0.932782123045313));
#17635=CARTESIAN_POINT('',(-18.27,-11.1,0.932782123045313));
#17636=CARTESIAN_POINT('',(-19.07,-11.1,0.932782123045313));
#17637=CARTESIAN_POINT('',(-18.27,-7.95,0.932782123045313));
#17638=CARTESIAN_POINT('Origin',(-19.07,-6.9,0.332782123045313));
#17639=CARTESIAN_POINT('',(-18.27,-6.9,0.482782123045313));
#17640=CARTESIAN_POINT('Origin',(-19.07,-11.1,0.332782123045313));
#17641=CARTESIAN_POINT('',(-18.27,-11.,0.332782123045313));
#17642=CARTESIAN_POINT('',(-18.8555917604962,-11.,0.332782123045313));
#17643=CARTESIAN_POINT('',(-18.27,-11.1,0.332782123045313));
#17644=CARTESIAN_POINT('',(-18.27,-10.05,0.332782123045313));
#17645=CARTESIAN_POINT('',(-19.07,-11.1,0.332782123045313));
#17646=CARTESIAN_POINT('Origin',(-19.07,-11.1,0.932782123045313));
#17647=CARTESIAN_POINT('',(-18.27,-11.1,0.782782123045313));
#17648=CARTESIAN_POINT('Origin',(-18.6411835209924,-11.,-1.10293470809047));
#17649=CARTESIAN_POINT('',(-18.27,-11.,2.99999999999999));
#17650=CARTESIAN_POINT('',(-18.27,-11.,-6.36134622805001));
#17651=CARTESIAN_POINT('',(-17.97,-11.,3.3));
#17652=CARTESIAN_POINT('Origin',(-17.97,-11.,2.99999999999999));
#17653=CARTESIAN_POINT('',(-15.1033869687219,-11.,3.29999999999984));
#17654=CARTESIAN_POINT('',(-18.1033869687219,-11.,4.09999999999996));
#17655=CARTESIAN_POINT('',(-15.1033869687219,-11.,4.1));
#17656=CARTESIAN_POINT('',(-18.1033869687219,-11.,4.09944249975648));
#17657=CARTESIAN_POINT('',(-18.1033869687219,-11.,3.29999999999996));
#17658=CARTESIAN_POINT('Origin',(-18.07,-11.,3.09999999999995));
#17659=CARTESIAN_POINT('Origin',(-18.6411835209924,-11.,-1.10293470809047));
#17660=CARTESIAN_POINT('',(-18.27,-11.,-6.36134622805001));
#17661=CARTESIAN_POINT('Origin',(-18.6411835209924,-7.,-1.10293470809047));
#17662=CARTESIAN_POINT('',(-18.1033869687219,-7.,4.09944249975648));
#17663=CARTESIAN_POINT('Origin',(-18.07,-7.,3.09999999999995));
#17664=CARTESIAN_POINT('',(-18.1033869687219,-7.,4.09999999999996));
#17665=CARTESIAN_POINT('',(-18.1033869687219,-7.,3.29999999999996));
#17666=CARTESIAN_POINT('',(-18.1033869687219,-7.,4.09999999999996));
#17667=CARTESIAN_POINT('',(-17.97,-7.,3.3));
#17668=CARTESIAN_POINT('',(-14.5,-7.,3.3));
#17669=CARTESIAN_POINT('',(-18.27,-7.,2.99999999999999));
#17670=CARTESIAN_POINT('Origin',(-17.97,-7.,2.99999999999999));
#17671=CARTESIAN_POINT('',(-18.27,-7.,-6.36134622805001));
#17672=CARTESIAN_POINT('Origin',(-18.27,-9.,2.99999999999999));
#17673=CARTESIAN_POINT('',(-18.27,-7.,-6.36134622805001));
#17674=CARTESIAN_POINT('',(-18.27,-9.,2.99999999999999));
#17675=CARTESIAN_POINT('Origin',(-17.97,-9.,2.99999999999999));
#17676=CARTESIAN_POINT('',(-17.97,-9.,3.29999999999995));
#17677=CARTESIAN_POINT('Origin',(-18.07,-9.,3.09999999999995));
#17678=CARTESIAN_POINT('',(-18.1033869687219,-9.,4.09944249975648));
#17679=CARTESIAN_POINT('Origin',(-18.6411835209924,-7.,-1.10293470809047));
#17680=CARTESIAN_POINT('Origin',(-18.1033869687219,-9.,3.29999999999996));
#17681=CARTESIAN_POINT('',(-18.1033869687219,-9.,4.09999999999996));
#17682=CARTESIAN_POINT('Origin',(-15.1033869687219,-9.,3.29999999999984));
#17683=CARTESIAN_POINT('Origin',(-15.1033869687219,-9.,4.1));
#17684=CARTESIAN_POINT('Origin',(19.07,-16.465,-6.61000000000007));
#17685=CARTESIAN_POINT('',(18.27,-16.215,-6.61000000000007));
#17686=CARTESIAN_POINT('',(19.07,-16.215,-6.61000000000007));
#17687=CARTESIAN_POINT('',(19.07,-16.215,-6.61000000000007));
#17688=CARTESIAN_POINT('',(19.07,-16.715,-6.61000000000007));
#17689=CARTESIAN_POINT('',(19.07,-16.465,-6.61000000000007));
#17690=CARTESIAN_POINT('',(18.27,-16.715,-6.61000000000007));
#17691=CARTESIAN_POINT('',(19.07,-16.715,-6.61000000000007));
#17692=CARTESIAN_POINT('',(18.27,-16.465,-6.61000000000007));
#17693=CARTESIAN_POINT('Origin',(18.67,-16.065,-1.33226762955019E-14));
#17694=CARTESIAN_POINT('',(18.1033869687219,-16.065,3.29999999999996));
#17695=CARTESIAN_POINT('',(18.1033869687219,-16.065,4.09944249975648));
#17696=CARTESIAN_POINT('',(18.103386968722,-16.065,2.04999999999996));
#17697=CARTESIAN_POINT('',(19.07,-16.065,3.09999999999996));
#17698=CARTESIAN_POINT('Origin',(18.07,-16.065,3.09999999999995));
#17699=CARTESIAN_POINT('',(19.07,-16.065,-6.0811192405417));
#17700=CARTESIAN_POINT('',(19.07,-16.065,-1.59000000000004));
#17701=CARTESIAN_POINT('',(18.27,-16.065,-6.0811192405417));
#17702=CARTESIAN_POINT('',(18.87,-16.065,-6.0811192405417));
#17703=CARTESIAN_POINT('',(18.27,-16.065,2.99999999999999));
#17704=CARTESIAN_POINT('',(18.27,-16.065,-6.61000000000007));
#17705=CARTESIAN_POINT('',(17.97,-16.065,3.3));
#17706=CARTESIAN_POINT('Origin',(17.97,-16.065,2.99999999999999));
#17707=CARTESIAN_POINT('',(17.6366934843609,-16.065,3.29999999999993));
#17708=CARTESIAN_POINT('Origin',(19.07,-16.465,-1.59000000000004));
#17709=CARTESIAN_POINT('',(19.07,-16.865,3.09999999999996));
#17710=CARTESIAN_POINT('',(19.07,-16.465,3.09999999999995));
#17711=CARTESIAN_POINT('',(19.07,-16.865,-6.0852919100764));
#17712=CARTESIAN_POINT('',(19.07,-16.865,-1.59000000000004));
#17713=CARTESIAN_POINT('',(19.07,-16.856826966222,-6.07331162646796));
#17714=CARTESIAN_POINT('',(19.07,-15.9512887531967,-4.74594593766659));
#17715=CARTESIAN_POINT('',(19.07,-16.715,-6.36134622805001));
#17716=CARTESIAN_POINT('',(19.07,-17.7069848257219,-4.3467367242058));
#17717=CARTESIAN_POINT('',(19.07,-16.715,-3.97567311402502));
#17718=CARTESIAN_POINT('',(19.07,-16.215,-6.36134622805001));
#17719=CARTESIAN_POINT('',(19.07,-16.215,-4.22432688597502));
#17720=CARTESIAN_POINT('',(19.07,-16.0701320689445,-6.07069658628138));
#17721=CARTESIAN_POINT('',(19.07,-15.2874092777593,-4.50031384384433));
#17722=CARTESIAN_POINT('',(19.07,-16.9965299009939,-4.18928688283227));
#17723=CARTESIAN_POINT('Origin',(19.07,-16.856826966222,-6.07331162646796));
#17724=CARTESIAN_POINT('',(18.27,-16.856826966222,-6.07331162646796));
#17725=CARTESIAN_POINT('',(19.07,-16.856826966222,-6.07331162646796));
#17726=CARTESIAN_POINT('',(18.27,-16.715,-6.36134622805001));
#17727=CARTESIAN_POINT('',(18.27,-16.7122490016749,-6.36693319594208));
#17728=CARTESIAN_POINT('',(19.07,-16.715,-6.36134622805001));
#17729=CARTESIAN_POINT('Origin',(19.07,-17.2573591713143,-6.66042401847103));
#17730=CARTESIAN_POINT('',(18.27,-16.865,-6.0852919100764));
#17731=CARTESIAN_POINT('',(18.87,-16.865,-6.0852919100764));
#17732=CARTESIAN_POINT('',(18.27,-17.1197971029591,-6.45878131914731));
#17733=CARTESIAN_POINT('Origin',(19.07,-16.715,-6.36134622805001));
#17734=CARTESIAN_POINT('',(18.27,-16.715,-6.48567311402504));
#17735=CARTESIAN_POINT('Origin',(19.07,-16.215,-6.85865377195001));
#17736=CARTESIAN_POINT('',(18.27,-16.215,-6.36134622805001));
#17737=CARTESIAN_POINT('',(18.27,-16.215,-6.73432688597504));
#17738=CARTESIAN_POINT('',(19.07,-16.215,-6.36134622805001));
#17739=CARTESIAN_POINT('Origin',(19.07,-16.215,-6.36134622805001));
#17740=CARTESIAN_POINT('',(18.27,-16.0701320689445,-6.07069658628138));
#17741=CARTESIAN_POINT('',(18.27,-16.2895110112443,-6.51083824169428));
#17742=CARTESIAN_POINT('',(19.07,-16.0701320689445,-6.07069658628138));
#17743=CARTESIAN_POINT('Origin',(19.07,-16.0701320689445,-6.07069658628138));
#17744=CARTESIAN_POINT('',(18.27,-16.001794076947,-6.20948335456855));
#17745=CARTESIAN_POINT('Origin',(18.27,-16.465,4.09999999999996));
#17746=CARTESIAN_POINT('',(14.5,-16.065,4.1));
#17747=CARTESIAN_POINT('',(15.1033869687219,-16.065,4.1));
#17748=CARTESIAN_POINT('',(14.5,-16.065,4.1));
#17749=CARTESIAN_POINT('',(14.5,-16.865,4.1));
#17750=CARTESIAN_POINT('',(14.5,-11.,4.1));
#17751=CARTESIAN_POINT('',(15.1033869687219,-16.865,4.09999999999984));
#17752=CARTESIAN_POINT('',(14.5,-16.865,4.1));
#17753=CARTESIAN_POINT('',(15.1033869687219,-17.165,4.09999999999984));
#17754=CARTESIAN_POINT('',(15.1033869687219,-17.165,4.09999999999984));
#17755=CARTESIAN_POINT('',(18.1033869687219,-17.165,4.09999999999996));
#17756=CARTESIAN_POINT('',(18.1033869687219,-17.165,4.09999999999996));
#17757=CARTESIAN_POINT('',(18.1033869687219,-15.765,4.09999999999996));
#17758=CARTESIAN_POINT('',(18.1033869687219,-15.765,4.09999999999996));
#17759=CARTESIAN_POINT('',(15.1033869687219,-15.765,4.09999999999984));
#17760=CARTESIAN_POINT('',(15.1033869687219,-15.765,4.09999999999984));
#17761=CARTESIAN_POINT('',(15.1033869687219,-17.165,4.09999999999984));
#17762=CARTESIAN_POINT('Origin',(18.27,-16.465,-6.61000000000007));
#17763=CARTESIAN_POINT('',(18.27,-16.865,2.99999999999999));
#17764=CARTESIAN_POINT('',(18.27,-16.465,2.99999999999999));
#17765=CARTESIAN_POINT('',(18.27,-16.865,-6.61000000000007));
#17766=CARTESIAN_POINT('Origin',(17.97,-16.465,2.99999999999999));
#17767=CARTESIAN_POINT('',(17.97,-16.865,3.3));
#17768=CARTESIAN_POINT('Origin',(17.97,-16.865,2.99999999999999));
#17769=CARTESIAN_POINT('',(17.97,-16.465,3.3));
#17770=CARTESIAN_POINT('Origin',(18.67,-16.865,-1.33226762955019E-14));
#17771=CARTESIAN_POINT('',(18.1033869687219,-16.865,4.09944249975648));
#17772=CARTESIAN_POINT('',(18.1033869687219,-16.865,3.29999999999996));
#17773=CARTESIAN_POINT('',(18.103386968722,-16.865,2.04999999999996));
#17774=CARTESIAN_POINT('',(17.6366934843609,-16.865,3.29999999999993));
#17775=CARTESIAN_POINT('Origin',(18.07,-16.865,3.09999999999995));
#17776=CARTESIAN_POINT('Origin',(18.67,-16.865,-1.33226762955019E-14));
#17777=CARTESIAN_POINT('',(15.1033869687219,-16.865,3.29999999999984));
#17778=CARTESIAN_POINT('',(15.103386968722,-16.865,2.04999999999984));
#17779=CARTESIAN_POINT('',(14.5,-16.865,3.3));
#17780=CARTESIAN_POINT('',(14.5,-16.865,-6.66133814775094E-15));
#17781=CARTESIAN_POINT('',(18.67,-16.865,3.29999999999999));
#17782=CARTESIAN_POINT('Origin',(18.67,-16.065,-1.33226762955019E-14));
#17783=CARTESIAN_POINT('',(15.1033869687219,-16.065,3.29999999999984));
#17784=CARTESIAN_POINT('',(15.103386968722,-16.065,2.04999999999984));
#17785=CARTESIAN_POINT('',(14.5,-16.065,3.3));
#17786=CARTESIAN_POINT('',(18.67,-16.065,3.29999999999999));
#17787=CARTESIAN_POINT('',(14.5,-16.065,-6.66133814775094E-15));
#17788=CARTESIAN_POINT('Origin',(18.67,-16.465,3.29999999999999));
#17789=CARTESIAN_POINT('',(14.5,-11.,3.3));
#17790=CARTESIAN_POINT('',(15.1033869687219,-15.765,3.29999999999984));
#17791=CARTESIAN_POINT('',(15.1033869687219,-17.165,3.29999999999984));
#17792=CARTESIAN_POINT('',(18.1033869687219,-15.765,3.29999999999996));
#17793=CARTESIAN_POINT('',(15.1033869687219,-15.765,3.29999999999984));
#17794=CARTESIAN_POINT('',(18.1033869687219,-15.765,3.29999999999996));
#17795=CARTESIAN_POINT('',(18.1033869687219,-17.165,3.29999999999996));
#17796=CARTESIAN_POINT('',(18.1033869687219,-15.765,3.29999999999996));
#17797=CARTESIAN_POINT('',(15.1033869687219,-17.165,3.29999999999984));
#17798=CARTESIAN_POINT('',(18.1033869687219,-17.165,3.29999999999996));
#17799=CARTESIAN_POINT('',(15.1033869687219,-17.165,3.29999999999984));
#17800=CARTESIAN_POINT('Origin',(18.07,-16.465,3.09999999999995));
#17801=CARTESIAN_POINT('',(18.1033869687219,-16.465,4.09944249975648));
#17802=CARTESIAN_POINT('Origin',(15.1033869687219,-15.765,4.09999999999984));
#17803=CARTESIAN_POINT('',(18.1033869687219,-15.765,4.09999999999996));
#17804=CARTESIAN_POINT('',(15.1033869687219,-15.765,4.09999999999984));
#17805=CARTESIAN_POINT('Origin',(18.1033869687219,-15.765,4.09999999999996));
#17806=CARTESIAN_POINT('',(18.1033869687219,-17.165,4.09999999999996));
#17807=CARTESIAN_POINT('Origin',(18.1033869687219,-17.165,4.09999999999996));
#17808=CARTESIAN_POINT('',(15.1033869687219,-17.165,4.09999999999984));
#17809=CARTESIAN_POINT('Origin',(15.1033869687219,-17.165,4.09999999999984));
#17810=CARTESIAN_POINT('Origin',(15.1033869687219,-17.165,4.09999999999984));
#17811=CARTESIAN_POINT('Origin',(14.5,-22.,-5.93261256735725));
#17812=CARTESIAN_POINT('Origin',(-14.5,-22.,5.93261256735725));
#17813=CARTESIAN_POINT('',(-14.5,-1.,3.3));
#17814=CARTESIAN_POINT('',(-14.5,-1.,4.1));
#17815=CARTESIAN_POINT('',(-14.5,-1.,-0.551467354045235));
#17816=CARTESIAN_POINT('',(-14.5,-5.,4.1));
#17817=CARTESIAN_POINT('',(-14.5,11.,4.1));
#17818=CARTESIAN_POINT('',(-14.5,-5.,3.3));
#17819=CARTESIAN_POINT('',(-14.5,-5.,-0.551467354045235));
#17820=CARTESIAN_POINT('',(-14.5,11.,3.3));
#17821=CARTESIAN_POINT('Origin',(-19.07,-1.,-6.61000000000007));
#17822=CARTESIAN_POINT('',(-18.27,-1.2,-6.61000000000007));
#17823=CARTESIAN_POINT('',(-18.27,-1.,-6.41000000000006));
#17824=CARTESIAN_POINT('Origin',(-18.27,-1.,-6.61000000000007));
#17825=CARTESIAN_POINT('',(-19.07,-1.2,-6.61000000000007));
#17826=CARTESIAN_POINT('',(-19.07,-1.2,-6.61000000000007));
#17827=CARTESIAN_POINT('',(-19.07,-1.,-6.41000000000006));
#17828=CARTESIAN_POINT('Origin',(-19.07,-1.,-6.61000000000007));
#17829=CARTESIAN_POINT('',(-19.07,-1.,-6.41000000000006));
#17830=CARTESIAN_POINT('Origin',(-19.07,-5.,-6.61000000000007));
#17831=CARTESIAN_POINT('',(-19.07,-5.,-6.41000000000006));
#17832=CARTESIAN_POINT('',(-18.27,-5.,-6.41000000000006));
#17833=CARTESIAN_POINT('',(-19.07,-5.,-6.41000000000006));
#17834=CARTESIAN_POINT('',(-19.07,-4.8,-6.61000000000007));
#17835=CARTESIAN_POINT('Origin',(-19.07,-5.,-6.61000000000007));
#17836=CARTESIAN_POINT('',(-18.27,-4.8,-6.61000000000007));
#17837=CARTESIAN_POINT('',(-19.07,-4.8,-6.61000000000007));
#17838=CARTESIAN_POINT('Origin',(-18.27,-5.,-6.61000000000007));
#17839=CARTESIAN_POINT('Origin',(-18.27,-3.,-6.61000000000007));
#17840=CARTESIAN_POINT('',(-18.27,-3.,-6.61000000000007));
#17841=CARTESIAN_POINT('',(-19.07,-3.,-6.61000000000007));
#17842=CARTESIAN_POINT('Origin',(-19.07,-3.,-6.0811192405417));
#17843=CARTESIAN_POINT('',(-19.07,-5.,0.332782123045313));
#17844=CARTESIAN_POINT('',(-19.07,-5.,-6.07069658628138));
#17845=CARTESIAN_POINT('',(-19.07,-5.1,0.332782123045313));
#17846=CARTESIAN_POINT('',(-19.07,-5.1,0.332782123045313));
#17847=CARTESIAN_POINT('',(-19.07,-5.1,0.932782123045313));
#17848=CARTESIAN_POINT('',(-19.07,-5.1,0.932782123045313));
#17849=CARTESIAN_POINT('',(-19.07,-5.,0.932782123045314));
#17850=CARTESIAN_POINT('',(-19.07,-0.9,0.932782123045313));
#17851=CARTESIAN_POINT('',(-19.07,-5.,3.09999999999996));
#17852=CARTESIAN_POINT('',(-19.07,-5.,-6.07069658628138));
#17853=CARTESIAN_POINT('',(-19.07,-1.,3.09999999999996));
#17854=CARTESIAN_POINT('',(-19.07,-3.,3.09999999999996));
#17855=CARTESIAN_POINT('',(-19.07,-1.,0.932782123045314));
#17856=CARTESIAN_POINT('',(-19.07,-1.,-6.07069658628138));
#17857=CARTESIAN_POINT('',(-19.07,-0.9,0.932782123045313));
#17858=CARTESIAN_POINT('',(-19.07,-0.9,0.932782123045313));
#17859=CARTESIAN_POINT('',(-19.07,-0.9,0.332782123045313));
#17860=CARTESIAN_POINT('',(-19.07,-0.9,0.332782123045313));
#17861=CARTESIAN_POINT('',(-19.07,-1.,0.332782123045313));
#17862=CARTESIAN_POINT('',(-19.07,-5.1,0.332782123045313));
#17863=CARTESIAN_POINT('',(-19.07,-1.,-6.07069658628138));
#17864=CARTESIAN_POINT('Origin',(-19.07,-5.1,0.332782123045313));
#17865=CARTESIAN_POINT('',(-18.27,-1.,0.332782123045313));
#17866=CARTESIAN_POINT('',(-18.8555917604962,-1.,0.332782123045313));
#17867=CARTESIAN_POINT('',(-18.27,-0.9,0.332782123045313));
#17868=CARTESIAN_POINT('',(-19.07,-0.9,0.332782123045313));
#17869=CARTESIAN_POINT('',(-18.27,-4.05,0.332782123045313));
#17870=CARTESIAN_POINT('Origin',(-19.07,-0.9,0.932782123045313));
#17871=CARTESIAN_POINT('',(-18.27,-1.,0.932782123045314));
#17872=CARTESIAN_POINT('',(-18.8555917604962,-1.,0.932782123045313));
#17873=CARTESIAN_POINT('',(-18.27,-0.9,0.932782123045313));
#17874=CARTESIAN_POINT('',(-18.27,-1.95,0.932782123045313));
#17875=CARTESIAN_POINT('',(-19.07,-0.9,0.932782123045313));
#17876=CARTESIAN_POINT('Origin',(-19.07,-0.9,0.932782123045313));
#17877=CARTESIAN_POINT('',(-18.27,-5.,0.932782123045313));
#17878=CARTESIAN_POINT('',(-18.8555917604962,-5.,0.932782123045313));
#17879=CARTESIAN_POINT('',(-18.27,-5.1,0.932782123045313));
#17880=CARTESIAN_POINT('',(-19.07,-5.1,0.932782123045313));
#17881=CARTESIAN_POINT('',(-18.27,-1.95,0.932782123045313));
#17882=CARTESIAN_POINT('Origin',(-19.07,-0.9,0.332782123045313));
#17883=CARTESIAN_POINT('',(-18.27,-0.9,0.482782123045313));
#17884=CARTESIAN_POINT('Origin',(-19.07,-5.1,0.332782123045313));
#17885=CARTESIAN_POINT('',(-18.27,-5.,0.332782123045313));
#17886=CARTESIAN_POINT('',(-18.8555917604962,-5.,0.332782123045313));
#17887=CARTESIAN_POINT('',(-18.27,-5.1,0.332782123045313));
#17888=CARTESIAN_POINT('',(-18.27,-4.05,0.332782123045313));
#17889=CARTESIAN_POINT('',(-19.07,-5.1,0.332782123045313));
#17890=CARTESIAN_POINT('Origin',(-19.07,-5.1,0.932782123045313));
#17891=CARTESIAN_POINT('',(-18.27,-5.1,0.782782123045313));
#17892=CARTESIAN_POINT('Origin',(-18.6411835209924,-5.,-1.10293470809047));
#17893=CARTESIAN_POINT('',(-18.27,-5.,2.99999999999999));
#17894=CARTESIAN_POINT('',(-18.27,-5.,-6.36134622805001));
#17895=CARTESIAN_POINT('',(-17.97,-5.,3.3));
#17896=CARTESIAN_POINT('Origin',(-17.97,-5.,2.99999999999999));
#17897=CARTESIAN_POINT('',(-15.1033869687219,-5.,3.29999999999984));
#17898=CARTESIAN_POINT('',(-18.1033869687219,-5.,4.09999999999996));
#17899=CARTESIAN_POINT('',(-15.1033869687219,-5.,4.1));
#17900=CARTESIAN_POINT('',(-18.1033869687219,-5.,4.09944249975648));
#17901=CARTESIAN_POINT('',(-18.1033869687219,-5.,3.29999999999996));
#17902=CARTESIAN_POINT('Origin',(-18.07,-5.,3.09999999999995));
#17903=CARTESIAN_POINT('Origin',(-18.6411835209924,-5.,-1.10293470809047));
#17904=CARTESIAN_POINT('',(-18.27,-5.,-6.36134622805001));
#17905=CARTESIAN_POINT('Origin',(-18.6411835209924,-1.,-1.10293470809047));
#17906=CARTESIAN_POINT('',(-18.1033869687219,-1.,4.09944249975648));
#17907=CARTESIAN_POINT('Origin',(-18.07,-1.,3.09999999999995));
#17908=CARTESIAN_POINT('',(-18.1033869687219,-1.,4.09999999999996));
#17909=CARTESIAN_POINT('',(-18.1033869687219,-1.,3.29999999999996));
#17910=CARTESIAN_POINT('',(-18.1033869687219,-1.,4.09999999999996));
#17911=CARTESIAN_POINT('',(-17.97,-1.,3.3));
#17912=CARTESIAN_POINT('',(-14.5,-1.,3.3));
#17913=CARTESIAN_POINT('',(-18.27,-1.,2.99999999999999));
#17914=CARTESIAN_POINT('Origin',(-17.97,-1.,2.99999999999999));
#17915=CARTESIAN_POINT('',(-18.27,-1.,-6.36134622805001));
#17916=CARTESIAN_POINT('Origin',(-18.27,-3.,2.99999999999999));
#17917=CARTESIAN_POINT('',(-18.27,-1.,-6.36134622805001));
#17918=CARTESIAN_POINT('',(-18.27,-3.,2.99999999999999));
#17919=CARTESIAN_POINT('Origin',(-17.97,-3.,2.99999999999999));
#17920=CARTESIAN_POINT('',(-17.97,-3.,3.29999999999995));
#17921=CARTESIAN_POINT('Origin',(-18.07,-3.,3.09999999999995));
#17922=CARTESIAN_POINT('',(-18.1033869687219,-3.,4.09944249975648));
#17923=CARTESIAN_POINT('Origin',(-18.6411835209924,-1.,-1.10293470809047));
#17924=CARTESIAN_POINT('Origin',(-18.1033869687219,-3.,3.29999999999996));
#17925=CARTESIAN_POINT('',(-18.1033869687219,-3.,4.09999999999996));
#17926=CARTESIAN_POINT('Origin',(-15.1033869687219,-3.,3.29999999999984));
#17927=CARTESIAN_POINT('Origin',(-15.1033869687219,-3.,4.1));
#17928=CARTESIAN_POINT('Origin',(19.07,-1.225,-6.61000000000007));
#17929=CARTESIAN_POINT('',(18.27,-0.975,-6.61000000000007));
#17930=CARTESIAN_POINT('',(19.07,-0.975,-6.61000000000007));
#17931=CARTESIAN_POINT('',(19.07,-0.975,-6.61000000000007));
#17932=CARTESIAN_POINT('',(19.07,-1.475,-6.61000000000007));
#17933=CARTESIAN_POINT('',(19.07,-1.225,-6.61000000000007));
#17934=CARTESIAN_POINT('',(18.27,-1.475,-6.61000000000007));
#17935=CARTESIAN_POINT('',(19.07,-1.475,-6.61000000000007));
#17936=CARTESIAN_POINT('',(18.27,-1.225,-6.61000000000007));
#17937=CARTESIAN_POINT('Origin',(18.67,-0.825,-1.33226762955019E-14));
#17938=CARTESIAN_POINT('',(18.1033869687219,-0.825,3.29999999999996));
#17939=CARTESIAN_POINT('',(18.1033869687219,-0.825,4.09944249975648));
#17940=CARTESIAN_POINT('',(18.103386968722,-0.825,2.04999999999996));
#17941=CARTESIAN_POINT('',(19.07,-0.825,3.09999999999996));
#17942=CARTESIAN_POINT('Origin',(18.07,-0.825,3.09999999999995));
#17943=CARTESIAN_POINT('',(19.07,-0.825,-6.0811192405417));
#17944=CARTESIAN_POINT('',(19.07,-0.825,-1.59000000000004));
#17945=CARTESIAN_POINT('',(18.27,-0.825,-6.0811192405417));
#17946=CARTESIAN_POINT('',(18.87,-0.825,-6.0811192405417));
#17947=CARTESIAN_POINT('',(18.27,-0.825,2.99999999999999));
#17948=CARTESIAN_POINT('',(18.27,-0.825,-6.61000000000007));
#17949=CARTESIAN_POINT('',(17.97,-0.825,3.3));
#17950=CARTESIAN_POINT('Origin',(17.97,-0.825,2.99999999999999));
#17951=CARTESIAN_POINT('',(17.6366934843609,-0.825,3.29999999999993));
#17952=CARTESIAN_POINT('Origin',(19.07,-1.225,-1.59000000000004));
#17953=CARTESIAN_POINT('',(19.07,-1.625,3.09999999999996));
#17954=CARTESIAN_POINT('',(19.07,-1.225,3.09999999999995));
#17955=CARTESIAN_POINT('',(19.07,-1.625,-6.0852919100764));
#17956=CARTESIAN_POINT('',(19.07,-1.625,-1.59000000000004));
#17957=CARTESIAN_POINT('',(19.07,-1.61682696622201,-6.07331162646796));
#17958=CARTESIAN_POINT('',(19.07,-0.711288753196743,-4.74594593766659));
#17959=CARTESIAN_POINT('',(19.07,-1.475,-6.36134622805001));
#17960=CARTESIAN_POINT('',(19.07,-2.46698482572189,-4.3467367242058));
#17961=CARTESIAN_POINT('',(19.07,-1.475,-3.97567311402502));
#17962=CARTESIAN_POINT('',(19.07,-0.975,-6.36134622805001));
#17963=CARTESIAN_POINT('',(19.07,-0.975,-4.22432688597502));
#17964=CARTESIAN_POINT('',(19.07,-0.830132068944506,-6.07069658628138));
#17965=CARTESIAN_POINT('',(19.07,-0.0474092777593392,-4.50031384384433));
#17966=CARTESIAN_POINT('',(19.07,-1.75652990099393,-4.18928688283227));
#17967=CARTESIAN_POINT('Origin',(19.07,-1.61682696622201,-6.07331162646796));
#17968=CARTESIAN_POINT('',(18.27,-1.61682696622201,-6.07331162646796));
#17969=CARTESIAN_POINT('',(19.07,-1.61682696622201,-6.07331162646796));
#17970=CARTESIAN_POINT('',(18.27,-1.475,-6.36134622805001));
#17971=CARTESIAN_POINT('',(18.27,-1.47224900167494,-6.36693319594208));
#17972=CARTESIAN_POINT('',(19.07,-1.475,-6.36134622805001));
#17973=CARTESIAN_POINT('Origin',(19.07,-2.01735917131429,-6.66042401847103));
#17974=CARTESIAN_POINT('',(18.27,-1.625,-6.0852919100764));
#17975=CARTESIAN_POINT('',(18.87,-1.625,-6.0852919100764));
#17976=CARTESIAN_POINT('',(18.27,-1.87979710295913,-6.45878131914731));
#17977=CARTESIAN_POINT('Origin',(19.07,-1.475,-6.36134622805001));
#17978=CARTESIAN_POINT('',(18.27,-1.475,-6.48567311402504));
#17979=CARTESIAN_POINT('Origin',(19.07,-0.975,-6.85865377195001));
#17980=CARTESIAN_POINT('',(18.27,-0.975,-6.36134622805001));
#17981=CARTESIAN_POINT('',(18.27,-0.975,-6.73432688597504));
#17982=CARTESIAN_POINT('',(19.07,-0.975,-6.36134622805001));
#17983=CARTESIAN_POINT('Origin',(19.07,-0.975,-6.36134622805001));
#17984=CARTESIAN_POINT('',(18.27,-0.830132068944506,-6.07069658628138));
#17985=CARTESIAN_POINT('',(18.27,-1.04951101124427,-6.51083824169428));
#17986=CARTESIAN_POINT('',(19.07,-0.830132068944506,-6.07069658628138));
#17987=CARTESIAN_POINT('Origin',(19.07,-0.830132068944506,-6.07069658628138));
#17988=CARTESIAN_POINT('',(18.27,-0.761794076946974,-6.20948335456855));
#17989=CARTESIAN_POINT('Origin',(18.27,-1.225,4.09999999999996));
#17990=CARTESIAN_POINT('',(14.5,-0.825,4.1));
#17991=CARTESIAN_POINT('',(15.1033869687219,-0.825,4.1));
#17992=CARTESIAN_POINT('',(14.5,-0.825,4.1));
#17993=CARTESIAN_POINT('',(14.5,-1.625,4.1));
#17994=CARTESIAN_POINT('',(14.5,-11.,4.1));
#17995=CARTESIAN_POINT('',(15.1033869687219,-1.625,4.09999999999984));
#17996=CARTESIAN_POINT('',(14.5,-1.625,4.1));
#17997=CARTESIAN_POINT('',(15.1033869687219,-1.925,4.09999999999984));
#17998=CARTESIAN_POINT('',(15.1033869687219,-1.925,4.09999999999984));
#17999=CARTESIAN_POINT('',(18.1033869687219,-1.925,4.09999999999996));
#18000=CARTESIAN_POINT('',(18.1033869687219,-1.925,4.09999999999996));
#18001=CARTESIAN_POINT('',(18.1033869687219,-0.525,4.09999999999996));
#18002=CARTESIAN_POINT('',(18.1033869687219,-0.525,4.09999999999996));
#18003=CARTESIAN_POINT('',(15.1033869687219,-0.525,4.09999999999984));
#18004=CARTESIAN_POINT('',(15.1033869687219,-0.525,4.09999999999984));
#18005=CARTESIAN_POINT('',(15.1033869687219,-1.925,4.09999999999984));
#18006=CARTESIAN_POINT('Origin',(18.27,-1.225,-6.61000000000007));
#18007=CARTESIAN_POINT('',(18.27,-1.625,2.99999999999999));
#18008=CARTESIAN_POINT('',(18.27,-1.225,2.99999999999999));
#18009=CARTESIAN_POINT('',(18.27,-1.625,-6.61000000000007));
#18010=CARTESIAN_POINT('Origin',(17.97,-1.225,2.99999999999999));
#18011=CARTESIAN_POINT('',(17.97,-1.625,3.3));
#18012=CARTESIAN_POINT('Origin',(17.97,-1.625,2.99999999999999));
#18013=CARTESIAN_POINT('',(17.97,-1.225,3.3));
#18014=CARTESIAN_POINT('Origin',(18.67,-1.625,-1.33226762955019E-14));
#18015=CARTESIAN_POINT('',(18.1033869687219,-1.625,4.09944249975648));
#18016=CARTESIAN_POINT('',(18.1033869687219,-1.625,3.29999999999996));
#18017=CARTESIAN_POINT('',(18.103386968722,-1.625,2.04999999999996));
#18018=CARTESIAN_POINT('',(17.6366934843609,-1.625,3.29999999999993));
#18019=CARTESIAN_POINT('Origin',(18.07,-1.625,3.09999999999995));
#18020=CARTESIAN_POINT('Origin',(18.67,-1.625,-1.33226762955019E-14));
#18021=CARTESIAN_POINT('',(15.1033869687219,-1.625,3.29999999999984));
#18022=CARTESIAN_POINT('',(15.103386968722,-1.625,2.04999999999984));
#18023=CARTESIAN_POINT('',(14.5,-1.625,3.3));
#18024=CARTESIAN_POINT('',(14.5,-1.625,-6.66133814775094E-15));
#18025=CARTESIAN_POINT('',(18.67,-1.625,3.29999999999999));
#18026=CARTESIAN_POINT('Origin',(18.67,-0.825,-1.33226762955019E-14));
#18027=CARTESIAN_POINT('',(15.1033869687219,-0.825,3.29999999999984));
#18028=CARTESIAN_POINT('',(15.103386968722,-0.825,2.04999999999984));
#18029=CARTESIAN_POINT('',(14.5,-0.825,3.3));
#18030=CARTESIAN_POINT('',(18.67,-0.825,3.29999999999999));
#18031=CARTESIAN_POINT('',(14.5,-0.825,-6.66133814775094E-15));
#18032=CARTESIAN_POINT('Origin',(18.67,-1.225,3.29999999999999));
#18033=CARTESIAN_POINT('',(14.5,-11.,3.3));
#18034=CARTESIAN_POINT('',(15.1033869687219,-0.525,3.29999999999984));
#18035=CARTESIAN_POINT('',(15.1033869687219,-1.925,3.29999999999984));
#18036=CARTESIAN_POINT('',(18.1033869687219,-0.525,3.29999999999996));
#18037=CARTESIAN_POINT('',(15.1033869687219,-0.525,3.29999999999984));
#18038=CARTESIAN_POINT('',(18.1033869687219,-0.525,3.29999999999996));
#18039=CARTESIAN_POINT('',(18.1033869687219,-1.925,3.29999999999996));
#18040=CARTESIAN_POINT('',(18.1033869687219,-0.525,3.29999999999996));
#18041=CARTESIAN_POINT('',(15.1033869687219,-1.925,3.29999999999984));
#18042=CARTESIAN_POINT('',(18.1033869687219,-1.925,3.29999999999996));
#18043=CARTESIAN_POINT('',(15.1033869687219,-1.925,3.29999999999984));
#18044=CARTESIAN_POINT('Origin',(18.07,-1.225,3.09999999999995));
#18045=CARTESIAN_POINT('',(18.1033869687219,-1.225,4.09944249975648));
#18046=CARTESIAN_POINT('Origin',(15.1033869687219,-0.525,4.09999999999984));
#18047=CARTESIAN_POINT('',(18.1033869687219,-0.525,4.09999999999996));
#18048=CARTESIAN_POINT('',(15.1033869687219,-0.525,4.09999999999984));
#18049=CARTESIAN_POINT('Origin',(18.1033869687219,-0.525,4.09999999999996));
#18050=CARTESIAN_POINT('',(18.1033869687219,-1.925,4.09999999999996));
#18051=CARTESIAN_POINT('Origin',(18.1033869687219,-1.925,4.09999999999996));
#18052=CARTESIAN_POINT('',(15.1033869687219,-1.925,4.09999999999984));
#18053=CARTESIAN_POINT('Origin',(15.1033869687219,-1.925,4.09999999999984));
#18054=CARTESIAN_POINT('Origin',(15.1033869687219,-1.925,4.09999999999984));
#18055=CARTESIAN_POINT('Origin',(14.5,-22.,-5.93261256735725));
#18056=CARTESIAN_POINT('',(0.,0.,0.));
#18057=CARTESIAN_POINT('Origin',(10.3357486776504,14.5063141687218,5.2));
#18058=CARTESIAN_POINT('',(10.3357486776504,14.5063141687218,5.2));
#18059=CARTESIAN_POINT('',(10.3357486776504,-14.5063141687218,5.2));
#18060=CARTESIAN_POINT('',(10.3357486776504,7.25315708436091,5.2));
#18061=CARTESIAN_POINT('',(10.3357486776504,-14.5063141687218,5.));
#18062=CARTESIAN_POINT('',(10.3357486776504,-14.5063141687218,5.2));
#18063=CARTESIAN_POINT('',(10.3357486776504,14.5063141687218,5.));
#18064=CARTESIAN_POINT('',(10.3357486776504,-14.5063141687218,5.));
#18065=CARTESIAN_POINT('',(10.3357486776504,14.5063141687218,5.2));
#18066=CARTESIAN_POINT('Origin',(-10.3357486776504,14.5063141687218,5.2));
#18067=CARTESIAN_POINT('',(-10.3357486776504,14.5063141687218,5.2));
#18068=CARTESIAN_POINT('',(-5.16787433882521,14.5063141687218,5.2));
#18069=CARTESIAN_POINT('',(-10.3357486776504,14.5063141687218,5.));
#18070=CARTESIAN_POINT('',(10.3357486776504,14.5063141687218,5.));
#18071=CARTESIAN_POINT('',(-10.3357486776504,14.5063141687218,5.2));
#18072=CARTESIAN_POINT('Origin',(-10.3357486776504,-14.5063141687218,5.2));
#18073=CARTESIAN_POINT('',(-10.3357486776504,-14.5063141687218,5.2));
#18074=CARTESIAN_POINT('',(-10.3357486776504,-7.25315708436091,5.2));
#18075=CARTESIAN_POINT('',(-10.3357486776504,-14.5063141687218,5.));
#18076=CARTESIAN_POINT('',(-10.3357486776504,14.5063141687218,5.));
#18077=CARTESIAN_POINT('',(-10.3357486776504,-14.5063141687218,5.2));
#18078=CARTESIAN_POINT('Origin',(10.3357486776504,-14.5063141687218,5.2));
#18079=CARTESIAN_POINT('',(5.16787433882521,-14.5063141687218,5.2));
#18080=CARTESIAN_POINT('',(-10.3357486776504,-14.5063141687218,5.));
#18081=CARTESIAN_POINT('Origin',(0.,0.,5.));
#18082=CARTESIAN_POINT('Origin',(0.,0.,5.2));
#18083=CARTESIAN_POINT('',(0.,0.,0.));
#18084=CARTESIAN_POINT('Origin',(-3.47007185725293,-9.02218569365872,0.));
#18085=CARTESIAN_POINT('',(-3.47007185725293,-9.02218569365872,0.));
#18086=CARTESIAN_POINT('',(-3.47007185725293,9.02218569365872,0.));
#18087=CARTESIAN_POINT('',(-3.47007185725293,-4.51109284682936,0.));
#18088=CARTESIAN_POINT('',(-3.47007185725293,-9.02218569365872,0.2));
#18089=CARTESIAN_POINT('',(-3.47007185725293,-9.02218569365872,0.));
#18090=CARTESIAN_POINT('',(-3.47007185725293,9.02218569365872,0.2));
#18091=CARTESIAN_POINT('',(-3.47007185725293,-9.02218569365872,0.2));
#18092=CARTESIAN_POINT('',(-3.47007185725293,9.02218569365872,0.));
#18093=CARTESIAN_POINT('Origin',(-9.1764122447355,-9.02218569365872,0.));
#18094=CARTESIAN_POINT('',(-9.1764122447355,-9.02218569365872,0.));
#18095=CARTESIAN_POINT('',(-4.58820612236775,-9.02218569365872,0.));
#18096=CARTESIAN_POINT('',(-9.1764122447355,-9.02218569365872,0.2));
#18097=CARTESIAN_POINT('',(-9.1764122447355,-9.02218569365872,0.));
#18098=CARTESIAN_POINT('',(-9.1764122447355,-9.02218569365872,0.2));
#18099=CARTESIAN_POINT('Origin',(-9.1764122447355,9.02218569365872,0.));
#18100=CARTESIAN_POINT('',(-9.1764122447355,9.02218569365872,0.));
#18101=CARTESIAN_POINT('',(-9.1764122447355,4.51109284682936,0.));
#18102=CARTESIAN_POINT('',(-9.1764122447355,9.02218569365872,0.2));
#18103=CARTESIAN_POINT('',(-9.1764122447355,9.02218569365872,0.));
#18104=CARTESIAN_POINT('',(-9.1764122447355,9.02218569365872,0.2));
#18105=CARTESIAN_POINT('Origin',(-3.47007185725293,9.02218569365872,0.));
#18106=CARTESIAN_POINT('',(-1.73503592862646,9.02218569365872,0.));
#18107=CARTESIAN_POINT('',(-3.47007185725293,9.02218569365872,0.2));
#18108=CARTESIAN_POINT('Origin',(-6.32324205099421,0.,0.2));
#18109=CARTESIAN_POINT('Origin',(-11.3330577605816,18.6768794922293,0.));
#18110=CARTESIAN_POINT('',(-12.3330577605816,18.6768794922293,0.2));
#18111=CARTESIAN_POINT('Origin',(-11.3330577605816,18.6768794922293,0.2));
#18112=CARTESIAN_POINT('',(-12.3330577605816,18.6768794922293,0.));
#18113=CARTESIAN_POINT('Origin',(-11.3330577605816,18.6768794922293,0.));
#18114=CARTESIAN_POINT('Origin',(-11.3330577605816,18.6768794922293,0.2));
#18115=CARTESIAN_POINT('Origin',(11.3330577605816,-18.6768794922293,0.));
#18116=CARTESIAN_POINT('',(10.3330577605816,-18.6768794922293,0.2));
#18117=CARTESIAN_POINT('Origin',(11.3330577605816,-18.6768794922293,0.2));
#18118=CARTESIAN_POINT('',(10.3330577605816,-18.6768794922293,0.));
#18119=CARTESIAN_POINT('Origin',(11.3330577605816,-18.6768794922293,0.));
#18120=CARTESIAN_POINT('Origin',(11.3330577605816,-18.6768794922293,0.2));
#18121=CARTESIAN_POINT('Origin',(-11.3330577605816,-18.6768794922293,0.));
#18122=CARTESIAN_POINT('',(-12.3330577605816,-18.6768794922293,0.2));
#18123=CARTESIAN_POINT('Origin',(-11.3330577605816,-18.6768794922293,0.2));
#18124=CARTESIAN_POINT('',(-12.3330577605816,-18.6768794922293,0.));
#18125=CARTESIAN_POINT('Origin',(-11.3330577605816,-18.6768794922293,0.));
#18126=CARTESIAN_POINT('Origin',(-11.3330577605816,-18.6768794922293,0.2));
#18127=CARTESIAN_POINT('Origin',(11.3330577605816,18.6768794922293,0.));
#18128=CARTESIAN_POINT('',(10.3330577605816,18.6768794922293,0.2));
#18129=CARTESIAN_POINT('Origin',(11.3330577605816,18.6768794922293,0.2));
#18130=CARTESIAN_POINT('',(10.3330577605816,18.6768794922293,0.));
#18131=CARTESIAN_POINT('Origin',(11.3330577605816,18.6768794922293,0.));
#18132=CARTESIAN_POINT('Origin',(11.3330577605816,18.6768794922293,0.2));
#18133=CARTESIAN_POINT('Origin',(10.1788774479419,-14.5063141687218,0.));
#18134=CARTESIAN_POINT('',(10.1788774479419,-14.5063141687218,0.));
#18135=CARTESIAN_POINT('',(10.1788774479419,14.5063141687218,0.));
#18136=CARTESIAN_POINT('',(10.1788774479419,-7.25315708436091,0.));
#18137=CARTESIAN_POINT('',(10.1788774479419,-14.5063141687218,0.2));
#18138=CARTESIAN_POINT('',(10.1788774479419,-14.5063141687218,0.));
#18139=CARTESIAN_POINT('',(10.1788774479419,14.5063141687218,0.2));
#18140=CARTESIAN_POINT('',(10.1788774479419,-14.5063141687218,0.2));
#18141=CARTESIAN_POINT('',(10.1788774479419,14.5063141687218,0.));
#18142=CARTESIAN_POINT('Origin',(3.23873373343605,-14.5063141687218,0.));
#18143=CARTESIAN_POINT('',(3.23873373343605,-14.5063141687218,0.));
#18144=CARTESIAN_POINT('',(1.61936686671803,-14.5063141687218,0.));
#18145=CARTESIAN_POINT('',(3.23873373343605,-14.5063141687218,0.2));
#18146=CARTESIAN_POINT('',(3.23873373343605,-14.5063141687218,0.));
#18147=CARTESIAN_POINT('',(3.23873373343605,-14.5063141687218,0.2));
#18148=CARTESIAN_POINT('Origin',(3.23873373343605,14.5063141687218,0.));
#18149=CARTESIAN_POINT('',(3.23873373343605,14.5063141687218,0.));
#18150=CARTESIAN_POINT('',(3.23873373343605,7.25315708436091,0.));
#18151=CARTESIAN_POINT('',(3.23873373343605,14.5063141687218,0.2));
#18152=CARTESIAN_POINT('',(3.23873373343605,14.5063141687218,0.));
#18153=CARTESIAN_POINT('',(3.23873373343605,14.5063141687218,0.2));
#18154=CARTESIAN_POINT('Origin',(10.1788774479419,14.5063141687218,0.));
#18155=CARTESIAN_POINT('',(5.08943872397094,14.5063141687218,0.));
#18156=CARTESIAN_POINT('',(10.1788774479419,14.5063141687218,0.2));
#18157=CARTESIAN_POINT('Origin',(6.70880559068897,0.,0.2));
#18158=CARTESIAN_POINT('Origin',(11.3330577605816,-18.6768794922293,5.2));
#18159=CARTESIAN_POINT('',(12.3330577605816,-18.6768794922293,5.));
#18160=CARTESIAN_POINT('Origin',(11.3330577605816,-18.6768794922293,5.));
#18161=CARTESIAN_POINT('',(12.3330577605816,-18.6768794922293,5.2));
#18162=CARTESIAN_POINT('Origin',(11.3330577605816,-18.6768794922293,5.2));
#18163=CARTESIAN_POINT('Origin',(11.3330577605816,-18.6768794922293,5.));
#18164=CARTESIAN_POINT('Origin',(-11.3330577605816,18.6768794922293,5.2));
#18165=CARTESIAN_POINT('',(-10.3330577605816,18.6768794922293,5.));
#18166=CARTESIAN_POINT('Origin',(-11.3330577605816,18.6768794922293,5.));
#18167=CARTESIAN_POINT('',(-10.3330577605816,18.6768794922293,5.2));
#18168=CARTESIAN_POINT('Origin',(-11.3330577605816,18.6768794922293,5.2));
#18169=CARTESIAN_POINT('Origin',(-11.3330577605816,18.6768794922293,5.));
#18170=CARTESIAN_POINT('Origin',(11.3330577605816,18.6768794922293,5.2));
#18171=CARTESIAN_POINT('',(12.3330577605816,18.6768794922293,5.));
#18172=CARTESIAN_POINT('Origin',(11.3330577605816,18.6768794922293,5.));
#18173=CARTESIAN_POINT('',(12.3330577605816,18.6768794922293,5.2));
#18174=CARTESIAN_POINT('Origin',(11.3330577605816,18.6768794922293,5.2));
#18175=CARTESIAN_POINT('Origin',(11.3330577605816,18.6768794922293,5.));
#18176=CARTESIAN_POINT('Origin',(-11.3330577605816,-18.6768794922293,5.2));
#18177=CARTESIAN_POINT('',(-10.3330577605816,-18.6768794922293,5.));
#18178=CARTESIAN_POINT('Origin',(-11.3330577605816,-18.6768794922293,5.));
#18179=CARTESIAN_POINT('',(-10.3330577605816,-18.6768794922293,5.2));
#18180=CARTESIAN_POINT('Origin',(-11.3330577605816,-18.6768794922293,5.2));
#18181=CARTESIAN_POINT('Origin',(-11.3330577605816,-18.6768794922293,5.));
#18182=CARTESIAN_POINT('Origin',(10.3357486776504,14.5063141687218,5.2));
#18183=CARTESIAN_POINT('',(10.3357486776504,14.5063141687218,5.2));
#18184=CARTESIAN_POINT('',(10.3357486776504,-14.5063141687218,5.2));
#18185=CARTESIAN_POINT('',(10.3357486776504,7.25315708436091,5.2));
#18186=CARTESIAN_POINT('',(10.3357486776504,14.5063141687218,5.));
#18187=CARTESIAN_POINT('',(10.3357486776504,14.5063141687218,5.2));
#18188=CARTESIAN_POINT('',(10.3357486776504,-14.5063141687218,5.));
#18189=CARTESIAN_POINT('',(10.3357486776504,-14.5063141687218,5.));
#18190=CARTESIAN_POINT('',(10.3357486776504,-14.5063141687218,5.2));
#18191=CARTESIAN_POINT('Origin',(-10.3357486776504,14.5063141687218,5.2));
#18192=CARTESIAN_POINT('',(-10.3357486776504,14.5063141687218,5.2));
#18193=CARTESIAN_POINT('',(-5.16787433882521,14.5063141687218,5.2));
#18194=CARTESIAN_POINT('',(-10.3357486776504,14.5063141687218,5.));
#18195=CARTESIAN_POINT('',(-10.3357486776504,14.5063141687218,5.2));
#18196=CARTESIAN_POINT('',(10.3357486776504,14.5063141687218,5.));
#18197=CARTESIAN_POINT('Origin',(-10.3357486776504,-14.5063141687218,5.2));
#18198=CARTESIAN_POINT('',(-10.3357486776504,-14.5063141687218,5.2));
#18199=CARTESIAN_POINT('',(-10.3357486776504,-7.25315708436091,5.2));
#18200=CARTESIAN_POINT('',(-10.3357486776504,-14.5063141687218,5.));
#18201=CARTESIAN_POINT('',(-10.3357486776504,-14.5063141687218,5.2));
#18202=CARTESIAN_POINT('',(-10.3357486776504,14.5063141687218,5.));
#18203=CARTESIAN_POINT('Origin',(10.3357486776504,-14.5063141687218,5.2));
#18204=CARTESIAN_POINT('',(5.16787433882521,-14.5063141687218,5.2));
#18205=CARTESIAN_POINT('',(-10.3357486776504,-14.5063141687218,5.));
#18206=CARTESIAN_POINT('Origin',(0.,0.,5.));
#18207=CARTESIAN_POINT('Origin',(-1.85,-21.6929014779649,3.28598888009369));
#18208=CARTESIAN_POINT('',(-1.85,-22.,3.3));
#18209=CARTESIAN_POINT('',(-1.85,-21.4618334002125,0.247905546699921));
#18210=CARTESIAN_POINT('',(-1.85,-21.9883438038685,3.23389442679361));
#18211=CARTESIAN_POINT('',(-1.55,-21.1663910743089,0.3));
#18212=CARTESIAN_POINT('Origin',(-1.85,-21.1663910743089,0.3));
#18213=CARTESIAN_POINT('',(-1.55,-21.7,3.32624659905779));
#18214=CARTESIAN_POINT('',(-1.55,-21.6929014779649,3.28598888009369));
#18215=CARTESIAN_POINT('Origin',(-1.85,-21.7,3.32624659905779));
#18216=CARTESIAN_POINT('Origin',(-1.85,-21.5333662098603,5.01878058549574));
#18217=CARTESIAN_POINT('',(-1.55,-21.7,4.07375340094221));
#18218=CARTESIAN_POINT('',(-1.55,-21.5543104318675,4.9));
#18219=CARTESIAN_POINT('',(-1.55,-21.5333662098603,5.01878058549574));
#18220=CARTESIAN_POINT('',(-1.85,-21.8497527577712,4.95209445330008));
#18221=CARTESIAN_POINT('Origin',(-1.85,-21.5543104318675,4.9));
#18222=CARTESIAN_POINT('',(-1.85,-22.,4.1));
#18223=CARTESIAN_POINT('',(-1.85,-21.8288085357639,5.07087503879582));
#18224=CARTESIAN_POINT('Origin',(-1.85,-21.7,4.07375340094221));
#18225=CARTESIAN_POINT('Origin',(-1.85,-21.7,2.6));
#18226=CARTESIAN_POINT('',(-1.55,-21.7,2.6));
#18227=CARTESIAN_POINT('',(-1.85,-22.,2.6));
#18228=CARTESIAN_POINT('Origin',(-1.85,-10.05,4.9));
#18229=CARTESIAN_POINT('',(-1.85,-21.5543104318675,5.2));
#18230=CARTESIAN_POINT('Origin',(-1.85,-21.5543104318675,4.9));
#18231=CARTESIAN_POINT('',(-1.55,-20.1,4.9));
#18232=CARTESIAN_POINT('',(-1.55,-10.05,4.9));
#18233=CARTESIAN_POINT('',(-1.85,-20.1,5.2));
#18234=CARTESIAN_POINT('Origin',(-1.85,-20.1,4.9));
#18235=CARTESIAN_POINT('',(-1.85,-10.05,5.2));
#18236=CARTESIAN_POINT('Origin',(0.,-20.1,4.9));
#18237=CARTESIAN_POINT('',(1.55,-20.1,4.9));
#18238=CARTESIAN_POINT('',(1.85,-20.1,5.2));
#18239=CARTESIAN_POINT('Origin',(1.85,-20.1,4.9));
#18240=CARTESIAN_POINT('Origin',(0.,-20.1,5.2));
#18241=CARTESIAN_POINT('Origin',(0.,-20.1,4.9));
#18242=CARTESIAN_POINT('Origin',(1.85,-12.1740935905639,4.9));
#18243=CARTESIAN_POINT('',(1.55,-21.5543104318675,4.9));
#18244=CARTESIAN_POINT('',(1.85,-21.5543104318675,5.2));
#18245=CARTESIAN_POINT('Origin',(1.85,-21.5543104318675,4.9));
#18246=CARTESIAN_POINT('',(1.85,-12.1740935905639,5.2));
#18247=CARTESIAN_POINT('',(1.55,-12.1740935905639,4.9));
#18248=CARTESIAN_POINT('Origin',(-1.85,-21.5543104318675,4.9));
#18249=CARTESIAN_POINT('Origin',(-1.85,-21.5543104318675,4.9));
#18250=CARTESIAN_POINT('Origin',(1.85,-21.5974154686864,4.65553918835484));
#18251=CARTESIAN_POINT('',(1.85,-22.,4.1));
#18252=CARTESIAN_POINT('',(1.85,-21.8497527577712,4.95209445330008));
#18253=CARTESIAN_POINT('',(1.85,-21.8928577945901,4.70763364165491));
#18254=CARTESIAN_POINT('Origin',(1.85,-21.5543104318675,4.9));
#18255=CARTESIAN_POINT('',(1.55,-21.7,4.07375340094222));
#18256=CARTESIAN_POINT('',(1.55,-21.5974154686864,4.65553918835484));
#18257=CARTESIAN_POINT('Origin',(1.85,-21.7,4.07375340094222));
#18258=CARTESIAN_POINT('Origin',(1.85,-21.7,2.6));
#18259=CARTESIAN_POINT('',(1.85,-22.,3.3));
#18260=CARTESIAN_POINT('',(1.85,-22.,2.6));
#18261=CARTESIAN_POINT('',(1.55,-21.7,3.32624659905782));
#18262=CARTESIAN_POINT('',(1.55,-21.7,2.6));
#18263=CARTESIAN_POINT('Origin',(1.85,-21.7,3.32624659905782));
#18264=CARTESIAN_POINT('Origin',(1.85,-21.756950736791,3.6492302772346));
#18265=CARTESIAN_POINT('',(1.55,-21.1663910743089,0.3));
#18266=CARTESIAN_POINT('',(1.55,-21.756950736791,3.6492302772346));
#18267=CARTESIAN_POINT('',(1.85,-21.4618334002125,0.247905546699921));
#18268=CARTESIAN_POINT('Origin',(1.85,-21.1663910743089,0.3));
#18269=CARTESIAN_POINT('',(1.85,-22.0523930626947,3.59713582393452));
#18270=CARTESIAN_POINT('Origin',(1.85,-21.5543104318675,4.9));
#18271=CARTESIAN_POINT('Origin',(1.85,-21.5543104318675,4.9));
#18272=CARTESIAN_POINT('Origin',(1.85,-12.1740935905639,0.3));
#18273=CARTESIAN_POINT('',(1.85,-21.1663910743089,0.));
#18274=CARTESIAN_POINT('Origin',(1.85,-21.1663910743089,0.3));
#18275=CARTESIAN_POINT('',(1.55,-20.1,0.3));
#18276=CARTESIAN_POINT('',(1.55,-12.1740935905639,0.3));
#18277=CARTESIAN_POINT('',(1.85,-20.1,0.));
#18278=CARTESIAN_POINT('Origin',(1.85,-20.1,0.3));
#18279=CARTESIAN_POINT('',(1.85,-12.1740935905639,0.));
#18280=CARTESIAN_POINT('Origin',(0.,-20.1,0.3));
#18281=CARTESIAN_POINT('',(-1.55,-20.1,0.3));
#18282=CARTESIAN_POINT('',(-1.85,-20.1,0.));
#18283=CARTESIAN_POINT('Origin',(-1.85,-20.1,0.3));
#18284=CARTESIAN_POINT('Origin',(0.,-20.1,0.));
#18285=CARTESIAN_POINT('Origin',(0.,-20.1,0.3));
#18286=CARTESIAN_POINT('Origin',(-1.85,-10.05,0.3));
#18287=CARTESIAN_POINT('',(-1.85,-21.1663910743089,0.));
#18288=CARTESIAN_POINT('Origin',(-1.85,-21.1663910743089,0.3));
#18289=CARTESIAN_POINT('',(-1.85,-10.05,0.));
#18290=CARTESIAN_POINT('',(-1.55,-10.05,0.3));
#18291=CARTESIAN_POINT('Origin',(1.85,-21.1663910743089,0.3));
#18292=CARTESIAN_POINT('Origin',(1.85,-21.1663910743089,0.3));
#18293=CARTESIAN_POINT('Origin',(-1.85,-21.1663910743089,0.3));
#18294=CARTESIAN_POINT('Origin',(-1.85,-21.1663910743089,0.3));
#18295=CARTESIAN_POINT('Origin',(1.55,-24.3481871811279,5.2));
#18296=CARTESIAN_POINT('',(1.55,-20.1,5.2));
#18297=CARTESIAN_POINT('Origin',(0.,0.,5.2));
#18298=CARTESIAN_POINT('',(13.5,-21.5543104318675,5.2));
#18299=CARTESIAN_POINT('',(-3.625,-21.5543104318675,5.2));
#18300=CARTESIAN_POINT('',(14.0543104318675,-21.,5.2));
#18301=CARTESIAN_POINT('Origin',(13.5,-21.,5.2));
#18302=CARTESIAN_POINT('',(14.0543104318675,21.,5.2));
#18303=CARTESIAN_POINT('',(14.0543104318675,-5.5,5.2));
#18304=CARTESIAN_POINT('',(13.5,21.5543104318675,5.2));
#18305=CARTESIAN_POINT('Origin',(13.5,21.,5.2));
#18306=CARTESIAN_POINT('',(1.85,21.5543104318675,5.2));
#18307=CARTESIAN_POINT('',(3.625,21.5543104318675,5.2));
#18308=CARTESIAN_POINT('',(1.85,20.1,5.2));
#18309=CARTESIAN_POINT('',(1.85,12.1740935905639,5.2));
#18310=CARTESIAN_POINT('',(-1.85,20.1,5.2));
#18311=CARTESIAN_POINT('Origin',(0.,20.1,5.2));
#18312=CARTESIAN_POINT('',(-1.85,21.5543104318675,5.2));
#18313=CARTESIAN_POINT('',(-1.85,10.05,5.2));
#18314=CARTESIAN_POINT('',(-13.5,21.5543104318675,5.2));
#18315=CARTESIAN_POINT('',(3.625,21.5543104318675,5.2));
#18316=CARTESIAN_POINT('',(-14.0543104318675,21.,5.2));
#18317=CARTESIAN_POINT('Origin',(-13.5,21.,5.2));
#18318=CARTESIAN_POINT('',(-14.0543104318675,-21.,5.2));
#18319=CARTESIAN_POINT('',(-14.0543104318675,5.5,5.2));
#18320=CARTESIAN_POINT('',(-13.5,-21.5543104318675,5.2));
#18321=CARTESIAN_POINT('Origin',(-13.5,-21.,5.2));
#18322=CARTESIAN_POINT('',(-3.625,-21.5543104318675,5.2));
#18323=CARTESIAN_POINT('Origin',(-3.625,-21.5543104318675,4.9));
#18324=CARTESIAN_POINT('',(13.5,-21.8497527577712,4.95209445330008));
#18325=CARTESIAN_POINT('',(-3.625,-21.8497527577712,4.95209445330008));
#18326=CARTESIAN_POINT('Origin',(13.5,-21.5543104318675,4.9));
#18327=CARTESIAN_POINT('Origin',(-7.25,-21.9030201606103,4.65));
#18328=CARTESIAN_POINT('',(13.5,-22.,4.1));
#18329=CARTESIAN_POINT('',(-7.25,-22.,4.1));
#18330=CARTESIAN_POINT('',(13.5,-22.,4.1));
#18331=CARTESIAN_POINT('Origin',(-14.5,-22.,0.));
#18332=CARTESIAN_POINT('',(13.5,-22.,3.3));
#18333=CARTESIAN_POINT('',(-7.25,-22.,3.3));
#18334=CARTESIAN_POINT('',(13.5,-22.,0.));
#18335=CARTESIAN_POINT('Origin',(-7.25,-21.709060481831,1.65));
#18336=CARTESIAN_POINT('',(13.5,-21.4618334002125,0.247905546699921));
#18337=CARTESIAN_POINT('',(-3.625,-21.4618334002125,0.247905546699921));
#18338=CARTESIAN_POINT('',(13.5,-21.4181209636621,0.));
#18339=CARTESIAN_POINT('Origin',(-3.625,-21.1663910743089,0.3));
#18340=CARTESIAN_POINT('',(13.5,-21.1663910743089,0.));
#18341=CARTESIAN_POINT('',(-3.625,-21.1663910743089,0.));
#18342=CARTESIAN_POINT('Origin',(13.5,-21.1663910743089,0.3));
#18343=CARTESIAN_POINT('Origin',(1.85,21.756950736791,3.6492302772346));
#18344=CARTESIAN_POINT('',(1.85,22.,3.3));
#18345=CARTESIAN_POINT('',(1.85,21.4618334002125,0.247905546699921));
#18346=CARTESIAN_POINT('',(1.85,22.0523930626947,3.59713582393452));
#18347=CARTESIAN_POINT('',(1.55,21.1663910743089,0.3));
#18348=CARTESIAN_POINT('Origin',(1.85,21.1663910743089,0.3));
#18349=CARTESIAN_POINT('',(1.55,21.7,3.32624659905782));
#18350=CARTESIAN_POINT('',(1.55,21.756950736791,3.6492302772346));
#18351=CARTESIAN_POINT('Origin',(1.85,21.7,3.32624659905782));
#18352=CARTESIAN_POINT('Origin',(1.85,21.5974154686864,4.65553918835484));
#18353=CARTESIAN_POINT('',(1.55,21.7,4.07375340094222));
#18354=CARTESIAN_POINT('',(1.55,21.5543104318675,4.9));
#18355=CARTESIAN_POINT('',(1.55,21.5974154686864,4.65553918835484));
#18356=CARTESIAN_POINT('',(1.85,21.8497527577712,4.95209445330008));
#18357=CARTESIAN_POINT('Origin',(1.85,21.5543104318675,4.9));
#18358=CARTESIAN_POINT('',(1.85,22.,4.1));
#18359=CARTESIAN_POINT('',(1.85,21.8928577945901,4.70763364165491));
#18360=CARTESIAN_POINT('Origin',(1.85,21.7,4.07375340094222));
#18361=CARTESIAN_POINT('Origin',(1.85,21.7,2.6));
#18362=CARTESIAN_POINT('',(1.55,21.7,2.6));
#18363=CARTESIAN_POINT('',(1.85,22.,2.6));
#18364=CARTESIAN_POINT('Origin',(1.85,12.1740935905639,4.9));
#18365=CARTESIAN_POINT('Origin',(1.85,21.5543104318675,4.9));
#18366=CARTESIAN_POINT('',(1.55,20.1,4.9));
#18367=CARTESIAN_POINT('',(1.55,12.1740935905639,4.9));
#18368=CARTESIAN_POINT('Origin',(1.85,20.1,4.9));
#18369=CARTESIAN_POINT('Origin',(0.,20.1,4.9));
#18370=CARTESIAN_POINT('',(-1.55,20.1,4.9));
#18371=CARTESIAN_POINT('Origin',(-1.85,20.1,4.9));
#18372=CARTESIAN_POINT('Origin',(0.,20.1,4.9));
#18373=CARTESIAN_POINT('Origin',(-1.85,10.05,4.9));
#18374=CARTESIAN_POINT('',(-1.55,21.5543104318675,4.9));
#18375=CARTESIAN_POINT('Origin',(-1.85,21.5543104318675,4.9));
#18376=CARTESIAN_POINT('',(-1.55,10.05,4.9));
#18377=CARTESIAN_POINT('Origin',(1.85,21.5543104318675,4.9));
#18378=CARTESIAN_POINT('Origin',(1.85,21.5543104318675,4.9));
#18379=CARTESIAN_POINT('Origin',(-1.85,21.5333662098603,5.01878058549574));
#18380=CARTESIAN_POINT('',(-1.85,22.,4.1));
#18381=CARTESIAN_POINT('',(-1.85,21.8497527577712,4.95209445330008));
#18382=CARTESIAN_POINT('',(-1.85,21.8288085357639,5.07087503879582));
#18383=CARTESIAN_POINT('Origin',(-1.85,21.5543104318675,4.9));
#18384=CARTESIAN_POINT('',(-1.55,21.7,4.07375340094221));
#18385=CARTESIAN_POINT('',(-1.55,21.5333662098603,5.01878058549574));
#18386=CARTESIAN_POINT('Origin',(-1.85,21.7,4.07375340094221));
#18387=CARTESIAN_POINT('Origin',(-1.85,21.7,2.6));
#18388=CARTESIAN_POINT('',(-1.85,22.,3.3));
#18389=CARTESIAN_POINT('',(-1.85,22.,2.6));
#18390=CARTESIAN_POINT('',(-1.55,21.7,3.32624659905779));
#18391=CARTESIAN_POINT('',(-1.55,21.7,2.6));
#18392=CARTESIAN_POINT('Origin',(-1.85,21.7,3.32624659905779));
#18393=CARTESIAN_POINT('Origin',(-1.85,21.6929014779649,3.28598888009369));
#18394=CARTESIAN_POINT('',(-1.55,21.1663910743089,0.3));
#18395=CARTESIAN_POINT('',(-1.55,21.6929014779649,3.28598888009369));
#18396=CARTESIAN_POINT('',(-1.85,21.4618334002125,0.247905546699921));
#18397=CARTESIAN_POINT('Origin',(-1.85,21.1663910743089,0.3));
#18398=CARTESIAN_POINT('',(-1.85,21.9883438038685,3.23389442679361));
#18399=CARTESIAN_POINT('Origin',(-1.85,21.5543104318675,4.9));
#18400=CARTESIAN_POINT('Origin',(-1.85,21.5543104318675,4.9));
#18401=CARTESIAN_POINT('Origin',(-1.85,10.05,0.3));
#18402=CARTESIAN_POINT('',(-1.85,21.1663910743089,0.));
#18403=CARTESIAN_POINT('Origin',(-1.85,21.1663910743089,0.3));
#18404=CARTESIAN_POINT('',(-1.55,20.1,0.3));
#18405=CARTESIAN_POINT('',(-1.55,10.05,0.3));
#18406=CARTESIAN_POINT('',(-1.85,20.1,0.));
#18407=CARTESIAN_POINT('Origin',(-1.85,20.1,0.3));
#18408=CARTESIAN_POINT('',(-1.85,10.05,0.));
#18409=CARTESIAN_POINT('Origin',(0.,20.1,0.3));
#18410=CARTESIAN_POINT('',(1.55,20.1,0.3));
#18411=CARTESIAN_POINT('',(1.85,20.1,0.));
#18412=CARTESIAN_POINT('Origin',(1.85,20.1,0.3));
#18413=CARTESIAN_POINT('Origin',(0.,20.1,0.));
#18414=CARTESIAN_POINT('Origin',(0.,20.1,0.3));
#18415=CARTESIAN_POINT('Origin',(1.85,12.1740935905639,0.3));
#18416=CARTESIAN_POINT('',(1.85,21.1663910743089,0.));
#18417=CARTESIAN_POINT('Origin',(1.85,21.1663910743089,0.3));
#18418=CARTESIAN_POINT('',(1.85,12.1740935905639,0.));
#18419=CARTESIAN_POINT('',(1.55,12.1740935905639,0.3));
#18420=CARTESIAN_POINT('Origin',(-1.85,21.1663910743089,0.3));
#18421=CARTESIAN_POINT('Origin',(-1.85,21.1663910743089,0.3));
#18422=CARTESIAN_POINT('Origin',(1.85,21.1663910743089,0.3));
#18423=CARTESIAN_POINT('Origin',(1.85,21.1663910743089,0.3));
#18424=CARTESIAN_POINT('Origin',(-1.55,20.1,5.2));
#18425=CARTESIAN_POINT('',(-1.55,20.1,5.2));
#18426=CARTESIAN_POINT('Origin',(3.625,21.5543104318675,4.9));
#18427=CARTESIAN_POINT('',(-13.5,21.8497527577712,4.95209445330008));
#18428=CARTESIAN_POINT('',(3.625,21.8497527577712,4.95209445330008));
#18429=CARTESIAN_POINT('Origin',(-13.5,21.5543104318675,4.9));
#18430=CARTESIAN_POINT('Origin',(7.25,21.9030201606103,4.65));
#18431=CARTESIAN_POINT('',(-13.5,22.,4.1));
#18432=CARTESIAN_POINT('',(7.25,22.,4.1));
#18433=CARTESIAN_POINT('',(-13.5,22.,4.1));
#18434=CARTESIAN_POINT('Origin',(14.5,22.,0.));
#18435=CARTESIAN_POINT('',(-13.5,22.,3.3));
#18436=CARTESIAN_POINT('',(7.25,22.,3.3));
#18437=CARTESIAN_POINT('',(-13.5,22.,0.));
#18438=CARTESIAN_POINT('Origin',(7.25,21.709060481831,1.65));
#18439=CARTESIAN_POINT('',(-13.5,21.4618334002125,0.247905546699921));
#18440=CARTESIAN_POINT('',(3.625,21.4618334002125,0.247905546699921));
#18441=CARTESIAN_POINT('',(-13.5,21.4181209636621,0.));
#18442=CARTESIAN_POINT('Origin',(3.625,21.1663910743089,0.3));
#18443=CARTESIAN_POINT('',(-13.5,21.1663910743089,0.));
#18444=CARTESIAN_POINT('',(3.625,21.1663910743089,0.));
#18445=CARTESIAN_POINT('Origin',(-13.5,21.1663910743089,0.3));
#18446=CARTESIAN_POINT('Origin',(-14.5,22.,0.));
#18447=CARTESIAN_POINT('',(-14.5,-21.,3.3));
#18448=CARTESIAN_POINT('',(-14.5,21.,3.3));
#18449=CARTESIAN_POINT('',(-14.5,11.,3.3));
#18450=CARTESIAN_POINT('',(-14.5,-21.,4.1));
#18451=CARTESIAN_POINT('',(-14.5,-21.,0.));
#18452=CARTESIAN_POINT('',(-14.5,21.,4.1));
#18453=CARTESIAN_POINT('',(-14.5,11.,4.1));
#18454=CARTESIAN_POINT('',(-14.5,21.,0.));
#18455=CARTESIAN_POINT('Origin',(0.,20.1,5.2));
#18456=CARTESIAN_POINT('',(1.55,20.1,5.2));
#18457=CARTESIAN_POINT('Origin',(1.55,24.3481871811279,5.2));
#18458=CARTESIAN_POINT('Origin',(0.,0.,0.));
#18459=CARTESIAN_POINT('',(-13.5,-21.1663910743089,0.));
#18460=CARTESIAN_POINT('',(-3.625,-21.1663910743089,0.));
#18461=CARTESIAN_POINT('',(-13.6663910743089,-21.,0.));
#18462=CARTESIAN_POINT('Origin',(-13.5,-21.,0.));
#18463=CARTESIAN_POINT('',(-13.6663910743089,21.,0.));
#18464=CARTESIAN_POINT('',(-13.6663910743089,5.5,0.));
#18465=CARTESIAN_POINT('Origin',(-13.5,21.,0.));
#18466=CARTESIAN_POINT('',(13.5,21.1663910743089,0.));
#18467=CARTESIAN_POINT('',(3.625,21.1663910743089,0.));
#18468=CARTESIAN_POINT('',(13.6663910743089,21.,0.));
#18469=CARTESIAN_POINT('Origin',(13.5,21.,0.));
#18470=CARTESIAN_POINT('',(13.6663910743089,-21.,0.));
#18471=CARTESIAN_POINT('',(13.6663910743089,-5.5,0.));
#18472=CARTESIAN_POINT('Origin',(13.5,-21.,0.));
#18473=CARTESIAN_POINT('Origin',(3.625,21.1663910743089,0.3));
#18474=CARTESIAN_POINT('',(13.5,21.4618334002125,0.247905546699921));
#18475=CARTESIAN_POINT('',(3.625,21.4618334002125,0.247905546699921));
#18476=CARTESIAN_POINT('Origin',(13.5,21.1663910743089,0.3));
#18477=CARTESIAN_POINT('Origin',(7.25,21.709060481831,1.65));
#18478=CARTESIAN_POINT('',(13.5,22.,3.3));
#18479=CARTESIAN_POINT('',(7.25,22.,3.3));
#18480=CARTESIAN_POINT('',(13.5,21.4181209636621,0.));
#18481=CARTESIAN_POINT('Origin',(14.5,22.,0.));
#18482=CARTESIAN_POINT('',(13.5,22.,4.1));
#18483=CARTESIAN_POINT('',(7.25,22.,4.1));
#18484=CARTESIAN_POINT('',(13.5,22.,0.));
#18485=CARTESIAN_POINT('Origin',(7.25,21.9030201606103,4.65));
#18486=CARTESIAN_POINT('',(13.5,21.8497527577712,4.95209445330008));
#18487=CARTESIAN_POINT('',(3.625,21.8497527577712,4.95209445330008));
#18488=CARTESIAN_POINT('',(13.5,22.,4.1));
#18489=CARTESIAN_POINT('Origin',(3.625,21.5543104318675,4.9));
#18490=CARTESIAN_POINT('Origin',(13.5,21.5543104318675,4.9));
#18491=CARTESIAN_POINT('Origin',(-1.55,-20.1,5.2));
#18492=CARTESIAN_POINT('',(-1.55,-20.1,5.2));
#18493=CARTESIAN_POINT('Origin',(0.,-20.1,5.2));
#18494=CARTESIAN_POINT('Origin',(-3.625,-21.1663910743089,0.3));
#18495=CARTESIAN_POINT('',(-13.5,-21.4618334002125,0.247905546699921));
#18496=CARTESIAN_POINT('',(-3.625,-21.4618334002125,0.247905546699921));
#18497=CARTESIAN_POINT('Origin',(-13.5,-21.1663910743089,0.3));
#18498=CARTESIAN_POINT('Origin',(-7.25,-21.709060481831,1.65));
#18499=CARTESIAN_POINT('',(-13.5,-22.,3.3));
#18500=CARTESIAN_POINT('',(-7.25,-22.,3.3));
#18501=CARTESIAN_POINT('',(-13.5,-21.4181209636621,0.));
#18502=CARTESIAN_POINT('Origin',(-14.5,-22.,0.));
#18503=CARTESIAN_POINT('',(-13.5,-22.,4.1));
#18504=CARTESIAN_POINT('',(-7.25,-22.,4.1));
#18505=CARTESIAN_POINT('',(-13.5,-22.,0.));
#18506=CARTESIAN_POINT('Origin',(-7.25,-21.9030201606103,4.65));
#18507=CARTESIAN_POINT('',(-13.5,-21.8497527577712,4.95209445330008));
#18508=CARTESIAN_POINT('',(-3.625,-21.8497527577712,4.95209445330008));
#18509=CARTESIAN_POINT('',(-13.5,-22.,4.1));
#18510=CARTESIAN_POINT('Origin',(-3.625,-21.5543104318675,4.9));
#18511=CARTESIAN_POINT('Origin',(-13.5,-21.5543104318675,4.9));
#18512=CARTESIAN_POINT('Origin',(14.5,-22.,0.));
#18513=CARTESIAN_POINT('',(14.5,21.,3.3));
#18514=CARTESIAN_POINT('',(14.5,-21.,3.3));
#18515=CARTESIAN_POINT('',(14.5,-11.,3.3));
#18516=CARTESIAN_POINT('',(14.5,21.,4.1));
#18517=CARTESIAN_POINT('',(14.5,21.,0.));
#18518=CARTESIAN_POINT('',(14.5,-21.,4.1));
#18519=CARTESIAN_POINT('',(14.5,-11.,4.1));
#18520=CARTESIAN_POINT('',(14.5,-21.,0.));
#18521=CARTESIAN_POINT('Ctrl Pts',(-13.5,21.1663910743089,-2.77555756156289E-16));
#18522=CARTESIAN_POINT('Ctrl Pts',(-13.6663910743089,21.1663910743089,-2.77555756156289E-16));
#18523=CARTESIAN_POINT('Ctrl Pts',(-13.6663910743089,21.,-2.77555756156289E-16));
#18524=CARTESIAN_POINT('Ctrl Pts',(-13.5,21.4181209636621,-1.21430643318377E-15));
#18525=CARTESIAN_POINT('Ctrl Pts',(-13.9181209636621,21.4181209636621,-1.21527903423003E-15));
#18526=CARTESIAN_POINT('Ctrl Pts',(-13.9181209636621,21.,-1.21527903423003E-15));
#18527=CARTESIAN_POINT('Ctrl Pts',(-13.5,21.4618334002126,0.247905546699921));
#18528=CARTESIAN_POINT('Ctrl Pts',(-13.9618334002126,21.4618334002126,0.247905546699921));
#18529=CARTESIAN_POINT('Ctrl Pts',(-13.9618334002125,21.,0.247905546699921));
#18530=CARTESIAN_POINT('',(-13.9618334002125,21.,0.247905546699921));
#18531=CARTESIAN_POINT('Origin',(-13.6663910743089,21.,0.3));
#18532=CARTESIAN_POINT('Origin',(-13.5,21.,0.247905546699921));
#18533=CARTESIAN_POINT('Origin',(-13.6663910743089,5.5,0.3));
#18534=CARTESIAN_POINT('',(-13.9618334002125,-21.,0.247905546699921));
#18535=CARTESIAN_POINT('Origin',(-13.6663910743089,-21.,0.3));
#18536=CARTESIAN_POINT('',(-13.9618334002125,5.5,0.247905546699921));
#18537=CARTESIAN_POINT('Ctrl Pts',(-13.6663910743089,-21.,-2.77555756156289E-16));
#18538=CARTESIAN_POINT('Ctrl Pts',(-13.6663910743089,-21.1663910743089,
-2.77555756156289E-16));
#18539=CARTESIAN_POINT('Ctrl Pts',(-13.5,-21.1663910743089,-2.77555756156289E-16));
#18540=CARTESIAN_POINT('Ctrl Pts',(-13.9181209636621,-21.,8.67994818363562E-18));
#18541=CARTESIAN_POINT('Ctrl Pts',(-13.9181209636621,-21.4181209636621,
8.67994818363562E-18));
#18542=CARTESIAN_POINT('Ctrl Pts',(-13.5,-21.4181209636621,0.));
#18543=CARTESIAN_POINT('Ctrl Pts',(-13.9618334002125,-21.,0.247905546699921));
#18544=CARTESIAN_POINT('Ctrl Pts',(-13.9618334002125,-21.4618334002125,
0.247905546699921));
#18545=CARTESIAN_POINT('Ctrl Pts',(-13.5,-21.4618334002126,0.247905546699921));
#18546=CARTESIAN_POINT('Origin',(-13.5,-21.,0.247905546699921));
#18547=CARTESIAN_POINT('Ctrl Pts',(13.5,-21.1663910743089,-2.77555756156289E-16));
#18548=CARTESIAN_POINT('Ctrl Pts',(13.6663910743089,-21.1663910743089,-2.77555756156289E-16));
#18549=CARTESIAN_POINT('Ctrl Pts',(13.6663910743089,-21.,-2.77555756156289E-16));
#18550=CARTESIAN_POINT('Ctrl Pts',(13.5,-21.4181209636621,-3.64291929955129E-15));
#18551=CARTESIAN_POINT('Ctrl Pts',(13.9181209636621,-21.4181209636621,-3.65733606956479E-15));
#18552=CARTESIAN_POINT('Ctrl Pts',(13.9181209636621,-21.,-3.65733606956479E-15));
#18553=CARTESIAN_POINT('Ctrl Pts',(13.5,-21.4618334002126,0.247905546699921));
#18554=CARTESIAN_POINT('Ctrl Pts',(13.9618334002126,-21.4618334002126,0.247905546699921));
#18555=CARTESIAN_POINT('Ctrl Pts',(13.9618334002125,-21.,0.247905546699921));
#18556=CARTESIAN_POINT('',(13.9618334002125,-21.,0.247905546699921));
#18557=CARTESIAN_POINT('Origin',(13.6663910743089,-21.,0.3));
#18558=CARTESIAN_POINT('Origin',(13.5,-21.,0.247905546699921));
#18559=CARTESIAN_POINT('Origin',(13.6663910743089,-5.5,0.3));
#18560=CARTESIAN_POINT('',(13.9618334002125,21.,0.247905546699921));
#18561=CARTESIAN_POINT('Origin',(13.6663910743089,21.,0.3));
#18562=CARTESIAN_POINT('',(13.9618334002125,-5.5,0.247905546699921));
#18563=CARTESIAN_POINT('Ctrl Pts',(13.6663910743089,21.,-2.77555756156289E-16));
#18564=CARTESIAN_POINT('Ctrl Pts',(13.6663910743089,21.1663910743089,-2.77555756156289E-16));
#18565=CARTESIAN_POINT('Ctrl Pts',(13.5,21.1663910743089,-2.77555756156289E-16));
#18566=CARTESIAN_POINT('Ctrl Pts',(13.9181209636621,21.,-8.67994818363562E-18));
#18567=CARTESIAN_POINT('Ctrl Pts',(13.9181209636621,21.4181209636621,-8.67994818363562E-18));
#18568=CARTESIAN_POINT('Ctrl Pts',(13.5,21.4181209636621,0.));
#18569=CARTESIAN_POINT('Ctrl Pts',(13.9618334002125,21.,0.247905546699921));
#18570=CARTESIAN_POINT('Ctrl Pts',(13.9618334002125,21.4618334002125,0.247905546699921));
#18571=CARTESIAN_POINT('Ctrl Pts',(13.5,21.4618334002126,0.247905546699921));
#18572=CARTESIAN_POINT('Origin',(13.5,21.,0.247905546699921));
#18573=CARTESIAN_POINT('Origin',(14.209060481831,-11.,1.65));
#18574=CARTESIAN_POINT('',(13.9181209636621,21.,0.));
#18575=CARTESIAN_POINT('',(14.5,-21.,3.3));
#18576=CARTESIAN_POINT('Origin',(13.5,21.,1.65));
#18577=CARTESIAN_POINT('Origin',(13.5,21.,3.3));
#18578=CARTESIAN_POINT('Origin',(-13.5,21.,1.65));
#18579=CARTESIAN_POINT('',(-13.9181209636621,21.,0.));
#18580=CARTESIAN_POINT('Origin',(-13.5,21.,3.3));
#18581=CARTESIAN_POINT('Origin',(13.5,21.,4.9));
#18582=CARTESIAN_POINT('',(14.3497527577712,21.,4.95209445330008));
#18583=CARTESIAN_POINT('Origin',(14.0543104318675,21.,4.9));
#18584=CARTESIAN_POINT('Origin',(13.5,21.,4.95209445330008));
#18585=CARTESIAN_POINT('Origin',(14.0543104318675,-5.5,4.9));
#18586=CARTESIAN_POINT('',(14.3497527577712,-21.,4.95209445330008));
#18587=CARTESIAN_POINT('Origin',(14.0543104318675,-21.,4.9));
#18588=CARTESIAN_POINT('',(14.3497527577712,-5.5,4.95209445330008));
#18589=CARTESIAN_POINT('Origin',(13.5,-21.,4.9));
#18590=CARTESIAN_POINT('Origin',(13.5,-21.,4.95209445330008));
#18591=CARTESIAN_POINT('Origin',(-13.5,-21.,4.9));
#18592=CARTESIAN_POINT('',(-14.3497527577712,-21.,4.95209445330008));
#18593=CARTESIAN_POINT('Origin',(-14.0543104318675,-21.,4.9));
#18594=CARTESIAN_POINT('Origin',(-13.5,-21.,4.95209445330008));
#18595=CARTESIAN_POINT('Origin',(-14.0543104318675,5.5,4.9));
#18596=CARTESIAN_POINT('',(-14.3497527577712,21.,4.95209445330008));
#18597=CARTESIAN_POINT('Origin',(-14.0543104318675,21.,4.9));
#18598=CARTESIAN_POINT('',(-14.3497527577712,5.5,4.95209445330008));
#18599=CARTESIAN_POINT('Origin',(-13.5,21.,4.9));
#18600=CARTESIAN_POINT('Origin',(-13.5,21.,4.95209445330008));
#18601=CARTESIAN_POINT('Origin',(-14.4030201606103,11.,4.65));
#18602=CARTESIAN_POINT('',(-14.5,21.,4.1));
#18603=CARTESIAN_POINT('',(-14.5,-21.,4.1));
#18604=CARTESIAN_POINT('Origin',(-13.5,21.,4.65));
#18605=CARTESIAN_POINT('Origin',(-13.5,21.,4.1));
#18606=CARTESIAN_POINT('Origin',(13.5,21.,4.65));
#18607=CARTESIAN_POINT('',(14.5,21.,4.1));
#18608=CARTESIAN_POINT('Origin',(13.5,21.,4.1));
#18609=CARTESIAN_POINT('Origin',(-14.209060481831,11.,1.65));
#18610=CARTESIAN_POINT('',(-13.9181209636621,-21.,0.));
#18611=CARTESIAN_POINT('Origin',(-13.5,-21.,1.65));
#18612=CARTESIAN_POINT('Origin',(-13.5,-21.,3.3));
#18613=CARTESIAN_POINT('Origin',(13.5,-21.,1.65));
#18614=CARTESIAN_POINT('Origin',(13.5,-21.,3.3));
#18615=CARTESIAN_POINT('Origin',(-13.5,-21.,0.));
#18616=CARTESIAN_POINT('Origin',(-13.5,-21.,4.1));
#18617=CARTESIAN_POINT('Origin',(13.5,-21.,0.));
#18618=CARTESIAN_POINT('Origin',(13.5,-21.,4.1));
#18619=CARTESIAN_POINT('Origin',(14.4030201606103,-11.,4.65));
#18620=CARTESIAN_POINT('',(14.3060403212207,-21.,5.2));
#18621=CARTESIAN_POINT('Origin',(-13.5,-21.,4.65));
#18622=CARTESIAN_POINT('Origin',(13.5,-21.,4.65));
#18623=CARTESIAN_POINT('Origin',(-13.5,21.,0.));
#18624=CARTESIAN_POINT('Origin',(13.5,21.,0.));
#18625=CARTESIAN_POINT('',(0.,0.,0.));
#18626=CARTESIAN_POINT('Ctrl Pts',(9.41734930067872,-24.9830145600162,0.));
#18627=CARTESIAN_POINT('Ctrl Pts',(9.41734930067872,-24.9830145600162,0.002));
#18628=CARTESIAN_POINT('Ctrl Pts',(9.45157361345097,-25.2481267582739,0.));
#18629=CARTESIAN_POINT('Ctrl Pts',(9.45157361345097,-25.2481267582739,0.002));
#18630=CARTESIAN_POINT('Ctrl Pts',(9.68177529614725,-25.4527905396553,0.));
#18631=CARTESIAN_POINT('Ctrl Pts',(9.68177529614725,-25.4527905396553,0.002));
#18632=CARTESIAN_POINT('Ctrl Pts',(10.0020092128092,-25.4097955778083,0.));
#18633=CARTESIAN_POINT('Ctrl Pts',(10.0020092128092,-25.4097955778083,0.002));
#18634=CARTESIAN_POINT('',(9.41734930067872,-24.9830145600162,0.));
#18635=CARTESIAN_POINT('',(10.0020092128092,-25.4097955778083,0.));
#18636=CARTESIAN_POINT('Ctrl Pts',(9.41734930067872,-24.9830145600162,0.));
#18637=CARTESIAN_POINT('Ctrl Pts',(9.45157361345097,-25.2481267582739,0.));
#18638=CARTESIAN_POINT('Ctrl Pts',(9.68177529614725,-25.4527905396553,0.));
#18639=CARTESIAN_POINT('Ctrl Pts',(10.0020092128092,-25.4097955778083,0.));
#18640=CARTESIAN_POINT('',(9.41734930067872,-24.9830145600162,0.002));
#18641=CARTESIAN_POINT('',(9.41734930067872,-24.9830145600162,0.));
#18642=CARTESIAN_POINT('',(10.0020092128092,-25.4097955778083,0.002));
#18643=CARTESIAN_POINT('Ctrl Pts',(10.0020092128092,-25.4097955778083,0.002));
#18644=CARTESIAN_POINT('Ctrl Pts',(9.68177529614725,-25.4527905396553,0.002));
#18645=CARTESIAN_POINT('Ctrl Pts',(9.45157361345097,-25.2481267582739,0.002));
#18646=CARTESIAN_POINT('Ctrl Pts',(9.41734930067872,-24.9830145600162,0.002));
#18647=CARTESIAN_POINT('',(10.0020092128092,-25.4097955778083,0.));
#18648=CARTESIAN_POINT('Ctrl Pts',(10.4200369534869,-24.81638894402,0.));
#18649=CARTESIAN_POINT('Ctrl Pts',(10.4200369534869,-24.81638894402,0.002));
#18650=CARTESIAN_POINT('Ctrl Pts',(10.3331730226776,-24.1785464369899,0.));
#18651=CARTESIAN_POINT('Ctrl Pts',(10.3331730226776,-24.1785464369899,0.002));
#18652=CARTESIAN_POINT('Ctrl Pts',(9.32520947473165,-24.2760490094532,0.));
#18653=CARTESIAN_POINT('Ctrl Pts',(9.32520947473165,-24.2760490094532,0.002));
#18654=CARTESIAN_POINT('Ctrl Pts',(9.41734930067872,-24.9830145600162,0.));
#18655=CARTESIAN_POINT('Ctrl Pts',(9.41734930067872,-24.9830145600162,0.002));
#18656=CARTESIAN_POINT('',(10.4200369534869,-24.81638894402,0.));
#18657=CARTESIAN_POINT('Ctrl Pts',(10.4200369534869,-24.81638894402,0.));
#18658=CARTESIAN_POINT('Ctrl Pts',(10.3331730226776,-24.1785464369899,0.));
#18659=CARTESIAN_POINT('Ctrl Pts',(9.32520947473165,-24.2760490094532,0.));
#18660=CARTESIAN_POINT('Ctrl Pts',(9.41734930067872,-24.9830145600162,0.));
#18661=CARTESIAN_POINT('',(10.4200369534869,-24.81638894402,0.002));
#18662=CARTESIAN_POINT('',(10.4200369534869,-24.81638894402,0.));
#18663=CARTESIAN_POINT('Ctrl Pts',(9.41734930067872,-24.9830145600162,0.002));
#18664=CARTESIAN_POINT('Ctrl Pts',(9.32520947473165,-24.2760490094532,0.002));
#18665=CARTESIAN_POINT('Ctrl Pts',(10.3331730226776,-24.1785464369899,0.002));
#18666=CARTESIAN_POINT('Ctrl Pts',(10.4200369534869,-24.81638894402,0.002));
#18667=CARTESIAN_POINT('Ctrl Pts',(10.0020092128092,-25.4097955778083,0.));
#18668=CARTESIAN_POINT('Ctrl Pts',(10.0020092128092,-25.4097955778083,0.002));
#18669=CARTESIAN_POINT('Ctrl Pts',(10.2776200992398,-25.3720673320073,0.));
#18670=CARTESIAN_POINT('Ctrl Pts',(10.2776200992398,-25.3720673320073,0.002));
#18671=CARTESIAN_POINT('Ctrl Pts',(10.4630309320151,-25.1339978608659,0.));
#18672=CARTESIAN_POINT('Ctrl Pts',(10.4630309320151,-25.1339978608659,0.002));
#18673=CARTESIAN_POINT('Ctrl Pts',(10.4200369534869,-24.81638894402,0.));
#18674=CARTESIAN_POINT('Ctrl Pts',(10.4200369534869,-24.81638894402,0.002));
#18675=CARTESIAN_POINT('Ctrl Pts',(10.0020092128092,-25.4097955778083,0.));
#18676=CARTESIAN_POINT('Ctrl Pts',(10.2776200992398,-25.3720673320073,0.));
#18677=CARTESIAN_POINT('Ctrl Pts',(10.4630309320151,-25.1339978608659,0.));
#18678=CARTESIAN_POINT('Ctrl Pts',(10.4200369534869,-24.81638894402,0.));
#18679=CARTESIAN_POINT('Ctrl Pts',(10.4200369534869,-24.81638894402,0.002));
#18680=CARTESIAN_POINT('Ctrl Pts',(10.4630309320151,-25.1339978608659,0.002));
#18681=CARTESIAN_POINT('Ctrl Pts',(10.2776200992398,-25.3720673320073,0.002));
#18682=CARTESIAN_POINT('Ctrl Pts',(10.0020092128092,-25.4097955778083,0.002));
#18683=CARTESIAN_POINT('Ctrl Pts',(9.13736046460013,-25.0128694452337,0.));
#18684=CARTESIAN_POINT('Ctrl Pts',(9.13736046460013,-25.0128694452337,0.002));
#18685=CARTESIAN_POINT('Ctrl Pts',(9.18826319964854,-25.4206004183848,0.));
#18686=CARTESIAN_POINT('Ctrl Pts',(9.18826319964854,-25.4206004183848,0.002));
#18687=CARTESIAN_POINT('Ctrl Pts',(9.54624831058874,-25.7144663333361,0.));
#18688=CARTESIAN_POINT('Ctrl Pts',(9.54624831058874,-25.7144663333361,0.002));
#18689=CARTESIAN_POINT('Ctrl Pts',(10.0327269703707,-25.6574090883855,0.));
#18690=CARTESIAN_POINT('Ctrl Pts',(10.0327269703707,-25.6574090883855,0.002));
#18691=CARTESIAN_POINT('',(10.0327269703707,-25.6574090883855,0.));
#18692=CARTESIAN_POINT('',(9.13736046460013,-25.0128694452337,0.));
#18693=CARTESIAN_POINT('Ctrl Pts',(10.0327269703707,-25.6574090883855,0.));
#18694=CARTESIAN_POINT('Ctrl Pts',(9.54624831058874,-25.7144663333361,0.));
#18695=CARTESIAN_POINT('Ctrl Pts',(9.18826319964854,-25.4206004183848,0.));
#18696=CARTESIAN_POINT('Ctrl Pts',(9.13736046460013,-25.0128694452337,0.));
#18697=CARTESIAN_POINT('',(10.0327269703707,-25.6574090883855,0.002));
#18698=CARTESIAN_POINT('',(10.0327269703707,-25.6574090883855,0.));
#18699=CARTESIAN_POINT('',(9.13736046460013,-25.0128694452337,0.002));
#18700=CARTESIAN_POINT('Ctrl Pts',(9.13736046460013,-25.0128694452337,0.002));
#18701=CARTESIAN_POINT('Ctrl Pts',(9.18826319964854,-25.4206004183848,0.002));
#18702=CARTESIAN_POINT('Ctrl Pts',(9.54624831058874,-25.7144663333361,0.002));
#18703=CARTESIAN_POINT('Ctrl Pts',(10.0327269703707,-25.6574090883855,0.002));
#18704=CARTESIAN_POINT('',(9.13736046460013,-25.0128694452337,0.));
#18705=CARTESIAN_POINT('Ctrl Pts',(9.80378690603893,-24.1489947429324,0.));
#18706=CARTESIAN_POINT('Ctrl Pts',(9.80378690603893,-24.1489947429324,0.002));
#18707=CARTESIAN_POINT('Ctrl Pts',(9.37855694209324,-24.2025290403759,0.));
#18708=CARTESIAN_POINT('Ctrl Pts',(9.37855694209324,-24.2025290403759,0.002));
#18709=CARTESIAN_POINT('Ctrl Pts',(9.07768315072887,-24.5395167661095,0.));
#18710=CARTESIAN_POINT('Ctrl Pts',(9.07768315072887,-24.5395167661095,0.002));
#18711=CARTESIAN_POINT('Ctrl Pts',(9.13736046460013,-25.0128694452337,0.));
#18712=CARTESIAN_POINT('Ctrl Pts',(9.13736046460013,-25.0128694452337,0.002));
#18713=CARTESIAN_POINT('',(9.80378690603893,-24.1489947429324,0.));
#18714=CARTESIAN_POINT('Ctrl Pts',(9.13736046460013,-25.0128694452337,0.));
#18715=CARTESIAN_POINT('Ctrl Pts',(9.07768315072887,-24.5395167661095,0.));
#18716=CARTESIAN_POINT('Ctrl Pts',(9.37855694209324,-24.2025290403759,0.));
#18717=CARTESIAN_POINT('Ctrl Pts',(9.80378690603893,-24.1489947429324,0.));
#18718=CARTESIAN_POINT('',(9.80378690603893,-24.1489947429324,0.002));
#18719=CARTESIAN_POINT('Ctrl Pts',(9.80378690603893,-24.1489947429324,0.002));
#18720=CARTESIAN_POINT('Ctrl Pts',(9.37855694209324,-24.2025290403759,0.002));
#18721=CARTESIAN_POINT('Ctrl Pts',(9.07768315072887,-24.5395167661095,0.002));
#18722=CARTESIAN_POINT('Ctrl Pts',(9.13736046460013,-25.0128694452337,0.002));
#18723=CARTESIAN_POINT('',(9.80378690603893,-24.1489947429324,0.));
#18724=CARTESIAN_POINT('Ctrl Pts',(10.7000274284296,-24.7909090584955,0.));
#18725=CARTESIAN_POINT('Ctrl Pts',(10.7000274284296,-24.7909090584955,0.002));
#18726=CARTESIAN_POINT('Ctrl Pts',(10.6508759972795,-24.3866774547596,0.));
#18727=CARTESIAN_POINT('Ctrl Pts',(10.6508759972795,-24.3866774547596,0.002));
#18728=CARTESIAN_POINT('Ctrl Pts',(10.2893889287843,-24.0875628405459,0.));
#18729=CARTESIAN_POINT('Ctrl Pts',(10.2893889287843,-24.0875628405459,0.002));
#18730=CARTESIAN_POINT('Ctrl Pts',(9.80378690603893,-24.1489947429324,0.));
#18731=CARTESIAN_POINT('Ctrl Pts',(9.80378690603893,-24.1489947429324,0.002));
#18732=CARTESIAN_POINT('',(10.7000274284296,-24.7909090584955,0.));
#18733=CARTESIAN_POINT('Ctrl Pts',(9.80378690603893,-24.1489947429324,0.));
#18734=CARTESIAN_POINT('Ctrl Pts',(10.2893889287843,-24.0875628405459,0.));
#18735=CARTESIAN_POINT('Ctrl Pts',(10.6508759972795,-24.3866774547596,0.));
#18736=CARTESIAN_POINT('Ctrl Pts',(10.7000274284296,-24.7909090584955,0.));
#18737=CARTESIAN_POINT('',(10.7000274284296,-24.7909090584955,0.002));
#18738=CARTESIAN_POINT('Ctrl Pts',(10.7000274284296,-24.7909090584955,0.002));
#18739=CARTESIAN_POINT('Ctrl Pts',(10.6508759972795,-24.3866774547596,0.002));
#18740=CARTESIAN_POINT('Ctrl Pts',(10.2893889287843,-24.0875628405459,0.002));
#18741=CARTESIAN_POINT('Ctrl Pts',(9.80378690603893,-24.1489947429324,0.002));
#18742=CARTESIAN_POINT('',(10.7000274284296,-24.7909090584955,0.));
#18743=CARTESIAN_POINT('Ctrl Pts',(10.0327269703707,-25.6574090883855,0.));
#18744=CARTESIAN_POINT('Ctrl Pts',(10.0327269703707,-25.6574090883855,0.002));
#18745=CARTESIAN_POINT('Ctrl Pts',(10.4597082573602,-25.6073741387452,0.));
#18746=CARTESIAN_POINT('Ctrl Pts',(10.4597082573602,-25.6073741387452,0.002));
#18747=CARTESIAN_POINT('Ctrl Pts',(10.7588307327345,-25.2668870643188,0.));
#18748=CARTESIAN_POINT('Ctrl Pts',(10.7588307327345,-25.2668870643188,0.002));
#18749=CARTESIAN_POINT('Ctrl Pts',(10.7000274284296,-24.7909090584955,0.));
#18750=CARTESIAN_POINT('Ctrl Pts',(10.7000274284296,-24.7909090584955,0.002));
#18751=CARTESIAN_POINT('Ctrl Pts',(10.7000274284296,-24.7909090584955,0.));
#18752=CARTESIAN_POINT('Ctrl Pts',(10.7588307327345,-25.2668870643188,0.));
#18753=CARTESIAN_POINT('Ctrl Pts',(10.4597082573602,-25.6073741387452,0.));
#18754=CARTESIAN_POINT('Ctrl Pts',(10.0327269703707,-25.6574090883855,0.));
#18755=CARTESIAN_POINT('Ctrl Pts',(10.0327269703707,-25.6574090883855,0.002));
#18756=CARTESIAN_POINT('Ctrl Pts',(10.4597082573602,-25.6073741387452,0.002));
#18757=CARTESIAN_POINT('Ctrl Pts',(10.7588307327345,-25.2668870643188,0.002));
#18758=CARTESIAN_POINT('Ctrl Pts',(10.7000274284296,-24.7909090584955,0.002));
#18759=CARTESIAN_POINT('Origin',(9.91907227755135,-24.9029596860441,0.));
#18760=CARTESIAN_POINT('Origin',(9.91907227755135,-24.9029596860441,0.002));
#18761=CARTESIAN_POINT('Ctrl Pts',(14.367881967714,-24.4019100619983,0.));
#18762=CARTESIAN_POINT('Ctrl Pts',(14.367881967714,-24.4019100619983,0.002));
#18763=CARTESIAN_POINT('Ctrl Pts',(14.1885161583044,-24.4264772563816,0.));
#18764=CARTESIAN_POINT('Ctrl Pts',(14.1885161583044,-24.4264772563816,0.002));
#18765=CARTESIAN_POINT('Ctrl Pts',(14.0835535332613,-24.5262665836868,0.));
#18766=CARTESIAN_POINT('Ctrl Pts',(14.0835535332613,-24.5262665836868,0.002));
#18767=CARTESIAN_POINT('Ctrl Pts',(14.0144691800883,-24.6347924658906,0.));
#18768=CARTESIAN_POINT('Ctrl Pts',(14.0144691800883,-24.6347924658906,0.002));
#18769=CARTESIAN_POINT('',(14.367881967714,-24.4019100619983,0.));
#18770=CARTESIAN_POINT('',(14.0144691800883,-24.6347924658906,0.));
#18771=CARTESIAN_POINT('Ctrl Pts',(14.367881967714,-24.4019100619983,0.));
#18772=CARTESIAN_POINT('Ctrl Pts',(14.1885161583044,-24.4264772563816,0.));
#18773=CARTESIAN_POINT('Ctrl Pts',(14.0835535332613,-24.5262665836868,0.));
#18774=CARTESIAN_POINT('Ctrl Pts',(14.0144691800883,-24.6347924658906,0.));
#18775=CARTESIAN_POINT('',(14.367881967714,-24.4019100619983,0.002));
#18776=CARTESIAN_POINT('',(14.367881967714,-24.4019100619983,0.));
#18777=CARTESIAN_POINT('',(14.0144691800883,-24.6347924658906,0.002));
#18778=CARTESIAN_POINT('Ctrl Pts',(14.0144691800883,-24.6347924658906,0.002));
#18779=CARTESIAN_POINT('Ctrl Pts',(14.0835535332613,-24.5262665836868,0.002));
#18780=CARTESIAN_POINT('Ctrl Pts',(14.1885161583044,-24.4264772563816,0.002));
#18781=CARTESIAN_POINT('Ctrl Pts',(14.367881967714,-24.4019100619983,0.002));
#18782=CARTESIAN_POINT('',(14.0144691800883,-24.6347924658906,0.));
#18783=CARTESIAN_POINT('Ctrl Pts',(14.8500983825062,-24.645854442042,0.));
#18784=CARTESIAN_POINT('Ctrl Pts',(14.8500983825062,-24.645854442042,0.002));
#18785=CARTESIAN_POINT('Ctrl Pts',(14.7660439759466,-24.5006359196768,0.));
#18786=CARTESIAN_POINT('Ctrl Pts',(14.7660439759466,-24.5006359196768,0.002));
#18787=CARTESIAN_POINT('Ctrl Pts',(14.5883704761015,-24.3712024692942,0.));
#18788=CARTESIAN_POINT('Ctrl Pts',(14.5883704761015,-24.3712024692942,0.002));
#18789=CARTESIAN_POINT('Ctrl Pts',(14.367881967714,-24.4019100619983,0.));
#18790=CARTESIAN_POINT('Ctrl Pts',(14.367881967714,-24.4019100619983,0.002));
#18791=CARTESIAN_POINT('',(14.8500983825062,-24.645854442042,0.));
#18792=CARTESIAN_POINT('Ctrl Pts',(14.8500983825062,-24.645854442042,0.));
#18793=CARTESIAN_POINT('Ctrl Pts',(14.7660439759466,-24.5006359196768,0.));
#18794=CARTESIAN_POINT('Ctrl Pts',(14.5883704761015,-24.3712024692942,0.));
#18795=CARTESIAN_POINT('Ctrl Pts',(14.367881967714,-24.4019100619983,0.));
#18796=CARTESIAN_POINT('',(14.8500983825062,-24.645854442042,0.002));
#18797=CARTESIAN_POINT('',(14.8500983825062,-24.645854442042,0.));
#18798=CARTESIAN_POINT('Ctrl Pts',(14.367881967714,-24.4019100619983,0.002));
#18799=CARTESIAN_POINT('Ctrl Pts',(14.5883704761015,-24.3712024692942,0.002));
#18800=CARTESIAN_POINT('Ctrl Pts',(14.7660439759466,-24.5006359196768,0.002));
#18801=CARTESIAN_POINT('Ctrl Pts',(14.8500983825062,-24.645854442042,0.002));
#18802=CARTESIAN_POINT('Ctrl Pts',(14.7923706751104,-24.705376070874,0.));
#18803=CARTESIAN_POINT('Ctrl Pts',(14.7923706751104,-24.705376070874,0.002));
#18804=CARTESIAN_POINT('Ctrl Pts',(14.8536209985858,-24.7062281267153,0.));
#18805=CARTESIAN_POINT('Ctrl Pts',(14.8536209985858,-24.7062281267153,0.002));
#18806=CARTESIAN_POINT('Ctrl Pts',(14.8842459964369,-24.706216654666,0.));
#18807=CARTESIAN_POINT('Ctrl Pts',(14.8842459964369,-24.706216654666,0.002));
#18808=CARTESIAN_POINT('Ctrl Pts',(14.8500983825062,-24.645854442042,0.));
#18809=CARTESIAN_POINT('Ctrl Pts',(14.8500983825062,-24.645854442042,0.002));
#18810=CARTESIAN_POINT('',(14.7923706751104,-24.705376070874,0.));
#18811=CARTESIAN_POINT('Ctrl Pts',(14.7923706751104,-24.705376070874,0.));
#18812=CARTESIAN_POINT('Ctrl Pts',(14.8536209985858,-24.7062281267153,0.));
#18813=CARTESIAN_POINT('Ctrl Pts',(14.8842459964369,-24.706216654666,0.));
#18814=CARTESIAN_POINT('Ctrl Pts',(14.8500983825062,-24.645854442042,0.));
#18815=CARTESIAN_POINT('',(14.7923706751104,-24.705376070874,0.002));
#18816=CARTESIAN_POINT('',(14.7923706751104,-24.705376070874,0.));
#18817=CARTESIAN_POINT('Ctrl Pts',(14.8500983825062,-24.645854442042,0.002));
#18818=CARTESIAN_POINT('Ctrl Pts',(14.8842459964369,-24.706216654666,0.002));
#18819=CARTESIAN_POINT('Ctrl Pts',(14.8536209985858,-24.7062281267153,0.002));
#18820=CARTESIAN_POINT('Ctrl Pts',(14.7923706751104,-24.705376070874,0.002));
#18821=CARTESIAN_POINT('Origin',(14.200870716611,-24.7055976453056,0.));
#18822=CARTESIAN_POINT('',(14.200870716611,-24.7055976453056,0.));
#18823=CARTESIAN_POINT('',(14.3280916026551,-24.7055499886741,0.));
#18824=CARTESIAN_POINT('',(14.200870716611,-24.7055976453056,0.002));
#18825=CARTESIAN_POINT('',(14.200870716611,-24.7055976453056,0.));
#18826=CARTESIAN_POINT('',(14.3280916026551,-24.7055499886741,0.002));
#18827=CARTESIAN_POINT('Ctrl Pts',(14.0144691800883,-24.6347924658906,0.));
#18828=CARTESIAN_POINT('Ctrl Pts',(14.0144691800883,-24.6347924658906,0.002));
#18829=CARTESIAN_POINT('Ctrl Pts',(13.9558782725753,-24.7258144202849,0.));
#18830=CARTESIAN_POINT('Ctrl Pts',(13.9558782725753,-24.7258144202849,0.002));
#18831=CARTESIAN_POINT('Ctrl Pts',(14.0118707298717,-24.7056684442361,0.));
#18832=CARTESIAN_POINT('Ctrl Pts',(14.0118707298717,-24.7056684442361,0.002));
#18833=CARTESIAN_POINT('Ctrl Pts',(14.200870716611,-24.7055976453056,0.));
#18834=CARTESIAN_POINT('Ctrl Pts',(14.200870716611,-24.7055976453056,0.002));
#18835=CARTESIAN_POINT('Ctrl Pts',(14.0144691800883,-24.6347924658906,0.));
#18836=CARTESIAN_POINT('Ctrl Pts',(13.9558782725753,-24.7258144202849,0.));
#18837=CARTESIAN_POINT('Ctrl Pts',(14.0118707298717,-24.7056684442361,0.));
#18838=CARTESIAN_POINT('Ctrl Pts',(14.200870716611,-24.7055976453056,0.));
#18839=CARTESIAN_POINT('Ctrl Pts',(14.200870716611,-24.7055976453056,0.002));
#18840=CARTESIAN_POINT('Ctrl Pts',(14.0118707298717,-24.7056684442361,0.002));
#18841=CARTESIAN_POINT('Ctrl Pts',(13.9558782725753,-24.7258144202849,0.002));
#18842=CARTESIAN_POINT('Ctrl Pts',(14.0144691800883,-24.6347924658906,0.002));
#18843=CARTESIAN_POINT('Ctrl Pts',(13.8393931490706,-24.4318580346989,0.));
#18844=CARTESIAN_POINT('Ctrl Pts',(13.8393931490706,-24.4318580346989,0.002));
#18845=CARTESIAN_POINT('Ctrl Pts',(13.7020817546951,-24.6016594829368,0.));
#18846=CARTESIAN_POINT('Ctrl Pts',(13.7020817546951,-24.6016594829368,0.002));
#18847=CARTESIAN_POINT('Ctrl Pts',(13.6278129540847,-24.8851873226305,0.));
#18848=CARTESIAN_POINT('Ctrl Pts',(13.6278129540847,-24.8851873226305,0.002));
#18849=CARTESIAN_POINT('Ctrl Pts',(13.7145343093856,-25.1424048563634,0.));
#18850=CARTESIAN_POINT('Ctrl Pts',(13.7145343093856,-25.1424048563634,0.002));
#18851=CARTESIAN_POINT('',(13.8393931490706,-24.4318580346989,0.));
#18852=CARTESIAN_POINT('',(13.7145343093856,-25.1424048563634,0.));
#18853=CARTESIAN_POINT('Ctrl Pts',(13.8393931490706,-24.4318580346989,0.));
#18854=CARTESIAN_POINT('Ctrl Pts',(13.7020817546951,-24.6016594829368,0.));
#18855=CARTESIAN_POINT('Ctrl Pts',(13.6278129540847,-24.8851873226305,0.));
#18856=CARTESIAN_POINT('Ctrl Pts',(13.7145343093856,-25.1424048563634,0.));
#18857=CARTESIAN_POINT('',(13.7145343093856,-25.1424048563634,0.002));
#18858=CARTESIAN_POINT('',(13.7145343093856,-25.1424048563634,0.));
#18859=CARTESIAN_POINT('',(13.8393931490706,-24.4318580346989,0.002));
#18860=CARTESIAN_POINT('Ctrl Pts',(13.8393931490706,-24.4318580346989,0.002));
#18861=CARTESIAN_POINT('Ctrl Pts',(13.7020817546951,-24.6016594829368,0.002));
#18862=CARTESIAN_POINT('Ctrl Pts',(13.6278129540847,-24.8851873226305,0.002));
#18863=CARTESIAN_POINT('Ctrl Pts',(13.7145343093856,-25.1424048563634,0.002));
#18864=CARTESIAN_POINT('',(13.8393931490706,-24.4318580346989,0.));
#18865=CARTESIAN_POINT('Ctrl Pts',(15.1721560479319,-24.7997338108366,0.));
#18866=CARTESIAN_POINT('Ctrl Pts',(15.1721560479319,-24.7997338108366,0.002));
#18867=CARTESIAN_POINT('Ctrl Pts',(15.0966713640136,-24.1732620245216,0.));
#18868=CARTESIAN_POINT('Ctrl Pts',(15.0966713640136,-24.1732620245216,0.002));
#18869=CARTESIAN_POINT('Ctrl Pts',(14.2810629241127,-23.8839425412706,0.));
#18870=CARTESIAN_POINT('Ctrl Pts',(14.2810629241127,-23.8839425412706,0.002));
#18871=CARTESIAN_POINT('Ctrl Pts',(13.8393931490706,-24.4318580346989,0.));
#18872=CARTESIAN_POINT('Ctrl Pts',(13.8393931490706,-24.4318580346989,0.002));
#18873=CARTESIAN_POINT('',(15.1721560479319,-24.7997338108366,0.));
#18874=CARTESIAN_POINT('Ctrl Pts',(15.1721560479319,-24.7997338108366,0.));
#18875=CARTESIAN_POINT('Ctrl Pts',(15.0966713640136,-24.1732620245216,0.));
#18876=CARTESIAN_POINT('Ctrl Pts',(14.2810629241127,-23.8839425412706,0.));
#18877=CARTESIAN_POINT('Ctrl Pts',(13.8393931490706,-24.4318580346989,0.));
#18878=CARTESIAN_POINT('',(15.1721560479319,-24.7997338108366,0.002));
#18879=CARTESIAN_POINT('Ctrl Pts',(15.1721560479319,-24.7997338108366,0.002));
#18880=CARTESIAN_POINT('Ctrl Pts',(15.0966713640136,-24.1732620245216,0.002));
#18881=CARTESIAN_POINT('Ctrl Pts',(14.2810629241127,-23.8839425412706,0.002));
#18882=CARTESIAN_POINT('Ctrl Pts',(13.8393931490706,-24.4318580346989,0.002));
#18883=CARTESIAN_POINT('',(15.1721560479319,-24.7997338108366,0.));
#18884=CARTESIAN_POINT('Ctrl Pts',(15.1013393964679,-24.9555103495079,0.));
#18885=CARTESIAN_POINT('Ctrl Pts',(15.1013393964679,-24.9555103495079,0.002));
#18886=CARTESIAN_POINT('Ctrl Pts',(15.1730900502984,-24.9572334719941,0.));
#18887=CARTESIAN_POINT('Ctrl Pts',(15.1730900502984,-24.9572334719941,0.002));
#18888=CARTESIAN_POINT('Ctrl Pts',(15.1940985713981,-24.9799756034066,0.));
#18889=CARTESIAN_POINT('Ctrl Pts',(15.1940985713981,-24.9799756034066,0.002));
#18890=CARTESIAN_POINT('Ctrl Pts',(15.1721560479319,-24.7997338108366,0.));
#18891=CARTESIAN_POINT('Ctrl Pts',(15.1721560479319,-24.7997338108366,0.002));
#18892=CARTESIAN_POINT('',(15.1013393964679,-24.9555103495079,0.));
#18893=CARTESIAN_POINT('Ctrl Pts',(15.1013393964679,-24.9555103495079,0.));
#18894=CARTESIAN_POINT('Ctrl Pts',(15.1730900502984,-24.9572334719941,0.));
#18895=CARTESIAN_POINT('Ctrl Pts',(15.1940985713981,-24.9799756034066,0.));
#18896=CARTESIAN_POINT('Ctrl Pts',(15.1721560479319,-24.7997338108366,0.));
#18897=CARTESIAN_POINT('',(15.1013393964679,-24.9555103495079,0.002));
#18898=CARTESIAN_POINT('Ctrl Pts',(15.1013393964679,-24.9555103495079,0.002));
#18899=CARTESIAN_POINT('Ctrl Pts',(15.1730900502984,-24.9572334719941,0.002));
#18900=CARTESIAN_POINT('Ctrl Pts',(15.1940985713981,-24.9799756034066,0.002));
#18901=CARTESIAN_POINT('Ctrl Pts',(15.1721560479319,-24.7997338108366,0.002));
#18902=CARTESIAN_POINT('',(15.1013393964679,-24.9555103495079,0.));
#18903=CARTESIAN_POINT('Origin',(14.4100894449671,-24.9557692900418,0.));
#18904=CARTESIAN_POINT('',(14.4100894449671,-24.9557692900418,0.));
#18905=CARTESIAN_POINT('',(14.4100894449671,-24.9557692900418,0.));
#18906=CARTESIAN_POINT('',(14.4100894449671,-24.9557692900418,0.002));
#18907=CARTESIAN_POINT('',(14.4100894449671,-24.9557692900418,0.002));
#18908=CARTESIAN_POINT('',(14.4100894449671,-24.9557692900418,0.));
#18909=CARTESIAN_POINT('Ctrl Pts',(13.9612479092894,-25.0451874312405,0.));
#18910=CARTESIAN_POINT('Ctrl Pts',(13.9612479092894,-25.0451874312405,0.002));
#18911=CARTESIAN_POINT('Ctrl Pts',(13.9200704685224,-24.9052028463855,0.));
#18912=CARTESIAN_POINT('Ctrl Pts',(13.9200704685224,-24.9052028463855,0.002));
#18913=CARTESIAN_POINT('Ctrl Pts',(14.0189644724093,-24.9559158044958,0.));
#18914=CARTESIAN_POINT('Ctrl Pts',(14.0189644724093,-24.9559158044958,0.002));
#18915=CARTESIAN_POINT('Ctrl Pts',(14.4100894449671,-24.9557692900418,0.));
#18916=CARTESIAN_POINT('Ctrl Pts',(14.4100894449671,-24.9557692900418,0.002));
#18917=CARTESIAN_POINT('',(13.9612479092894,-25.0451874312405,0.));
#18918=CARTESIAN_POINT('Ctrl Pts',(13.9612479092894,-25.0451874312405,0.));
#18919=CARTESIAN_POINT('Ctrl Pts',(13.9200704685224,-24.9052028463855,0.));
#18920=CARTESIAN_POINT('Ctrl Pts',(14.0189644724093,-24.9559158044958,0.));
#18921=CARTESIAN_POINT('Ctrl Pts',(14.4100894449671,-24.9557692900418,0.));
#18922=CARTESIAN_POINT('',(13.9612479092894,-25.0451874312405,0.002));
#18923=CARTESIAN_POINT('Ctrl Pts',(13.9612479092894,-25.0451874312405,0.002));
#18924=CARTESIAN_POINT('Ctrl Pts',(13.9200704685224,-24.9052028463855,0.002));
#18925=CARTESIAN_POINT('Ctrl Pts',(14.0189644724093,-24.9559158044958,0.002));
#18926=CARTESIAN_POINT('Ctrl Pts',(14.4100894449671,-24.9557692900418,0.002));
#18927=CARTESIAN_POINT('',(13.9612479092894,-25.0451874312405,0.));
#18928=CARTESIAN_POINT('Ctrl Pts',(14.6841053680675,-25.3319166707484,0.));
#18929=CARTESIAN_POINT('Ctrl Pts',(14.6841053680675,-25.3319166707484,0.002));
#18930=CARTESIAN_POINT('Ctrl Pts',(14.3901748694963,-25.5175267957954,0.));
#18931=CARTESIAN_POINT('Ctrl Pts',(14.3901748694963,-25.5175267957954,0.002));
#18932=CARTESIAN_POINT('Ctrl Pts',(14.0488603247588,-25.3452796342064,0.));
#18933=CARTESIAN_POINT('Ctrl Pts',(14.0488603247588,-25.3452796342064,0.002));
#18934=CARTESIAN_POINT('Ctrl Pts',(13.9612479092894,-25.0451874312405,0.));
#18935=CARTESIAN_POINT('Ctrl Pts',(13.9612479092894,-25.0451874312405,0.002));
#18936=CARTESIAN_POINT('',(14.6841053680675,-25.3319166707484,0.));
#18937=CARTESIAN_POINT('Ctrl Pts',(14.6841053680675,-25.3319166707484,0.));
#18938=CARTESIAN_POINT('Ctrl Pts',(14.3901748694963,-25.5175267957954,0.));
#18939=CARTESIAN_POINT('Ctrl Pts',(14.0488603247588,-25.3452796342064,0.));
#18940=CARTESIAN_POINT('Ctrl Pts',(13.9612479092894,-25.0451874312405,0.));
#18941=CARTESIAN_POINT('',(14.6841053680675,-25.3319166707484,0.002));
#18942=CARTESIAN_POINT('Ctrl Pts',(14.6841053680675,-25.3319166707484,0.002));
#18943=CARTESIAN_POINT('Ctrl Pts',(14.3901748694963,-25.5175267957954,0.002));
#18944=CARTESIAN_POINT('Ctrl Pts',(14.0488603247588,-25.3452796342064,0.002));
#18945=CARTESIAN_POINT('Ctrl Pts',(13.9612479092894,-25.0451874312405,0.002));
#18946=CARTESIAN_POINT('',(14.6841053680675,-25.3319166707484,0.));
#18947=CARTESIAN_POINT('Ctrl Pts',(14.8765211169447,-25.1069695765039,0.));
#18948=CARTESIAN_POINT('Ctrl Pts',(14.8765211169447,-25.1069695765039,0.002));
#18949=CARTESIAN_POINT('Ctrl Pts',(14.801313077146,-25.2189977571087,0.));
#18950=CARTESIAN_POINT('Ctrl Pts',(14.801313077146,-25.2189977571087,0.002));
#18951=CARTESIAN_POINT('Ctrl Pts',(14.7969534827762,-25.2601243930881,0.));
#18952=CARTESIAN_POINT('Ctrl Pts',(14.7969534827762,-25.2601243930881,0.002));
#18953=CARTESIAN_POINT('Ctrl Pts',(14.6841053680675,-25.3319166707484,0.));
#18954=CARTESIAN_POINT('Ctrl Pts',(14.6841053680675,-25.3319166707484,0.002));
#18955=CARTESIAN_POINT('',(14.8765211169447,-25.1069695765039,0.));
#18956=CARTESIAN_POINT('Ctrl Pts',(14.8765211169447,-25.1069695765039,0.));
#18957=CARTESIAN_POINT('Ctrl Pts',(14.801313077146,-25.2189977571087,0.));
#18958=CARTESIAN_POINT('Ctrl Pts',(14.7969534827762,-25.2601243930881,0.));
#18959=CARTESIAN_POINT('Ctrl Pts',(14.6841053680675,-25.3319166707484,0.));
#18960=CARTESIAN_POINT('',(14.8765211169447,-25.1069695765039,0.002));
#18961=CARTESIAN_POINT('Ctrl Pts',(14.8765211169447,-25.1069695765039,0.002));
#18962=CARTESIAN_POINT('Ctrl Pts',(14.801313077146,-25.2189977571087,0.002));
#18963=CARTESIAN_POINT('Ctrl Pts',(14.7969534827762,-25.2601243930881,0.002));
#18964=CARTESIAN_POINT('Ctrl Pts',(14.6841053680675,-25.3319166707484,0.002));
#18965=CARTESIAN_POINT('',(14.8765211169447,-25.1069695765039,0.));
#18966=CARTESIAN_POINT('Ctrl Pts',(15.1110197894005,-25.1033817336317,0.));
#18967=CARTESIAN_POINT('Ctrl Pts',(15.1110197894005,-25.1033817336317,0.002));
#18968=CARTESIAN_POINT('Ctrl Pts',(15.0865181524228,-25.0990159160035,0.));
#18969=CARTESIAN_POINT('Ctrl Pts',(15.0865181524228,-25.0990159160035,0.002));
#18970=CARTESIAN_POINT('Ctrl Pts',(14.9062698038404,-25.1034584331001,0.));
#18971=CARTESIAN_POINT('Ctrl Pts',(14.9062698038404,-25.1034584331001,0.002));
#18972=CARTESIAN_POINT('Ctrl Pts',(14.8765211169447,-25.1069695765039,0.));
#18973=CARTESIAN_POINT('Ctrl Pts',(14.8765211169447,-25.1069695765039,0.002));
#18974=CARTESIAN_POINT('',(15.1110197894005,-25.1033817336317,0.));
#18975=CARTESIAN_POINT('Ctrl Pts',(15.1110197894005,-25.1033817336317,0.));
#18976=CARTESIAN_POINT('Ctrl Pts',(15.0865181524228,-25.0990159160035,0.));
#18977=CARTESIAN_POINT('Ctrl Pts',(14.9062698038404,-25.1034584331001,0.));
#18978=CARTESIAN_POINT('Ctrl Pts',(14.8765211169447,-25.1069695765039,0.));
#18979=CARTESIAN_POINT('',(15.1110197894005,-25.1033817336317,0.002));
#18980=CARTESIAN_POINT('Ctrl Pts',(15.1110197894005,-25.1033817336317,0.002));
#18981=CARTESIAN_POINT('Ctrl Pts',(15.0865181524228,-25.0990159160035,0.002));
#18982=CARTESIAN_POINT('Ctrl Pts',(14.9062698038404,-25.1034584331001,0.002));
#18983=CARTESIAN_POINT('Ctrl Pts',(14.8765211169447,-25.1069695765039,0.002));
#18984=CARTESIAN_POINT('',(15.1110197894005,-25.1033817336317,0.));
#18985=CARTESIAN_POINT('Ctrl Pts',(15.1259233045928,-25.1795011561525,0.));
#18986=CARTESIAN_POINT('Ctrl Pts',(15.1259233045928,-25.1795011561525,0.002));
#18987=CARTESIAN_POINT('Ctrl Pts',(15.1434075702689,-25.1374946036425,0.));
#18988=CARTESIAN_POINT('Ctrl Pts',(15.1434075702689,-25.1374946036425,0.002));
#18989=CARTESIAN_POINT('Ctrl Pts',(15.161772735795,-25.1112377222546,0.));
#18990=CARTESIAN_POINT('Ctrl Pts',(15.161772735795,-25.1112377222546,0.002));
#18991=CARTESIAN_POINT('Ctrl Pts',(15.1110197894005,-25.1033817336317,0.));
#18992=CARTESIAN_POINT('Ctrl Pts',(15.1110197894005,-25.1033817336317,0.002));
#18993=CARTESIAN_POINT('',(15.1259233045928,-25.1795011561525,0.));
#18994=CARTESIAN_POINT('Ctrl Pts',(15.1259233045928,-25.1795011561525,0.));
#18995=CARTESIAN_POINT('Ctrl Pts',(15.1434075702689,-25.1374946036425,0.));
#18996=CARTESIAN_POINT('Ctrl Pts',(15.161772735795,-25.1112377222546,0.));
#18997=CARTESIAN_POINT('Ctrl Pts',(15.1110197894005,-25.1033817336317,0.));
#18998=CARTESIAN_POINT('',(15.1259233045928,-25.1795011561525,0.002));
#18999=CARTESIAN_POINT('Ctrl Pts',(15.1259233045928,-25.1795011561525,0.002));
#19000=CARTESIAN_POINT('Ctrl Pts',(15.1434075702689,-25.1374946036425,0.002));
#19001=CARTESIAN_POINT('Ctrl Pts',(15.161772735795,-25.1112377222546,0.002));
#19002=CARTESIAN_POINT('Ctrl Pts',(15.1110197894005,-25.1033817336317,0.002));
#19003=CARTESIAN_POINT('',(15.1259233045928,-25.1795011561525,0.));
#19004=CARTESIAN_POINT('Ctrl Pts',(13.7145343093856,-25.1424048563634,0.));
#19005=CARTESIAN_POINT('Ctrl Pts',(13.7145343093856,-25.1424048563634,0.002));
#19006=CARTESIAN_POINT('Ctrl Pts',(13.926519972013,-25.7714505090715,0.));
#19007=CARTESIAN_POINT('Ctrl Pts',(13.926519972013,-25.7714505090715,0.002));
#19008=CARTESIAN_POINT('Ctrl Pts',(14.8260602265591,-25.8787385376485,0.));
#19009=CARTESIAN_POINT('Ctrl Pts',(14.8260602265591,-25.8787385376485,0.002));
#19010=CARTESIAN_POINT('Ctrl Pts',(15.1259233045928,-25.1795011561525,0.));
#19011=CARTESIAN_POINT('Ctrl Pts',(15.1259233045928,-25.1795011561525,0.002));
#19012=CARTESIAN_POINT('Ctrl Pts',(13.7145343093856,-25.1424048563634,0.));
#19013=CARTESIAN_POINT('Ctrl Pts',(13.926519972013,-25.7714505090715,0.));
#19014=CARTESIAN_POINT('Ctrl Pts',(14.8260602265591,-25.8787385376485,0.));
#19015=CARTESIAN_POINT('Ctrl Pts',(15.1259233045928,-25.1795011561525,0.));
#19016=CARTESIAN_POINT('Ctrl Pts',(13.7145343093856,-25.1424048563634,0.002));
#19017=CARTESIAN_POINT('Ctrl Pts',(13.926519972013,-25.7714505090715,0.002));
#19018=CARTESIAN_POINT('Ctrl Pts',(14.8260602265591,-25.8787385376485,0.002));
#19019=CARTESIAN_POINT('Ctrl Pts',(15.1259233045928,-25.1795011561525,0.002));
#19020=CARTESIAN_POINT('Origin',(14.4554147978811,-24.9786199316373,0.002));
#19021=CARTESIAN_POINT('Origin',(14.4554147978811,-24.9786199316373,0.));
#19022=CARTESIAN_POINT('Ctrl Pts',(12.659295199927,-25.1716751483677,0.));
#19023=CARTESIAN_POINT('Ctrl Pts',(12.659295199927,-25.1716751483677,0.002));
#19024=CARTESIAN_POINT('Ctrl Pts',(12.6409133179868,-25.1533070328862,0.));
#19025=CARTESIAN_POINT('Ctrl Pts',(12.6409133179868,-25.1533070328862,0.002));
#19026=CARTESIAN_POINT('Ctrl Pts',(12.4265419385285,-25.1630123365539,0.));
#19027=CARTESIAN_POINT('Ctrl Pts',(12.4265419385285,-25.1630123365539,0.002));
#19028=CARTESIAN_POINT('Ctrl Pts',(12.4037935789892,-25.1673958583403,0.));
#19029=CARTESIAN_POINT('Ctrl Pts',(12.4037935789892,-25.1673958583403,0.002));
#19030=CARTESIAN_POINT('',(12.659295199927,-25.1716751483677,0.));
#19031=CARTESIAN_POINT('',(12.4037935789892,-25.1673958583403,0.));
#19032=CARTESIAN_POINT('Ctrl Pts',(12.659295199927,-25.1716751483677,0.));
#19033=CARTESIAN_POINT('Ctrl Pts',(12.6409133179868,-25.1533070328862,0.));
#19034=CARTESIAN_POINT('Ctrl Pts',(12.4265419385285,-25.1630123365539,0.));
#19035=CARTESIAN_POINT('Ctrl Pts',(12.4037935789892,-25.1673958583403,0.));
#19036=CARTESIAN_POINT('',(12.4037935789892,-25.1673958583403,0.002));
#19037=CARTESIAN_POINT('',(12.4037935789892,-25.1673958583403,0.));
#19038=CARTESIAN_POINT('',(12.659295199927,-25.1716751483677,0.002));
#19039=CARTESIAN_POINT('Ctrl Pts',(12.659295199927,-25.1716751483677,0.002));
#19040=CARTESIAN_POINT('Ctrl Pts',(12.6409133179868,-25.1533070328862,0.002));
#19041=CARTESIAN_POINT('Ctrl Pts',(12.4265419385285,-25.1630123365539,0.002));
#19042=CARTESIAN_POINT('Ctrl Pts',(12.4037935789892,-25.1673958583403,0.002));
#19043=CARTESIAN_POINT('',(12.659295199927,-25.1716751483677,0.));
#19044=CARTESIAN_POINT('Ctrl Pts',(12.6820861699343,-25.2810416186002,0.));
#19045=CARTESIAN_POINT('Ctrl Pts',(12.6820861699343,-25.2810416186002,0.002));
#19046=CARTESIAN_POINT('Ctrl Pts',(12.6601944550551,-25.2364248160522,0.));
#19047=CARTESIAN_POINT('Ctrl Pts',(12.6601944550551,-25.2364248160522,0.002));
#19048=CARTESIAN_POINT('Ctrl Pts',(12.6741826542508,-25.2049195738963,0.));
#19049=CARTESIAN_POINT('Ctrl Pts',(12.6741826542508,-25.2049195738963,0.002));
#19050=CARTESIAN_POINT('Ctrl Pts',(12.659295199927,-25.1716751483677,0.));
#19051=CARTESIAN_POINT('Ctrl Pts',(12.659295199927,-25.1716751483677,0.002));
#19052=CARTESIAN_POINT('',(12.6820861699343,-25.2810416186002,0.));
#19053=CARTESIAN_POINT('Ctrl Pts',(12.6820861699343,-25.2810416186002,0.));
#19054=CARTESIAN_POINT('Ctrl Pts',(12.6601944550551,-25.2364248160522,0.));
#19055=CARTESIAN_POINT('Ctrl Pts',(12.6741826542508,-25.2049195738963,0.));
#19056=CARTESIAN_POINT('Ctrl Pts',(12.659295199927,-25.1716751483677,0.));
#19057=CARTESIAN_POINT('',(12.6820861699343,-25.2810416186002,0.002));
#19058=CARTESIAN_POINT('Ctrl Pts',(12.6820861699343,-25.2810416186002,0.002));
#19059=CARTESIAN_POINT('Ctrl Pts',(12.6601944550551,-25.2364248160522,0.002));
#19060=CARTESIAN_POINT('Ctrl Pts',(12.6741826542508,-25.2049195738963,0.002));
#19061=CARTESIAN_POINT('Ctrl Pts',(12.659295199927,-25.1716751483677,0.002));
#19062=CARTESIAN_POINT('',(12.6820861699343,-25.2810416186002,0.));
#19063=CARTESIAN_POINT('Ctrl Pts',(12.7503640258361,-25.3553910471014,0.));
#19064=CARTESIAN_POINT('Ctrl Pts',(12.7503640258361,-25.3553910471014,0.002));
#19065=CARTESIAN_POINT('Ctrl Pts',(12.71798116156,-25.3344031761692,0.));
#19066=CARTESIAN_POINT('Ctrl Pts',(12.71798116156,-25.3344031761692,0.002));
#19067=CARTESIAN_POINT('Ctrl Pts',(12.7004749351037,-25.3177847327926,0.));
#19068=CARTESIAN_POINT('Ctrl Pts',(12.7004749351037,-25.3177847327926,0.002));
#19069=CARTESIAN_POINT('Ctrl Pts',(12.6820861699343,-25.2810416186002,0.));
#19070=CARTESIAN_POINT('Ctrl Pts',(12.6820861699343,-25.2810416186002,0.002));
#19071=CARTESIAN_POINT('',(12.7503640258361,-25.3553910471014,0.));
#19072=CARTESIAN_POINT('Ctrl Pts',(12.7503640258361,-25.3553910471014,0.));
#19073=CARTESIAN_POINT('Ctrl Pts',(12.71798116156,-25.3344031761692,0.));
#19074=CARTESIAN_POINT('Ctrl Pts',(12.7004749351037,-25.3177847327926,0.));
#19075=CARTESIAN_POINT('Ctrl Pts',(12.6820861699343,-25.2810416186002,0.));
#19076=CARTESIAN_POINT('',(12.7503640258361,-25.3553910471014,0.002));
#19077=CARTESIAN_POINT('Ctrl Pts',(12.7503640258361,-25.3553910471014,0.002));
#19078=CARTESIAN_POINT('Ctrl Pts',(12.71798116156,-25.3344031761692,0.002));
#19079=CARTESIAN_POINT('Ctrl Pts',(12.7004749351037,-25.3177847327926,0.002));
#19080=CARTESIAN_POINT('Ctrl Pts',(12.6820861699343,-25.2810416186002,0.002));
#19081=CARTESIAN_POINT('',(12.7503640258361,-25.3553910471014,0.));
#19082=CARTESIAN_POINT('Ctrl Pts',(12.9752632652478,-25.4200568049417,0.));
#19083=CARTESIAN_POINT('Ctrl Pts',(12.9752632652478,-25.4200568049417,0.002));
#19084=CARTESIAN_POINT('Ctrl Pts',(12.8842635994054,-25.4209658932548,0.));
#19085=CARTESIAN_POINT('Ctrl Pts',(12.8842635994054,-25.4209658932548,0.002));
#19086=CARTESIAN_POINT('Ctrl Pts',(12.811628771316,-25.3947431002404,0.));
#19087=CARTESIAN_POINT('Ctrl Pts',(12.811628771316,-25.3947431002404,0.002));
#19088=CARTESIAN_POINT('Ctrl Pts',(12.7503640258361,-25.3553910471014,0.));
#19089=CARTESIAN_POINT('Ctrl Pts',(12.7503640258361,-25.3553910471014,0.002));
#19090=CARTESIAN_POINT('',(12.9752632652478,-25.4200568049417,0.));
#19091=CARTESIAN_POINT('Ctrl Pts',(12.9752632652478,-25.4200568049417,0.));
#19092=CARTESIAN_POINT('Ctrl Pts',(12.8842635994054,-25.4209658932548,0.));
#19093=CARTESIAN_POINT('Ctrl Pts',(12.811628771316,-25.3947431002404,0.));
#19094=CARTESIAN_POINT('Ctrl Pts',(12.7503640258361,-25.3553910471014,0.));
#19095=CARTESIAN_POINT('',(12.9752632652478,-25.4200568049417,0.002));
#19096=CARTESIAN_POINT('Ctrl Pts',(12.9752632652478,-25.4200568049417,0.002));
#19097=CARTESIAN_POINT('Ctrl Pts',(12.8842635994054,-25.4209658932548,0.002));
#19098=CARTESIAN_POINT('Ctrl Pts',(12.811628771316,-25.3947431002404,0.002));
#19099=CARTESIAN_POINT('Ctrl Pts',(12.7503640258361,-25.3553910471014,0.002));
#19100=CARTESIAN_POINT('',(12.9752632652478,-25.4200568049417,0.));
#19101=CARTESIAN_POINT('Ctrl Pts',(13.2455435199306,-25.1670805408801,0.));
#19102=CARTESIAN_POINT('Ctrl Pts',(13.2455435199306,-25.1670805408801,0.002));
#19103=CARTESIAN_POINT('Ctrl Pts',(13.3418469385036,-25.3096694703997,0.));
#19104=CARTESIAN_POINT('Ctrl Pts',(13.3418469385036,-25.3096694703997,0.002));
#19105=CARTESIAN_POINT('Ctrl Pts',(13.1178872718827,-25.4173783760298,0.));
#19106=CARTESIAN_POINT('Ctrl Pts',(13.1178872718827,-25.4173783760298,0.002));
#19107=CARTESIAN_POINT('Ctrl Pts',(12.9752632652478,-25.4200568049417,0.));
#19108=CARTESIAN_POINT('Ctrl Pts',(12.9752632652478,-25.4200568049417,0.002));
#19109=CARTESIAN_POINT('',(13.2455435199306,-25.1670805408801,0.));
#19110=CARTESIAN_POINT('Ctrl Pts',(13.2455435199306,-25.1670805408801,0.));
#19111=CARTESIAN_POINT('Ctrl Pts',(13.3418469385036,-25.3096694703997,0.));
#19112=CARTESIAN_POINT('Ctrl Pts',(13.1178872718827,-25.4173783760298,0.));
#19113=CARTESIAN_POINT('Ctrl Pts',(12.9752632652478,-25.4200568049417,0.));
#19114=CARTESIAN_POINT('',(13.2455435199306,-25.1670805408801,0.002));
#19115=CARTESIAN_POINT('Ctrl Pts',(13.2455435199306,-25.1670805408801,0.002));
#19116=CARTESIAN_POINT('Ctrl Pts',(13.3418469385036,-25.3096694703997,0.002));
#19117=CARTESIAN_POINT('Ctrl Pts',(13.1178872718827,-25.4173783760298,0.002));
#19118=CARTESIAN_POINT('Ctrl Pts',(12.9752632652478,-25.4200568049417,0.002));
#19119=CARTESIAN_POINT('',(13.2455435199306,-25.1670805408801,0.));
#19120=CARTESIAN_POINT('Ctrl Pts',(12.5121450902857,-24.77098024232,0.));
#19121=CARTESIAN_POINT('Ctrl Pts',(12.5121450902857,-24.77098024232,0.002));
#19122=CARTESIAN_POINT('Ctrl Pts',(12.709114475047,-25.0229064757534,0.));
#19123=CARTESIAN_POINT('Ctrl Pts',(12.709114475047,-25.0229064757534,0.002));
#19124=CARTESIAN_POINT('Ctrl Pts',(13.1308549400442,-24.9973734910307,0.));
#19125=CARTESIAN_POINT('Ctrl Pts',(13.1308549400442,-24.9973734910307,0.002));
#19126=CARTESIAN_POINT('Ctrl Pts',(13.2455435199306,-25.1670805408801,0.));
#19127=CARTESIAN_POINT('Ctrl Pts',(13.2455435199306,-25.1670805408801,0.002));
#19128=CARTESIAN_POINT('',(12.5121450902857,-24.77098024232,0.));
#19129=CARTESIAN_POINT('Ctrl Pts',(12.5121450902857,-24.77098024232,0.));
#19130=CARTESIAN_POINT('Ctrl Pts',(12.709114475047,-25.0229064757534,0.));
#19131=CARTESIAN_POINT('Ctrl Pts',(13.1308549400442,-24.9973734910307,0.));
#19132=CARTESIAN_POINT('Ctrl Pts',(13.2455435199306,-25.1670805408801,0.));
#19133=CARTESIAN_POINT('',(12.5121450902857,-24.77098024232,0.002));
#19134=CARTESIAN_POINT('Ctrl Pts',(12.5121450902857,-24.77098024232,0.002));
#19135=CARTESIAN_POINT('Ctrl Pts',(12.709114475047,-25.0229064757534,0.002));
#19136=CARTESIAN_POINT('Ctrl Pts',(13.1308549400442,-24.9973734910307,0.002));
#19137=CARTESIAN_POINT('Ctrl Pts',(13.2455435199306,-25.1670805408801,0.002));
#19138=CARTESIAN_POINT('',(12.5121450902857,-24.77098024232,0.));
#19139=CARTESIAN_POINT('Ctrl Pts',(12.5006127601265,-24.3509845328347,0.));
#19140=CARTESIAN_POINT('Ctrl Pts',(12.5006127601265,-24.3509845328347,0.002));
#19141=CARTESIAN_POINT('Ctrl Pts',(12.4079119429448,-24.4822692637959,0.));
#19142=CARTESIAN_POINT('Ctrl Pts',(12.4079119429448,-24.4822692637959,0.002));
#19143=CARTESIAN_POINT('Ctrl Pts',(12.4202258516481,-24.6528896634481,0.));
#19144=CARTESIAN_POINT('Ctrl Pts',(12.4202258516481,-24.6528896634481,0.002));
#19145=CARTESIAN_POINT('Ctrl Pts',(12.5121450902857,-24.77098024232,0.));
#19146=CARTESIAN_POINT('Ctrl Pts',(12.5121450902857,-24.77098024232,0.002));
#19147=CARTESIAN_POINT('',(12.5006127601265,-24.3509845328347,0.));
#19148=CARTESIAN_POINT('Ctrl Pts',(12.5006127601265,-24.3509845328347,0.));
#19149=CARTESIAN_POINT('Ctrl Pts',(12.4079119429448,-24.4822692637959,0.));
#19150=CARTESIAN_POINT('Ctrl Pts',(12.4202258516481,-24.6528896634481,0.));
#19151=CARTESIAN_POINT('Ctrl Pts',(12.5121450902857,-24.77098024232,0.));
#19152=CARTESIAN_POINT('',(12.5006127601265,-24.3509845328347,0.002));
#19153=CARTESIAN_POINT('Ctrl Pts',(12.5006127601265,-24.3509845328347,0.002));
#19154=CARTESIAN_POINT('Ctrl Pts',(12.4079119429448,-24.4822692637959,0.002));
#19155=CARTESIAN_POINT('Ctrl Pts',(12.4202258516481,-24.6528896634481,0.002));
#19156=CARTESIAN_POINT('Ctrl Pts',(12.5121450902857,-24.77098024232,0.002));
#19157=CARTESIAN_POINT('',(12.5006127601265,-24.3509845328347,0.));
#19158=CARTESIAN_POINT('Ctrl Pts',(13.3195736976976,-24.2465527447735,0.));
#19159=CARTESIAN_POINT('Ctrl Pts',(13.3195736976976,-24.2465527447735,0.002));
#19160=CARTESIAN_POINT('Ctrl Pts',(13.0850071762666,-24.0690156003539,0.));
#19161=CARTESIAN_POINT('Ctrl Pts',(13.0850071762666,-24.0690156003539,0.002));
#19162=CARTESIAN_POINT('Ctrl Pts',(12.6711472828548,-24.1094206340777,0.));
#19163=CARTESIAN_POINT('Ctrl Pts',(12.6711472828548,-24.1094206340777,0.002));
#19164=CARTESIAN_POINT('Ctrl Pts',(12.5006127601265,-24.3509845328347,0.));
#19165=CARTESIAN_POINT('Ctrl Pts',(12.5006127601265,-24.3509845328347,0.002));
#19166=CARTESIAN_POINT('',(13.3195736976976,-24.2465527447735,0.));
#19167=CARTESIAN_POINT('Ctrl Pts',(13.3195736976976,-24.2465527447735,0.));
#19168=CARTESIAN_POINT('Ctrl Pts',(13.0850071762666,-24.0690156003539,0.));
#19169=CARTESIAN_POINT('Ctrl Pts',(12.6711472828548,-24.1094206340777,0.));
#19170=CARTESIAN_POINT('Ctrl Pts',(12.5006127601265,-24.3509845328347,0.));
#19171=CARTESIAN_POINT('',(13.3195736976976,-24.2465527447735,0.002));
#19172=CARTESIAN_POINT('Ctrl Pts',(13.3195736976976,-24.2465527447735,0.002));
#19173=CARTESIAN_POINT('Ctrl Pts',(13.0850071762666,-24.0690156003539,0.002));
#19174=CARTESIAN_POINT('Ctrl Pts',(12.6711472828548,-24.1094206340777,0.002));
#19175=CARTESIAN_POINT('Ctrl Pts',(12.5006127601265,-24.3509845328347,0.002));
#19176=CARTESIAN_POINT('',(13.3195736976976,-24.2465527447735,0.));
#19177=CARTESIAN_POINT('Ctrl Pts',(13.4912172501634,-24.6297384744099,0.));
#19178=CARTESIAN_POINT('Ctrl Pts',(13.4912172501634,-24.6297384744099,0.002));
#19179=CARTESIAN_POINT('Ctrl Pts',(13.5392747255848,-24.4494704595506,0.));
#19180=CARTESIAN_POINT('Ctrl Pts',(13.5392747255848,-24.4494704595506,0.002));
#19181=CARTESIAN_POINT('Ctrl Pts',(13.4000963083749,-24.3068975854371,0.));
#19182=CARTESIAN_POINT('Ctrl Pts',(13.4000963083749,-24.3068975854371,0.002));
#19183=CARTESIAN_POINT('Ctrl Pts',(13.3195736976976,-24.2465527447735,0.));
#19184=CARTESIAN_POINT('Ctrl Pts',(13.3195736976976,-24.2465527447735,0.002));
#19185=CARTESIAN_POINT('',(13.4912172501634,-24.6297384744099,0.));
#19186=CARTESIAN_POINT('Ctrl Pts',(13.4912172501634,-24.6297384744099,0.));
#19187=CARTESIAN_POINT('Ctrl Pts',(13.5392747255848,-24.4494704595506,0.));
#19188=CARTESIAN_POINT('Ctrl Pts',(13.4000963083749,-24.3068975854371,0.));
#19189=CARTESIAN_POINT('Ctrl Pts',(13.3195736976976,-24.2465527447735,0.));
#19190=CARTESIAN_POINT('',(13.4912172501634,-24.6297384744099,0.002));
#19191=CARTESIAN_POINT('Ctrl Pts',(13.4912172501634,-24.6297384744099,0.002));
#19192=CARTESIAN_POINT('Ctrl Pts',(13.5392747255848,-24.4494704595506,0.002));
#19193=CARTESIAN_POINT('Ctrl Pts',(13.4000963083749,-24.3068975854371,0.002));
#19194=CARTESIAN_POINT('Ctrl Pts',(13.3195736976976,-24.2465527447735,0.002));
#19195=CARTESIAN_POINT('',(13.4912172501634,-24.6297384744099,0.));
#19196=CARTESIAN_POINT('Ctrl Pts',(13.2313419406239,-24.6289608230011,0.));
#19197=CARTESIAN_POINT('Ctrl Pts',(13.2313419406239,-24.6289608230011,0.002));
#19198=CARTESIAN_POINT('Ctrl Pts',(13.2777208704997,-24.6394434471233,0.));
#19199=CARTESIAN_POINT('Ctrl Pts',(13.2777208704997,-24.6394434471233,0.002));
#19200=CARTESIAN_POINT('Ctrl Pts',(13.4430955311378,-24.6385065005848,0.));
#19201=CARTESIAN_POINT('Ctrl Pts',(13.4430955311378,-24.6385065005848,0.002));
#19202=CARTESIAN_POINT('Ctrl Pts',(13.4912172501634,-24.6297384744099,0.));
#19203=CARTESIAN_POINT('Ctrl Pts',(13.4912172501634,-24.6297384744099,0.002));
#19204=CARTESIAN_POINT('',(13.2313419406239,-24.6289608230011,0.));
#19205=CARTESIAN_POINT('Ctrl Pts',(13.2313419406239,-24.6289608230011,0.));
#19206=CARTESIAN_POINT('Ctrl Pts',(13.2777208704997,-24.6394434471233,0.));
#19207=CARTESIAN_POINT('Ctrl Pts',(13.4430955311378,-24.6385065005848,0.));
#19208=CARTESIAN_POINT('Ctrl Pts',(13.4912172501634,-24.6297384744099,0.));
#19209=CARTESIAN_POINT('',(13.2313419406239,-24.6289608230011,0.002));
#19210=CARTESIAN_POINT('Ctrl Pts',(13.2313419406239,-24.6289608230011,0.002));
#19211=CARTESIAN_POINT('Ctrl Pts',(13.2777208704997,-24.6394434471233,0.002));
#19212=CARTESIAN_POINT('Ctrl Pts',(13.4430955311378,-24.6385065005848,0.002));
#19213=CARTESIAN_POINT('Ctrl Pts',(13.4912172501634,-24.6297384744099,0.002));
#19214=CARTESIAN_POINT('',(13.2313419406239,-24.6289608230011,0.));
#19215=CARTESIAN_POINT('Ctrl Pts',(13.1498945085384,-24.4356163194416,0.));
#19216=CARTESIAN_POINT('Ctrl Pts',(13.1498945085384,-24.4356163194416,0.002));
#19217=CARTESIAN_POINT('Ctrl Pts',(13.2374181020431,-24.498583537739,0.));
#19218=CARTESIAN_POINT('Ctrl Pts',(13.2374181020431,-24.498583537739,0.002));
#19219=CARTESIAN_POINT('Ctrl Pts',(13.2050539208179,-24.527470663307,0.));
#19220=CARTESIAN_POINT('Ctrl Pts',(13.2050539208179,-24.527470663307,0.002));
#19221=CARTESIAN_POINT('Ctrl Pts',(13.2313419406239,-24.6289608230011,0.));
#19222=CARTESIAN_POINT('Ctrl Pts',(13.2313419406239,-24.6289608230011,0.002));
#19223=CARTESIAN_POINT('',(13.1498945085384,-24.4356163194416,0.));
#19224=CARTESIAN_POINT('Ctrl Pts',(13.1498945085384,-24.4356163194416,0.));
#19225=CARTESIAN_POINT('Ctrl Pts',(13.2374181020431,-24.498583537739,0.));
#19226=CARTESIAN_POINT('Ctrl Pts',(13.2050539208179,-24.527470663307,0.));
#19227=CARTESIAN_POINT('Ctrl Pts',(13.2313419406239,-24.6289608230011,0.));
#19228=CARTESIAN_POINT('',(13.1498945085384,-24.4356163194416,0.002));
#19229=CARTESIAN_POINT('Ctrl Pts',(13.1498945085384,-24.4356163194416,0.002));
#19230=CARTESIAN_POINT('Ctrl Pts',(13.2374181020431,-24.498583537739,0.002));
#19231=CARTESIAN_POINT('Ctrl Pts',(13.2050539208179,-24.527470663307,0.002));
#19232=CARTESIAN_POINT('Ctrl Pts',(13.2313419406239,-24.6289608230011,0.002));
#19233=CARTESIAN_POINT('',(13.1498945085384,-24.4356163194416,0.));
#19234=CARTESIAN_POINT('Ctrl Pts',(12.7711041005104,-24.661508229237,0.));
#19235=CARTESIAN_POINT('Ctrl Pts',(12.7711041005104,-24.661508229237,0.002));
#19236=CARTESIAN_POINT('Ctrl Pts',(12.5409096288167,-24.4760944465058,0.));
#19237=CARTESIAN_POINT('Ctrl Pts',(12.5409096288167,-24.4760944465058,0.002));
#19238=CARTESIAN_POINT('Ctrl Pts',(12.9380878186955,-24.284320651087,0.));
#19239=CARTESIAN_POINT('Ctrl Pts',(12.9380878186955,-24.284320651087,0.002));
#19240=CARTESIAN_POINT('Ctrl Pts',(13.1498945085384,-24.4356163194416,0.));
#19241=CARTESIAN_POINT('Ctrl Pts',(13.1498945085384,-24.4356163194416,0.002));
#19242=CARTESIAN_POINT('',(12.7711041005104,-24.661508229237,0.));
#19243=CARTESIAN_POINT('Ctrl Pts',(12.7711041005104,-24.661508229237,0.));
#19244=CARTESIAN_POINT('Ctrl Pts',(12.5409096288167,-24.4760944465058,0.));
#19245=CARTESIAN_POINT('Ctrl Pts',(12.9380878186955,-24.284320651087,0.));
#19246=CARTESIAN_POINT('Ctrl Pts',(13.1498945085384,-24.4356163194416,0.));
#19247=CARTESIAN_POINT('',(12.7711041005104,-24.661508229237,0.002));
#19248=CARTESIAN_POINT('Ctrl Pts',(12.7711041005104,-24.661508229237,0.002));
#19249=CARTESIAN_POINT('Ctrl Pts',(12.5409096288167,-24.4760944465058,0.002));
#19250=CARTESIAN_POINT('Ctrl Pts',(12.9380878186955,-24.284320651087,0.002));
#19251=CARTESIAN_POINT('Ctrl Pts',(13.1498945085384,-24.4356163194416,0.002));
#19252=CARTESIAN_POINT('',(12.7711041005104,-24.661508229237,0.));
#19253=CARTESIAN_POINT('Ctrl Pts',(13.4975048250562,-25.0637361495499,0.));
#19254=CARTESIAN_POINT('Ctrl Pts',(13.4975048250562,-25.0637361495499,0.002));
#19255=CARTESIAN_POINT('Ctrl Pts',(13.3512716702755,-24.7750409078711,0.));
#19256=CARTESIAN_POINT('Ctrl Pts',(13.3512716702755,-24.7750409078711,0.002));
#19257=CARTESIAN_POINT('Ctrl Pts',(12.9636621027945,-24.8163111083489,0.));
#19258=CARTESIAN_POINT('Ctrl Pts',(12.9636621027945,-24.8163111083489,0.002));
#19259=CARTESIAN_POINT('Ctrl Pts',(12.7711041005104,-24.661508229237,0.));
#19260=CARTESIAN_POINT('Ctrl Pts',(12.7711041005104,-24.661508229237,0.002));
#19261=CARTESIAN_POINT('',(13.4975048250562,-25.0637361495499,0.));
#19262=CARTESIAN_POINT('Ctrl Pts',(13.4975048250562,-25.0637361495499,0.));
#19263=CARTESIAN_POINT('Ctrl Pts',(13.3512716702755,-24.7750409078711,0.));
#19264=CARTESIAN_POINT('Ctrl Pts',(12.9636621027945,-24.8163111083489,0.));
#19265=CARTESIAN_POINT('Ctrl Pts',(12.7711041005104,-24.661508229237,0.));
#19266=CARTESIAN_POINT('',(13.4975048250562,-25.0637361495499,0.002));
#19267=CARTESIAN_POINT('Ctrl Pts',(13.4975048250562,-25.0637361495499,0.002));
#19268=CARTESIAN_POINT('Ctrl Pts',(13.3512716702755,-24.7750409078711,0.002));
#19269=CARTESIAN_POINT('Ctrl Pts',(12.9636621027945,-24.8163111083489,0.002));
#19270=CARTESIAN_POINT('Ctrl Pts',(12.7711041005104,-24.661508229237,0.002));
#19271=CARTESIAN_POINT('',(13.4975048250562,-25.0637361495499,0.));
#19272=CARTESIAN_POINT('Ctrl Pts',(13.0383514317182,-25.6554081887838,0.));
#19273=CARTESIAN_POINT('Ctrl Pts',(13.0383514317182,-25.6554081887838,0.002));
#19274=CARTESIAN_POINT('Ctrl Pts',(13.3997136232235,-25.6211478209998,0.));
#19275=CARTESIAN_POINT('Ctrl Pts',(13.3997136232235,-25.6211478209998,0.002));
#19276=CARTESIAN_POINT('Ctrl Pts',(13.6332297862531,-25.3305603260377,0.));
#19277=CARTESIAN_POINT('Ctrl Pts',(13.6332297862531,-25.3305603260377,0.002));
#19278=CARTESIAN_POINT('Ctrl Pts',(13.4975048250562,-25.0637361495499,0.));
#19279=CARTESIAN_POINT('Ctrl Pts',(13.4975048250562,-25.0637361495499,0.002));
#19280=CARTESIAN_POINT('',(13.0383514317182,-25.6554081887838,0.));
#19281=CARTESIAN_POINT('Ctrl Pts',(13.0383514317182,-25.6554081887838,0.));
#19282=CARTESIAN_POINT('Ctrl Pts',(13.3997136232235,-25.6211478209998,0.));
#19283=CARTESIAN_POINT('Ctrl Pts',(13.6332297862531,-25.3305603260377,0.));
#19284=CARTESIAN_POINT('Ctrl Pts',(13.4975048250562,-25.0637361495499,0.));
#19285=CARTESIAN_POINT('',(13.0383514317182,-25.6554081887838,0.002));
#19286=CARTESIAN_POINT('Ctrl Pts',(13.0383514317182,-25.6554081887838,0.002));
#19287=CARTESIAN_POINT('Ctrl Pts',(13.3997136232235,-25.6211478209998,0.002));
#19288=CARTESIAN_POINT('Ctrl Pts',(13.6332297862531,-25.3305603260377,0.002));
#19289=CARTESIAN_POINT('Ctrl Pts',(13.4975048250562,-25.0637361495499,0.002));
#19290=CARTESIAN_POINT('',(13.0383514317182,-25.6554081887838,0.));
#19291=CARTESIAN_POINT('Ctrl Pts',(12.4458820747059,-25.4036301086689,0.));
#19292=CARTESIAN_POINT('Ctrl Pts',(12.4458820747059,-25.4036301086689,0.002));
#19293=CARTESIAN_POINT('Ctrl Pts',(12.5430739335486,-25.5820937133592,0.));
#19294=CARTESIAN_POINT('Ctrl Pts',(12.5430739335486,-25.5820937133592,0.002));
#19295=CARTESIAN_POINT('Ctrl Pts',(12.8056096423693,-25.6773703748201,0.));
#19296=CARTESIAN_POINT('Ctrl Pts',(12.8056096423693,-25.6773703748201,0.002));
#19297=CARTESIAN_POINT('Ctrl Pts',(13.0383514317182,-25.6554081887838,0.));
#19298=CARTESIAN_POINT('Ctrl Pts',(13.0383514317182,-25.6554081887838,0.002));
#19299=CARTESIAN_POINT('',(12.4458820747059,-25.4036301086689,0.));
#19300=CARTESIAN_POINT('Ctrl Pts',(12.4458820747059,-25.4036301086689,0.));
#19301=CARTESIAN_POINT('Ctrl Pts',(12.5430739335486,-25.5820937133592,0.));
#19302=CARTESIAN_POINT('Ctrl Pts',(12.8056096423693,-25.6773703748201,0.));
#19303=CARTESIAN_POINT('Ctrl Pts',(13.0383514317182,-25.6554081887838,0.));
#19304=CARTESIAN_POINT('',(12.4458820747059,-25.4036301086689,0.002));
#19305=CARTESIAN_POINT('Ctrl Pts',(12.4458820747059,-25.4036301086689,0.002));
#19306=CARTESIAN_POINT('Ctrl Pts',(12.5430739335486,-25.5820937133592,0.002));
#19307=CARTESIAN_POINT('Ctrl Pts',(12.8056096423693,-25.6773703748201,0.002));
#19308=CARTESIAN_POINT('Ctrl Pts',(13.0383514317182,-25.6554081887838,0.002));
#19309=CARTESIAN_POINT('',(12.4458820747059,-25.4036301086689,0.));
#19310=CARTESIAN_POINT('Ctrl Pts',(12.4037935789892,-25.1673958583403,0.));
#19311=CARTESIAN_POINT('Ctrl Pts',(12.4037935789892,-25.1673958583403,0.002));
#19312=CARTESIAN_POINT('Ctrl Pts',(12.3836990632745,-25.2487783914059,0.));
#19313=CARTESIAN_POINT('Ctrl Pts',(12.3836990632745,-25.2487783914059,0.002));
#19314=CARTESIAN_POINT('Ctrl Pts',(12.4108581497453,-25.3397682240635,0.));
#19315=CARTESIAN_POINT('Ctrl Pts',(12.4108581497453,-25.3397682240635,0.002));
#19316=CARTESIAN_POINT('Ctrl Pts',(12.4458820747059,-25.4036301086689,0.));
#19317=CARTESIAN_POINT('Ctrl Pts',(12.4458820747059,-25.4036301086689,0.002));
#19318=CARTESIAN_POINT('Ctrl Pts',(12.4037935789892,-25.1673958583403,0.));
#19319=CARTESIAN_POINT('Ctrl Pts',(12.3836990632745,-25.2487783914059,0.));
#19320=CARTESIAN_POINT('Ctrl Pts',(12.4108581497453,-25.3397682240635,0.));
#19321=CARTESIAN_POINT('Ctrl Pts',(12.4458820747059,-25.4036301086689,0.));
#19322=CARTESIAN_POINT('Ctrl Pts',(12.4037935789892,-25.1673958583403,0.002));
#19323=CARTESIAN_POINT('Ctrl Pts',(12.3836990632745,-25.2487783914059,0.002));
#19324=CARTESIAN_POINT('Ctrl Pts',(12.4108581497453,-25.3397682240635,0.002));
#19325=CARTESIAN_POINT('Ctrl Pts',(12.4458820747059,-25.4036301086689,0.002));
#19326=CARTESIAN_POINT('Origin',(12.9720227427864,-24.9057347168275,0.002));
#19327=CARTESIAN_POINT('Origin',(12.9720227427864,-24.9057347168275,0.));
#19328=CARTESIAN_POINT('Ctrl Pts',(17.581711509573,-24.2799561608743,0.));
#19329=CARTESIAN_POINT('Ctrl Pts',(17.581711509573,-24.2799561608743,0.002));
#19330=CARTESIAN_POINT('Ctrl Pts',(17.5817515021998,-24.386706153318,0.));
#19331=CARTESIAN_POINT('Ctrl Pts',(17.5817515021998,-24.386706153318,0.002));
#19332=CARTESIAN_POINT('Ctrl Pts',(17.5704492656707,-24.5809604005669,0.));
#19333=CARTESIAN_POINT('Ctrl Pts',(17.5704492656707,-24.5809604005669,0.002));
#19334=CARTESIAN_POINT('Ctrl Pts',(17.5862356459026,-24.678079494077,0.));
#19335=CARTESIAN_POINT('Ctrl Pts',(17.5862356459026,-24.678079494077,0.002));
#19336=CARTESIAN_POINT('',(17.581711509573,-24.2799561608743,0.));
#19337=CARTESIAN_POINT('',(17.5862356459026,-24.678079494077,0.));
#19338=CARTESIAN_POINT('Ctrl Pts',(17.581711509573,-24.2799561608743,0.));
#19339=CARTESIAN_POINT('Ctrl Pts',(17.5817515021998,-24.386706153318,0.));
#19340=CARTESIAN_POINT('Ctrl Pts',(17.5704492656707,-24.5809604005669,0.));
#19341=CARTESIAN_POINT('Ctrl Pts',(17.5862356459026,-24.678079494077,0.));
#19342=CARTESIAN_POINT('',(17.5862356459026,-24.678079494077,0.002));
#19343=CARTESIAN_POINT('',(17.5862356459026,-24.678079494077,0.));
#19344=CARTESIAN_POINT('',(17.581711509573,-24.2799561608743,0.002));
#19345=CARTESIAN_POINT('Ctrl Pts',(17.581711509573,-24.2799561608743,0.002));
#19346=CARTESIAN_POINT('Ctrl Pts',(17.5817515021998,-24.386706153318,0.002));
#19347=CARTESIAN_POINT('Ctrl Pts',(17.5704492656707,-24.5809604005669,0.002));
#19348=CARTESIAN_POINT('Ctrl Pts',(17.5862356459026,-24.678079494077,0.002));
#19349=CARTESIAN_POINT('',(17.581711509573,-24.2799561608743,0.));
#19350=CARTESIAN_POINT('Ctrl Pts',(17.8485330638777,-24.1372312001686,0.));
#19351=CARTESIAN_POINT('Ctrl Pts',(17.8485330638777,-24.1372312001686,0.002));
#19352=CARTESIAN_POINT('Ctrl Pts',(17.5370330793578,-24.137347889293,0.));
#19353=CARTESIAN_POINT('Ctrl Pts',(17.5370330793578,-24.137347889293,0.002));
#19354=CARTESIAN_POINT('Ctrl Pts',(17.5816488974916,-24.1128311726033,0.));
#19355=CARTESIAN_POINT('Ctrl Pts',(17.5816488974916,-24.1128311726033,0.002));
#19356=CARTESIAN_POINT('Ctrl Pts',(17.581711509573,-24.2799561608743,0.));
#19357=CARTESIAN_POINT('Ctrl Pts',(17.581711509573,-24.2799561608743,0.002));
#19358=CARTESIAN_POINT('',(17.8485330638777,-24.1372312001686,0.));
#19359=CARTESIAN_POINT('Ctrl Pts',(17.8485330638777,-24.1372312001686,0.));
#19360=CARTESIAN_POINT('Ctrl Pts',(17.5370330793578,-24.137347889293,0.));
#19361=CARTESIAN_POINT('Ctrl Pts',(17.5816488974916,-24.1128311726033,0.));
#19362=CARTESIAN_POINT('Ctrl Pts',(17.581711509573,-24.2799561608743,0.));
#19363=CARTESIAN_POINT('',(17.8485330638777,-24.1372312001686,0.002));
#19364=CARTESIAN_POINT('Ctrl Pts',(17.8485330638777,-24.1372312001686,0.002));
#19365=CARTESIAN_POINT('Ctrl Pts',(17.5370330793578,-24.137347889293,0.002));
#19366=CARTESIAN_POINT('Ctrl Pts',(17.5816488974916,-24.1128311726033,0.002));
#19367=CARTESIAN_POINT('Ctrl Pts',(17.581711509573,-24.2799561608743,0.002));
#19368=CARTESIAN_POINT('',(17.8485330638777,-24.1372312001686,0.));
#19369=CARTESIAN_POINT('Ctrl Pts',(17.5862356459026,-24.678079494077,0.));
#19370=CARTESIAN_POINT('Ctrl Pts',(17.5862356459026,-24.678079494077,0.002));
#19371=CARTESIAN_POINT('Ctrl Pts',(17.6535378756077,-24.4838042691984,0.));
#19372=CARTESIAN_POINT('Ctrl Pts',(17.6535378756077,-24.4838042691984,0.002));
#19373=CARTESIAN_POINT('Ctrl Pts',(17.8275589594046,-24.2063640618671,0.));
#19374=CARTESIAN_POINT('Ctrl Pts',(17.8275589594046,-24.2063640618671,0.002));
#19375=CARTESIAN_POINT('Ctrl Pts',(17.8485330638777,-24.1372312001686,0.));
#19376=CARTESIAN_POINT('Ctrl Pts',(17.8485330638777,-24.1372312001686,0.002));
#19377=CARTESIAN_POINT('Ctrl Pts',(17.5862356459026,-24.678079494077,0.));
#19378=CARTESIAN_POINT('Ctrl Pts',(17.6535378756077,-24.4838042691984,0.));
#19379=CARTESIAN_POINT('Ctrl Pts',(17.8275589594046,-24.2063640618671,0.));
#19380=CARTESIAN_POINT('Ctrl Pts',(17.8485330638777,-24.1372312001686,0.));
#19381=CARTESIAN_POINT('Ctrl Pts',(17.5862356459026,-24.678079494077,0.002));
#19382=CARTESIAN_POINT('Ctrl Pts',(17.6535378756077,-24.4838042691984,0.002));
#19383=CARTESIAN_POINT('Ctrl Pts',(17.8275589594046,-24.2063640618671,0.002));
#19384=CARTESIAN_POINT('Ctrl Pts',(17.8485330638777,-24.1372312001686,0.002));
#19385=CARTESIAN_POINT('Origin',(17.6637748949431,-24.3586002060729,0.002));
#19386=CARTESIAN_POINT('Origin',(17.6637748949431,-24.3586002060729,0.));
#19387=CARTESIAN_POINT('Ctrl Pts',(17.7515752348343,-24.5835175516429,0.));
#19388=CARTESIAN_POINT('Ctrl Pts',(17.7515752348343,-24.5835175516429,0.002));
#19389=CARTESIAN_POINT('Ctrl Pts',(17.6930236728001,-24.7795395001787,0.));
#19390=CARTESIAN_POINT('Ctrl Pts',(17.6930236728001,-24.7795395001787,0.002));
#19391=CARTESIAN_POINT('Ctrl Pts',(17.5410611288161,-25.5469714765452,0.));
#19392=CARTESIAN_POINT('Ctrl Pts',(17.5410611288161,-25.5469714765452,0.002));
#19393=CARTESIAN_POINT('Ctrl Pts',(17.5918439012349,-25.6344524603392,0.));
#19394=CARTESIAN_POINT('Ctrl Pts',(17.5918439012349,-25.6344524603392,0.002));
#19395=CARTESIAN_POINT('',(17.7515752348343,-24.5835175516429,0.));
#19396=CARTESIAN_POINT('',(17.5918439012349,-25.6344524603392,0.));
#19397=CARTESIAN_POINT('Ctrl Pts',(17.7515752348343,-24.5835175516429,0.));
#19398=CARTESIAN_POINT('Ctrl Pts',(17.6930236728001,-24.7795395001787,0.));
#19399=CARTESIAN_POINT('Ctrl Pts',(17.5410611288161,-25.5469714765452,0.));
#19400=CARTESIAN_POINT('Ctrl Pts',(17.5918439012349,-25.6344524603392,0.));
#19401=CARTESIAN_POINT('',(17.5918439012349,-25.6344524603392,0.002));
#19402=CARTESIAN_POINT('',(17.5918439012349,-25.6344524603392,0.));
#19403=CARTESIAN_POINT('',(17.7515752348343,-24.5835175516429,0.002));
#19404=CARTESIAN_POINT('Ctrl Pts',(17.7515752348343,-24.5835175516429,0.002));
#19405=CARTESIAN_POINT('Ctrl Pts',(17.6930236728001,-24.7795395001787,0.002));
#19406=CARTESIAN_POINT('Ctrl Pts',(17.5410611288161,-25.5469714765452,0.002));
#19407=CARTESIAN_POINT('Ctrl Pts',(17.5918439012349,-25.6344524603392,0.002));
#19408=CARTESIAN_POINT('',(17.7515752348343,-24.5835175516429,0.));
#19409=CARTESIAN_POINT('Origin',(17.8739644390237,-24.2877216841973,0.));
#19410=CARTESIAN_POINT('',(17.8739644390237,-24.2877216841973,0.));
#19411=CARTESIAN_POINT('',(17.8739644390237,-24.2877216841973,0.));
#19412=CARTESIAN_POINT('',(17.8739644390237,-24.2877216841973,0.002));
#19413=CARTESIAN_POINT('',(17.8739644390237,-24.2877216841973,0.002));
#19414=CARTESIAN_POINT('',(17.8739644390237,-24.2877216841973,0.));
#19415=CARTESIAN_POINT('Ctrl Pts',(17.8752986486939,-25.5135962704151,0.));
#19416=CARTESIAN_POINT('Ctrl Pts',(17.8752986486939,-25.5135962704151,0.002));
#19417=CARTESIAN_POINT('Ctrl Pts',(17.8742758232102,-25.1189716258756,0.));
#19418=CARTESIAN_POINT('Ctrl Pts',(17.8742758232102,-25.1189716258756,0.002));
#19419=CARTESIAN_POINT('Ctrl Pts',(17.8854820194054,-24.6683423964455,0.));
#19420=CARTESIAN_POINT('Ctrl Pts',(17.8854820194054,-24.6683423964455,0.002));
#19421=CARTESIAN_POINT('Ctrl Pts',(17.8739644390237,-24.2877216841973,0.));
#19422=CARTESIAN_POINT('Ctrl Pts',(17.8739644390237,-24.2877216841973,0.002));
#19423=CARTESIAN_POINT('',(17.8752986486939,-25.5135962704151,0.));
#19424=CARTESIAN_POINT('Ctrl Pts',(17.8752986486939,-25.5135962704151,0.));
#19425=CARTESIAN_POINT('Ctrl Pts',(17.8742758232102,-25.1189716258756,0.));
#19426=CARTESIAN_POINT('Ctrl Pts',(17.8854820194054,-24.6683423964455,0.));
#19427=CARTESIAN_POINT('Ctrl Pts',(17.8739644390237,-24.2877216841973,0.));
#19428=CARTESIAN_POINT('',(17.8752986486939,-25.5135962704151,0.002));
#19429=CARTESIAN_POINT('Ctrl Pts',(17.8752986486939,-25.5135962704151,0.002));
#19430=CARTESIAN_POINT('Ctrl Pts',(17.8742758232102,-25.1189716258756,0.002));
#19431=CARTESIAN_POINT('Ctrl Pts',(17.8854820194054,-24.6683423964455,0.002));
#19432=CARTESIAN_POINT('Ctrl Pts',(17.8739644390237,-24.2877216841973,0.002));
#19433=CARTESIAN_POINT('',(17.8752986486939,-25.5135962704151,0.));
#19434=CARTESIAN_POINT('Ctrl Pts',(17.6915991386016,-25.6484150932546,0.));
#19435=CARTESIAN_POINT('Ctrl Pts',(17.6915991386016,-25.6484150932546,0.002));
#19436=CARTESIAN_POINT('Ctrl Pts',(17.9042234653353,-25.6465854451901,0.));
#19437=CARTESIAN_POINT('Ctrl Pts',(17.9042234653353,-25.6465854451901,0.002));
#19438=CARTESIAN_POINT('Ctrl Pts',(17.87535436694,-25.6623462599794,0.));
#19439=CARTESIAN_POINT('Ctrl Pts',(17.87535436694,-25.6623462599794,0.002));
#19440=CARTESIAN_POINT('Ctrl Pts',(17.8752986486939,-25.5135962704151,0.));
#19441=CARTESIAN_POINT('Ctrl Pts',(17.8752986486939,-25.5135962704151,0.002));
#19442=CARTESIAN_POINT('',(17.6915991386016,-25.6484150932546,0.));
#19443=CARTESIAN_POINT('Ctrl Pts',(17.6915991386016,-25.6484150932546,0.));
#19444=CARTESIAN_POINT('Ctrl Pts',(17.9042234653353,-25.6465854451901,0.));
#19445=CARTESIAN_POINT('Ctrl Pts',(17.87535436694,-25.6623462599794,0.));
#19446=CARTESIAN_POINT('Ctrl Pts',(17.8752986486939,-25.5135962704151,0.));
#19447=CARTESIAN_POINT('',(17.6915991386016,-25.6484150932546,0.002));
#19448=CARTESIAN_POINT('Ctrl Pts',(17.6915991386016,-25.6484150932546,0.002));
#19449=CARTESIAN_POINT('Ctrl Pts',(17.9042234653353,-25.6465854451901,0.002));
#19450=CARTESIAN_POINT('Ctrl Pts',(17.87535436694,-25.6623462599794,0.002));
#19451=CARTESIAN_POINT('Ctrl Pts',(17.8752986486939,-25.5135962704151,0.002));
#19452=CARTESIAN_POINT('',(17.6915991386016,-25.6484150932546,0.));
#19453=CARTESIAN_POINT('Origin',(17.6110978331583,-25.6449452486003,0.));
#19454=CARTESIAN_POINT('',(17.6110978331583,-25.6449452486003,0.));
#19455=CARTESIAN_POINT('',(17.6110978331583,-25.6449452486003,0.));
#19456=CARTESIAN_POINT('',(17.6110978331583,-25.6449452486003,0.002));
#19457=CARTESIAN_POINT('',(17.6110978331583,-25.6449452486003,0.002));
#19458=CARTESIAN_POINT('',(17.6110978331583,-25.6449452486003,0.));
#19459=CARTESIAN_POINT('Ctrl Pts',(17.5918439012349,-25.6344524603392,0.));
#19460=CARTESIAN_POINT('Ctrl Pts',(17.5918439012349,-25.6344524603392,0.002));
#19461=CARTESIAN_POINT('Ctrl Pts',(17.6049731613552,-25.6458225429106,0.));
#19462=CARTESIAN_POINT('Ctrl Pts',(17.6049731613552,-25.6458225429106,0.002));
#19463=CARTESIAN_POINT('Ctrl Pts',(17.5900952124925,-25.63795311551,0.));
#19464=CARTESIAN_POINT('Ctrl Pts',(17.5900952124925,-25.63795311551,0.002));
#19465=CARTESIAN_POINT('Ctrl Pts',(17.6110978331583,-25.6449452486003,0.));
#19466=CARTESIAN_POINT('Ctrl Pts',(17.6110978331583,-25.6449452486003,0.002));
#19467=CARTESIAN_POINT('Ctrl Pts',(17.5918439012349,-25.6344524603392,0.));
#19468=CARTESIAN_POINT('Ctrl Pts',(17.6049731613552,-25.6458225429106,0.));
#19469=CARTESIAN_POINT('Ctrl Pts',(17.5900952124925,-25.63795311551,0.));
#19470=CARTESIAN_POINT('Ctrl Pts',(17.6110978331583,-25.6449452486003,0.));
#19471=CARTESIAN_POINT('Ctrl Pts',(17.5918439012349,-25.6344524603392,0.002));
#19472=CARTESIAN_POINT('Ctrl Pts',(17.6049731613552,-25.6458225429106,0.002));
#19473=CARTESIAN_POINT('Ctrl Pts',(17.5900952124925,-25.63795311551,0.002));
#19474=CARTESIAN_POINT('Ctrl Pts',(17.6110978331583,-25.6449452486003,0.002));
#19475=CARTESIAN_POINT('Origin',(17.7750153946782,-25.0064658695352,0.002));
#19476=CARTESIAN_POINT('Origin',(17.7750153946782,-25.0064658695352,0.));
#19477=CARTESIAN_POINT('Ctrl Pts',(10.8723286674493,-24.5939695010615,0.));
#19478=CARTESIAN_POINT('Ctrl Pts',(10.8723286674493,-24.5939695010615,0.002));
#19479=CARTESIAN_POINT('Ctrl Pts',(10.8286334085813,-24.7401108794505,0.));
#19480=CARTESIAN_POINT('Ctrl Pts',(10.8286334085813,-24.7401108794505,0.002));
#19481=CARTESIAN_POINT('Ctrl Pts',(10.8445974431322,-25.3114799394514,0.));
#19482=CARTESIAN_POINT('Ctrl Pts',(10.8445974431322,-25.3114799394514,0.002));
#19483=CARTESIAN_POINT('Ctrl Pts',(10.8446806974307,-25.5337299238576,0.));
#19484=CARTESIAN_POINT('Ctrl Pts',(10.8446806974307,-25.5337299238576,0.002));
#19485=CARTESIAN_POINT('',(10.8723286674493,-24.5939695010615,0.));
#19486=CARTESIAN_POINT('',(10.8446806974307,-25.5337299238576,0.));
#19487=CARTESIAN_POINT('Ctrl Pts',(10.8723286674493,-24.5939695010615,0.));
#19488=CARTESIAN_POINT('Ctrl Pts',(10.8286334085813,-24.7401108794505,0.));
#19489=CARTESIAN_POINT('Ctrl Pts',(10.8445974431322,-25.3114799394514,0.));
#19490=CARTESIAN_POINT('Ctrl Pts',(10.8446806974307,-25.5337299238576,0.));
#19491=CARTESIAN_POINT('',(10.8446806974307,-25.5337299238576,0.002));
#19492=CARTESIAN_POINT('',(10.8446806974307,-25.5337299238576,0.));
#19493=CARTESIAN_POINT('',(10.8723286674493,-24.5939695010615,0.002));
#19494=CARTESIAN_POINT('Ctrl Pts',(10.8723286674493,-24.5939695010615,0.002));
#19495=CARTESIAN_POINT('Ctrl Pts',(10.8286334085813,-24.7401108794505,0.002));
#19496=CARTESIAN_POINT('Ctrl Pts',(10.8445974431322,-25.3114799394514,0.002));
#19497=CARTESIAN_POINT('Ctrl Pts',(10.8446806974307,-25.5337299238576,0.002));
#19498=CARTESIAN_POINT('',(10.8723286674493,-24.5939695010615,0.));
#19499=CARTESIAN_POINT('Ctrl Pts',(11.5476581781847,-24.1387164923621,0.));
#19500=CARTESIAN_POINT('Ctrl Pts',(11.5476581781847,-24.1387164923621,0.002));
#19501=CARTESIAN_POINT('Ctrl Pts',(11.2274082006536,-24.1388364572173,0.));
#19502=CARTESIAN_POINT('Ctrl Pts',(11.2274082006536,-24.1388364572173,0.002));
#19503=CARTESIAN_POINT('Ctrl Pts',(10.9597191851861,-24.3016867442839,0.));
#19504=CARTESIAN_POINT('Ctrl Pts',(10.9597191851861,-24.3016867442839,0.002));
#19505=CARTESIAN_POINT('Ctrl Pts',(10.8723286674493,-24.5939695010615,0.));
#19506=CARTESIAN_POINT('Ctrl Pts',(10.8723286674493,-24.5939695010615,0.002));
#19507=CARTESIAN_POINT('',(11.5476581781847,-24.1387164923621,0.));
#19508=CARTESIAN_POINT('Ctrl Pts',(11.5476581781847,-24.1387164923621,0.));
#19509=CARTESIAN_POINT('Ctrl Pts',(11.2274082006536,-24.1388364572173,0.));
#19510=CARTESIAN_POINT('Ctrl Pts',(10.9597191851861,-24.3016867442839,0.));
#19511=CARTESIAN_POINT('Ctrl Pts',(10.8723286674493,-24.5939695010615,0.));
#19512=CARTESIAN_POINT('',(11.5476581781847,-24.1387164923621,0.002));
#19513=CARTESIAN_POINT('Ctrl Pts',(11.5476581781847,-24.1387164923621,0.002));
#19514=CARTESIAN_POINT('Ctrl Pts',(11.2274082006536,-24.1388364572173,0.002));
#19515=CARTESIAN_POINT('Ctrl Pts',(10.9597191851861,-24.3016867442839,0.002));
#19516=CARTESIAN_POINT('Ctrl Pts',(10.8723286674493,-24.5939695010615,0.002));
#19517=CARTESIAN_POINT('',(11.5476581781847,-24.1387164923621,0.));
#19518=CARTESIAN_POINT('Ctrl Pts',(12.2198262784966,-24.5873397313367,0.));
#19519=CARTESIAN_POINT('Ctrl Pts',(12.2198262784966,-24.5873397313367,0.002));
#19520=CARTESIAN_POINT('Ctrl Pts',(12.1374792635107,-24.328370560154,0.));
#19521=CARTESIAN_POINT('Ctrl Pts',(12.1374792635107,-24.328370560154,0.002));
#19522=CARTESIAN_POINT('Ctrl Pts',(11.9011584811554,-24.1394590720782,0.));
#19523=CARTESIAN_POINT('Ctrl Pts',(11.9011584811554,-24.1394590720782,0.002));
#19524=CARTESIAN_POINT('Ctrl Pts',(11.5476581781847,-24.1387164923621,0.));
#19525=CARTESIAN_POINT('Ctrl Pts',(11.5476581781847,-24.1387164923621,0.002));
#19526=CARTESIAN_POINT('',(12.2198262784966,-24.5873397313367,0.));
#19527=CARTESIAN_POINT('Ctrl Pts',(12.2198262784966,-24.5873397313367,0.));
#19528=CARTESIAN_POINT('Ctrl Pts',(12.1374792635107,-24.328370560154,0.));
#19529=CARTESIAN_POINT('Ctrl Pts',(11.9011584811554,-24.1394590720782,0.));
#19530=CARTESIAN_POINT('Ctrl Pts',(11.5476581781847,-24.1387164923621,0.));
#19531=CARTESIAN_POINT('',(12.2198262784966,-24.5873397313367,0.002));
#19532=CARTESIAN_POINT('Ctrl Pts',(12.2198262784966,-24.5873397313367,0.002));
#19533=CARTESIAN_POINT('Ctrl Pts',(12.1374792635107,-24.328370560154,0.002));
#19534=CARTESIAN_POINT('Ctrl Pts',(11.9011584811554,-24.1394590720782,0.002));
#19535=CARTESIAN_POINT('Ctrl Pts',(11.5476581781847,-24.1387164923621,0.002));
#19536=CARTESIAN_POINT('',(12.2198262784966,-24.5873397313367,0.));
#19537=CARTESIAN_POINT('Ctrl Pts',(12.249953542934,-25.594453516399,0.));
#19538=CARTESIAN_POINT('Ctrl Pts',(12.249953542934,-25.594453516399,0.002));
#19539=CARTESIAN_POINT('Ctrl Pts',(12.2507413553003,-25.3617032049563,0.));
#19540=CARTESIAN_POINT('Ctrl Pts',(12.2507413553003,-25.3617032049563,0.002));
#19541=CARTESIAN_POINT('Ctrl Pts',(12.2645033912454,-24.7264480051613,0.));
#19542=CARTESIAN_POINT('Ctrl Pts',(12.2645033912454,-24.7264480051613,0.002));
#19543=CARTESIAN_POINT('Ctrl Pts',(12.2198262784966,-24.5873397313367,0.));
#19544=CARTESIAN_POINT('Ctrl Pts',(12.2198262784966,-24.5873397313367,0.002));
#19545=CARTESIAN_POINT('',(12.249953542934,-25.594453516399,0.));
#19546=CARTESIAN_POINT('Ctrl Pts',(12.249953542934,-25.594453516399,0.));
#19547=CARTESIAN_POINT('Ctrl Pts',(12.2507413553003,-25.3617032049563,0.));
#19548=CARTESIAN_POINT('Ctrl Pts',(12.2645033912454,-24.7264480051613,0.));
#19549=CARTESIAN_POINT('Ctrl Pts',(12.2198262784966,-24.5873397313367,0.));
#19550=CARTESIAN_POINT('',(12.249953542934,-25.594453516399,0.002));
#19551=CARTESIAN_POINT('Ctrl Pts',(12.249953542934,-25.594453516399,0.002));
#19552=CARTESIAN_POINT('Ctrl Pts',(12.2507413553003,-25.3617032049563,0.002));
#19553=CARTESIAN_POINT('Ctrl Pts',(12.2645033912454,-24.7264480051613,0.002));
#19554=CARTESIAN_POINT('Ctrl Pts',(12.2198262784966,-24.5873397313367,0.002));
#19555=CARTESIAN_POINT('',(12.249953542934,-25.594453516399,0.));
#19556=CARTESIAN_POINT('Ctrl Pts',(12.0014784711041,-25.6610465992163,0.));
#19557=CARTESIAN_POINT('Ctrl Pts',(12.0014784711041,-25.6610465992163,0.002));
#19558=CARTESIAN_POINT('Ctrl Pts',(12.2587327129412,-25.672325233338,0.));
#19559=CARTESIAN_POINT('Ctrl Pts',(12.2587327129412,-25.672325233338,0.002));
#19560=CARTESIAN_POINT('Ctrl Pts',(12.249106730337,-25.6697038388797,0.));
#19561=CARTESIAN_POINT('Ctrl Pts',(12.249106730337,-25.6697038388797,0.002));
#19562=CARTESIAN_POINT('Ctrl Pts',(12.249953542934,-25.594453516399,0.));
#19563=CARTESIAN_POINT('Ctrl Pts',(12.249953542934,-25.594453516399,0.002));
#19564=CARTESIAN_POINT('',(12.0014784711041,-25.6610465992163,0.));
#19565=CARTESIAN_POINT('Ctrl Pts',(12.0014784711041,-25.6610465992163,0.));
#19566=CARTESIAN_POINT('Ctrl Pts',(12.2587327129412,-25.672325233338,0.));
#19567=CARTESIAN_POINT('Ctrl Pts',(12.249106730337,-25.6697038388797,0.));
#19568=CARTESIAN_POINT('Ctrl Pts',(12.249953542934,-25.594453516399,0.));
#19569=CARTESIAN_POINT('',(12.0014784711041,-25.6610465992163,0.002));
#19570=CARTESIAN_POINT('Ctrl Pts',(12.0014784711041,-25.6610465992163,0.002));
#19571=CARTESIAN_POINT('Ctrl Pts',(12.2587327129412,-25.672325233338,0.002));
#19572=CARTESIAN_POINT('Ctrl Pts',(12.249106730337,-25.6697038388797,0.002));
#19573=CARTESIAN_POINT('Ctrl Pts',(12.249953542934,-25.594453516399,0.002));
#19574=CARTESIAN_POINT('',(12.0014784711041,-25.6610465992163,0.));
#19575=CARTESIAN_POINT('Ctrl Pts',(11.956779397576,-25.4633133295049,0.));
#19576=CARTESIAN_POINT('Ctrl Pts',(11.956779397576,-25.4633133295049,0.002));
#19577=CARTESIAN_POINT('Ctrl Pts',(11.9568308579099,-25.6006883198671,0.));
#19578=CARTESIAN_POINT('Ctrl Pts',(11.9568308579099,-25.6006883198671,0.002));
#19579=CARTESIAN_POINT('Ctrl Pts',(11.9349771646789,-25.6575715101971,0.));
#19580=CARTESIAN_POINT('Ctrl Pts',(11.9349771646789,-25.6575715101971,0.002));
#19581=CARTESIAN_POINT('Ctrl Pts',(12.0014784711041,-25.6610465992163,0.));
#19582=CARTESIAN_POINT('Ctrl Pts',(12.0014784711041,-25.6610465992163,0.002));
#19583=CARTESIAN_POINT('',(11.956779397576,-25.4633133295049,0.));
#19584=CARTESIAN_POINT('Ctrl Pts',(11.956779397576,-25.4633133295049,0.));
#19585=CARTESIAN_POINT('Ctrl Pts',(11.9568308579099,-25.6006883198671,0.));
#19586=CARTESIAN_POINT('Ctrl Pts',(11.9349771646789,-25.6575715101971,0.));
#19587=CARTESIAN_POINT('Ctrl Pts',(12.0014784711041,-25.6610465992163,0.));
#19588=CARTESIAN_POINT('',(11.956779397576,-25.4633133295049,0.002));
#19589=CARTESIAN_POINT('Ctrl Pts',(11.956779397576,-25.4633133295049,0.002));
#19590=CARTESIAN_POINT('Ctrl Pts',(11.9568308579099,-25.6006883198671,0.002));
#19591=CARTESIAN_POINT('Ctrl Pts',(11.9349771646789,-25.6575715101971,0.002));
#19592=CARTESIAN_POINT('Ctrl Pts',(12.0014784711041,-25.6610465992163,0.002));
#19593=CARTESIAN_POINT('',(11.956779397576,-25.4633133295049,0.));
#19594=CARTESIAN_POINT('Origin',(11.9565958447925,-24.9733133638842,0.));
#19595=CARTESIAN_POINT('',(11.9565958447925,-24.9733133638842,0.));
#19596=CARTESIAN_POINT('',(11.9565958447925,-24.9733133638842,0.));
#19597=CARTESIAN_POINT('',(11.9565958447925,-24.9733133638842,0.002));
#19598=CARTESIAN_POINT('',(11.9565958447925,-24.9733133638842,0.002));
#19599=CARTESIAN_POINT('',(11.9565958447925,-24.9733133638842,0.));
#19600=CARTESIAN_POINT('Ctrl Pts',(11.8794431080572,-24.5655922365014,0.));
#19601=CARTESIAN_POINT('Ctrl Pts',(11.8794431080572,-24.5655922365014,0.002));
#19602=CARTESIAN_POINT('Ctrl Pts',(11.9573626796977,-24.6845630563707,0.));
#19603=CARTESIAN_POINT('Ctrl Pts',(11.9573626796977,-24.6845630563707,0.002));
#19604=CARTESIAN_POINT('Ctrl Pts',(11.9565371734562,-24.816688374873,0.));
#19605=CARTESIAN_POINT('Ctrl Pts',(11.9565371734562,-24.816688374873,0.002));
#19606=CARTESIAN_POINT('Ctrl Pts',(11.9565958447925,-24.9733133638842,0.));
#19607=CARTESIAN_POINT('Ctrl Pts',(11.9565958447925,-24.9733133638842,0.002));
#19608=CARTESIAN_POINT('',(11.8794431080572,-24.5655922365014,0.));
#19609=CARTESIAN_POINT('Ctrl Pts',(11.8794431080572,-24.5655922365014,0.));
#19610=CARTESIAN_POINT('Ctrl Pts',(11.9573626796977,-24.6845630563707,0.));
#19611=CARTESIAN_POINT('Ctrl Pts',(11.9565371734562,-24.816688374873,0.));
#19612=CARTESIAN_POINT('Ctrl Pts',(11.9565958447925,-24.9733133638842,0.));
#19613=CARTESIAN_POINT('',(11.8794431080572,-24.5655922365014,0.002));
#19614=CARTESIAN_POINT('Ctrl Pts',(11.8794431080572,-24.5655922365014,0.002));
#19615=CARTESIAN_POINT('Ctrl Pts',(11.9573626796977,-24.6845630563707,0.002));
#19616=CARTESIAN_POINT('Ctrl Pts',(11.9565371734562,-24.816688374873,0.002));
#19617=CARTESIAN_POINT('Ctrl Pts',(11.9565958447925,-24.9733133638842,0.002));
#19618=CARTESIAN_POINT('',(11.8794431080572,-24.5655922365014,0.));
#19619=CARTESIAN_POINT('Ctrl Pts',(11.2170655323479,-24.5588403610231,0.));
#19620=CARTESIAN_POINT('Ctrl Pts',(11.2170655323479,-24.5588403610231,0.002));
#19621=CARTESIAN_POINT('Ctrl Pts',(11.3753566113925,-24.3347810498571,0.));
#19622=CARTESIAN_POINT('Ctrl Pts',(11.3753566113925,-24.3347810498571,0.002));
#19623=CARTESIAN_POINT('Ctrl Pts',(11.7384868302802,-24.3486450231518,0.));
#19624=CARTESIAN_POINT('Ctrl Pts',(11.7384868302802,-24.3486450231518,0.002));
#19625=CARTESIAN_POINT('Ctrl Pts',(11.8794431080572,-24.5655922365014,0.));
#19626=CARTESIAN_POINT('Ctrl Pts',(11.8794431080572,-24.5655922365014,0.002));
#19627=CARTESIAN_POINT('',(11.2170655323479,-24.5588403610231,0.));
#19628=CARTESIAN_POINT('Ctrl Pts',(11.2170655323479,-24.5588403610231,0.));
#19629=CARTESIAN_POINT('Ctrl Pts',(11.3753566113925,-24.3347810498571,0.));
#19630=CARTESIAN_POINT('Ctrl Pts',(11.7384868302802,-24.3486450231518,0.));
#19631=CARTESIAN_POINT('Ctrl Pts',(11.8794431080572,-24.5655922365014,0.));
#19632=CARTESIAN_POINT('',(11.2170655323479,-24.5588403610231,0.002));
#19633=CARTESIAN_POINT('Ctrl Pts',(11.2170655323479,-24.5588403610231,0.002));
#19634=CARTESIAN_POINT('Ctrl Pts',(11.3753566113925,-24.3347810498571,0.002));
#19635=CARTESIAN_POINT('Ctrl Pts',(11.7384868302802,-24.3486450231518,0.002));
#19636=CARTESIAN_POINT('Ctrl Pts',(11.8794431080572,-24.5655922365014,0.002));
#19637=CARTESIAN_POINT('',(11.2170655323479,-24.5588403610231,0.));
#19638=CARTESIAN_POINT('Ctrl Pts',(11.1367209023163,-24.9736204870237,0.));
#19639=CARTESIAN_POINT('Ctrl Pts',(11.1367209023163,-24.9736204870237,0.002));
#19640=CARTESIAN_POINT('Ctrl Pts',(11.1366579699336,-24.8056204988106,0.));
#19641=CARTESIAN_POINT('Ctrl Pts',(11.1366579699336,-24.8056204988106,0.002));
#19642=CARTESIAN_POINT('Ctrl Pts',(11.1313610987873,-24.6804974742266,0.));
#19643=CARTESIAN_POINT('Ctrl Pts',(11.1313610987873,-24.6804974742266,0.002));
#19644=CARTESIAN_POINT('Ctrl Pts',(11.2170655323479,-24.5588403610231,0.));
#19645=CARTESIAN_POINT('Ctrl Pts',(11.2170655323479,-24.5588403610231,0.002));
#19646=CARTESIAN_POINT('',(11.1367209023163,-24.9736204870237,0.));
#19647=CARTESIAN_POINT('Ctrl Pts',(11.1367209023163,-24.9736204870237,0.));
#19648=CARTESIAN_POINT('Ctrl Pts',(11.1366579699336,-24.8056204988106,0.));
#19649=CARTESIAN_POINT('Ctrl Pts',(11.1313610987873,-24.6804974742266,0.));
#19650=CARTESIAN_POINT('Ctrl Pts',(11.2170655323479,-24.5588403610231,0.));
#19651=CARTESIAN_POINT('',(11.1367209023163,-24.9736204870237,0.002));
#19652=CARTESIAN_POINT('Ctrl Pts',(11.1367209023163,-24.9736204870237,0.002));
#19653=CARTESIAN_POINT('Ctrl Pts',(11.1366579699336,-24.8056204988106,0.002));
#19654=CARTESIAN_POINT('Ctrl Pts',(11.1313610987873,-24.6804974742266,0.002));
#19655=CARTESIAN_POINT('Ctrl Pts',(11.2170655323479,-24.5588403610231,0.002));
#19656=CARTESIAN_POINT('',(11.1367209023163,-24.9736204870237,0.));
#19657=CARTESIAN_POINT('Origin',(11.1369470655674,-25.5773704446636,0.));
#19658=CARTESIAN_POINT('',(11.1369470655674,-25.5773704446636,0.));
#19659=CARTESIAN_POINT('',(11.1369470655674,-25.5773704446636,0.));
#19660=CARTESIAN_POINT('',(11.1369470655674,-25.5773704446636,0.002));
#19661=CARTESIAN_POINT('',(11.1369470655674,-25.5773704446636,0.002));
#19662=CARTESIAN_POINT('',(11.1369470655674,-25.5773704446636,0.));
#19663=CARTESIAN_POINT('Ctrl Pts',(11.1028541896987,-25.6631332217875,0.));
#19664=CARTESIAN_POINT('Ctrl Pts',(11.1028541896987,-25.6631332217875,0.002));
#19665=CARTESIAN_POINT('Ctrl Pts',(11.1518518918512,-25.6569898669387,0.));
#19666=CARTESIAN_POINT('Ctrl Pts',(11.1518518918512,-25.6569898669387,0.002));
#19667=CARTESIAN_POINT('Ctrl Pts',(11.1387150929501,-25.6254947857415,0.));
#19668=CARTESIAN_POINT('Ctrl Pts',(11.1387150929501,-25.6254947857415,0.002));
#19669=CARTESIAN_POINT('Ctrl Pts',(11.1369470655674,-25.5773704446636,0.));
#19670=CARTESIAN_POINT('Ctrl Pts',(11.1369470655674,-25.5773704446636,0.002));
#19671=CARTESIAN_POINT('',(11.1028541896987,-25.6631332217875,0.));
#19672=CARTESIAN_POINT('Ctrl Pts',(11.1028541896987,-25.6631332217875,0.));
#19673=CARTESIAN_POINT('Ctrl Pts',(11.1518518918512,-25.6569898669387,0.));
#19674=CARTESIAN_POINT('Ctrl Pts',(11.1387150929501,-25.6254947857415,0.));
#19675=CARTESIAN_POINT('Ctrl Pts',(11.1369470655674,-25.5773704446636,0.));
#19676=CARTESIAN_POINT('',(11.1028541896987,-25.6631332217875,0.002));
#19677=CARTESIAN_POINT('Ctrl Pts',(11.1028541896987,-25.6631332217875,0.002));
#19678=CARTESIAN_POINT('Ctrl Pts',(11.1518518918512,-25.6569898669387,0.002));
#19679=CARTESIAN_POINT('Ctrl Pts',(11.1387150929501,-25.6254947857415,0.002));
#19680=CARTESIAN_POINT('Ctrl Pts',(11.1369470655674,-25.5773704446636,0.002));
#19681=CARTESIAN_POINT('',(11.1028541896987,-25.6631332217875,0.));
#19682=CARTESIAN_POINT('Ctrl Pts',(10.8578519124785,-25.657099998609,0.));
#19683=CARTESIAN_POINT('Ctrl Pts',(10.8578519124785,-25.657099998609,0.002));
#19684=CARTESIAN_POINT('Ctrl Pts',(10.8876064992112,-25.6693388534739,0.));
#19685=CARTESIAN_POINT('Ctrl Pts',(10.8876064992112,-25.6693388534739,0.002));
#19686=CARTESIAN_POINT('Ctrl Pts',(11.0582311594668,-25.6683999378336,0.));
#19687=CARTESIAN_POINT('Ctrl Pts',(11.0582311594668,-25.6683999378336,0.002));
#19688=CARTESIAN_POINT('Ctrl Pts',(11.1028541896987,-25.6631332217875,0.));
#19689=CARTESIAN_POINT('Ctrl Pts',(11.1028541896987,-25.6631332217875,0.002));
#19690=CARTESIAN_POINT('',(10.8578519124785,-25.657099998609,0.));
#19691=CARTESIAN_POINT('Ctrl Pts',(10.8578519124785,-25.657099998609,0.));
#19692=CARTESIAN_POINT('Ctrl Pts',(10.8876064992112,-25.6693388534739,0.));
#19693=CARTESIAN_POINT('Ctrl Pts',(11.0582311594668,-25.6683999378336,0.));
#19694=CARTESIAN_POINT('Ctrl Pts',(11.1028541896987,-25.6631332217875,0.));
#19695=CARTESIAN_POINT('',(10.8578519124785,-25.657099998609,0.002));
#19696=CARTESIAN_POINT('Ctrl Pts',(10.8578519124785,-25.657099998609,0.002));
#19697=CARTESIAN_POINT('Ctrl Pts',(10.8876064992112,-25.6693388534739,0.002));
#19698=CARTESIAN_POINT('Ctrl Pts',(11.0582311594668,-25.6683999378336,0.002));
#19699=CARTESIAN_POINT('Ctrl Pts',(11.1028541896987,-25.6631332217875,0.002));
#19700=CARTESIAN_POINT('',(10.8578519124785,-25.657099998609,0.));
#19701=CARTESIAN_POINT('Ctrl Pts',(10.8473443744402,-25.6369789332949,0.));
#19702=CARTESIAN_POINT('Ctrl Pts',(10.8473443744402,-25.6369789332949,0.002));
#19703=CARTESIAN_POINT('Ctrl Pts',(10.852600929489,-25.6544769655087,0.));
#19704=CARTESIAN_POINT('Ctrl Pts',(10.852600929489,-25.6544769655087,0.002));
#19705=CARTESIAN_POINT('Ctrl Pts',(10.8490979796619,-25.6466032772045,0.));
#19706=CARTESIAN_POINT('Ctrl Pts',(10.8490979796619,-25.6466032772045,0.002));
#19707=CARTESIAN_POINT('Ctrl Pts',(10.8578519124785,-25.657099998609,0.));
#19708=CARTESIAN_POINT('Ctrl Pts',(10.8578519124785,-25.657099998609,0.002));
#19709=CARTESIAN_POINT('',(10.8473443744402,-25.6369789332949,0.));
#19710=CARTESIAN_POINT('Ctrl Pts',(10.8473443744402,-25.6369789332949,0.));
#19711=CARTESIAN_POINT('Ctrl Pts',(10.852600929489,-25.6544769655087,0.));
#19712=CARTESIAN_POINT('Ctrl Pts',(10.8490979796619,-25.6466032772045,0.));
#19713=CARTESIAN_POINT('Ctrl Pts',(10.8578519124785,-25.657099998609,0.));
#19714=CARTESIAN_POINT('',(10.8473443744402,-25.6369789332949,0.002));
#19715=CARTESIAN_POINT('Ctrl Pts',(10.8473443744402,-25.6369789332949,0.002));
#19716=CARTESIAN_POINT('Ctrl Pts',(10.852600929489,-25.6544769655087,0.002));
#19717=CARTESIAN_POINT('Ctrl Pts',(10.8490979796619,-25.6466032772045,0.002));
#19718=CARTESIAN_POINT('Ctrl Pts',(10.8578519124785,-25.657099998609,0.002));
#19719=CARTESIAN_POINT('',(10.8473443744402,-25.6369789332949,0.));
#19720=CARTESIAN_POINT('Origin',(10.8446806974307,-25.5337299238576,0.));
#19721=CARTESIAN_POINT('',(10.8446806974307,-25.5337299238576,0.));
#19722=CARTESIAN_POINT('',(10.8446806974307,-25.5337299238576,0.002));
#19723=CARTESIAN_POINT('Origin',(11.5411749806578,-24.9111583452387,0.002));
#19724=CARTESIAN_POINT('Origin',(11.5411749806578,-24.9111583452387,0.));
#19725=CARTESIAN_POINT('Ctrl Pts',(15.321167272439,-25.4970530405269,0.));
#19726=CARTESIAN_POINT('Ctrl Pts',(15.321167272439,-25.4970530405269,0.002));
#19727=CARTESIAN_POINT('Ctrl Pts',(15.3211987386305,-25.5810530346339,0.));
#19728=CARTESIAN_POINT('Ctrl Pts',(15.3211987386305,-25.5810530346339,0.002));
#19729=CARTESIAN_POINT('Ctrl Pts',(15.3072125060712,-25.6178082764199,0.));
#19730=CARTESIAN_POINT('Ctrl Pts',(15.3072125060712,-25.6178082764199,0.002));
#19731=CARTESIAN_POINT('Ctrl Pts',(15.3404720091506,-25.6431708192723,0.));
#19732=CARTESIAN_POINT('Ctrl Pts',(15.3404720091506,-25.6431708192723,0.002));
#19733=CARTESIAN_POINT('',(15.321167272439,-25.4970530405269,0.));
#19734=CARTESIAN_POINT('',(15.3404720091506,-25.6431708192723,0.));
#19735=CARTESIAN_POINT('Ctrl Pts',(15.321167272439,-25.4970530405269,0.));
#19736=CARTESIAN_POINT('Ctrl Pts',(15.3211987386305,-25.5810530346339,0.));
#19737=CARTESIAN_POINT('Ctrl Pts',(15.3072125060712,-25.6178082764199,0.));
#19738=CARTESIAN_POINT('Ctrl Pts',(15.3404720091506,-25.6431708192723,0.));
#19739=CARTESIAN_POINT('',(15.3404720091506,-25.6431708192723,0.002));
#19740=CARTESIAN_POINT('',(15.3404720091506,-25.6431708192723,0.));
#19741=CARTESIAN_POINT('',(15.321167272439,-25.4970530405269,0.002));
#19742=CARTESIAN_POINT('Ctrl Pts',(15.321167272439,-25.4970530405269,0.002));
#19743=CARTESIAN_POINT('Ctrl Pts',(15.3211987386305,-25.5810530346339,0.002));
#19744=CARTESIAN_POINT('Ctrl Pts',(15.3072125060712,-25.6178082764199,0.002));
#19745=CARTESIAN_POINT('Ctrl Pts',(15.3404720091506,-25.6431708192723,0.002));
#19746=CARTESIAN_POINT('',(15.321167272439,-25.4970530405269,0.));
#19747=CARTESIAN_POINT('Origin',(15.3209738864706,-24.9808030767478,0.));
#19748=CARTESIAN_POINT('',(15.3209738864706,-24.9808030767478,0.));
#19749=CARTESIAN_POINT('',(15.3209738864706,-24.9808030767478,0.));
#19750=CARTESIAN_POINT('',(15.3209738864706,-24.9808030767478,0.002));
#19751=CARTESIAN_POINT('',(15.3209738864706,-24.9808030767478,0.002));
#19752=CARTESIAN_POINT('',(15.3209738864706,-24.9808030767478,0.));
#19753=CARTESIAN_POINT('Ctrl Pts',(15.4178789440888,-24.3936417351576,0.));
#19754=CARTESIAN_POINT('Ctrl Pts',(15.4178789440888,-24.3936417351576,0.002));
#19755=CARTESIAN_POINT('Ctrl Pts',(15.2954412295213,-24.5599376116893,0.));
#19756=CARTESIAN_POINT('Ctrl Pts',(15.2954412295213,-24.5599376116893,0.002));
#19757=CARTESIAN_POINT('Ctrl Pts',(15.3208893210815,-24.755053092587,0.));
#19758=CARTESIAN_POINT('Ctrl Pts',(15.3208893210815,-24.755053092587,0.002));
#19759=CARTESIAN_POINT('Ctrl Pts',(15.3209738864706,-24.9808030767478,0.));
#19760=CARTESIAN_POINT('Ctrl Pts',(15.3209738864706,-24.9808030767478,0.002));
#19761=CARTESIAN_POINT('',(15.4178789440888,-24.3936417351576,0.));
#19762=CARTESIAN_POINT('Ctrl Pts',(15.4178789440888,-24.3936417351576,0.));
#19763=CARTESIAN_POINT('Ctrl Pts',(15.2954412295213,-24.5599376116893,0.));
#19764=CARTESIAN_POINT('Ctrl Pts',(15.3208893210815,-24.755053092587,0.));
#19765=CARTESIAN_POINT('Ctrl Pts',(15.3209738864706,-24.9808030767478,0.));
#19766=CARTESIAN_POINT('',(15.4178789440888,-24.3936417351576,0.002));
#19767=CARTESIAN_POINT('Ctrl Pts',(15.4178789440888,-24.3936417351576,0.002));
#19768=CARTESIAN_POINT('Ctrl Pts',(15.2954412295213,-24.5599376116893,0.002));
#19769=CARTESIAN_POINT('Ctrl Pts',(15.3208893210815,-24.755053092587,0.002));
#19770=CARTESIAN_POINT('Ctrl Pts',(15.3209738864706,-24.9808030767478,0.002));
#19771=CARTESIAN_POINT('',(15.4178789440888,-24.3936417351576,0.));
#19772=CARTESIAN_POINT('Ctrl Pts',(16.2753290624554,-24.260320527118,0.));
#19773=CARTESIAN_POINT('Ctrl Pts',(16.2753290624554,-24.260320527118,0.002));
#19774=CARTESIAN_POINT('Ctrl Pts',(15.9961244332423,-24.0478001015678,0.));
#19775=CARTESIAN_POINT('Ctrl Pts',(15.9961244332423,-24.0478001015678,0.002));
#19776=CARTESIAN_POINT('Ctrl Pts',(15.6260224033086,-24.1091887451766,0.));
#19777=CARTESIAN_POINT('Ctrl Pts',(15.6260224033086,-24.1091887451766,0.002));
#19778=CARTESIAN_POINT('Ctrl Pts',(15.4178789440888,-24.3936417351576,0.));
#19779=CARTESIAN_POINT('Ctrl Pts',(15.4178789440888,-24.3936417351576,0.002));
#19780=CARTESIAN_POINT('',(16.2753290624554,-24.260320527118,0.));
#19781=CARTESIAN_POINT('Ctrl Pts',(16.2753290624554,-24.260320527118,0.));
#19782=CARTESIAN_POINT('Ctrl Pts',(15.9961244332423,-24.0478001015678,0.));
#19783=CARTESIAN_POINT('Ctrl Pts',(15.6260224033086,-24.1091887451766,0.));
#19784=CARTESIAN_POINT('Ctrl Pts',(15.4178789440888,-24.3936417351576,0.));
#19785=CARTESIAN_POINT('',(16.2753290624554,-24.260320527118,0.002));
#19786=CARTESIAN_POINT('Ctrl Pts',(16.2753290624554,-24.260320527118,0.002));
#19787=CARTESIAN_POINT('Ctrl Pts',(15.9961244332423,-24.0478001015678,0.002));
#19788=CARTESIAN_POINT('Ctrl Pts',(15.6260224033086,-24.1091887451766,0.002));
#19789=CARTESIAN_POINT('Ctrl Pts',(15.4178789440888,-24.3936417351576,0.002));
#19790=CARTESIAN_POINT('',(16.2753290624554,-24.260320527118,0.));
#19791=CARTESIAN_POINT('Ctrl Pts',(16.4695819987819,-24.2681227609977,0.));
#19792=CARTESIAN_POINT('Ctrl Pts',(16.4695819987819,-24.2681227609977,0.002));
#19793=CARTESIAN_POINT('Ctrl Pts',(16.3436216681347,-24.3740449528563,0.));
#19794=CARTESIAN_POINT('Ctrl Pts',(16.3436216681347,-24.3740449528563,0.002));
#19795=CARTESIAN_POINT('Ctrl Pts',(16.4039904362147,-24.3573973376978,0.));
#19796=CARTESIAN_POINT('Ctrl Pts',(16.4039904362147,-24.3573973376978,0.002));
#19797=CARTESIAN_POINT('Ctrl Pts',(16.2753290624554,-24.260320527118,0.));
#19798=CARTESIAN_POINT('Ctrl Pts',(16.2753290624554,-24.260320527118,0.002));
#19799=CARTESIAN_POINT('',(16.4695819987819,-24.2681227609977,0.));
#19800=CARTESIAN_POINT('Ctrl Pts',(16.4695819987819,-24.2681227609977,0.));
#19801=CARTESIAN_POINT('Ctrl Pts',(16.3436216681347,-24.3740449528563,0.));
#19802=CARTESIAN_POINT('Ctrl Pts',(16.4039904362147,-24.3573973376978,0.));
#19803=CARTESIAN_POINT('Ctrl Pts',(16.2753290624554,-24.260320527118,0.));
#19804=CARTESIAN_POINT('',(16.4695819987819,-24.2681227609977,0.002));
#19805=CARTESIAN_POINT('Ctrl Pts',(16.4695819987819,-24.2681227609977,0.002));
#19806=CARTESIAN_POINT('Ctrl Pts',(16.3436216681347,-24.3740449528563,0.002));
#19807=CARTESIAN_POINT('Ctrl Pts',(16.4039904362147,-24.3573973376978,0.002));
#19808=CARTESIAN_POINT('Ctrl Pts',(16.2753290624554,-24.260320527118,0.002));
#19809=CARTESIAN_POINT('',(16.4695819987819,-24.2681227609977,0.));
#19810=CARTESIAN_POINT('Ctrl Pts',(17.3297498766746,-24.3824255522658,0.));
#19811=CARTESIAN_POINT('Ctrl Pts',(17.3297498766746,-24.3824255522658,0.002));
#19812=CARTESIAN_POINT('Ctrl Pts',(17.1143920545166,-24.0946312045793,0.));
#19813=CARTESIAN_POINT('Ctrl Pts',(17.1143920545166,-24.0946312045793,0.002));
#19814=CARTESIAN_POINT('Ctrl Pts',(16.7188779880339,-24.0571543605368,0.));
#19815=CARTESIAN_POINT('Ctrl Pts',(16.7188779880339,-24.0571543605368,0.002));
#19816=CARTESIAN_POINT('Ctrl Pts',(16.4695819987819,-24.2681227609977,0.));
#19817=CARTESIAN_POINT('Ctrl Pts',(16.4695819987819,-24.2681227609977,0.002));
#19818=CARTESIAN_POINT('',(17.3297498766746,-24.3824255522658,0.));
#19819=CARTESIAN_POINT('Ctrl Pts',(17.3297498766746,-24.3824255522658,0.));
#19820=CARTESIAN_POINT('Ctrl Pts',(17.1143920545166,-24.0946312045793,0.));
#19821=CARTESIAN_POINT('Ctrl Pts',(16.7188779880339,-24.0571543605368,0.));
#19822=CARTESIAN_POINT('Ctrl Pts',(16.4695819987819,-24.2681227609977,0.));
#19823=CARTESIAN_POINT('',(17.3297498766746,-24.3824255522658,0.002));
#19824=CARTESIAN_POINT('Ctrl Pts',(17.3297498766746,-24.3824255522658,0.002));
#19825=CARTESIAN_POINT('Ctrl Pts',(17.1143920545166,-24.0946312045793,0.002));
#19826=CARTESIAN_POINT('Ctrl Pts',(16.7188779880339,-24.0571543605368,0.002));
#19827=CARTESIAN_POINT('Ctrl Pts',(16.4695819987819,-24.2681227609977,0.002));
#19828=CARTESIAN_POINT('',(17.3297498766746,-24.3824255522658,0.));
#19829=CARTESIAN_POINT('Ctrl Pts',(17.4367171825696,-24.9625105232783,0.));
#19830=CARTESIAN_POINT('Ctrl Pts',(17.4367171825696,-24.9625105232783,0.002));
#19831=CARTESIAN_POINT('Ctrl Pts',(17.4366263894963,-24.7201355402838,0.));
#19832=CARTESIAN_POINT('Ctrl Pts',(17.4366263894963,-24.7201355402838,0.002));
#19833=CARTESIAN_POINT('Ctrl Pts',(17.4601900943197,-24.5565017018977,0.));
#19834=CARTESIAN_POINT('Ctrl Pts',(17.4601900943197,-24.5565017018977,0.002));
#19835=CARTESIAN_POINT('Ctrl Pts',(17.3297498766746,-24.3824255522658,0.));
#19836=CARTESIAN_POINT('Ctrl Pts',(17.3297498766746,-24.3824255522658,0.002));
#19837=CARTESIAN_POINT('',(17.4367171825696,-24.9625105232783,0.));
#19838=CARTESIAN_POINT('Ctrl Pts',(17.4367171825696,-24.9625105232783,0.));
#19839=CARTESIAN_POINT('Ctrl Pts',(17.4366263894963,-24.7201355402838,0.));
#19840=CARTESIAN_POINT('Ctrl Pts',(17.4601900943197,-24.5565017018977,0.));
#19841=CARTESIAN_POINT('Ctrl Pts',(17.3297498766746,-24.3824255522658,0.));
#19842=CARTESIAN_POINT('',(17.4367171825696,-24.9625105232783,0.002));
#19843=CARTESIAN_POINT('Ctrl Pts',(17.4367171825696,-24.9625105232783,0.002));
#19844=CARTESIAN_POINT('Ctrl Pts',(17.4366263894963,-24.7201355402838,0.002));
#19845=CARTESIAN_POINT('Ctrl Pts',(17.4601900943197,-24.5565017018977,0.002));
#19846=CARTESIAN_POINT('Ctrl Pts',(17.3297498766746,-24.3824255522658,0.002));
#19847=CARTESIAN_POINT('',(17.4367171825696,-24.9625105232783,0.));
#19848=CARTESIAN_POINT('Ctrl Pts',(17.4273475182776,-25.6441390809555,0.));
#19849=CARTESIAN_POINT('Ctrl Pts',(17.4273475182776,-25.6441390809555,0.002));
#19850=CARTESIAN_POINT('Ctrl Pts',(17.4509492485733,-25.5820052353601,0.));
#19851=CARTESIAN_POINT('Ctrl Pts',(17.4509492485733,-25.5820052353601,0.002));
#19852=CARTESIAN_POINT('Ctrl Pts',(17.4367591381828,-25.0745105154203,0.));
#19853=CARTESIAN_POINT('Ctrl Pts',(17.4367591381828,-25.0745105154203,0.002));
#19854=CARTESIAN_POINT('Ctrl Pts',(17.4367171825696,-24.9625105232783,0.));
#19855=CARTESIAN_POINT('Ctrl Pts',(17.4367171825696,-24.9625105232783,0.002));
#19856=CARTESIAN_POINT('',(17.4273475182776,-25.6441390809555,0.));
#19857=CARTESIAN_POINT('Ctrl Pts',(17.4273475182776,-25.6441390809555,0.));
#19858=CARTESIAN_POINT('Ctrl Pts',(17.4509492485733,-25.5820052353601,0.));
#19859=CARTESIAN_POINT('Ctrl Pts',(17.4367591381828,-25.0745105154203,0.));
#19860=CARTESIAN_POINT('Ctrl Pts',(17.4367171825696,-24.9625105232783,0.));
#19861=CARTESIAN_POINT('',(17.4273475182776,-25.6441390809555,0.002));
#19862=CARTESIAN_POINT('Ctrl Pts',(17.4273475182776,-25.6441390809555,0.002));
#19863=CARTESIAN_POINT('Ctrl Pts',(17.4509492485733,-25.5820052353601,0.002));
#19864=CARTESIAN_POINT('Ctrl Pts',(17.4367591381828,-25.0745105154203,0.002));
#19865=CARTESIAN_POINT('Ctrl Pts',(17.4367171825696,-24.9625105232783,0.002));
#19866=CARTESIAN_POINT('',(17.4273475182776,-25.6441390809555,0.));
#19867=CARTESIAN_POINT('Ctrl Pts',(17.1648475366951,-25.6442374128038,0.));
#19868=CARTESIAN_POINT('Ctrl Pts',(17.1648475366951,-25.6442374128038,0.002));
#19869=CARTESIAN_POINT('Ctrl Pts',(17.2112287611248,-25.6608450396771,0.));
#19870=CARTESIAN_POINT('Ctrl Pts',(17.2112287611248,-25.6608450396771,0.002));
#19871=CARTESIAN_POINT('Ctrl Pts',(17.3809787492154,-25.6607814517494,0.));
#19872=CARTESIAN_POINT('Ctrl Pts',(17.3809787492154,-25.6607814517494,0.002));
#19873=CARTESIAN_POINT('Ctrl Pts',(17.4273475182776,-25.6441390809555,0.));
#19874=CARTESIAN_POINT('Ctrl Pts',(17.4273475182776,-25.6441390809555,0.002));
#19875=CARTESIAN_POINT('',(17.1648475366951,-25.6442374128038,0.));
#19876=CARTESIAN_POINT('Ctrl Pts',(17.1648475366951,-25.6442374128038,0.));
#19877=CARTESIAN_POINT('Ctrl Pts',(17.2112287611248,-25.6608450396771,0.));
#19878=CARTESIAN_POINT('Ctrl Pts',(17.3809787492154,-25.6607814517494,0.));
#19879=CARTESIAN_POINT('Ctrl Pts',(17.4273475182776,-25.6441390809555,0.));
#19880=CARTESIAN_POINT('',(17.1648475366951,-25.6442374128038,0.002));
#19881=CARTESIAN_POINT('Ctrl Pts',(17.1648475366951,-25.6442374128038,0.002));
#19882=CARTESIAN_POINT('Ctrl Pts',(17.2112287611248,-25.6608450396771,0.002));
#19883=CARTESIAN_POINT('Ctrl Pts',(17.3809787492154,-25.6607814517494,0.002));
#19884=CARTESIAN_POINT('Ctrl Pts',(17.4273475182776,-25.6441390809555,0.002));
#19885=CARTESIAN_POINT('',(17.1648475366951,-25.6442374128038,0.));
#19886=CARTESIAN_POINT('Ctrl Pts',(17.1549344250548,-24.875116072268,0.));
#19887=CARTESIAN_POINT('Ctrl Pts',(17.1549344250548,-24.875116072268,0.002));
#19888=CARTESIAN_POINT('Ctrl Pts',(17.1549780091144,-24.9914910642496,0.));
#19889=CARTESIAN_POINT('Ctrl Pts',(17.1549780091144,-24.9914910642496,0.002));
#19890=CARTESIAN_POINT('Ctrl Pts',(17.1420759044245,-25.5864959392883,0.));
#19891=CARTESIAN_POINT('Ctrl Pts',(17.1420759044245,-25.5864959392883,0.002));
#19892=CARTESIAN_POINT('Ctrl Pts',(17.1648475366951,-25.6442374128038,0.));
#19893=CARTESIAN_POINT('Ctrl Pts',(17.1648475366951,-25.6442374128038,0.002));
#19894=CARTESIAN_POINT('',(17.1549344250548,-24.875116072268,0.));
#19895=CARTESIAN_POINT('Ctrl Pts',(17.1549344250548,-24.875116072268,0.));
#19896=CARTESIAN_POINT('Ctrl Pts',(17.1549780091144,-24.9914910642496,0.));
#19897=CARTESIAN_POINT('Ctrl Pts',(17.1420759044245,-25.5864959392883,0.));
#19898=CARTESIAN_POINT('Ctrl Pts',(17.1648475366951,-25.6442374128038,0.));
#19899=CARTESIAN_POINT('',(17.1549344250548,-24.875116072268,0.002));
#19900=CARTESIAN_POINT('Ctrl Pts',(17.1549344250548,-24.875116072268,0.002));
#19901=CARTESIAN_POINT('Ctrl Pts',(17.1549780091144,-24.9914910642496,0.002));
#19902=CARTESIAN_POINT('Ctrl Pts',(17.1420759044245,-25.5864959392883,0.002));
#19903=CARTESIAN_POINT('Ctrl Pts',(17.1648475366951,-25.6442374128038,0.002));
#19904=CARTESIAN_POINT('',(17.1549344250548,-24.875116072268,0.));
#19905=CARTESIAN_POINT('Ctrl Pts',(17.1031838916839,-24.5400104343777,0.));
#19906=CARTESIAN_POINT('Ctrl Pts',(17.1031838916839,-24.5400104343777,0.002));
#19907=CARTESIAN_POINT('Ctrl Pts',(17.1688436346109,-24.6327358451153,0.));
#19908=CARTESIAN_POINT('Ctrl Pts',(17.1688436346109,-24.6327358451153,0.002));
#19909=CARTESIAN_POINT('Ctrl Pts',(17.1548882109249,-24.7517410809233,0.));
#19910=CARTESIAN_POINT('Ctrl Pts',(17.1548882109249,-24.7517410809233,0.002));
#19911=CARTESIAN_POINT('Ctrl Pts',(17.1549344250548,-24.875116072268,0.));
#19912=CARTESIAN_POINT('Ctrl Pts',(17.1549344250548,-24.875116072268,0.002));
#19913=CARTESIAN_POINT('',(17.1031838916839,-24.5400104343777,0.));
#19914=CARTESIAN_POINT('Ctrl Pts',(17.1031838916839,-24.5400104343777,0.));
#19915=CARTESIAN_POINT('Ctrl Pts',(17.1688436346109,-24.6327358451153,0.));
#19916=CARTESIAN_POINT('Ctrl Pts',(17.1548882109249,-24.7517410809233,0.));
#19917=CARTESIAN_POINT('Ctrl Pts',(17.1549344250548,-24.875116072268,0.));
#19918=CARTESIAN_POINT('',(17.1031838916839,-24.5400104343777,0.002));
#19919=CARTESIAN_POINT('Ctrl Pts',(17.1031838916839,-24.5400104343777,0.002));
#19920=CARTESIAN_POINT('Ctrl Pts',(17.1688436346109,-24.6327358451153,0.002));
#19921=CARTESIAN_POINT('Ctrl Pts',(17.1548882109249,-24.7517410809233,0.002));
#19922=CARTESIAN_POINT('Ctrl Pts',(17.1549344250548,-24.875116072268,0.002));
#19923=CARTESIAN_POINT('',(17.1031838916839,-24.5400104343777,0.));
#19924=CARTESIAN_POINT('Ctrl Pts',(16.5738069621888,-24.5349587373068,0.));
#19925=CARTESIAN_POINT('Ctrl Pts',(16.5738069621888,-24.5349587373068,0.002));
#19926=CARTESIAN_POINT('Ctrl Pts',(16.7163624615023,-24.3494053291148,0.));
#19927=CARTESIAN_POINT('Ctrl Pts',(16.7163624615023,-24.3494053291148,0.002));
#19928=CARTESIAN_POINT('Ctrl Pts',(16.9771173599942,-24.3624326480058,0.));
#19929=CARTESIAN_POINT('Ctrl Pts',(16.9771173599942,-24.3624326480058,0.002));
#19930=CARTESIAN_POINT('Ctrl Pts',(17.1031838916839,-24.5400104343777,0.));
#19931=CARTESIAN_POINT('Ctrl Pts',(17.1031838916839,-24.5400104343777,0.002));
#19932=CARTESIAN_POINT('',(16.5738069621888,-24.5349587373068,0.));
#19933=CARTESIAN_POINT('Ctrl Pts',(16.5738069621888,-24.5349587373068,0.));
#19934=CARTESIAN_POINT('Ctrl Pts',(16.7163624615023,-24.3494053291148,0.));
#19935=CARTESIAN_POINT('Ctrl Pts',(16.9771173599942,-24.3624326480058,0.));
#19936=CARTESIAN_POINT('Ctrl Pts',(17.1031838916839,-24.5400104343777,0.));
#19937=CARTESIAN_POINT('',(16.5738069621888,-24.5349587373068,0.002));
#19938=CARTESIAN_POINT('Ctrl Pts',(16.5738069621888,-24.5349587373068,0.002));
#19939=CARTESIAN_POINT('Ctrl Pts',(16.7163624615023,-24.3494053291148,0.002));
#19940=CARTESIAN_POINT('Ctrl Pts',(16.9771173599942,-24.3624326480058,0.002));
#19941=CARTESIAN_POINT('Ctrl Pts',(17.1031838916839,-24.5400104343777,0.002));
#19942=CARTESIAN_POINT('',(16.5738069621888,-24.5349587373068,0.));
#19943=CARTESIAN_POINT('Ctrl Pts',(16.5170594698092,-24.8753550186594,0.));
#19944=CARTESIAN_POINT('Ctrl Pts',(16.5170594698092,-24.8753550186594,0.002));
#19945=CARTESIAN_POINT('Ctrl Pts',(16.5170086607057,-24.7397300269784,0.));
#19946=CARTESIAN_POINT('Ctrl Pts',(16.5170086607057,-24.7397300269784,0.002));
#19947=CARTESIAN_POINT('Ctrl Pts',(16.4994680203893,-24.6312365896779,0.));
#19948=CARTESIAN_POINT('Ctrl Pts',(16.4994680203893,-24.6312365896779,0.002));
#19949=CARTESIAN_POINT('Ctrl Pts',(16.5738069621888,-24.5349587373068,0.));
#19950=CARTESIAN_POINT('Ctrl Pts',(16.5738069621888,-24.5349587373068,0.002));
#19951=CARTESIAN_POINT('',(16.5170594698092,-24.8753550186594,0.));
#19952=CARTESIAN_POINT('Ctrl Pts',(16.5170594698092,-24.8753550186594,0.));
#19953=CARTESIAN_POINT('Ctrl Pts',(16.5170086607057,-24.7397300269784,0.));
#19954=CARTESIAN_POINT('Ctrl Pts',(16.4994680203893,-24.6312365896779,0.));
#19955=CARTESIAN_POINT('Ctrl Pts',(16.5738069621888,-24.5349587373068,0.));
#19956=CARTESIAN_POINT('',(16.5170594698092,-24.8753550186594,0.002));
#19957=CARTESIAN_POINT('Ctrl Pts',(16.5170594698092,-24.8753550186594,0.002));
#19958=CARTESIAN_POINT('Ctrl Pts',(16.5170086607057,-24.7397300269784,0.002));
#19959=CARTESIAN_POINT('Ctrl Pts',(16.4994680203893,-24.6312365896779,0.002));
#19960=CARTESIAN_POINT('Ctrl Pts',(16.5738069621888,-24.5349587373068,0.002));
#19961=CARTESIAN_POINT('',(16.5170594698092,-24.8753550186594,0.));
#19962=CARTESIAN_POINT('Origin',(16.5172069675817,-25.2691049910332,0.));
#19963=CARTESIAN_POINT('',(16.5172069675817,-25.2691049910332,0.));
#19964=CARTESIAN_POINT('',(16.5172069675817,-25.2691049910332,0.));
#19965=CARTESIAN_POINT('',(16.5172069675817,-25.2691049910332,0.002));
#19966=CARTESIAN_POINT('',(16.5172069675817,-25.2691049910332,0.002));
#19967=CARTESIAN_POINT('',(16.5172069675817,-25.2691049910332,0.));
#19968=CARTESIAN_POINT('Ctrl Pts',(16.5007232388368,-25.6462361922572,0.));
#19969=CARTESIAN_POINT('Ctrl Pts',(16.5007232388368,-25.6462361922572,0.002));
#19970=CARTESIAN_POINT('Ctrl Pts',(16.5400808591863,-25.599846446075,0.));
#19971=CARTESIAN_POINT('Ctrl Pts',(16.5400808591863,-25.599846446075,0.002));
#19972=CARTESIAN_POINT('Ctrl Pts',(16.5172351549234,-25.344354985754,0.));
#19973=CARTESIAN_POINT('Ctrl Pts',(16.5172351549234,-25.344354985754,0.002));
#19974=CARTESIAN_POINT('Ctrl Pts',(16.5172069675817,-25.2691049910332,0.));
#19975=CARTESIAN_POINT('Ctrl Pts',(16.5172069675817,-25.2691049910332,0.002));
#19976=CARTESIAN_POINT('',(16.5007232388368,-25.6462361922572,0.));
#19977=CARTESIAN_POINT('Ctrl Pts',(16.5007232388368,-25.6462361922572,0.));
#19978=CARTESIAN_POINT('Ctrl Pts',(16.5400808591863,-25.599846446075,0.));
#19979=CARTESIAN_POINT('Ctrl Pts',(16.5172351549234,-25.344354985754,0.));
#19980=CARTESIAN_POINT('Ctrl Pts',(16.5172069675817,-25.2691049910332,0.));
#19981=CARTESIAN_POINT('',(16.5007232388368,-25.6462361922572,0.002));
#19982=CARTESIAN_POINT('Ctrl Pts',(16.5007232388368,-25.6462361922572,0.002));
#19983=CARTESIAN_POINT('Ctrl Pts',(16.5400808591863,-25.599846446075,0.002));
#19984=CARTESIAN_POINT('Ctrl Pts',(16.5172351549234,-25.344354985754,0.002));
#19985=CARTESIAN_POINT('Ctrl Pts',(16.5172069675817,-25.2691049910332,0.002));
#19986=CARTESIAN_POINT('',(16.5007232388368,-25.6462361922572,0.));
#19987=CARTESIAN_POINT('Ctrl Pts',(16.2749755490856,-25.652445757217,0.));
#19988=CARTESIAN_POINT('Ctrl Pts',(16.2749755490856,-25.652445757217,0.002));
#19989=CARTESIAN_POINT('Ctrl Pts',(16.3169791516399,-25.6620550234455,0.));
#19990=CARTESIAN_POINT('Ctrl Pts',(16.3169791516399,-25.6620550234455,0.002));
#19991=CARTESIAN_POINT('Ctrl Pts',(16.4692288131845,-25.6611229910351,0.));
#19992=CARTESIAN_POINT('Ctrl Pts',(16.4692288131845,-25.6611229910351,0.002));
#19993=CARTESIAN_POINT('Ctrl Pts',(16.5007232388368,-25.6462361922572,0.));
#19994=CARTESIAN_POINT('Ctrl Pts',(16.5007232388368,-25.6462361922572,0.002));
#19995=CARTESIAN_POINT('',(16.2749755490856,-25.652445757217,0.));
#19996=CARTESIAN_POINT('Ctrl Pts',(16.2749755490856,-25.652445757217,0.));
#19997=CARTESIAN_POINT('Ctrl Pts',(16.3169791516399,-25.6620550234455,0.));
#19998=CARTESIAN_POINT('Ctrl Pts',(16.4692288131845,-25.6611229910351,0.));
#19999=CARTESIAN_POINT('Ctrl Pts',(16.5007232388368,-25.6462361922572,0.));
#20000=CARTESIAN_POINT('',(16.2749755490856,-25.652445757217,0.002));
#20001=CARTESIAN_POINT('Ctrl Pts',(16.2749755490856,-25.652445757217,0.002));
#20002=CARTESIAN_POINT('Ctrl Pts',(16.3169791516399,-25.6620550234455,0.002));
#20003=CARTESIAN_POINT('Ctrl Pts',(16.4692288131845,-25.6611229910351,0.002));
#20004=CARTESIAN_POINT('Ctrl Pts',(16.5007232388368,-25.6462361922572,0.002));
#20005=CARTESIAN_POINT('',(16.2749755490856,-25.652445757217,0.));
#20006=CARTESIAN_POINT('Ctrl Pts',(16.2399040970648,-25.4617088815135,0.));
#20007=CARTESIAN_POINT('Ctrl Pts',(16.2399040970648,-25.4617088815135,0.002));
#20008=CARTESIAN_POINT('Ctrl Pts',(16.2399234335892,-25.5133338784134,0.));
#20009=CARTESIAN_POINT('Ctrl Pts',(16.2399234335892,-25.5133338784134,0.002));
#20010=CARTESIAN_POINT('Ctrl Pts',(16.2163456364113,-25.6393427197909,0.));
#20011=CARTESIAN_POINT('Ctrl Pts',(16.2163456364113,-25.6393427197909,0.002));
#20012=CARTESIAN_POINT('Ctrl Pts',(16.2749755490856,-25.652445757217,0.));
#20013=CARTESIAN_POINT('Ctrl Pts',(16.2749755490856,-25.652445757217,0.002));
#20014=CARTESIAN_POINT('',(16.2399040970648,-25.4617088815135,0.));
#20015=CARTESIAN_POINT('Ctrl Pts',(16.2399040970648,-25.4617088815135,0.));
#20016=CARTESIAN_POINT('Ctrl Pts',(16.2399234335892,-25.5133338784134,0.));
#20017=CARTESIAN_POINT('Ctrl Pts',(16.2163456364113,-25.6393427197909,0.));
#20018=CARTESIAN_POINT('Ctrl Pts',(16.2749755490856,-25.652445757217,0.));
#20019=CARTESIAN_POINT('',(16.2399040970648,-25.4617088815135,0.002));
#20020=CARTESIAN_POINT('Ctrl Pts',(16.2399040970648,-25.4617088815135,0.002));
#20021=CARTESIAN_POINT('Ctrl Pts',(16.2399234335892,-25.5133338784134,0.002));
#20022=CARTESIAN_POINT('Ctrl Pts',(16.2163456364113,-25.6393427197909,0.002));
#20023=CARTESIAN_POINT('Ctrl Pts',(16.2749755490856,-25.652445757217,0.002));
#20024=CARTESIAN_POINT('',(16.2399040970648,-25.4617088815135,0.));
#20025=CARTESIAN_POINT('Origin',(16.2397336551945,-25.006708913437,0.));
#20026=CARTESIAN_POINT('',(16.2397336551945,-25.006708913437,0.));
#20027=CARTESIAN_POINT('',(16.2397336551945,-25.006708913437,0.));
#20028=CARTESIAN_POINT('',(16.2397336551945,-25.006708913437,0.002));
#20029=CARTESIAN_POINT('',(16.2397336551945,-25.006708913437,0.002));
#20030=CARTESIAN_POINT('',(16.2397336551945,-25.006708913437,0.));
#20031=CARTESIAN_POINT('Ctrl Pts',(16.2098230485962,-24.577970087795,0.));
#20032=CARTESIAN_POINT('Ctrl Pts',(16.2098230485962,-24.577970087795,0.002));
#20033=CARTESIAN_POINT('Ctrl Pts',(16.2579841072376,-24.6742020539214,0.));
#20034=CARTESIAN_POINT('Ctrl Pts',(16.2579841072376,-24.6742020539214,0.002));
#20035=CARTESIAN_POINT('Ctrl Pts',(16.2396877695802,-24.8842089220312,0.));
#20036=CARTESIAN_POINT('Ctrl Pts',(16.2396877695802,-24.8842089220312,0.002));
#20037=CARTESIAN_POINT('Ctrl Pts',(16.2397336551945,-25.006708913437,0.));
#20038=CARTESIAN_POINT('Ctrl Pts',(16.2397336551945,-25.006708913437,0.002));
#20039=CARTESIAN_POINT('',(16.2098230485962,-24.577970087795,0.));
#20040=CARTESIAN_POINT('Ctrl Pts',(16.2098230485962,-24.577970087795,0.));
#20041=CARTESIAN_POINT('Ctrl Pts',(16.2579841072376,-24.6742020539214,0.));
#20042=CARTESIAN_POINT('Ctrl Pts',(16.2396877695802,-24.8842089220312,0.));
#20043=CARTESIAN_POINT('Ctrl Pts',(16.2397336551945,-25.006708913437,0.));
#20044=CARTESIAN_POINT('',(16.2098230485962,-24.577970087795,0.002));
#20045=CARTESIAN_POINT('Ctrl Pts',(16.2098230485962,-24.577970087795,0.002));
#20046=CARTESIAN_POINT('Ctrl Pts',(16.2579841072376,-24.6742020539214,0.002));
#20047=CARTESIAN_POINT('Ctrl Pts',(16.2396877695802,-24.8842089220312,0.002));
#20048=CARTESIAN_POINT('Ctrl Pts',(16.2397336551945,-25.006708913437,0.002));
#20049=CARTESIAN_POINT('',(16.2098230485962,-24.577970087795,0.));
#20050=CARTESIAN_POINT('Ctrl Pts',(15.918382514474,-24.4030792484249,0.));
#20051=CARTESIAN_POINT('Ctrl Pts',(15.918382514474,-24.4030792484249,0.002));
#20052=CARTESIAN_POINT('Ctrl Pts',(16.0680075039761,-24.4030231992718,0.));
#20053=CARTESIAN_POINT('Ctrl Pts',(16.0680075039761,-24.4030231992718,0.002));
#20054=CARTESIAN_POINT('Ctrl Pts',(16.1634136357027,-24.4861124662008,0.));
#20055=CARTESIAN_POINT('Ctrl Pts',(16.1634136357027,-24.4861124662008,0.002));
#20056=CARTESIAN_POINT('Ctrl Pts',(16.2098230485962,-24.577970087795,0.));
#20057=CARTESIAN_POINT('Ctrl Pts',(16.2098230485962,-24.577970087795,0.002));
#20058=CARTESIAN_POINT('',(15.918382514474,-24.4030792484249,0.));
#20059=CARTESIAN_POINT('Ctrl Pts',(15.918382514474,-24.4030792484249,0.));
#20060=CARTESIAN_POINT('Ctrl Pts',(16.0680075039761,-24.4030231992718,0.));
#20061=CARTESIAN_POINT('Ctrl Pts',(16.1634136357027,-24.4861124662008,0.));
#20062=CARTESIAN_POINT('Ctrl Pts',(16.2098230485962,-24.577970087795,0.));
#20063=CARTESIAN_POINT('',(15.918382514474,-24.4030792484249,0.002));
#20064=CARTESIAN_POINT('Ctrl Pts',(15.918382514474,-24.4030792484249,0.002));
#20065=CARTESIAN_POINT('Ctrl Pts',(16.0680075039761,-24.4030231992718,0.002));
#20066=CARTESIAN_POINT('Ctrl Pts',(16.1634136357027,-24.4861124662008,0.002));
#20067=CARTESIAN_POINT('Ctrl Pts',(16.2098230485962,-24.577970087795,0.002));
#20068=CARTESIAN_POINT('',(15.918382514474,-24.4030792484249,0.));
#20069=CARTESIAN_POINT('Ctrl Pts',(15.6288234171329,-24.5790627288912,0.));
#20070=CARTESIAN_POINT('Ctrl Pts',(15.6288234171329,-24.5790627288912,0.002));
#20071=CARTESIAN_POINT('Ctrl Pts',(15.674288670021,-24.4862956912111,0.));
#20072=CARTESIAN_POINT('Ctrl Pts',(15.674288670021,-24.4862956912111,0.002));
#20073=CARTESIAN_POINT('Ctrl Pts',(15.7757571967083,-24.4022576754573,0.));
#20074=CARTESIAN_POINT('Ctrl Pts',(15.7757571967083,-24.4022576754573,0.002));
#20075=CARTESIAN_POINT('Ctrl Pts',(15.918382514474,-24.4030792484249,0.));
#20076=CARTESIAN_POINT('Ctrl Pts',(15.918382514474,-24.4030792484249,0.002));
#20077=CARTESIAN_POINT('',(15.6288234171329,-24.5790627288912,0.));
#20078=CARTESIAN_POINT('Ctrl Pts',(15.6288234171329,-24.5790627288912,0.));
#20079=CARTESIAN_POINT('Ctrl Pts',(15.674288670021,-24.4862956912111,0.));
#20080=CARTESIAN_POINT('Ctrl Pts',(15.7757571967083,-24.4022576754573,0.));
#20081=CARTESIAN_POINT('Ctrl Pts',(15.918382514474,-24.4030792484249,0.));
#20082=CARTESIAN_POINT('',(15.6288234171329,-24.5790627288912,0.002));
#20083=CARTESIAN_POINT('Ctrl Pts',(15.6288234171329,-24.5790627288912,0.002));
#20084=CARTESIAN_POINT('Ctrl Pts',(15.674288670021,-24.4862956912111,0.002));
#20085=CARTESIAN_POINT('Ctrl Pts',(15.7757571967083,-24.4022576754573,0.002));
#20086=CARTESIAN_POINT('Ctrl Pts',(15.918382514474,-24.4030792484249,0.002));
#20087=CARTESIAN_POINT('',(15.6288234171329,-24.5790627288912,0.));
#20088=CARTESIAN_POINT('Ctrl Pts',(15.599233700133,-25.0069488431469,0.));
#20089=CARTESIAN_POINT('Ctrl Pts',(15.599233700133,-25.0069488431469,0.002));
#20090=CARTESIAN_POINT('Ctrl Pts',(15.5991878073861,-24.8844488513001,0.));
#20091=CARTESIAN_POINT('Ctrl Pts',(15.5991878073861,-24.8844488513001,0.002));
#20092=CARTESIAN_POINT('Ctrl Pts',(15.5816101295442,-24.6770804210441,0.));
#20093=CARTESIAN_POINT('Ctrl Pts',(15.5816101295442,-24.6770804210441,0.002));
#20094=CARTESIAN_POINT('Ctrl Pts',(15.6288234171329,-24.5790627288912,0.));
#20095=CARTESIAN_POINT('Ctrl Pts',(15.6288234171329,-24.5790627288912,0.002));
#20096=CARTESIAN_POINT('',(15.599233700133,-25.0069488431469,0.));
#20097=CARTESIAN_POINT('Ctrl Pts',(15.599233700133,-25.0069488431469,0.));
#20098=CARTESIAN_POINT('Ctrl Pts',(15.5991878073861,-24.8844488513001,0.));
#20099=CARTESIAN_POINT('Ctrl Pts',(15.5816101295442,-24.6770804210441,0.));
#20100=CARTESIAN_POINT('Ctrl Pts',(15.6288234171329,-24.5790627288912,0.));
#20101=CARTESIAN_POINT('',(15.599233700133,-25.0069488431469,0.002));
#20102=CARTESIAN_POINT('Ctrl Pts',(15.599233700133,-25.0069488431469,0.002));
#20103=CARTESIAN_POINT('Ctrl Pts',(15.5991878073861,-24.8844488513001,0.002));
#20104=CARTESIAN_POINT('Ctrl Pts',(15.5816101295442,-24.6770804210441,0.002));
#20105=CARTESIAN_POINT('Ctrl Pts',(15.6288234171329,-24.5790627288912,0.002));
#20106=CARTESIAN_POINT('',(15.599233700133,-25.0069488431469,0.));
#20107=CARTESIAN_POINT('Origin',(15.5994041420034,-25.4619488112233,0.));
#20108=CARTESIAN_POINT('',(15.5994041420034,-25.4619488112233,0.));
#20109=CARTESIAN_POINT('',(15.5994041420034,-25.4619488112233,0.));
#20110=CARTESIAN_POINT('',(15.5994041420034,-25.4619488112233,0.002));
#20111=CARTESIAN_POINT('',(15.5994041420034,-25.4619488112233,0.002));
#20112=CARTESIAN_POINT('',(15.5994041420034,-25.4619488112233,0.));
#20113=CARTESIAN_POINT('Ctrl Pts',(15.5636005989969,-25.6527122365259,0.));
#20114=CARTESIAN_POINT('Ctrl Pts',(15.5636005989969,-25.6527122365259,0.002));
#20115=CARTESIAN_POINT('Ctrl Pts',(15.6230960060029,-25.6404399488334,0.));
#20116=CARTESIAN_POINT('Ctrl Pts',(15.6230960060029,-25.6404399488334,0.002));
#20117=CARTESIAN_POINT('Ctrl Pts',(15.5994251194643,-25.5179488072944,0.));
#20118=CARTESIAN_POINT('Ctrl Pts',(15.5994251194643,-25.5179488072944,0.002));
#20119=CARTESIAN_POINT('Ctrl Pts',(15.5994041420034,-25.4619488112233,0.));
#20120=CARTESIAN_POINT('Ctrl Pts',(15.5994041420034,-25.4619488112233,0.002));
#20121=CARTESIAN_POINT('',(15.5636005989969,-25.6527122365259,0.));
#20122=CARTESIAN_POINT('Ctrl Pts',(15.5636005989969,-25.6527122365259,0.));
#20123=CARTESIAN_POINT('Ctrl Pts',(15.6230960060029,-25.6404399488334,0.));
#20124=CARTESIAN_POINT('Ctrl Pts',(15.5994251194643,-25.5179488072944,0.));
#20125=CARTESIAN_POINT('Ctrl Pts',(15.5994041420034,-25.4619488112233,0.));
#20126=CARTESIAN_POINT('',(15.5636005989969,-25.6527122365259,0.002));
#20127=CARTESIAN_POINT('Ctrl Pts',(15.5636005989969,-25.6527122365259,0.002));
#20128=CARTESIAN_POINT('Ctrl Pts',(15.6230960060029,-25.6404399488334,0.002));
#20129=CARTESIAN_POINT('Ctrl Pts',(15.5994251194643,-25.5179488072944,0.002));
#20130=CARTESIAN_POINT('Ctrl Pts',(15.5994041420034,-25.4619488112233,0.002));
#20131=CARTESIAN_POINT('',(15.5636005989969,-25.6527122365259,0.));
#20132=CARTESIAN_POINT('Ctrl Pts',(15.3404720091506,-25.6431708192723,0.));
#20133=CARTESIAN_POINT('Ctrl Pts',(15.3404720091506,-25.6431708192723,0.002));
#20134=CARTESIAN_POINT('Ctrl Pts',(15.3632288907838,-25.6615372958892,0.));
#20135=CARTESIAN_POINT('Ctrl Pts',(15.3632288907838,-25.6615372958892,0.002));
#20136=CARTESIAN_POINT('Ctrl Pts',(15.5242288794877,-25.6614769856893,0.));
#20137=CARTESIAN_POINT('Ctrl Pts',(15.5242288794877,-25.6614769856893,0.002));
#20138=CARTESIAN_POINT('Ctrl Pts',(15.5636005989969,-25.6527122365259,0.));
#20139=CARTESIAN_POINT('Ctrl Pts',(15.5636005989969,-25.6527122365259,0.002));
#20140=CARTESIAN_POINT('Ctrl Pts',(15.3404720091506,-25.6431708192723,0.));
#20141=CARTESIAN_POINT('Ctrl Pts',(15.3632288907838,-25.6615372958892,0.));
#20142=CARTESIAN_POINT('Ctrl Pts',(15.5242288794877,-25.6614769856893,0.));
#20143=CARTESIAN_POINT('Ctrl Pts',(15.5636005989969,-25.6527122365259,0.));
#20144=CARTESIAN_POINT('Ctrl Pts',(15.3404720091506,-25.6431708192723,0.002));
#20145=CARTESIAN_POINT('Ctrl Pts',(15.3632288907838,-25.6615372958892,0.002));
#20146=CARTESIAN_POINT('Ctrl Pts',(15.5242288794877,-25.6614769856893,0.002));
#20147=CARTESIAN_POINT('Ctrl Pts',(15.5636005989969,-25.6527122365259,0.002));
#20148=CARTESIAN_POINT('Origin',(16.3533459252049,-24.884197832361,0.002));
#20149=CARTESIAN_POINT('Origin',(16.3533459252049,-24.884197832361,0.));
#20150=CARTESIAN_POINT('Origin',(33.2129775904118,10.4952953958721,0.));
#20151=CARTESIAN_POINT('',(34.0490968792876,10.4952953958721,0.002));
#20152=CARTESIAN_POINT('Origin',(33.2129775904118,10.4952953958721,0.002));
#20153=CARTESIAN_POINT('',(34.0490968792876,10.4952953958721,0.));
#20154=CARTESIAN_POINT('Origin',(33.2129775904118,10.4952953958721,0.));
#20155=CARTESIAN_POINT('Origin',(33.2129775904118,10.4952953958721,0.));
#20156=CARTESIAN_POINT('Origin',(33.2129775904118,10.4952953958721,0.002));
#20157=CARTESIAN_POINT('',(0.,0.,0.));
#20158=CARTESIAN_POINT('',(0.,0.,0.));
#20159=CARTESIAN_POINT('',(0.,0.,0.));
#20160=CARTESIAN_POINT('',(0.,0.,0.));
#20161=CARTESIAN_POINT('',(-21.3870900226822,6.05761573031029,5.199));
#20162=UNCERTAINTY_MEASURE_WITH_UNIT(LENGTH_MEASURE(0.01),#20174,
'DISTANCE_ACCURACY_VALUE',
'Maximum model space distance between geometric entities at asserted c
onnectivities');
#20163=UNCERTAINTY_MEASURE_WITH_UNIT(LENGTH_MEASURE(0.01),#20174,
'DISTANCE_ACCURACY_VALUE',
'Maximum model space distance between geometric entities at asserted c
onnectivities');
#20164=UNCERTAINTY_MEASURE_WITH_UNIT(LENGTH_MEASURE(0.01),#20174,
'DISTANCE_ACCURACY_VALUE',
'Maximum model space distance between geometric entities at asserted c
onnectivities');
#20165=UNCERTAINTY_MEASURE_WITH_UNIT(LENGTH_MEASURE(0.01),#20174,
'DISTANCE_ACCURACY_VALUE',
'Maximum model space distance between geometric entities at asserted c
onnectivities');
#20166=UNCERTAINTY_MEASURE_WITH_UNIT(LENGTH_MEASURE(0.01),#20174,
'DISTANCE_ACCURACY_VALUE',
'Maximum model space distance between geometric entities at asserted c
onnectivities');
#20167=UNCERTAINTY_MEASURE_WITH_UNIT(LENGTH_MEASURE(1.E-6),#20174,
'DISTANCE_ACCURACY_VALUE',
'Maximum model space distance between geometric entities at asserted c
onnectivities');
#20168=(
GEOMETRIC_REPRESENTATION_CONTEXT(3)
GLOBAL_UNCERTAINTY_ASSIGNED_CONTEXT((#20162))
GLOBAL_UNIT_ASSIGNED_CONTEXT((#20174,#20177,#20175))
REPRESENTATION_CONTEXT('','3D')
);
#20169=(
GEOMETRIC_REPRESENTATION_CONTEXT(3)
GLOBAL_UNCERTAINTY_ASSIGNED_CONTEXT((#20163))
GLOBAL_UNIT_ASSIGNED_CONTEXT((#20174,#20177,#20175))
REPRESENTATION_CONTEXT('','3D')
);
#20170=(
GEOMETRIC_REPRESENTATION_CONTEXT(3)
GLOBAL_UNCERTAINTY_ASSIGNED_CONTEXT((#20164))
GLOBAL_UNIT_ASSIGNED_CONTEXT((#20174,#20177,#20175))
REPRESENTATION_CONTEXT('','3D')
);
#20171=(
GEOMETRIC_REPRESENTATION_CONTEXT(3)
GLOBAL_UNCERTAINTY_ASSIGNED_CONTEXT((#20165))
GLOBAL_UNIT_ASSIGNED_CONTEXT((#20174,#20177,#20175))
REPRESENTATION_CONTEXT('','3D')
);
#20172=(
GEOMETRIC_REPRESENTATION_CONTEXT(3)
GLOBAL_UNCERTAINTY_ASSIGNED_CONTEXT((#20166))
GLOBAL_UNIT_ASSIGNED_CONTEXT((#20174,#20177,#20175))
REPRESENTATION_CONTEXT('','3D')
);
#20173=(
GEOMETRIC_REPRESENTATION_CONTEXT(3)
GLOBAL_UNCERTAINTY_ASSIGNED_CONTEXT((#20167))
GLOBAL_UNIT_ASSIGNED_CONTEXT((#20174,#20177,#20175))
REPRESENTATION_CONTEXT('','3D')
);
#20174=(
LENGTH_UNIT()
NAMED_UNIT(*)
SI_UNIT(.MILLI.,.METRE.)
);
#20175=(
NAMED_UNIT(*)
SI_UNIT($,.STERADIAN.)
SOLID_ANGLE_UNIT()
);
#20176=DIMENSIONAL_EXPONENTS(0.,0.,0.,0.,0.,0.,0.);
#20177=(
CONVERSION_BASED_UNIT('degree',#20179)
NAMED_UNIT(#20176)
PLANE_ANGLE_UNIT()
);
#20178=(
NAMED_UNIT(*)
PLANE_ANGLE_UNIT()
SI_UNIT($,.RADIAN.)
);
#20179=PLANE_ANGLE_MEASURE_WITH_UNIT(PLANE_ANGLE_MEASURE(0.01745329252),
#20178);
#20180=SHAPE_DEFINITION_REPRESENTATION(#20185,#20194);
#20181=SHAPE_DEFINITION_REPRESENTATION(#20186,#20195);
#20182=SHAPE_DEFINITION_REPRESENTATION(#20187,#20196);
#20183=SHAPE_DEFINITION_REPRESENTATION(#20188,#20197);
#20184=SHAPE_DEFINITION_REPRESENTATION(#20189,#20198);
#20185=PRODUCT_DEFINITION_SHAPE('',$,#20200);
#20186=PRODUCT_DEFINITION_SHAPE('',$,#20201);
#20187=PRODUCT_DEFINITION_SHAPE('',$,#20202);
#20188=PRODUCT_DEFINITION_SHAPE('',$,#20203);
#20189=PRODUCT_DEFINITION_SHAPE('',$,#20204);
#20190=PRODUCT_DEFINITION_SHAPE($,$,#23);
#20191=PRODUCT_DEFINITION_SHAPE($,$,#24);
#20192=PRODUCT_DEFINITION_SHAPE($,$,#25);
#20193=PRODUCT_DEFINITION_SHAPE($,$,#26);
#20194=SHAPE_REPRESENTATION('',(#11984),#20168);
#20195=SHAPE_REPRESENTATION('',(#12508),#20169);
#20196=SHAPE_REPRESENTATION('',(#12515),#20170);
#20197=SHAPE_REPRESENTATION('',(#12737),#20171);
#20198=SHAPE_REPRESENTATION('',(#12768,#12769,#12770,#12771,#12772),#20172);
#20199=PRODUCT_DEFINITION_CONTEXT('part definition',#20216,'design');
#20200=PRODUCT_DEFINITION('1','1',#20205,#20199);
#20201=PRODUCT_DEFINITION('2','2',#20206,#20199);
#20202=PRODUCT_DEFINITION('3','3',#20207,#20199);
#20203=PRODUCT_DEFINITION('ONsemi Updated Logo','ONsemi Updated Logo',#20208,
#20199);
#20204=PRODUCT_DEFINITION('1','1',#20209,#20199);
#20205=PRODUCT_DEFINITION_FORMATION('',$,#20218);
#20206=PRODUCT_DEFINITION_FORMATION('',$,#20219);
#20207=PRODUCT_DEFINITION_FORMATION('',$,#20220);
#20208=PRODUCT_DEFINITION_FORMATION('',$,#20221);
#20209=PRODUCT_DEFINITION_FORMATION('',$,#20222);
#20210=PRODUCT_RELATED_PRODUCT_CATEGORY('1','1',(#20218));
#20211=PRODUCT_RELATED_PRODUCT_CATEGORY('2','2',(#20219));
#20212=PRODUCT_RELATED_PRODUCT_CATEGORY('3','3',(#20220));
#20213=PRODUCT_RELATED_PRODUCT_CATEGORY('ONsemi Updated Logo',
'ONsemi Updated Logo',(#20221));
#20214=PRODUCT_RELATED_PRODUCT_CATEGORY('1','1',(#20222));
#20215=APPLICATION_PROTOCOL_DEFINITION('international standard',
'automotive_design',2009,#20216);
#20216=APPLICATION_CONTEXT(
'Core Data for Automotive Mechanical Design Process');
#20217=PRODUCT_CONTEXT('part definition',#20216,'mechanical');
#20218=PRODUCT('1','1',$,(#20217));
#20219=PRODUCT('2','2',$,(#20217));
#20220=PRODUCT('3','3',$,(#20217));
#20221=PRODUCT('ONsemi Updated Logo','ONsemi Updated Logo',$,(#20217));
#20222=PRODUCT('1','1',$,(#20217));
#20223=PRESENTATION_STYLE_ASSIGNMENT((#20227));
#20224=PRESENTATION_STYLE_ASSIGNMENT((#20228));
#20225=PRESENTATION_STYLE_ASSIGNMENT((#20229));
#20226=PRESENTATION_STYLE_ASSIGNMENT((#20230));
#20227=SURFACE_STYLE_USAGE(.BOTH.,#20231);
#20228=SURFACE_STYLE_USAGE(.BOTH.,#20232);
#20229=SURFACE_STYLE_USAGE(.BOTH.,#20233);
#20230=SURFACE_STYLE_USAGE(.BOTH.,#20234);
#20231=SURFACE_SIDE_STYLE($,(#20235));
#20232=SURFACE_SIDE_STYLE($,(#20236));
#20233=SURFACE_SIDE_STYLE($,(#20237));
#20234=SURFACE_SIDE_STYLE($,(#20238));
#20235=SURFACE_STYLE_FILL_AREA(#20239);
#20236=SURFACE_STYLE_FILL_AREA(#20240);
#20237=SURFACE_STYLE_FILL_AREA(#20241);
#20238=SURFACE_STYLE_FILL_AREA(#20242);
#20239=FILL_AREA_STYLE($,(#20243));
#20240=FILL_AREA_STYLE($,(#20244));
#20241=FILL_AREA_STYLE($,(#20245));
#20242=FILL_AREA_STYLE($,(#20246));
#20243=FILL_AREA_STYLE_COLOUR($,#20247);
#20244=FILL_AREA_STYLE_COLOUR($,#20248);
#20245=FILL_AREA_STYLE_COLOUR($,#20249);
#20246=FILL_AREA_STYLE_COLOUR($,#20250);
#20247=COLOUR_RGB('',0.831372549019608,0.831372549019608,0.831372549019608);
#20248=COLOUR_RGB('',0.803921568627451,0.462745098039216,0.27843137254902);
#20249=COLOUR_RGB('',0.286274509803922,0.286274509803922,0.286274509803922);
#20250=COLOUR_RGB('',1.,1.,1.);
ENDSEC;
END-ISO-10303-21;
