ISO-10303-21;
HEADER;
/* Generated by software containing ST-Developer
 * from STEP Tools, Inc. (www.steptools.com) 
 */
/* OPTION: using custom schema-name function */

FILE_DESCRIPTION(
/* description */ (''),
/* implementation_level */ '2;1');

FILE_NAME(
/* name */ '\X2\710A63A57AEF5B50\X0\m3',
/* time_stamp */ '2024-05-14T14:52:37+08:00',
/* author */ (''),
/* organization */ (''),
/* preprocessor_version */ 'ST-DEVELOPER v16.5',
/* originating_system */ '',
/* authorisation */ '');

FILE_SCHEMA (('CONFIG_CONTROL_DESIGN'));
ENDSEC;

DATA;
#10=SHAPE_REPRESENTATION_RELATIONSHIP('','',#1298,#12);
#11=MANIFOLD_SOLID_BREP('brep_1',#13);
#12=ADVANCED_BREP_SHAPE_REPRESENTATION('brep_rep_0',(#11,#1366),#1297);
#13=CLOSED_SHELL('',(#16,#17,#18,#19,#20,#21,#22,#23,#24,#25,#26,#27,#28,
#29,#30,#31,#32,#33,#34,#35,#36,#37,#38,#39,#40,#41,#42,#43,#44,#45,#46,
#47,#48,#49,#50,#51,#52,#53,#54,#55,#56,#57,#58,#59,#60,#61,#62,#63,#64,
#65,#66,#67,#68,#69,#70,#71,#72,#73,#74,#75,#76,#77,#78,#79,#80,#81,#82,
#83));
#14=FACE_BOUND('',#155,.T.);
#15=FACE_BOUND('',#159,.T.);
#16=ADVANCED_FACE('',(#84),#1191,.T.);
#17=ADVANCED_FACE('',(#85),#1176,.T.);
#18=ADVANCED_FACE('',(#86,#14),#1192,.T.);
#19=ADVANCED_FACE('',(#87),#1177,.T.);
#20=ADVANCED_FACE('',(#88),#1178,.F.);
#21=ADVANCED_FACE('',(#89,#15),#1193,.T.);
#22=ADVANCED_FACE('',(#90),#1179,.F.);
#23=ADVANCED_FACE('',(#91),#1194,.T.);
#24=ADVANCED_FACE('',(#92),#1203,.T.);
#25=ADVANCED_FACE('',(#93),#1186,.T.);
#26=ADVANCED_FACE('',(#94),#1174,.F.);
#27=ADVANCED_FACE('',(#95),#1195,.T.);
#28=ADVANCED_FACE('',(#96),#1196,.T.);
#29=ADVANCED_FACE('',(#97),#1197,.T.);
#30=ADVANCED_FACE('',(#98),#1198,.T.);
#31=ADVANCED_FACE('',(#99),#1204,.T.);
#32=ADVANCED_FACE('',(#100),#1180,.T.);
#33=ADVANCED_FACE('',(#101),#1205,.T.);
#34=ADVANCED_FACE('',(#102),#1182,.T.);
#35=ADVANCED_FACE('',(#103),#1206,.T.);
#36=ADVANCED_FACE('',(#104),#1183,.T.);
#37=ADVANCED_FACE('',(#105),#1207,.T.);
#38=ADVANCED_FACE('',(#106),#1185,.T.);
#39=ADVANCED_FACE('',(#107),#1208,.T.);
#40=ADVANCED_FACE('',(#108),#1187,.T.);
#41=ADVANCED_FACE('',(#109),#1199,.T.);
#42=ADVANCED_FACE('',(#110),#1200,.T.);
#43=ADVANCED_FACE('',(#111),#1209,.T.);
#44=ADVANCED_FACE('',(#112),#1184,.T.);
#45=ADVANCED_FACE('',(#113),#1188,.T.);
#46=ADVANCED_FACE('',(#114),#1188,.T.);
#47=ADVANCED_FACE('',(#115),#1201,.T.);
#48=ADVANCED_FACE('',(#116),#1202,.T.);
#49=ADVANCED_FACE('',(#117),#1210,.T.);
#50=ADVANCED_FACE('',(#118),#1181,.T.);
#51=ADVANCED_FACE('',(#119),#1189,.T.);
#52=ADVANCED_FACE('',(#120),#1189,.T.);
#53=ADVANCED_FACE('',(#121),#1211,.T.);
#54=ADVANCED_FACE('',(#122),#1190,.T.);
#55=ADVANCED_FACE('',(#123),#1146,.T.);
#56=ADVANCED_FACE('',(#124),#1147,.T.);
#57=ADVANCED_FACE('',(#125),#1148,.T.);
#58=ADVANCED_FACE('',(#126),#1149,.T.);
#59=ADVANCED_FACE('',(#127),#1150,.F.);
#60=ADVANCED_FACE('',(#128),#1151,.F.);
#61=ADVANCED_FACE('',(#129),#1152,.F.);
#62=ADVANCED_FACE('',(#130),#1153,.F.);
#63=ADVANCED_FACE('',(#131),#1154,.F.);
#64=ADVANCED_FACE('',(#132),#1155,.F.);
#65=ADVANCED_FACE('',(#133),#1156,.F.);
#66=ADVANCED_FACE('',(#134),#1157,.F.);
#67=ADVANCED_FACE('',(#135),#1158,.T.);
#68=ADVANCED_FACE('',(#136),#1159,.T.);
#69=ADVANCED_FACE('',(#137),#1160,.T.);
#70=ADVANCED_FACE('',(#138),#1161,.T.);
#71=ADVANCED_FACE('',(#139),#1162,.T.);
#72=ADVANCED_FACE('',(#140),#1163,.T.);
#73=ADVANCED_FACE('',(#141),#1164,.T.);
#74=ADVANCED_FACE('',(#142),#1165,.T.);
#75=ADVANCED_FACE('',(#143),#1166,.T.);
#76=ADVANCED_FACE('',(#144),#1167,.T.);
#77=ADVANCED_FACE('',(#145),#1168,.T.);
#78=ADVANCED_FACE('',(#146),#1169,.T.);
#79=ADVANCED_FACE('',(#147),#1170,.T.);
#80=ADVANCED_FACE('',(#148),#1171,.T.);
#81=ADVANCED_FACE('',(#149),#1172,.T.);
#82=ADVANCED_FACE('',(#150),#1173,.T.);
#83=ADVANCED_FACE('',(#151),#1175,.F.);
#84=FACE_OUTER_BOUND('',#152,.T.);
#85=FACE_OUTER_BOUND('',#153,.T.);
#86=FACE_OUTER_BOUND('',#154,.T.);
#87=FACE_OUTER_BOUND('',#156,.T.);
#88=FACE_OUTER_BOUND('',#157,.T.);
#89=FACE_OUTER_BOUND('',#158,.T.);
#90=FACE_OUTER_BOUND('',#160,.T.);
#91=FACE_OUTER_BOUND('',#161,.T.);
#92=FACE_OUTER_BOUND('',#162,.T.);
#93=FACE_OUTER_BOUND('',#163,.T.);
#94=FACE_OUTER_BOUND('',#164,.T.);
#95=FACE_OUTER_BOUND('',#165,.T.);
#96=FACE_OUTER_BOUND('',#166,.T.);
#97=FACE_OUTER_BOUND('',#167,.T.);
#98=FACE_OUTER_BOUND('',#168,.T.);
#99=FACE_OUTER_BOUND('',#169,.T.);
#100=FACE_OUTER_BOUND('',#170,.T.);
#101=FACE_OUTER_BOUND('',#171,.T.);
#102=FACE_OUTER_BOUND('',#172,.T.);
#103=FACE_OUTER_BOUND('',#173,.T.);
#104=FACE_OUTER_BOUND('',#174,.T.);
#105=FACE_OUTER_BOUND('',#175,.T.);
#106=FACE_OUTER_BOUND('',#176,.T.);
#107=FACE_OUTER_BOUND('',#177,.T.);
#108=FACE_OUTER_BOUND('',#178,.T.);
#109=FACE_OUTER_BOUND('',#179,.T.);
#110=FACE_OUTER_BOUND('',#180,.T.);
#111=FACE_OUTER_BOUND('',#181,.T.);
#112=FACE_OUTER_BOUND('',#182,.T.);
#113=FACE_OUTER_BOUND('',#183,.T.);
#114=FACE_OUTER_BOUND('',#184,.T.);
#115=FACE_OUTER_BOUND('',#185,.T.);
#116=FACE_OUTER_BOUND('',#186,.T.);
#117=FACE_OUTER_BOUND('',#187,.T.);
#118=FACE_OUTER_BOUND('',#188,.T.);
#119=FACE_OUTER_BOUND('',#189,.T.);
#120=FACE_OUTER_BOUND('',#190,.T.);
#121=FACE_OUTER_BOUND('',#191,.T.);
#122=FACE_OUTER_BOUND('',#192,.T.);
#123=FACE_OUTER_BOUND('',#193,.T.);
#124=FACE_OUTER_BOUND('',#194,.T.);
#125=FACE_OUTER_BOUND('',#195,.T.);
#126=FACE_OUTER_BOUND('',#196,.T.);
#127=FACE_OUTER_BOUND('',#197,.T.);
#128=FACE_OUTER_BOUND('',#198,.T.);
#129=FACE_OUTER_BOUND('',#199,.T.);
#130=FACE_OUTER_BOUND('',#200,.T.);
#131=FACE_OUTER_BOUND('',#201,.T.);
#132=FACE_OUTER_BOUND('',#202,.T.);
#133=FACE_OUTER_BOUND('',#203,.T.);
#134=FACE_OUTER_BOUND('',#204,.T.);
#135=FACE_OUTER_BOUND('',#205,.T.);
#136=FACE_OUTER_BOUND('',#206,.T.);
#137=FACE_OUTER_BOUND('',#207,.T.);
#138=FACE_OUTER_BOUND('',#208,.T.);
#139=FACE_OUTER_BOUND('',#209,.T.);
#140=FACE_OUTER_BOUND('',#210,.T.);
#141=FACE_OUTER_BOUND('',#211,.T.);
#142=FACE_OUTER_BOUND('',#212,.T.);
#143=FACE_OUTER_BOUND('',#213,.T.);
#144=FACE_OUTER_BOUND('',#214,.T.);
#145=FACE_OUTER_BOUND('',#215,.T.);
#146=FACE_OUTER_BOUND('',#216,.T.);
#147=FACE_OUTER_BOUND('',#217,.T.);
#148=FACE_OUTER_BOUND('',#218,.T.);
#149=FACE_OUTER_BOUND('',#219,.T.);
#150=FACE_OUTER_BOUND('',#220,.T.);
#151=FACE_OUTER_BOUND('',#221,.T.);
#152=EDGE_LOOP('',(#222,#223,#224,#225,#226,#227,#228,#229,#230,#231,#232,
#233));
#153=EDGE_LOOP('',(#234,#235,#236,#237));
#154=EDGE_LOOP('',(#238,#239,#240,#241));
#155=EDGE_LOOP('',(#242,#243));
#156=EDGE_LOOP('',(#244,#245,#246,#247));
#157=EDGE_LOOP('',(#248,#249,#250,#251));
#158=EDGE_LOOP('',(#252,#253,#254,#255));
#159=EDGE_LOOP('',(#256,#257));
#160=EDGE_LOOP('',(#258,#259,#260,#261));
#161=EDGE_LOOP('',(#262,#263,#264,#265,#266,#267,#268,#269,#270,#271,#272,
#273));
#162=EDGE_LOOP('',(#274,#275,#276,#277));
#163=EDGE_LOOP('',(#278,#279,#280,#281));
#164=EDGE_LOOP('',(#282,#283,#284,#285));
#165=EDGE_LOOP('',(#286,#287,#288,#289,#290,#291,#292,#293,#294,#295,#296,
#297,#298,#299,#300,#301,#302,#303,#304,#305,#306,#307,#308,#309,#310,#311,
#312,#313,#314,#315));
#166=EDGE_LOOP('',(#316,#317,#318,#319,#320,#321,#322,#323,#324,#325,#326,
#327,#328,#329,#330,#331,#332,#333,#334,#335,#336,#337,#338,#339,#340,#341,
#342,#343,#344,#345));
#167=EDGE_LOOP('',(#346,#347,#348,#349,#350,#351,#352,#353,#354,#355,#356,
#357,#358,#359,#360,#361,#362,#363,#364,#365,#366,#367,#368,#369,#370,#371,
#372,#373,#374,#375));
#168=EDGE_LOOP('',(#376,#377,#378,#379,#380,#381,#382,#383,#384,#385,#386,
#387,#388,#389,#390,#391,#392,#393,#394,#395,#396,#397,#398,#399,#400,#401,
#402,#403,#404,#405));
#169=EDGE_LOOP('',(#406,#407,#408,#409));
#170=EDGE_LOOP('',(#410,#411,#412,#413));
#171=EDGE_LOOP('',(#414,#415,#416,#417));
#172=EDGE_LOOP('',(#418,#419,#420,#421));
#173=EDGE_LOOP('',(#422,#423,#424,#425));
#174=EDGE_LOOP('',(#426,#427,#428,#429));
#175=EDGE_LOOP('',(#430,#431,#432,#433));
#176=EDGE_LOOP('',(#434,#435,#436,#437));
#177=EDGE_LOOP('',(#438,#439,#440,#441));
#178=EDGE_LOOP('',(#442,#443,#444,#445));
#179=EDGE_LOOP('',(#446,#447,#448,#449));
#180=EDGE_LOOP('',(#450,#451,#452,#453));
#181=EDGE_LOOP('',(#454,#455,#456,#457));
#182=EDGE_LOOP('',(#458,#459,#460,#461));
#183=EDGE_LOOP('',(#462,#463,#464,#465));
#184=EDGE_LOOP('',(#466,#467,#468,#469));
#185=EDGE_LOOP('',(#470,#471,#472,#473));
#186=EDGE_LOOP('',(#474,#475,#476,#477));
#187=EDGE_LOOP('',(#478,#479,#480,#481));
#188=EDGE_LOOP('',(#482,#483,#484,#485));
#189=EDGE_LOOP('',(#486,#487,#488,#489));
#190=EDGE_LOOP('',(#490,#491,#492,#493));
#191=EDGE_LOOP('',(#494,#495,#496,#497));
#192=EDGE_LOOP('',(#498,#499,#500,#501));
#193=EDGE_LOOP('',(#502,#503,#504,#505));
#194=EDGE_LOOP('',(#506,#507,#508,#509));
#195=EDGE_LOOP('',(#510,#511,#512,#513));
#196=EDGE_LOOP('',(#514,#515,#516,#517));
#197=EDGE_LOOP('',(#518,#519,#520,#521));
#198=EDGE_LOOP('',(#522,#523,#524,#525));
#199=EDGE_LOOP('',(#526,#527,#528,#529));
#200=EDGE_LOOP('',(#530,#531,#532,#533));
#201=EDGE_LOOP('',(#534,#535,#536,#537));
#202=EDGE_LOOP('',(#538,#539,#540,#541));
#203=EDGE_LOOP('',(#542,#543,#544,#545));
#204=EDGE_LOOP('',(#546,#547,#548,#549));
#205=EDGE_LOOP('',(#550,#551,#552,#553));
#206=EDGE_LOOP('',(#554,#555,#556,#557));
#207=EDGE_LOOP('',(#558,#559,#560,#561));
#208=EDGE_LOOP('',(#562,#563,#564,#565));
#209=EDGE_LOOP('',(#566,#567,#568,#569));
#210=EDGE_LOOP('',(#570,#571,#572,#573));
#211=EDGE_LOOP('',(#574,#575,#576,#577));
#212=EDGE_LOOP('',(#578,#579,#580,#581));
#213=EDGE_LOOP('',(#582,#583,#584,#585));
#214=EDGE_LOOP('',(#586,#587,#588,#589));
#215=EDGE_LOOP('',(#590,#591,#592,#593));
#216=EDGE_LOOP('',(#594,#595,#596,#597));
#217=EDGE_LOOP('',(#598,#599,#600,#601));
#218=EDGE_LOOP('',(#602,#603,#604,#605));
#219=EDGE_LOOP('',(#606,#607,#608,#609));
#220=EDGE_LOOP('',(#610,#611,#612,#613));
#221=EDGE_LOOP('',(#614,#615,#616,#617));
#222=ORIENTED_EDGE('',*,*,#621,.F.);
#223=ORIENTED_EDGE('',*,*,#620,.F.);
#224=ORIENTED_EDGE('',*,*,#619,.F.);
#225=ORIENTED_EDGE('',*,*,#618,.F.);
#226=ORIENTED_EDGE('',*,*,#666,.F.);
#227=ORIENTED_EDGE('',*,*,#702,.F.);
#228=ORIENTED_EDGE('',*,*,#625,.F.);
#229=ORIENTED_EDGE('',*,*,#624,.F.);
#230=ORIENTED_EDGE('',*,*,#623,.F.);
#231=ORIENTED_EDGE('',*,*,#622,.F.);
#232=ORIENTED_EDGE('',*,*,#665,.F.);
#233=ORIENTED_EDGE('',*,*,#701,.F.);
#234=ORIENTED_EDGE('',*,*,#628,.F.);
#235=ORIENTED_EDGE('',*,*,#627,.F.);
#236=ORIENTED_EDGE('',*,*,#626,.F.);
#237=ORIENTED_EDGE('',*,*,#618,.T.);
#238=ORIENTED_EDGE('',*,*,#630,.F.);
#239=ORIENTED_EDGE('',*,*,#629,.F.);
#240=ORIENTED_EDGE('',*,*,#628,.T.);
#241=ORIENTED_EDGE('',*,*,#619,.T.);
#242=ORIENTED_EDGE('',*,*,#814,.F.);
#243=ORIENTED_EDGE('',*,*,#642,.F.);
#244=ORIENTED_EDGE('',*,*,#632,.F.);
#245=ORIENTED_EDGE('',*,*,#631,.F.);
#246=ORIENTED_EDGE('',*,*,#630,.T.);
#247=ORIENTED_EDGE('',*,*,#620,.T.);
#248=ORIENTED_EDGE('',*,*,#636,.F.);
#249=ORIENTED_EDGE('',*,*,#635,.F.);
#250=ORIENTED_EDGE('',*,*,#634,.T.);
#251=ORIENTED_EDGE('',*,*,#622,.T.);
#252=ORIENTED_EDGE('',*,*,#638,.F.);
#253=ORIENTED_EDGE('',*,*,#637,.F.);
#254=ORIENTED_EDGE('',*,*,#636,.T.);
#255=ORIENTED_EDGE('',*,*,#623,.T.);
#256=ORIENTED_EDGE('',*,*,#815,.F.);
#257=ORIENTED_EDGE('',*,*,#643,.F.);
#258=ORIENTED_EDGE('',*,*,#640,.F.);
#259=ORIENTED_EDGE('',*,*,#639,.F.);
#260=ORIENTED_EDGE('',*,*,#638,.T.);
#261=ORIENTED_EDGE('',*,*,#624,.T.);
#262=ORIENTED_EDGE('',*,*,#703,.T.);
#263=ORIENTED_EDGE('',*,*,#667,.T.);
#264=ORIENTED_EDGE('',*,*,#635,.T.);
#265=ORIENTED_EDGE('',*,*,#637,.T.);
#266=ORIENTED_EDGE('',*,*,#639,.T.);
#267=ORIENTED_EDGE('',*,*,#641,.T.);
#268=ORIENTED_EDGE('',*,*,#704,.T.);
#269=ORIENTED_EDGE('',*,*,#668,.T.);
#270=ORIENTED_EDGE('',*,*,#627,.T.);
#271=ORIENTED_EDGE('',*,*,#629,.T.);
#272=ORIENTED_EDGE('',*,*,#631,.T.);
#273=ORIENTED_EDGE('',*,*,#633,.T.);
#274=ORIENTED_EDGE('',*,*,#664,.T.);
#275=ORIENTED_EDGE('',*,*,#722,.F.);
#276=ORIENTED_EDGE('',*,*,#659,.T.);
#277=ORIENTED_EDGE('',*,*,#721,.F.);
#278=ORIENTED_EDGE('',*,*,#654,.T.);
#279=ORIENTED_EDGE('',*,*,#724,.F.);
#280=ORIENTED_EDGE('',*,*,#649,.T.);
#281=ORIENTED_EDGE('',*,*,#723,.F.);
#282=ORIENTED_EDGE('',*,*,#815,.T.);
#283=ORIENTED_EDGE('',*,*,#644,.T.);
#284=ORIENTED_EDGE('',*,*,#642,.T.);
#285=ORIENTED_EDGE('',*,*,#813,.F.);
#286=ORIENTED_EDGE('',*,*,#809,.F.);
#287=ORIENTED_EDGE('',*,*,#691,.F.);
#288=ORIENTED_EDGE('',*,*,#806,.F.);
#289=ORIENTED_EDGE('',*,*,#646,.F.);
#290=ORIENTED_EDGE('',*,*,#771,.F.);
#291=ORIENTED_EDGE('',*,*,#647,.F.);
#292=ORIENTED_EDGE('',*,*,#775,.F.);
#293=ORIENTED_EDGE('',*,*,#683,.F.);
#294=ORIENTED_EDGE('',*,*,#793,.F.);
#295=ORIENTED_EDGE('',*,*,#679,.T.);
#296=ORIENTED_EDGE('',*,*,#789,.F.);
#297=ORIENTED_EDGE('',*,*,#675,.F.);
#298=ORIENTED_EDGE('',*,*,#781,.F.);
#299=ORIENTED_EDGE('',*,*,#669,.F.);
#300=ORIENTED_EDGE('',*,*,#787,.F.);
#301=ORIENTED_EDGE('',*,*,#648,.F.);
#302=ORIENTED_EDGE('',*,*,#779,.F.);
#303=ORIENTED_EDGE('',*,*,#649,.F.);
#304=ORIENTED_EDGE('',*,*,#761,.F.);
#305=ORIENTED_EDGE('',*,*,#633,.F.);
#306=ORIENTED_EDGE('',*,*,#632,.T.);
#307=ORIENTED_EDGE('',*,*,#621,.T.);
#308=ORIENTED_EDGE('',*,*,#757,.F.);
#309=ORIENTED_EDGE('',*,*,#645,.F.);
#310=ORIENTED_EDGE('',*,*,#767,.F.);
#311=ORIENTED_EDGE('',*,*,#689,.F.);
#312=ORIENTED_EDGE('',*,*,#804,.F.);
#313=ORIENTED_EDGE('',*,*,#685,.T.);
#314=ORIENTED_EDGE('',*,*,#797,.F.);
#315=ORIENTED_EDGE('',*,*,#697,.F.);
#316=ORIENTED_EDGE('',*,*,#810,.F.);
#317=ORIENTED_EDGE('',*,*,#698,.T.);
#318=ORIENTED_EDGE('',*,*,#798,.F.);
#319=ORIENTED_EDGE('',*,*,#686,.T.);
#320=ORIENTED_EDGE('',*,*,#803,.F.);
#321=ORIENTED_EDGE('',*,*,#651,.F.);
#322=ORIENTED_EDGE('',*,*,#768,.F.);
#323=ORIENTED_EDGE('',*,*,#650,.F.);
#324=ORIENTED_EDGE('',*,*,#758,.F.);
#325=ORIENTED_EDGE('',*,*,#665,.T.);
#326=ORIENTED_EDGE('',*,*,#634,.F.);
#327=ORIENTED_EDGE('',*,*,#667,.F.);
#328=ORIENTED_EDGE('',*,*,#762,.F.);
#329=ORIENTED_EDGE('',*,*,#654,.F.);
#330=ORIENTED_EDGE('',*,*,#780,.F.);
#331=ORIENTED_EDGE('',*,*,#673,.F.);
#332=ORIENTED_EDGE('',*,*,#788,.F.);
#333=ORIENTED_EDGE('',*,*,#670,.F.);
#334=ORIENTED_EDGE('',*,*,#782,.F.);
#335=ORIENTED_EDGE('',*,*,#676,.T.);
#336=ORIENTED_EDGE('',*,*,#790,.F.);
#337=ORIENTED_EDGE('',*,*,#680,.T.);
#338=ORIENTED_EDGE('',*,*,#794,.F.);
#339=ORIENTED_EDGE('',*,*,#653,.F.);
#340=ORIENTED_EDGE('',*,*,#776,.F.);
#341=ORIENTED_EDGE('',*,*,#652,.F.);
#342=ORIENTED_EDGE('',*,*,#772,.F.);
#343=ORIENTED_EDGE('',*,*,#695,.F.);
#344=ORIENTED_EDGE('',*,*,#805,.F.);
#345=ORIENTED_EDGE('',*,*,#692,.F.);
#346=ORIENTED_EDGE('',*,*,#811,.F.);
#347=ORIENTED_EDGE('',*,*,#693,.F.);
#348=ORIENTED_EDGE('',*,*,#808,.F.);
#349=ORIENTED_EDGE('',*,*,#656,.F.);
#350=ORIENTED_EDGE('',*,*,#769,.F.);
#351=ORIENTED_EDGE('',*,*,#657,.F.);
#352=ORIENTED_EDGE('',*,*,#773,.F.);
#353=ORIENTED_EDGE('',*,*,#684,.F.);
#354=ORIENTED_EDGE('',*,*,#795,.F.);
#355=ORIENTED_EDGE('',*,*,#681,.T.);
#356=ORIENTED_EDGE('',*,*,#791,.F.);
#357=ORIENTED_EDGE('',*,*,#677,.F.);
#358=ORIENTED_EDGE('',*,*,#783,.F.);
#359=ORIENTED_EDGE('',*,*,#671,.F.);
#360=ORIENTED_EDGE('',*,*,#785,.F.);
#361=ORIENTED_EDGE('',*,*,#658,.F.);
#362=ORIENTED_EDGE('',*,*,#777,.F.);
#363=ORIENTED_EDGE('',*,*,#659,.F.);
#364=ORIENTED_EDGE('',*,*,#763,.F.);
#365=ORIENTED_EDGE('',*,*,#641,.F.);
#366=ORIENTED_EDGE('',*,*,#640,.T.);
#367=ORIENTED_EDGE('',*,*,#625,.T.);
#368=ORIENTED_EDGE('',*,*,#759,.F.);
#369=ORIENTED_EDGE('',*,*,#655,.F.);
#370=ORIENTED_EDGE('',*,*,#765,.F.);
#371=ORIENTED_EDGE('',*,*,#690,.F.);
#372=ORIENTED_EDGE('',*,*,#802,.F.);
#373=ORIENTED_EDGE('',*,*,#687,.T.);
#374=ORIENTED_EDGE('',*,*,#799,.F.);
#375=ORIENTED_EDGE('',*,*,#699,.F.);
#376=ORIENTED_EDGE('',*,*,#812,.F.);
#377=ORIENTED_EDGE('',*,*,#700,.T.);
#378=ORIENTED_EDGE('',*,*,#800,.F.);
#379=ORIENTED_EDGE('',*,*,#688,.T.);
#380=ORIENTED_EDGE('',*,*,#801,.F.);
#381=ORIENTED_EDGE('',*,*,#661,.F.);
#382=ORIENTED_EDGE('',*,*,#766,.F.);
#383=ORIENTED_EDGE('',*,*,#660,.F.);
#384=ORIENTED_EDGE('',*,*,#760,.F.);
#385=ORIENTED_EDGE('',*,*,#666,.T.);
#386=ORIENTED_EDGE('',*,*,#626,.T.);
#387=ORIENTED_EDGE('',*,*,#668,.F.);
#388=ORIENTED_EDGE('',*,*,#764,.F.);
#389=ORIENTED_EDGE('',*,*,#664,.F.);
#390=ORIENTED_EDGE('',*,*,#778,.F.);
#391=ORIENTED_EDGE('',*,*,#674,.F.);
#392=ORIENTED_EDGE('',*,*,#786,.F.);
#393=ORIENTED_EDGE('',*,*,#672,.F.);
#394=ORIENTED_EDGE('',*,*,#784,.F.);
#395=ORIENTED_EDGE('',*,*,#678,.T.);
#396=ORIENTED_EDGE('',*,*,#792,.F.);
#397=ORIENTED_EDGE('',*,*,#682,.T.);
#398=ORIENTED_EDGE('',*,*,#796,.F.);
#399=ORIENTED_EDGE('',*,*,#663,.F.);
#400=ORIENTED_EDGE('',*,*,#774,.F.);
#401=ORIENTED_EDGE('',*,*,#662,.F.);
#402=ORIENTED_EDGE('',*,*,#770,.F.);
#403=ORIENTED_EDGE('',*,*,#696,.F.);
#404=ORIENTED_EDGE('',*,*,#807,.F.);
#405=ORIENTED_EDGE('',*,*,#694,.F.);
#406=ORIENTED_EDGE('',*,*,#705,.T.);
#407=ORIENTED_EDGE('',*,*,#650,.T.);
#408=ORIENTED_EDGE('',*,*,#706,.T.);
#409=ORIENTED_EDGE('',*,*,#645,.T.);
#410=ORIENTED_EDGE('',*,*,#707,.T.);
#411=ORIENTED_EDGE('',*,*,#655,.T.);
#412=ORIENTED_EDGE('',*,*,#708,.T.);
#413=ORIENTED_EDGE('',*,*,#660,.T.);
#414=ORIENTED_EDGE('',*,*,#709,.T.);
#415=ORIENTED_EDGE('',*,*,#646,.T.);
#416=ORIENTED_EDGE('',*,*,#710,.F.);
#417=ORIENTED_EDGE('',*,*,#695,.T.);
#418=ORIENTED_EDGE('',*,*,#696,.T.);
#419=ORIENTED_EDGE('',*,*,#712,.T.);
#420=ORIENTED_EDGE('',*,*,#656,.T.);
#421=ORIENTED_EDGE('',*,*,#711,.F.);
#422=ORIENTED_EDGE('',*,*,#662,.T.);
#423=ORIENTED_EDGE('',*,*,#714,.T.);
#424=ORIENTED_EDGE('',*,*,#657,.T.);
#425=ORIENTED_EDGE('',*,*,#713,.F.);
#426=ORIENTED_EDGE('',*,*,#715,.T.);
#427=ORIENTED_EDGE('',*,*,#647,.T.);
#428=ORIENTED_EDGE('',*,*,#716,.F.);
#429=ORIENTED_EDGE('',*,*,#652,.T.);
#430=ORIENTED_EDGE('',*,*,#674,.T.);
#431=ORIENTED_EDGE('',*,*,#718,.T.);
#432=ORIENTED_EDGE('',*,*,#658,.T.);
#433=ORIENTED_EDGE('',*,*,#717,.F.);
#434=ORIENTED_EDGE('',*,*,#719,.T.);
#435=ORIENTED_EDGE('',*,*,#648,.T.);
#436=ORIENTED_EDGE('',*,*,#720,.F.);
#437=ORIENTED_EDGE('',*,*,#673,.T.);
#438=ORIENTED_EDGE('',*,*,#725,.T.);
#439=ORIENTED_EDGE('',*,*,#671,.T.);
#440=ORIENTED_EDGE('',*,*,#726,.T.);
#441=ORIENTED_EDGE('',*,*,#672,.T.);
#442=ORIENTED_EDGE('',*,*,#727,.T.);
#443=ORIENTED_EDGE('',*,*,#670,.T.);
#444=ORIENTED_EDGE('',*,*,#728,.T.);
#445=ORIENTED_EDGE('',*,*,#669,.T.);
#446=ORIENTED_EDGE('',*,*,#675,.T.);
#447=ORIENTED_EDGE('',*,*,#730,.T.);
#448=ORIENTED_EDGE('',*,*,#676,.F.);
#449=ORIENTED_EDGE('',*,*,#729,.F.);
#450=ORIENTED_EDGE('',*,*,#677,.T.);
#451=ORIENTED_EDGE('',*,*,#732,.T.);
#452=ORIENTED_EDGE('',*,*,#678,.F.);
#453=ORIENTED_EDGE('',*,*,#731,.F.);
#454=ORIENTED_EDGE('',*,*,#653,.T.);
#455=ORIENTED_EDGE('',*,*,#734,.T.);
#456=ORIENTED_EDGE('',*,*,#683,.T.);
#457=ORIENTED_EDGE('',*,*,#733,.F.);
#458=ORIENTED_EDGE('',*,*,#735,.T.);
#459=ORIENTED_EDGE('',*,*,#684,.T.);
#460=ORIENTED_EDGE('',*,*,#736,.F.);
#461=ORIENTED_EDGE('',*,*,#663,.T.);
#462=ORIENTED_EDGE('',*,*,#682,.F.);
#463=ORIENTED_EDGE('',*,*,#738,.F.);
#464=ORIENTED_EDGE('',*,*,#681,.F.);
#465=ORIENTED_EDGE('',*,*,#737,.F.);
#466=ORIENTED_EDGE('',*,*,#680,.F.);
#467=ORIENTED_EDGE('',*,*,#740,.F.);
#468=ORIENTED_EDGE('',*,*,#679,.F.);
#469=ORIENTED_EDGE('',*,*,#739,.F.);
#470=ORIENTED_EDGE('',*,*,#697,.T.);
#471=ORIENTED_EDGE('',*,*,#742,.T.);
#472=ORIENTED_EDGE('',*,*,#698,.F.);
#473=ORIENTED_EDGE('',*,*,#741,.F.);
#474=ORIENTED_EDGE('',*,*,#699,.T.);
#475=ORIENTED_EDGE('',*,*,#744,.T.);
#476=ORIENTED_EDGE('',*,*,#700,.F.);
#477=ORIENTED_EDGE('',*,*,#743,.F.);
#478=ORIENTED_EDGE('',*,*,#745,.T.);
#479=ORIENTED_EDGE('',*,*,#690,.T.);
#480=ORIENTED_EDGE('',*,*,#746,.F.);
#481=ORIENTED_EDGE('',*,*,#661,.T.);
#482=ORIENTED_EDGE('',*,*,#651,.T.);
#483=ORIENTED_EDGE('',*,*,#748,.T.);
#484=ORIENTED_EDGE('',*,*,#689,.T.);
#485=ORIENTED_EDGE('',*,*,#747,.F.);
#486=ORIENTED_EDGE('',*,*,#688,.F.);
#487=ORIENTED_EDGE('',*,*,#750,.F.);
#488=ORIENTED_EDGE('',*,*,#687,.F.);
#489=ORIENTED_EDGE('',*,*,#749,.F.);
#490=ORIENTED_EDGE('',*,*,#686,.F.);
#491=ORIENTED_EDGE('',*,*,#752,.F.);
#492=ORIENTED_EDGE('',*,*,#685,.F.);
#493=ORIENTED_EDGE('',*,*,#751,.F.);
#494=ORIENTED_EDGE('',*,*,#753,.T.);
#495=ORIENTED_EDGE('',*,*,#694,.T.);
#496=ORIENTED_EDGE('',*,*,#754,.T.);
#497=ORIENTED_EDGE('',*,*,#693,.T.);
#498=ORIENTED_EDGE('',*,*,#755,.T.);
#499=ORIENTED_EDGE('',*,*,#692,.T.);
#500=ORIENTED_EDGE('',*,*,#756,.T.);
#501=ORIENTED_EDGE('',*,*,#691,.T.);
#502=ORIENTED_EDGE('',*,*,#701,.T.);
#503=ORIENTED_EDGE('',*,*,#758,.T.);
#504=ORIENTED_EDGE('',*,*,#705,.F.);
#505=ORIENTED_EDGE('',*,*,#757,.T.);
#506=ORIENTED_EDGE('',*,*,#702,.T.);
#507=ORIENTED_EDGE('',*,*,#760,.T.);
#508=ORIENTED_EDGE('',*,*,#708,.F.);
#509=ORIENTED_EDGE('',*,*,#759,.T.);
#510=ORIENTED_EDGE('',*,*,#761,.T.);
#511=ORIENTED_EDGE('',*,*,#724,.T.);
#512=ORIENTED_EDGE('',*,*,#762,.T.);
#513=ORIENTED_EDGE('',*,*,#703,.F.);
#514=ORIENTED_EDGE('',*,*,#763,.T.);
#515=ORIENTED_EDGE('',*,*,#722,.T.);
#516=ORIENTED_EDGE('',*,*,#764,.T.);
#517=ORIENTED_EDGE('',*,*,#704,.F.);
#518=ORIENTED_EDGE('',*,*,#766,.T.);
#519=ORIENTED_EDGE('',*,*,#746,.T.);
#520=ORIENTED_EDGE('',*,*,#765,.T.);
#521=ORIENTED_EDGE('',*,*,#707,.F.);
#522=ORIENTED_EDGE('',*,*,#768,.T.);
#523=ORIENTED_EDGE('',*,*,#747,.T.);
#524=ORIENTED_EDGE('',*,*,#767,.T.);
#525=ORIENTED_EDGE('',*,*,#706,.F.);
#526=ORIENTED_EDGE('',*,*,#770,.T.);
#527=ORIENTED_EDGE('',*,*,#713,.T.);
#528=ORIENTED_EDGE('',*,*,#769,.T.);
#529=ORIENTED_EDGE('',*,*,#712,.F.);
#530=ORIENTED_EDGE('',*,*,#772,.T.);
#531=ORIENTED_EDGE('',*,*,#716,.T.);
#532=ORIENTED_EDGE('',*,*,#771,.T.);
#533=ORIENTED_EDGE('',*,*,#709,.F.);
#534=ORIENTED_EDGE('',*,*,#774,.T.);
#535=ORIENTED_EDGE('',*,*,#736,.T.);
#536=ORIENTED_EDGE('',*,*,#773,.T.);
#537=ORIENTED_EDGE('',*,*,#714,.F.);
#538=ORIENTED_EDGE('',*,*,#776,.T.);
#539=ORIENTED_EDGE('',*,*,#733,.T.);
#540=ORIENTED_EDGE('',*,*,#775,.T.);
#541=ORIENTED_EDGE('',*,*,#715,.F.);
#542=ORIENTED_EDGE('',*,*,#778,.T.);
#543=ORIENTED_EDGE('',*,*,#721,.T.);
#544=ORIENTED_EDGE('',*,*,#777,.T.);
#545=ORIENTED_EDGE('',*,*,#718,.F.);
#546=ORIENTED_EDGE('',*,*,#780,.T.);
#547=ORIENTED_EDGE('',*,*,#723,.T.);
#548=ORIENTED_EDGE('',*,*,#779,.T.);
#549=ORIENTED_EDGE('',*,*,#719,.F.);
#550=ORIENTED_EDGE('',*,*,#729,.T.);
#551=ORIENTED_EDGE('',*,*,#782,.T.);
#552=ORIENTED_EDGE('',*,*,#727,.F.);
#553=ORIENTED_EDGE('',*,*,#781,.T.);
#554=ORIENTED_EDGE('',*,*,#731,.T.);
#555=ORIENTED_EDGE('',*,*,#784,.T.);
#556=ORIENTED_EDGE('',*,*,#726,.F.);
#557=ORIENTED_EDGE('',*,*,#783,.T.);
#558=ORIENTED_EDGE('',*,*,#717,.T.);
#559=ORIENTED_EDGE('',*,*,#785,.T.);
#560=ORIENTED_EDGE('',*,*,#725,.F.);
#561=ORIENTED_EDGE('',*,*,#786,.T.);
#562=ORIENTED_EDGE('',*,*,#720,.T.);
#563=ORIENTED_EDGE('',*,*,#787,.T.);
#564=ORIENTED_EDGE('',*,*,#728,.F.);
#565=ORIENTED_EDGE('',*,*,#788,.T.);
#566=ORIENTED_EDGE('',*,*,#789,.T.);
#567=ORIENTED_EDGE('',*,*,#740,.T.);
#568=ORIENTED_EDGE('',*,*,#790,.T.);
#569=ORIENTED_EDGE('',*,*,#730,.F.);
#570=ORIENTED_EDGE('',*,*,#791,.T.);
#571=ORIENTED_EDGE('',*,*,#738,.T.);
#572=ORIENTED_EDGE('',*,*,#792,.T.);
#573=ORIENTED_EDGE('',*,*,#732,.F.);
#574=ORIENTED_EDGE('',*,*,#794,.T.);
#575=ORIENTED_EDGE('',*,*,#739,.T.);
#576=ORIENTED_EDGE('',*,*,#793,.T.);
#577=ORIENTED_EDGE('',*,*,#734,.F.);
#578=ORIENTED_EDGE('',*,*,#796,.T.);
#579=ORIENTED_EDGE('',*,*,#737,.T.);
#580=ORIENTED_EDGE('',*,*,#795,.T.);
#581=ORIENTED_EDGE('',*,*,#735,.F.);
#582=ORIENTED_EDGE('',*,*,#797,.T.);
#583=ORIENTED_EDGE('',*,*,#752,.T.);
#584=ORIENTED_EDGE('',*,*,#798,.T.);
#585=ORIENTED_EDGE('',*,*,#742,.F.);
#586=ORIENTED_EDGE('',*,*,#799,.T.);
#587=ORIENTED_EDGE('',*,*,#750,.T.);
#588=ORIENTED_EDGE('',*,*,#800,.T.);
#589=ORIENTED_EDGE('',*,*,#744,.F.);
#590=ORIENTED_EDGE('',*,*,#801,.T.);
#591=ORIENTED_EDGE('',*,*,#749,.T.);
#592=ORIENTED_EDGE('',*,*,#802,.T.);
#593=ORIENTED_EDGE('',*,*,#745,.F.);
#594=ORIENTED_EDGE('',*,*,#803,.T.);
#595=ORIENTED_EDGE('',*,*,#751,.T.);
#596=ORIENTED_EDGE('',*,*,#804,.T.);
#597=ORIENTED_EDGE('',*,*,#748,.F.);
#598=ORIENTED_EDGE('',*,*,#710,.T.);
#599=ORIENTED_EDGE('',*,*,#806,.T.);
#600=ORIENTED_EDGE('',*,*,#756,.F.);
#601=ORIENTED_EDGE('',*,*,#805,.T.);
#602=ORIENTED_EDGE('',*,*,#711,.T.);
#603=ORIENTED_EDGE('',*,*,#808,.T.);
#604=ORIENTED_EDGE('',*,*,#754,.F.);
#605=ORIENTED_EDGE('',*,*,#807,.T.);
#606=ORIENTED_EDGE('',*,*,#741,.T.);
#607=ORIENTED_EDGE('',*,*,#810,.T.);
#608=ORIENTED_EDGE('',*,*,#755,.F.);
#609=ORIENTED_EDGE('',*,*,#809,.T.);
#610=ORIENTED_EDGE('',*,*,#743,.T.);
#611=ORIENTED_EDGE('',*,*,#812,.T.);
#612=ORIENTED_EDGE('',*,*,#753,.F.);
#613=ORIENTED_EDGE('',*,*,#811,.T.);
#614=ORIENTED_EDGE('',*,*,#813,.T.);
#615=ORIENTED_EDGE('',*,*,#814,.T.);
#616=ORIENTED_EDGE('',*,*,#644,.F.);
#617=ORIENTED_EDGE('',*,*,#643,.T.);
#618=EDGE_CURVE('',#1014,#1015,#944,.T.);
#619=EDGE_CURVE('',#1015,#1016,#816,.T.);
#620=EDGE_CURVE('',#1016,#1017,#945,.T.);
#621=EDGE_CURVE('',#1017,#1032,#817,.T.);
#622=EDGE_CURVE('',#1018,#1019,#946,.T.);
#623=EDGE_CURVE('',#1019,#1020,#818,.T.);
#624=EDGE_CURVE('',#1020,#1021,#947,.T.);
#625=EDGE_CURVE('',#1021,#1033,#819,.T.);
#626=EDGE_CURVE('',#1014,#1022,#820,.T.);
#627=EDGE_CURVE('',#1022,#1023,#948,.T.);
#628=EDGE_CURVE('',#1023,#1015,#821,.T.);
#629=EDGE_CURVE('',#1023,#1024,#822,.T.);
#630=EDGE_CURVE('',#1024,#1016,#823,.T.);
#631=EDGE_CURVE('',#1024,#1025,#949,.T.);
#632=EDGE_CURVE('',#1025,#1017,#824,.T.);
#633=EDGE_CURVE('',#1025,#1034,#825,.T.);
#634=EDGE_CURVE('',#1026,#1018,#826,.T.);
#635=EDGE_CURVE('',#1026,#1027,#950,.T.);
#636=EDGE_CURVE('',#1027,#1019,#827,.T.);
#637=EDGE_CURVE('',#1027,#1028,#828,.T.);
#638=EDGE_CURVE('',#1028,#1020,#829,.T.);
#639=EDGE_CURVE('',#1028,#1029,#951,.T.);
#640=EDGE_CURVE('',#1029,#1021,#830,.T.);
#641=EDGE_CURVE('',#1029,#1035,#831,.T.);
#642=EDGE_CURVE('',#1030,#1145,#952,.T.);
#643=EDGE_CURVE('',#1031,#1144,#953,.T.);
#644=EDGE_CURVE('',#1031,#1030,#954,.T.);
#645=EDGE_CURVE('',#1037,#1036,#832,.T.);
#646=EDGE_CURVE('',#1039,#1038,#833,.T.);
#647=EDGE_CURVE('',#1041,#1040,#834,.T.);
#648=EDGE_CURVE('',#1043,#1042,#835,.T.);
#649=EDGE_CURVE('',#1045,#1044,#836,.T.);
#650=EDGE_CURVE('',#1047,#1046,#837,.T.);
#651=EDGE_CURVE('',#1049,#1048,#838,.T.);
#652=EDGE_CURVE('',#1051,#1050,#839,.T.);
#653=EDGE_CURVE('',#1053,#1052,#840,.T.);
#654=EDGE_CURVE('',#1055,#1054,#841,.T.);
#655=EDGE_CURVE('',#1057,#1056,#842,.T.);
#656=EDGE_CURVE('',#1059,#1058,#843,.T.);
#657=EDGE_CURVE('',#1061,#1060,#844,.T.);
#658=EDGE_CURVE('',#1063,#1062,#845,.T.);
#659=EDGE_CURVE('',#1065,#1064,#846,.T.);
#660=EDGE_CURVE('',#1067,#1066,#847,.T.);
#661=EDGE_CURVE('',#1069,#1068,#848,.T.);
#662=EDGE_CURVE('',#1071,#1070,#849,.T.);
#663=EDGE_CURVE('',#1073,#1072,#850,.T.);
#664=EDGE_CURVE('',#1075,#1074,#851,.T.);
#665=EDGE_CURVE('',#1076,#1018,#852,.T.);
#666=EDGE_CURVE('',#1077,#1014,#853,.T.);
#667=EDGE_CURVE('',#1078,#1026,#854,.T.);
#668=EDGE_CURVE('',#1079,#1022,#855,.T.);
#669=EDGE_CURVE('',#1081,#1080,#856,.T.);
#670=EDGE_CURVE('',#1083,#1082,#857,.T.);
#671=EDGE_CURVE('',#1085,#1084,#858,.T.);
#672=EDGE_CURVE('',#1087,#1086,#859,.T.);
#673=EDGE_CURVE('',#1089,#1088,#860,.T.);
#674=EDGE_CURVE('',#1091,#1090,#861,.T.);
#675=EDGE_CURVE('',#1093,#1092,#862,.T.);
#676=EDGE_CURVE('',#1095,#1094,#863,.T.);
#677=EDGE_CURVE('',#1097,#1096,#864,.T.);
#678=EDGE_CURVE('',#1099,#1098,#865,.T.);
#679=EDGE_CURVE('',#1101,#1100,#866,.T.);
#680=EDGE_CURVE('',#1103,#1102,#867,.T.);
#681=EDGE_CURVE('',#1105,#1104,#868,.T.);
#682=EDGE_CURVE('',#1107,#1106,#869,.T.);
#683=EDGE_CURVE('',#1109,#1108,#870,.T.);
#684=EDGE_CURVE('',#1111,#1110,#871,.T.);
#685=EDGE_CURVE('',#1113,#1112,#872,.T.);
#686=EDGE_CURVE('',#1115,#1114,#873,.T.);
#687=EDGE_CURVE('',#1117,#1116,#874,.T.);
#688=EDGE_CURVE('',#1119,#1118,#875,.T.);
#689=EDGE_CURVE('',#1121,#1120,#876,.T.);
#690=EDGE_CURVE('',#1123,#1122,#877,.T.);
#691=EDGE_CURVE('',#1125,#1124,#878,.T.);
#692=EDGE_CURVE('',#1127,#1126,#879,.T.);
#693=EDGE_CURVE('',#1129,#1128,#880,.T.);
#694=EDGE_CURVE('',#1131,#1130,#881,.T.);
#695=EDGE_CURVE('',#1133,#1132,#882,.T.);
#696=EDGE_CURVE('',#1135,#1134,#883,.T.);
#697=EDGE_CURVE('',#1137,#1136,#884,.T.);
#698=EDGE_CURVE('',#1139,#1138,#885,.T.);
#699=EDGE_CURVE('',#1141,#1140,#886,.T.);
#700=EDGE_CURVE('',#1143,#1142,#887,.T.);
#701=EDGE_CURVE('',#1032,#1076,#888,.T.);
#702=EDGE_CURVE('',#1033,#1077,#889,.T.);
#703=EDGE_CURVE('',#1034,#1078,#890,.T.);
#704=EDGE_CURVE('',#1035,#1079,#891,.T.);
#705=EDGE_CURVE('',#1036,#1047,#892,.T.);
#706=EDGE_CURVE('',#1046,#1037,#893,.T.);
#707=EDGE_CURVE('',#1066,#1057,#894,.T.);
#708=EDGE_CURVE('',#1056,#1067,#895,.T.);
#709=EDGE_CURVE('',#1132,#1039,#896,.T.);
#710=EDGE_CURVE('',#1133,#1038,#897,.T.);
#711=EDGE_CURVE('',#1135,#1058,#898,.T.);
#712=EDGE_CURVE('',#1134,#1059,#899,.T.);
#713=EDGE_CURVE('',#1071,#1060,#900,.T.);
#714=EDGE_CURVE('',#1070,#1061,#901,.T.);
#715=EDGE_CURVE('',#1050,#1041,#902,.T.);
#716=EDGE_CURVE('',#1051,#1040,#903,.T.);
#717=EDGE_CURVE('',#1091,#1062,#904,.T.);
#718=EDGE_CURVE('',#1090,#1063,#905,.T.);
#719=EDGE_CURVE('',#1088,#1043,#906,.T.);
#720=EDGE_CURVE('',#1089,#1042,#907,.T.);
#721=EDGE_CURVE('',#1075,#1064,#908,.T.);
#722=EDGE_CURVE('',#1065,#1074,#909,.T.);
#723=EDGE_CURVE('',#1055,#1044,#910,.T.);
#724=EDGE_CURVE('',#1045,#1054,#911,.T.);
#725=EDGE_CURVE('',#1086,#1085,#912,.T.);
#726=EDGE_CURVE('',#1084,#1087,#913,.T.);
#727=EDGE_CURVE('',#1080,#1083,#914,.T.);
#728=EDGE_CURVE('',#1082,#1081,#915,.T.);
#729=EDGE_CURVE('',#1093,#1095,#916,.T.);
#730=EDGE_CURVE('',#1092,#1094,#917,.T.);
#731=EDGE_CURVE('',#1097,#1099,#918,.T.);
#732=EDGE_CURVE('',#1096,#1098,#919,.T.);
#733=EDGE_CURVE('',#1053,#1108,#920,.T.);
#734=EDGE_CURVE('',#1052,#1109,#921,.T.);
#735=EDGE_CURVE('',#1072,#1111,#922,.T.);
#736=EDGE_CURVE('',#1073,#1110,#923,.T.);
#737=EDGE_CURVE('',#1106,#1105,#924,.T.);
#738=EDGE_CURVE('',#1104,#1107,#925,.T.);
#739=EDGE_CURVE('',#1102,#1101,#926,.T.);
#740=EDGE_CURVE('',#1100,#1103,#927,.T.);
#741=EDGE_CURVE('',#1137,#1139,#928,.T.);
#742=EDGE_CURVE('',#1136,#1138,#929,.T.);
#743=EDGE_CURVE('',#1141,#1143,#930,.T.);
#744=EDGE_CURVE('',#1140,#1142,#931,.T.);
#745=EDGE_CURVE('',#1068,#1123,#932,.T.);
#746=EDGE_CURVE('',#1069,#1122,#933,.T.);
#747=EDGE_CURVE('',#1049,#1120,#934,.T.);
#748=EDGE_CURVE('',#1048,#1121,#935,.T.);
#749=EDGE_CURVE('',#1118,#1117,#936,.T.);
#750=EDGE_CURVE('',#1116,#1119,#937,.T.);
#751=EDGE_CURVE('',#1114,#1113,#938,.T.);
#752=EDGE_CURVE('',#1112,#1115,#939,.T.);
#753=EDGE_CURVE('',#1128,#1131,#940,.T.);
#754=EDGE_CURVE('',#1130,#1129,#941,.T.);
#755=EDGE_CURVE('',#1124,#1127,#942,.T.);
#756=EDGE_CURVE('',#1126,#1125,#943,.T.);
#757=EDGE_CURVE('',#1036,#1032,#955,.T.);
#758=EDGE_CURVE('',#1076,#1047,#956,.T.);
#759=EDGE_CURVE('',#1056,#1033,#957,.T.);
#760=EDGE_CURVE('',#1077,#1067,#958,.T.);
#761=EDGE_CURVE('',#1034,#1045,#959,.T.);
#762=EDGE_CURVE('',#1054,#1078,#960,.T.);
#763=EDGE_CURVE('',#1035,#1065,#961,.T.);
#764=EDGE_CURVE('',#1074,#1079,#962,.T.);
#765=EDGE_CURVE('',#1122,#1057,#963,.T.);
#766=EDGE_CURVE('',#1066,#1069,#964,.T.);
#767=EDGE_CURVE('',#1120,#1037,#965,.T.);
#768=EDGE_CURVE('',#1046,#1049,#966,.T.);
#769=EDGE_CURVE('',#1060,#1059,#967,.T.);
#770=EDGE_CURVE('',#1134,#1071,#968,.T.);
#771=EDGE_CURVE('',#1040,#1039,#969,.T.);
#772=EDGE_CURVE('',#1132,#1051,#970,.T.);
#773=EDGE_CURVE('',#1110,#1061,#971,.T.);
#774=EDGE_CURVE('',#1070,#1073,#972,.T.);
#775=EDGE_CURVE('',#1108,#1041,#973,.T.);
#776=EDGE_CURVE('',#1050,#1053,#974,.T.);
#777=EDGE_CURVE('',#1064,#1063,#975,.T.);
#778=EDGE_CURVE('',#1090,#1075,#976,.T.);
#779=EDGE_CURVE('',#1044,#1043,#977,.T.);
#780=EDGE_CURVE('',#1088,#1055,#978,.T.);
#781=EDGE_CURVE('',#1080,#1093,#979,.T.);
#782=EDGE_CURVE('',#1095,#1083,#980,.T.);
#783=EDGE_CURVE('',#1084,#1097,#981,.T.);
#784=EDGE_CURVE('',#1099,#1087,#982,.T.);
#785=EDGE_CURVE('',#1062,#1085,#983,.T.);
#786=EDGE_CURVE('',#1086,#1091,#984,.T.);
#787=EDGE_CURVE('',#1042,#1081,#985,.T.);
#788=EDGE_CURVE('',#1082,#1089,#986,.T.);
#789=EDGE_CURVE('',#1092,#1100,#987,.T.);
#790=EDGE_CURVE('',#1103,#1094,#988,.T.);
#791=EDGE_CURVE('',#1096,#1104,#989,.T.);
#792=EDGE_CURVE('',#1107,#1098,#990,.T.);
#793=EDGE_CURVE('',#1101,#1109,#991,.T.);
#794=EDGE_CURVE('',#1052,#1102,#992,.T.);
#795=EDGE_CURVE('',#1105,#1111,#993,.T.);
#796=EDGE_CURVE('',#1072,#1106,#994,.T.);
#797=EDGE_CURVE('',#1136,#1112,#995,.T.);
#798=EDGE_CURVE('',#1115,#1138,#996,.T.);
#799=EDGE_CURVE('',#1140,#1116,#997,.T.);
#800=EDGE_CURVE('',#1119,#1142,#998,.T.);
#801=EDGE_CURVE('',#1068,#1118,#999,.T.);
#802=EDGE_CURVE('',#1117,#1123,#1000,.T.);
#803=EDGE_CURVE('',#1048,#1114,#1001,.T.);
#804=EDGE_CURVE('',#1113,#1121,#1002,.T.);
#805=EDGE_CURVE('',#1126,#1133,#1003,.T.);
#806=EDGE_CURVE('',#1038,#1125,#1004,.T.);
#807=EDGE_CURVE('',#1130,#1135,#1005,.T.);
#808=EDGE_CURVE('',#1058,#1129,#1006,.T.);
#809=EDGE_CURVE('',#1124,#1137,#1007,.T.);
#810=EDGE_CURVE('',#1139,#1127,#1008,.T.);
#811=EDGE_CURVE('',#1128,#1141,#1009,.T.);
#812=EDGE_CURVE('',#1143,#1131,#1010,.T.);
#813=EDGE_CURVE('',#1144,#1145,#1011,.T.);
#814=EDGE_CURVE('',#1145,#1030,#1012,.T.);
#815=EDGE_CURVE('',#1144,#1031,#1013,.T.);
#816=B_SPLINE_CURVE_WITH_KNOTS('',1,(#1639,#1640),.UNSPECIFIED.,.F.,.F.,
(2,2),(9.29955742875643,14.8995574287564),.UNSPECIFIED.);
#817=B_SPLINE_CURVE_WITH_KNOTS('',1,(#1644,#1645),.UNSPECIFIED.,.F.,.F.,
(2,2),(0.,2.1),.UNSPECIFIED.);
#818=B_SPLINE_CURVE_WITH_KNOTS('',1,(#1649,#1650),.UNSPECIFIED.,.F.,.F.,
(2,2),(32.5986722862693,38.1986722862693),.UNSPECIFIED.);
#819=B_SPLINE_CURVE_WITH_KNOTS('',1,(#1654,#1655),.UNSPECIFIED.,.F.,.F.,
(2,2),(0.,2.1),.UNSPECIFIED.);
#820=B_SPLINE_CURVE_WITH_KNOTS('',1,(#1656,#1657),.UNSPECIFIED.,.F.,.F.,
(2,2),(0.,8.),.UNSPECIFIED.);
#821=B_SPLINE_CURVE_WITH_KNOTS('',1,(#1661,#1662),.UNSPECIFIED.,.F.,.F.,
(2,2),(-8.,0.),.UNSPECIFIED.);
#822=B_SPLINE_CURVE_WITH_KNOTS('',1,(#1663,#1664),.UNSPECIFIED.,.F.,.F.,
(2,2),(9.29955742875643,14.8995574287564),.UNSPECIFIED.);
#823=B_SPLINE_CURVE_WITH_KNOTS('',1,(#1665,#1666),.UNSPECIFIED.,.F.,.F.,
(2,2),(-8.,0.),.UNSPECIFIED.);
#824=B_SPLINE_CURVE_WITH_KNOTS('',1,(#1670,#1671),.UNSPECIFIED.,.F.,.F.,
(2,2),(-8.,0.),.UNSPECIFIED.);
#825=B_SPLINE_CURVE_WITH_KNOTS('',1,(#1672,#1673),.UNSPECIFIED.,.F.,.F.,
(2,2),(0.,2.1),.UNSPECIFIED.);
#826=B_SPLINE_CURVE_WITH_KNOTS('',1,(#1674,#1675),.UNSPECIFIED.,.F.,.F.,
(2,2),(-8.,0.),.UNSPECIFIED.);
#827=B_SPLINE_CURVE_WITH_KNOTS('',1,(#1679,#1680),.UNSPECIFIED.,.F.,.F.,
(2,2),(-8.,0.),.UNSPECIFIED.);
#828=B_SPLINE_CURVE_WITH_KNOTS('',1,(#1681,#1682),.UNSPECIFIED.,.F.,.F.,
(2,2),(32.5986722862693,38.1986722862693),.UNSPECIFIED.);
#829=B_SPLINE_CURVE_WITH_KNOTS('',1,(#1683,#1684),.UNSPECIFIED.,.F.,.F.,
(2,2),(-8.,0.),.UNSPECIFIED.);
#830=B_SPLINE_CURVE_WITH_KNOTS('',1,(#1688,#1689),.UNSPECIFIED.,.F.,.F.,
(2,2),(-8.,0.),.UNSPECIFIED.);
#831=B_SPLINE_CURVE_WITH_KNOTS('',1,(#1690,#1691),.UNSPECIFIED.,.F.,.F.,
(2,2),(0.,2.1),.UNSPECIFIED.);
#832=B_SPLINE_CURVE_WITH_KNOTS('',1,(#1704,#1705),.UNSPECIFIED.,.F.,.F.,
(2,2),(-0.800000000000001,-0.2),.UNSPECIFIED.);
#833=B_SPLINE_CURVE_WITH_KNOTS('',1,(#1706,#1707),.UNSPECIFIED.,.F.,.F.,
(2,2),(2.5,6.30519600535831),.UNSPECIFIED.);
#834=B_SPLINE_CURVE_WITH_KNOTS('',1,(#1708,#1709),.UNSPECIFIED.,.F.,.F.,
(2,2),(-5.8,-2.2),.UNSPECIFIED.);
#835=B_SPLINE_CURVE_WITH_KNOTS('',1,(#1710,#1711),.UNSPECIFIED.,.F.,.F.,
(2,2),(-31.8,-27.9948039946417),.UNSPECIFIED.);
#836=B_SPLINE_CURVE_WITH_KNOTS('',1,(#1712,#1713),.UNSPECIFIED.,.F.,.F.,
(2,2),(-7.8,-7.2),.UNSPECIFIED.);
#837=B_SPLINE_CURVE_WITH_KNOTS('',1,(#1714,#1715),.UNSPECIFIED.,.F.,.F.,
(2,2),(1.2,1.8),.UNSPECIFIED.);
#838=B_SPLINE_CURVE_WITH_KNOTS('',1,(#1716,#1717),.UNSPECIFIED.,.F.,.F.,
(2,2),(-4.8,-0.994803994641691),.UNSPECIFIED.);
#839=B_SPLINE_CURVE_WITH_KNOTS('',1,(#1718,#1719,#1720),.UNSPECIFIED.,.F.,
 .F.,(2,1,2),(15.2,17.,18.8),.UNSPECIFIED.);
#840=B_SPLINE_CURVE_WITH_KNOTS('',1,(#1721,#1722),.UNSPECIFIED.,.F.,.F.,
(2,2),(19.2,23.0051960053583),.UNSPECIFIED.);
#841=B_SPLINE_CURVE_WITH_KNOTS('',1,(#1723,#1724),.UNSPECIFIED.,.F.,.F.,
(2,2),(32.2,32.8),.UNSPECIFIED.);
#842=B_SPLINE_CURVE_WITH_KNOTS('',1,(#1725,#1726),.UNSPECIFIED.,.F.,.F.,
(2,2),(-0.799999999999999,-0.200000000000001),.UNSPECIFIED.);
#843=B_SPLINE_CURVE_WITH_KNOTS('',1,(#1727,#1728),.UNSPECIFIED.,.F.,.F.,
(2,2),(2.5,6.30519600535831),.UNSPECIFIED.);
#844=B_SPLINE_CURVE_WITH_KNOTS('',1,(#1729,#1730),.UNSPECIFIED.,.F.,.F.,
(2,2),(-5.8,-2.2),.UNSPECIFIED.);
#845=B_SPLINE_CURVE_WITH_KNOTS('',1,(#1731,#1732),.UNSPECIFIED.,.F.,.F.,
(2,2),(2.5,6.30519600535831),.UNSPECIFIED.);
#846=B_SPLINE_CURVE_WITH_KNOTS('',1,(#1733,#1734),.UNSPECIFIED.,.F.,.F.,
(2,2),(-7.8,-7.2),.UNSPECIFIED.);
#847=B_SPLINE_CURVE_WITH_KNOTS('',1,(#1735,#1736),.UNSPECIFIED.,.F.,.F.,
(2,2),(0.2,0.799999999999999),.UNSPECIFIED.);
#848=B_SPLINE_CURVE_WITH_KNOTS('',1,(#1737,#1738),.UNSPECIFIED.,.F.,.F.,
(2,2),(-4.8,-0.994803994641692),.UNSPECIFIED.);
#849=B_SPLINE_CURVE_WITH_KNOTS('',1,(#1739,#1740),.UNSPECIFIED.,.F.,.F.,
(2,2),(2.2,5.8),.UNSPECIFIED.);
#850=B_SPLINE_CURVE_WITH_KNOTS('',1,(#1741,#1742),.UNSPECIFIED.,.F.,.F.,
(2,2),(-4.8,-0.994803994641695),.UNSPECIFIED.);
#851=B_SPLINE_CURVE_WITH_KNOTS('',1,(#1743,#1744),.UNSPECIFIED.,.F.,.F.,
(2,2),(7.2,7.8),.UNSPECIFIED.);
#852=B_SPLINE_CURVE_WITH_KNOTS('',1,(#1745,#1746),.UNSPECIFIED.,.F.,.F.,
(2,2),(5.2,7.3),.UNSPECIFIED.);
#853=B_SPLINE_CURVE_WITH_KNOTS('',1,(#1747,#1748),.UNSPECIFIED.,.F.,.F.,
(2,2),(5.2,7.3),.UNSPECIFIED.);
#854=B_SPLINE_CURVE_WITH_KNOTS('',1,(#1749,#1750),.UNSPECIFIED.,.F.,.F.,
(2,2),(5.2,7.3),.UNSPECIFIED.);
#855=B_SPLINE_CURVE_WITH_KNOTS('',1,(#1751,#1752),.UNSPECIFIED.,.F.,.F.,
(2,2),(5.2,7.3),.UNSPECIFIED.);
#856=B_SPLINE_CURVE_WITH_KNOTS('',1,(#1753,#1754),.UNSPECIFIED.,.F.,.F.,
(2,2),(-1.26410468232775,-0.442967121562794),.UNSPECIFIED.);
#857=B_SPLINE_CURVE_WITH_KNOTS('',1,(#1755,#1756),.UNSPECIFIED.,.F.,.F.,
(2,2),(0.442967121562795,1.26410468232775),.UNSPECIFIED.);
#858=B_SPLINE_CURVE_WITH_KNOTS('',1,(#1757,#1758),.UNSPECIFIED.,.F.,.F.,
(2,2),(-1.26410468232774,-0.442967121562795),.UNSPECIFIED.);
#859=B_SPLINE_CURVE_WITH_KNOTS('',1,(#1759,#1760),.UNSPECIFIED.,.F.,.F.,
(2,2),(0.442967121562795,1.26410468232775),.UNSPECIFIED.);
#860=B_SPLINE_CURVE_WITH_KNOTS('',1,(#1761,#1762),.UNSPECIFIED.,.F.,.F.,
(2,2),(27.9948039946417,31.8),.UNSPECIFIED.);
#861=B_SPLINE_CURVE_WITH_KNOTS('',1,(#1763,#1764),.UNSPECIFIED.,.F.,.F.,
(2,2),(0.994803994641693,4.8),.UNSPECIFIED.);
#862=B_SPLINE_CURVE_WITH_KNOTS('',1,(#1765,#1766),.UNSPECIFIED.,.F.,.F.,
(2,2),(-6.59371499375712,-6.40628500624288),.UNSPECIFIED.);
#863=B_SPLINE_CURVE_WITH_KNOTS('',1,(#1767,#1768),.UNSPECIFIED.,.F.,.F.,
(2,2),(-6.59371499375712,-6.40628500624289),.UNSPECIFIED.);
#864=B_SPLINE_CURVE_WITH_KNOTS('',1,(#1769,#1770),.UNSPECIFIED.,.F.,.F.,
(2,2),(-6.59371499375712,-6.40628500624288),.UNSPECIFIED.);
#865=B_SPLINE_CURVE_WITH_KNOTS('',1,(#1771,#1772),.UNSPECIFIED.,.F.,.F.,
(2,2),(-6.59371499375712,-6.40628500624289),.UNSPECIFIED.);
#866=B_SPLINE_CURVE_WITH_KNOTS('',1,(#1773,#1774),.UNSPECIFIED.,.F.,.F.,
(2,2),(-1.26410468232775,-0.442967121562794),.UNSPECIFIED.);
#867=B_SPLINE_CURVE_WITH_KNOTS('',1,(#1775,#1776),.UNSPECIFIED.,.F.,.F.,
(2,2),(0.442967121562794,1.26410468232774),.UNSPECIFIED.);
#868=B_SPLINE_CURVE_WITH_KNOTS('',1,(#1777,#1778),.UNSPECIFIED.,.F.,.F.,
(2,2),(-1.26410468232775,-0.442967121562795),.UNSPECIFIED.);
#869=B_SPLINE_CURVE_WITH_KNOTS('',1,(#1779,#1780),.UNSPECIFIED.,.F.,.F.,
(2,2),(0.442967121562796,1.26410468232775),.UNSPECIFIED.);
#870=B_SPLINE_CURVE_WITH_KNOTS('',1,(#1781,#1782),.UNSPECIFIED.,.F.,.F.,
(2,2),(-23.0051960053583,-19.2),.UNSPECIFIED.);
#871=B_SPLINE_CURVE_WITH_KNOTS('',1,(#1783,#1784),.UNSPECIFIED.,.F.,.F.,
(2,2),(-6.3051960053583,-2.49999999999999),.UNSPECIFIED.);
#872=B_SPLINE_CURVE_WITH_KNOTS('',1,(#1785,#1786),.UNSPECIFIED.,.F.,.F.,
(2,2),(-1.26410468232775,-0.442967121562796),.UNSPECIFIED.);
#873=B_SPLINE_CURVE_WITH_KNOTS('',1,(#1787,#1788),.UNSPECIFIED.,.F.,.F.,
(2,2),(0.442967121562795,1.26410468232775),.UNSPECIFIED.);
#874=B_SPLINE_CURVE_WITH_KNOTS('',1,(#1789,#1790),.UNSPECIFIED.,.F.,.F.,
(2,2),(-1.26410468232775,-0.442967121562795),.UNSPECIFIED.);
#875=B_SPLINE_CURVE_WITH_KNOTS('',1,(#1791,#1792),.UNSPECIFIED.,.F.,.F.,
(2,2),(0.442967121562795,1.26410468232774),.UNSPECIFIED.);
#876=B_SPLINE_CURVE_WITH_KNOTS('',1,(#1793,#1794),.UNSPECIFIED.,.F.,.F.,
(2,2),(-6.30519600535831,-2.5),.UNSPECIFIED.);
#877=B_SPLINE_CURVE_WITH_KNOTS('',1,(#1795,#1796),.UNSPECIFIED.,.F.,.F.,
(2,2),(-6.30519600535831,-2.5),.UNSPECIFIED.);
#878=B_SPLINE_CURVE_WITH_KNOTS('',1,(#1797,#1798),.UNSPECIFIED.,.F.,.F.,
(2,2),(-1.26410468232775,-0.442967121562794),.UNSPECIFIED.);
#879=B_SPLINE_CURVE_WITH_KNOTS('',1,(#1799,#1800),.UNSPECIFIED.,.F.,.F.,
(2,2),(0.442967121562795,1.26410468232775),.UNSPECIFIED.);
#880=B_SPLINE_CURVE_WITH_KNOTS('',1,(#1801,#1802),.UNSPECIFIED.,.F.,.F.,
(2,2),(-1.26410468232774,-0.442967121562795),.UNSPECIFIED.);
#881=B_SPLINE_CURVE_WITH_KNOTS('',1,(#1803,#1804),.UNSPECIFIED.,.F.,.F.,
(2,2),(0.442967121562796,1.26410468232775),.UNSPECIFIED.);
#882=B_SPLINE_CURVE_WITH_KNOTS('',1,(#1805,#1806),.UNSPECIFIED.,.F.,.F.,
(2,2),(0.994803994641694,4.8),.UNSPECIFIED.);
#883=B_SPLINE_CURVE_WITH_KNOTS('',1,(#1807,#1808),.UNSPECIFIED.,.F.,.F.,
(2,2),(0.994803994641692,4.8),.UNSPECIFIED.);
#884=B_SPLINE_CURVE_WITH_KNOTS('',1,(#1809,#1810),.UNSPECIFIED.,.F.,.F.,
(2,2),(-1.59371499375712,-1.40628500624288),.UNSPECIFIED.);
#885=B_SPLINE_CURVE_WITH_KNOTS('',1,(#1811,#1812),.UNSPECIFIED.,.F.,.F.,
(2,2),(-1.59371499375712,-1.40628500624288),.UNSPECIFIED.);
#886=B_SPLINE_CURVE_WITH_KNOTS('',1,(#1813,#1814),.UNSPECIFIED.,.F.,.F.,
(2,2),(-1.59371499375712,-1.40628500624288),.UNSPECIFIED.);
#887=B_SPLINE_CURVE_WITH_KNOTS('',1,(#1815,#1816),.UNSPECIFIED.,.F.,.F.,
(2,2),(-1.59371499375712,-1.40628500624288),.UNSPECIFIED.);
#888=B_SPLINE_CURVE_WITH_KNOTS('',1,(#1817,#1818),.UNSPECIFIED.,.F.,.F.,
(2,2),(4.30211422042248E-16,0.900000000000001),.UNSPECIFIED.);
#889=B_SPLINE_CURVE_WITH_KNOTS('',1,(#1819,#1820),.UNSPECIFIED.,.F.,.F.,
(2,2),(7.7715611723761E-16,0.900000000000001),.UNSPECIFIED.);
#890=B_SPLINE_CURVE_WITH_KNOTS('',1,(#1821,#1822),.UNSPECIFIED.,.F.,.F.,
(2,2),(1.38777878078145E-17,0.9),.UNSPECIFIED.);
#891=B_SPLINE_CURVE_WITH_KNOTS('',1,(#1823,#1824),.UNSPECIFIED.,.F.,.F.,
(2,2),(7.7715611723761E-16,0.900000000000001),.UNSPECIFIED.);
#892=B_SPLINE_CURVE_WITH_KNOTS('',1,(#1825,#1826),.UNSPECIFIED.,.F.,.F.,
(2,2),(-4.71844785465692E-16,0.900000000000001),.UNSPECIFIED.);
#893=B_SPLINE_CURVE_WITH_KNOTS('',1,(#1827,#1828),.UNSPECIFIED.,.F.,.F.,
(2,2),(2.22044604925031E-16,0.900000000000001),.UNSPECIFIED.);
#894=B_SPLINE_CURVE_WITH_KNOTS('',1,(#1829,#1830),.UNSPECIFIED.,.F.,.F.,
(2,2),(8.88178419700125E-16,0.899999999999983),.UNSPECIFIED.);
#895=B_SPLINE_CURVE_WITH_KNOTS('',1,(#1831,#1832),.UNSPECIFIED.,.F.,.F.,
(2,2),(1.88737914186277E-15,0.9),.UNSPECIFIED.);
#896=B_SPLINE_CURVE_WITH_KNOTS('',1,(#1833,#1834),.UNSPECIFIED.,.F.,.F.,
(2,2),(-6.66133814775094E-16,0.899999999999998),.UNSPECIFIED.);
#897=B_SPLINE_CURVE_WITH_KNOTS('',1,(#1835,#1836),.UNSPECIFIED.,.F.,.F.,
(2,2),(1.99840144432527E-15,0.899999999999997),.UNSPECIFIED.);
#898=B_SPLINE_CURVE_WITH_KNOTS('',1,(#1837,#1838),.UNSPECIFIED.,.F.,.F.,
(2,2),(1.88737914186277E-15,0.900000000000002),.UNSPECIFIED.);
#899=B_SPLINE_CURVE_WITH_KNOTS('',1,(#1839,#1840),.UNSPECIFIED.,.F.,.F.,
(2,2),(2.22044604925031E-16,0.899999999999984),.UNSPECIFIED.);
#900=B_SPLINE_CURVE_WITH_KNOTS('',1,(#1841,#1842),.UNSPECIFIED.,.F.,.F.,
(2,2),(2.22044604925031E-16,0.899999999999984),.UNSPECIFIED.);
#901=B_SPLINE_CURVE_WITH_KNOTS('',1,(#1843,#1844),.UNSPECIFIED.,.F.,.F.,
(2,2),(-4.44089209850063E-16,0.899999999999982),.UNSPECIFIED.);
#902=B_SPLINE_CURVE_WITH_KNOTS('',1,(#1845,#1846),.UNSPECIFIED.,.F.,.F.,
(2,2),(0.,0.899999999999996),.UNSPECIFIED.);
#903=B_SPLINE_CURVE_WITH_KNOTS('',1,(#1847,#1848),.UNSPECIFIED.,.F.,.F.,
(2,2),(2.22044604925031E-16,0.899999999999997),.UNSPECIFIED.);
#904=B_SPLINE_CURVE_WITH_KNOTS('',1,(#1849,#1850),.UNSPECIFIED.,.F.,.F.,
(2,2),(-1.11022302462516E-16,0.899999999999998),.UNSPECIFIED.);
#905=B_SPLINE_CURVE_WITH_KNOTS('',1,(#1851,#1852),.UNSPECIFIED.,.F.,.F.,
(2,2),(2.22044604925031E-16,0.899999999999985),.UNSPECIFIED.);
#906=B_SPLINE_CURVE_WITH_KNOTS('',1,(#1853,#1854),.UNSPECIFIED.,.F.,.F.,
(2,2),(0.,0.899999999999999),.UNSPECIFIED.);
#907=B_SPLINE_CURVE_WITH_KNOTS('',1,(#1855,#1856),.UNSPECIFIED.,.F.,.F.,
(2,2),(-5.14356310297201E-16,0.899999999999999),.UNSPECIFIED.);
#908=B_SPLINE_CURVE_WITH_KNOTS('',1,(#1857,#1858),.UNSPECIFIED.,.F.,.F.,
(2,2),(2.22044604925031E-16,0.899999999999987),.UNSPECIFIED.);
#909=B_SPLINE_CURVE_WITH_KNOTS('',1,(#1859,#1860),.UNSPECIFIED.,.F.,.F.,
(2,2),(2.44249065417534E-15,0.900000000000002),.UNSPECIFIED.);
#910=B_SPLINE_CURVE_WITH_KNOTS('',1,(#1861,#1862),.UNSPECIFIED.,.F.,.F.,
(2,2),(8.88178419700125E-16,0.899999999999998),.UNSPECIFIED.);
#911=B_SPLINE_CURVE_WITH_KNOTS('',1,(#1863,#1864),.UNSPECIFIED.,.F.,.F.,
(2,2),(-8.88178419700125E-16,0.900000000000001),.UNSPECIFIED.);
#912=B_SPLINE_CURVE_WITH_KNOTS('',1,(#1865,#1866),.UNSPECIFIED.,.F.,.F.,
(2,2),(-2.22044604925031E-16,0.899999999999998),.UNSPECIFIED.);
#913=B_SPLINE_CURVE_WITH_KNOTS('',1,(#1867,#1868),.UNSPECIFIED.,.F.,.F.,
(2,2),(0.,0.899999999999999),.UNSPECIFIED.);
#914=B_SPLINE_CURVE_WITH_KNOTS('',1,(#1869,#1870),.UNSPECIFIED.,.F.,.F.,
(2,2),(0.,0.9),.UNSPECIFIED.);
#915=B_SPLINE_CURVE_WITH_KNOTS('',1,(#1871,#1872),.UNSPECIFIED.,.F.,.F.,
(2,2),(1.77635683940025E-15,0.900000000000001),.UNSPECIFIED.);
#916=B_SPLINE_CURVE_WITH_KNOTS('',1,(#1873,#1874),.UNSPECIFIED.,.F.,.F.,
(2,2),(0.,0.9),.UNSPECIFIED.);
#917=B_SPLINE_CURVE_WITH_KNOTS('',1,(#1875,#1876),.UNSPECIFIED.,.F.,.F.,
(2,2),(0.,0.9),.UNSPECIFIED.);
#918=B_SPLINE_CURVE_WITH_KNOTS('',1,(#1877,#1878),.UNSPECIFIED.,.F.,.F.,
(2,2),(0.,0.899999999999999),.UNSPECIFIED.);
#919=B_SPLINE_CURVE_WITH_KNOTS('',1,(#1879,#1880),.UNSPECIFIED.,.F.,.F.,
(2,2),(0.,0.9),.UNSPECIFIED.);
#920=B_SPLINE_CURVE_WITH_KNOTS('',1,(#1881,#1882),.UNSPECIFIED.,.F.,.F.,
(2,2),(0.,0.899999999999995),.UNSPECIFIED.);
#921=B_SPLINE_CURVE_WITH_KNOTS('',1,(#1883,#1884),.UNSPECIFIED.,.F.,.F.,
(2,2),(2.22044604925031E-16,0.899999999999997),.UNSPECIFIED.);
#922=B_SPLINE_CURVE_WITH_KNOTS('',1,(#1885,#1886),.UNSPECIFIED.,.F.,.F.,
(2,2),(-1.11022302462516E-16,0.899999999999998),.UNSPECIFIED.);
#923=B_SPLINE_CURVE_WITH_KNOTS('',1,(#1887,#1888),.UNSPECIFIED.,.F.,.F.,
(2,2),(-4.44089209850063E-16,0.899999999999983),.UNSPECIFIED.);
#924=B_SPLINE_CURVE_WITH_KNOTS('',1,(#1889,#1890),.UNSPECIFIED.,.F.,.F.,
(2,2),(-2.22044604925031E-16,0.899999999999998),.UNSPECIFIED.);
#925=B_SPLINE_CURVE_WITH_KNOTS('',1,(#1891,#1892),.UNSPECIFIED.,.F.,.F.,
(2,2),(0.,0.9),.UNSPECIFIED.);
#926=B_SPLINE_CURVE_WITH_KNOTS('',1,(#1893,#1894),.UNSPECIFIED.,.F.,.F.,
(2,2),(-2.22044604925031E-16,0.899999999999998),.UNSPECIFIED.);
#927=B_SPLINE_CURVE_WITH_KNOTS('',1,(#1895,#1896),.UNSPECIFIED.,.F.,.F.,
(2,2),(0.,0.9),.UNSPECIFIED.);
#928=B_SPLINE_CURVE_WITH_KNOTS('',1,(#1897,#1898),.UNSPECIFIED.,.F.,.F.,
(2,2),(0.,0.900000000000001),.UNSPECIFIED.);
#929=B_SPLINE_CURVE_WITH_KNOTS('',1,(#1899,#1900),.UNSPECIFIED.,.F.,.F.,
(2,2),(0.,0.9),.UNSPECIFIED.);
#930=B_SPLINE_CURVE_WITH_KNOTS('',1,(#1901,#1902),.UNSPECIFIED.,.F.,.F.,
(2,2),(0.,0.9),.UNSPECIFIED.);
#931=B_SPLINE_CURVE_WITH_KNOTS('',1,(#1903,#1904),.UNSPECIFIED.,.F.,.F.,
(2,2),(0.,0.9),.UNSPECIFIED.);
#932=B_SPLINE_CURVE_WITH_KNOTS('',1,(#1905,#1906),.UNSPECIFIED.,.F.,.F.,
(2,2),(7.7715611723761E-16,0.899999999999999),.UNSPECIFIED.);
#933=B_SPLINE_CURVE_WITH_KNOTS('',1,(#1907,#1908),.UNSPECIFIED.,.F.,.F.,
(2,2),(8.88178419700125E-16,0.899999999999983),.UNSPECIFIED.);
#934=B_SPLINE_CURVE_WITH_KNOTS('',1,(#1909,#1910),.UNSPECIFIED.,.F.,.F.,
(2,2),(2.22044604925031E-16,0.899999999999999),.UNSPECIFIED.);
#935=B_SPLINE_CURVE_WITH_KNOTS('',1,(#1911,#1912),.UNSPECIFIED.,.F.,.F.,
(2,2),(1.88737914186277E-15,0.899999999999999),.UNSPECIFIED.);
#936=B_SPLINE_CURVE_WITH_KNOTS('',1,(#1913,#1914),.UNSPECIFIED.,.F.,.F.,
(2,2),(-9.99200722162641E-16,0.899999999999999),.UNSPECIFIED.);
#937=B_SPLINE_CURVE_WITH_KNOTS('',1,(#1915,#1916),.UNSPECIFIED.,.F.,.F.,
(2,2),(0.,0.9),.UNSPECIFIED.);
#938=B_SPLINE_CURVE_WITH_KNOTS('',1,(#1917,#1918),.UNSPECIFIED.,.F.,.F.,
(2,2),(-1.33226762955019E-15,0.899999999999997),.UNSPECIFIED.);
#939=B_SPLINE_CURVE_WITH_KNOTS('',1,(#1919,#1920),.UNSPECIFIED.,.F.,.F.,
(2,2),(0.,0.9),.UNSPECIFIED.);
#940=B_SPLINE_CURVE_WITH_KNOTS('',1,(#1921,#1922),.UNSPECIFIED.,.F.,.F.,
(2,2),(0.,0.9),.UNSPECIFIED.);
#941=B_SPLINE_CURVE_WITH_KNOTS('',1,(#1923,#1924),.UNSPECIFIED.,.F.,.F.,
(2,2),(0.,0.900000000000002),.UNSPECIFIED.);
#942=B_SPLINE_CURVE_WITH_KNOTS('',1,(#1925,#1926),.UNSPECIFIED.,.F.,.F.,
(2,2),(0.,0.9),.UNSPECIFIED.);
#943=B_SPLINE_CURVE_WITH_KNOTS('',1,(#1927,#1928),.UNSPECIFIED.,.F.,.F.,
(2,2),(-8.88178419700125E-16,0.899999999999999),.UNSPECIFIED.);
#944=(
BOUNDED_CURVE()
B_SPLINE_CURVE(2,(#1636,#1637,#1638),.UNSPECIFIED.,.F.,.F.)
B_SPLINE_CURVE_WITH_KNOTS((3,3),(8.2,9.29955742875643),.UNSPECIFIED.)
CURVE()
GEOMETRIC_REPRESENTATION_ITEM()
RATIONAL_B_SPLINE_CURVE((1.,0.707106781186543,1.))
REPRESENTATION_ITEM('')
);
#945=(
BOUNDED_CURVE()
B_SPLINE_CURVE(2,(#1641,#1642,#1643),.UNSPECIFIED.,.F.,.F.)
B_SPLINE_CURVE_WITH_KNOTS((3,3),(14.8995574287564,15.9991148575129),
 .UNSPECIFIED.)
CURVE()
GEOMETRIC_REPRESENTATION_ITEM()
RATIONAL_B_SPLINE_CURVE((1.,0.707106781186551,1.))
REPRESENTATION_ITEM('')
);
#946=(
BOUNDED_CURVE()
B_SPLINE_CURVE(2,(#1646,#1647,#1648),.UNSPECIFIED.,.F.,.F.)
B_SPLINE_CURVE_WITH_KNOTS((3,3),(31.4991148575129,32.5986722862693),
 .UNSPECIFIED.)
CURVE()
GEOMETRIC_REPRESENTATION_ITEM()
RATIONAL_B_SPLINE_CURVE((1.,0.707106781186559,1.))
REPRESENTATION_ITEM('')
);
#947=(
BOUNDED_CURVE()
B_SPLINE_CURVE(2,(#1651,#1652,#1653),.UNSPECIFIED.,.F.,.F.)
B_SPLINE_CURVE_WITH_KNOTS((3,3),(38.1986722862693,39.2982297150257),
 .UNSPECIFIED.)
CURVE()
GEOMETRIC_REPRESENTATION_ITEM()
RATIONAL_B_SPLINE_CURVE((1.,0.70710678118654,1.))
REPRESENTATION_ITEM('')
);
#948=(
BOUNDED_CURVE()
B_SPLINE_CURVE(2,(#1658,#1659,#1660),.UNSPECIFIED.,.F.,.F.)
B_SPLINE_CURVE_WITH_KNOTS((3,3),(8.2,9.29955742875643),.UNSPECIFIED.)
CURVE()
GEOMETRIC_REPRESENTATION_ITEM()
RATIONAL_B_SPLINE_CURVE((1.,0.707106781186543,1.))
REPRESENTATION_ITEM('')
);
#949=(
BOUNDED_CURVE()
B_SPLINE_CURVE(2,(#1667,#1668,#1669),.UNSPECIFIED.,.F.,.F.)
B_SPLINE_CURVE_WITH_KNOTS((3,3),(14.8995574287564,15.9991148575129),
 .UNSPECIFIED.)
CURVE()
GEOMETRIC_REPRESENTATION_ITEM()
RATIONAL_B_SPLINE_CURVE((1.,0.707106781186551,1.))
REPRESENTATION_ITEM('')
);
#950=(
BOUNDED_CURVE()
B_SPLINE_CURVE(2,(#1676,#1677,#1678),.UNSPECIFIED.,.F.,.F.)
B_SPLINE_CURVE_WITH_KNOTS((3,3),(31.4991148575129,32.5986722862693),
 .UNSPECIFIED.)
CURVE()
GEOMETRIC_REPRESENTATION_ITEM()
RATIONAL_B_SPLINE_CURVE((1.,0.707106781186559,1.))
REPRESENTATION_ITEM('')
);
#951=(
BOUNDED_CURVE()
B_SPLINE_CURVE(2,(#1685,#1686,#1687),.UNSPECIFIED.,.F.,.F.)
B_SPLINE_CURVE_WITH_KNOTS((3,3),(38.1986722862693,39.2982297150257),
 .UNSPECIFIED.)
CURVE()
GEOMETRIC_REPRESENTATION_ITEM()
RATIONAL_B_SPLINE_CURVE((1.,0.70710678118654,1.))
REPRESENTATION_ITEM('')
);
#952=(
BOUNDED_CURVE()
B_SPLINE_CURVE(2,(#1692,#1693,#1694,#1695,#1696),.UNSPECIFIED.,.F.,.F.)
B_SPLINE_CURVE_WITH_KNOTS((3,2,3),(-9.42477796076938,-7.06858347057703,
-4.71238898038469),.UNSPECIFIED.)
CURVE()
GEOMETRIC_REPRESENTATION_ITEM()
RATIONAL_B_SPLINE_CURVE((1.,0.707106781186548,1.,0.707106781186548,1.))
REPRESENTATION_ITEM('')
);
#953=(
BOUNDED_CURVE()
B_SPLINE_CURVE(2,(#1697,#1698,#1699,#1700,#1701),.UNSPECIFIED.,.F.,.F.)
B_SPLINE_CURVE_WITH_KNOTS((3,2,3),(0.,2.35619449019234,4.71238898038469),
 .UNSPECIFIED.)
CURVE()
GEOMETRIC_REPRESENTATION_ITEM()
RATIONAL_B_SPLINE_CURVE((1.,0.707106781186548,1.,0.707106781186548,1.))
REPRESENTATION_ITEM('')
);
#954=(
BOUNDED_CURVE()
B_SPLINE_CURVE(1,(#1702,#1703),.UNSPECIFIED.,.F.,.F.)
B_SPLINE_CURVE_WITH_KNOTS((2,2),(7.55,8.45),.UNSPECIFIED.)
CURVE()
GEOMETRIC_REPRESENTATION_ITEM()
RATIONAL_B_SPLINE_CURVE((1.,1.))
REPRESENTATION_ITEM('')
);
#955=(
BOUNDED_CURVE()
B_SPLINE_CURVE(2,(#1929,#1930,#1931),.UNSPECIFIED.,.F.,.F.)
B_SPLINE_CURVE_WITH_KNOTS((3,3),(-0.314159265358982,0.),.UNSPECIFIED.)
CURVE()
GEOMETRIC_REPRESENTATION_ITEM()
RATIONAL_B_SPLINE_CURVE((1.,0.707106781186549,1.))
REPRESENTATION_ITEM('')
);
#956=(
BOUNDED_CURVE()
B_SPLINE_CURVE(2,(#1932,#1933,#1934),.UNSPECIFIED.,.F.,.F.)
B_SPLINE_CURVE_WITH_KNOTS((3,3),(0.,0.314159265358982),.UNSPECIFIED.)
CURVE()
GEOMETRIC_REPRESENTATION_ITEM()
RATIONAL_B_SPLINE_CURVE((1.,0.707106781186549,1.))
REPRESENTATION_ITEM('')
);
#957=(
BOUNDED_CURVE()
B_SPLINE_CURVE(2,(#1935,#1936,#1937),.UNSPECIFIED.,.F.,.F.)
B_SPLINE_CURVE_WITH_KNOTS((3,3),(-0.31415926535898,0.),.UNSPECIFIED.)
CURVE()
GEOMETRIC_REPRESENTATION_ITEM()
RATIONAL_B_SPLINE_CURVE((1.,0.70710678118655,1.))
REPRESENTATION_ITEM('')
);
#958=(
BOUNDED_CURVE()
B_SPLINE_CURVE(2,(#1938,#1939,#1940),.UNSPECIFIED.,.F.,.F.)
B_SPLINE_CURVE_WITH_KNOTS((3,3),(0.,0.31415926535898),.UNSPECIFIED.)
CURVE()
GEOMETRIC_REPRESENTATION_ITEM()
RATIONAL_B_SPLINE_CURVE((1.,0.707106781186549,1.))
REPRESENTATION_ITEM('')
);
#959=(
BOUNDED_CURVE()
B_SPLINE_CURVE(2,(#1941,#1942,#1943),.UNSPECIFIED.,.F.,.F.)
B_SPLINE_CURVE_WITH_KNOTS((3,3),(0.,0.314159265358977),.UNSPECIFIED.)
CURVE()
GEOMETRIC_REPRESENTATION_ITEM()
RATIONAL_B_SPLINE_CURVE((1.,0.707106781186557,1.))
REPRESENTATION_ITEM('')
);
#960=(
BOUNDED_CURVE()
B_SPLINE_CURVE(2,(#1944,#1945,#1946),.UNSPECIFIED.,.F.,.F.)
B_SPLINE_CURVE_WITH_KNOTS((3,3),(-0.314159265358977,0.),.UNSPECIFIED.)
CURVE()
GEOMETRIC_REPRESENTATION_ITEM()
RATIONAL_B_SPLINE_CURVE((1.,0.707106781186557,1.))
REPRESENTATION_ITEM('')
);
#961=(
BOUNDED_CURVE()
B_SPLINE_CURVE(2,(#1947,#1948,#1949),.UNSPECIFIED.,.F.,.F.)
B_SPLINE_CURVE_WITH_KNOTS((3,3),(0.,0.314159265358977),.UNSPECIFIED.)
CURVE()
GEOMETRIC_REPRESENTATION_ITEM()
RATIONAL_B_SPLINE_CURVE((1.,0.707106781186555,1.))
REPRESENTATION_ITEM('')
);
#962=(
BOUNDED_CURVE()
B_SPLINE_CURVE(2,(#1950,#1951,#1952),.UNSPECIFIED.,.F.,.F.)
B_SPLINE_CURVE_WITH_KNOTS((3,3),(-0.314159265358977,0.),.UNSPECIFIED.)
CURVE()
GEOMETRIC_REPRESENTATION_ITEM()
RATIONAL_B_SPLINE_CURVE((1.,0.707106781186555,1.))
REPRESENTATION_ITEM('')
);
#963=(
BOUNDED_CURVE()
B_SPLINE_CURVE(2,(#1953,#1954,#1955),.UNSPECIFIED.,.F.,.F.)
B_SPLINE_CURVE_WITH_KNOTS((3,3),(-0.314159265358983,0.),.UNSPECIFIED.)
CURVE()
GEOMETRIC_REPRESENTATION_ITEM()
RATIONAL_B_SPLINE_CURVE((1.,0.707106781186553,1.))
REPRESENTATION_ITEM('')
);
#964=(
BOUNDED_CURVE()
B_SPLINE_CURVE(2,(#1956,#1957,#1958),.UNSPECIFIED.,.F.,.F.)
B_SPLINE_CURVE_WITH_KNOTS((3,3),(0.,0.314159265358983),.UNSPECIFIED.)
CURVE()
GEOMETRIC_REPRESENTATION_ITEM()
RATIONAL_B_SPLINE_CURVE((1.,0.707106781186553,1.))
REPRESENTATION_ITEM('')
);
#965=(
BOUNDED_CURVE()
B_SPLINE_CURVE(2,(#1959,#1960,#1961),.UNSPECIFIED.,.F.,.F.)
B_SPLINE_CURVE_WITH_KNOTS((3,3),(-0.314159265358983,0.),.UNSPECIFIED.)
CURVE()
GEOMETRIC_REPRESENTATION_ITEM()
RATIONAL_B_SPLINE_CURVE((1.,0.707106781186549,1.))
REPRESENTATION_ITEM('')
);
#966=(
BOUNDED_CURVE()
B_SPLINE_CURVE(2,(#1962,#1963,#1964),.UNSPECIFIED.,.F.,.F.)
B_SPLINE_CURVE_WITH_KNOTS((3,3),(0.,0.314159265358983),.UNSPECIFIED.)
CURVE()
GEOMETRIC_REPRESENTATION_ITEM()
RATIONAL_B_SPLINE_CURVE((1.,0.707106781186548,1.))
REPRESENTATION_ITEM('')
);
#967=(
BOUNDED_CURVE()
B_SPLINE_CURVE(2,(#1965,#1966,#1967),.UNSPECIFIED.,.F.,.F.)
B_SPLINE_CURVE_WITH_KNOTS((3,3),(-0.314159265358984,0.),.UNSPECIFIED.)
CURVE()
GEOMETRIC_REPRESENTATION_ITEM()
RATIONAL_B_SPLINE_CURVE((1.,0.707106781186545,1.))
REPRESENTATION_ITEM('')
);
#968=(
BOUNDED_CURVE()
B_SPLINE_CURVE(2,(#1968,#1969,#1970),.UNSPECIFIED.,.F.,.F.)
B_SPLINE_CURVE_WITH_KNOTS((3,3),(0.,0.314159265358984),.UNSPECIFIED.)
CURVE()
GEOMETRIC_REPRESENTATION_ITEM()
RATIONAL_B_SPLINE_CURVE((1.,0.707106781186545,1.))
REPRESENTATION_ITEM('')
);
#969=(
BOUNDED_CURVE()
B_SPLINE_CURVE(2,(#1971,#1972,#1973),.UNSPECIFIED.,.F.,.F.)
B_SPLINE_CURVE_WITH_KNOTS((3,3),(-0.314159265358984,0.),.UNSPECIFIED.)
CURVE()
GEOMETRIC_REPRESENTATION_ITEM()
RATIONAL_B_SPLINE_CURVE((1.,0.707106781186548,1.))
REPRESENTATION_ITEM('')
);
#970=(
BOUNDED_CURVE()
B_SPLINE_CURVE(2,(#1974,#1975,#1976),.UNSPECIFIED.,.F.,.F.)
B_SPLINE_CURVE_WITH_KNOTS((3,3),(0.,0.314159265358984),.UNSPECIFIED.)
CURVE()
GEOMETRIC_REPRESENTATION_ITEM()
RATIONAL_B_SPLINE_CURVE((1.,0.707106781186549,1.))
REPRESENTATION_ITEM('')
);
#971=(
BOUNDED_CURVE()
B_SPLINE_CURVE(2,(#1977,#1978,#1979),.UNSPECIFIED.,.F.,.F.)
B_SPLINE_CURVE_WITH_KNOTS((3,3),(-0.314159265358981,0.),.UNSPECIFIED.)
CURVE()
GEOMETRIC_REPRESENTATION_ITEM()
RATIONAL_B_SPLINE_CURVE((1.,0.707106781186545,1.))
REPRESENTATION_ITEM('')
);
#972=(
BOUNDED_CURVE()
B_SPLINE_CURVE(2,(#1980,#1981,#1982),.UNSPECIFIED.,.F.,.F.)
B_SPLINE_CURVE_WITH_KNOTS((3,3),(0.,0.314159265358981),.UNSPECIFIED.)
CURVE()
GEOMETRIC_REPRESENTATION_ITEM()
RATIONAL_B_SPLINE_CURVE((1.,0.707106781186545,1.))
REPRESENTATION_ITEM('')
);
#973=(
BOUNDED_CURVE()
B_SPLINE_CURVE(2,(#1983,#1984,#1985),.UNSPECIFIED.,.F.,.F.)
B_SPLINE_CURVE_WITH_KNOTS((3,3),(-0.314159265358982,0.),.UNSPECIFIED.)
CURVE()
GEOMETRIC_REPRESENTATION_ITEM()
RATIONAL_B_SPLINE_CURVE((1.,0.707106781186547,1.))
REPRESENTATION_ITEM('')
);
#974=(
BOUNDED_CURVE()
B_SPLINE_CURVE(2,(#1986,#1987,#1988),.UNSPECIFIED.,.F.,.F.)
B_SPLINE_CURVE_WITH_KNOTS((3,3),(0.,0.314159265358982),.UNSPECIFIED.)
CURVE()
GEOMETRIC_REPRESENTATION_ITEM()
RATIONAL_B_SPLINE_CURVE((1.,0.707106781186546,1.))
REPRESENTATION_ITEM('')
);
#975=(
BOUNDED_CURVE()
B_SPLINE_CURVE(2,(#1989,#1990,#1991),.UNSPECIFIED.,.F.,.F.)
B_SPLINE_CURVE_WITH_KNOTS((3,3),(-0.314159265358989,0.),.UNSPECIFIED.)
CURVE()
GEOMETRIC_REPRESENTATION_ITEM()
RATIONAL_B_SPLINE_CURVE((1.,0.707106781186555,1.))
REPRESENTATION_ITEM('')
);
#976=(
BOUNDED_CURVE()
B_SPLINE_CURVE(2,(#1992,#1993,#1994),.UNSPECIFIED.,.F.,.F.)
B_SPLINE_CURVE_WITH_KNOTS((3,3),(0.,0.314159265358989),.UNSPECIFIED.)
CURVE()
GEOMETRIC_REPRESENTATION_ITEM()
RATIONAL_B_SPLINE_CURVE((1.,0.707106781186555,1.))
REPRESENTATION_ITEM('')
);
#977=(
BOUNDED_CURVE()
B_SPLINE_CURVE(2,(#1995,#1996,#1997),.UNSPECIFIED.,.F.,.F.)
B_SPLINE_CURVE_WITH_KNOTS((3,3),(-0.314159265358988,0.),.UNSPECIFIED.)
CURVE()
GEOMETRIC_REPRESENTATION_ITEM()
RATIONAL_B_SPLINE_CURVE((1.,0.707106781186555,1.))
REPRESENTATION_ITEM('')
);
#978=(
BOUNDED_CURVE()
B_SPLINE_CURVE(2,(#1998,#1999,#2000),.UNSPECIFIED.,.F.,.F.)
B_SPLINE_CURVE_WITH_KNOTS((3,3),(0.,0.314159265358988),.UNSPECIFIED.)
CURVE()
GEOMETRIC_REPRESENTATION_ITEM()
RATIONAL_B_SPLINE_CURVE((1.,0.707106781186555,1.))
REPRESENTATION_ITEM('')
);
#979=(
BOUNDED_CURVE()
B_SPLINE_CURVE(2,(#2001,#2002,#2003),.UNSPECIFIED.,.F.,.F.)
B_SPLINE_CURVE_WITH_KNOTS((3,3),(-0.263371466000041,0.),.UNSPECIFIED.)
CURVE()
GEOMETRIC_REPRESENTATION_ITEM()
RATIONAL_B_SPLINE_CURVE((1.,0.790954667787227,1.))
REPRESENTATION_ITEM('')
);
#980=(
BOUNDED_CURVE()
B_SPLINE_CURVE(2,(#2004,#2005,#2006),.UNSPECIFIED.,.F.,.F.)
B_SPLINE_CURVE_WITH_KNOTS((3,3),(0.,0.263371466000041),.UNSPECIFIED.)
CURVE()
GEOMETRIC_REPRESENTATION_ITEM()
RATIONAL_B_SPLINE_CURVE((1.,0.790954667787227,1.))
REPRESENTATION_ITEM('')
);
#981=(
BOUNDED_CURVE()
B_SPLINE_CURVE(2,(#2007,#2008,#2009),.UNSPECIFIED.,.F.,.F.)
B_SPLINE_CURVE_WITH_KNOTS((3,3),(-0.26337146600004,0.),.UNSPECIFIED.)
CURVE()
GEOMETRIC_REPRESENTATION_ITEM()
RATIONAL_B_SPLINE_CURVE((1.,0.790954667787228,1.))
REPRESENTATION_ITEM('')
);
#982=(
BOUNDED_CURVE()
B_SPLINE_CURVE(2,(#2010,#2011,#2012),.UNSPECIFIED.,.F.,.F.)
B_SPLINE_CURVE_WITH_KNOTS((3,3),(0.,0.26337146600004),.UNSPECIFIED.)
CURVE()
GEOMETRIC_REPRESENTATION_ITEM()
RATIONAL_B_SPLINE_CURVE((1.,0.790954667787228,1.))
REPRESENTATION_ITEM('')
);
#983=(
BOUNDED_CURVE()
B_SPLINE_CURVE(2,(#2013,#2014,#2015),.UNSPECIFIED.,.F.,.F.)
B_SPLINE_CURVE_WITH_KNOTS((3,3),(0.,0.0507877993589599),.UNSPECIFIED.)
CURVE()
GEOMETRIC_REPRESENTATION_ITEM()
RATIONAL_B_SPLINE_CURVE((1.,0.991950196371463,1.))
REPRESENTATION_ITEM('')
);
#984=(
BOUNDED_CURVE()
B_SPLINE_CURVE(2,(#2016,#2017,#2018),.UNSPECIFIED.,.F.,.F.)
B_SPLINE_CURVE_WITH_KNOTS((3,3),(-0.0507877993589599,0.),.UNSPECIFIED.)
CURVE()
GEOMETRIC_REPRESENTATION_ITEM()
RATIONAL_B_SPLINE_CURVE((1.,0.991950196371464,1.))
REPRESENTATION_ITEM('')
);
#985=(
BOUNDED_CURVE()
B_SPLINE_CURVE(2,(#2019,#2020,#2021),.UNSPECIFIED.,.F.,.F.)
B_SPLINE_CURVE_WITH_KNOTS((3,3),(0.,0.0507877993589599),.UNSPECIFIED.)
CURVE()
GEOMETRIC_REPRESENTATION_ITEM()
RATIONAL_B_SPLINE_CURVE((1.,0.99195019637146,1.))
REPRESENTATION_ITEM('')
);
#986=(
BOUNDED_CURVE()
B_SPLINE_CURVE(2,(#2022,#2023,#2024),.UNSPECIFIED.,.F.,.F.)
B_SPLINE_CURVE_WITH_KNOTS((3,3),(-0.0507877993589599,0.),.UNSPECIFIED.)
CURVE()
GEOMETRIC_REPRESENTATION_ITEM()
RATIONAL_B_SPLINE_CURVE((1.,0.991950196371461,1.))
REPRESENTATION_ITEM('')
);
#987=(
BOUNDED_CURVE()
B_SPLINE_CURVE(2,(#2025,#2026,#2027),.UNSPECIFIED.,.F.,.F.)
B_SPLINE_CURVE_WITH_KNOTS((3,3),(0.,0.263371466000041),.UNSPECIFIED.)
CURVE()
GEOMETRIC_REPRESENTATION_ITEM()
RATIONAL_B_SPLINE_CURVE((1.,0.790954667787228,1.))
REPRESENTATION_ITEM('')
);
#988=(
BOUNDED_CURVE()
B_SPLINE_CURVE(2,(#2028,#2029,#2030),.UNSPECIFIED.,.F.,.F.)
B_SPLINE_CURVE_WITH_KNOTS((3,3),(-0.263371466000041,0.),.UNSPECIFIED.)
CURVE()
GEOMETRIC_REPRESENTATION_ITEM()
RATIONAL_B_SPLINE_CURVE((1.,0.790954667787228,1.))
REPRESENTATION_ITEM('')
);
#989=(
BOUNDED_CURVE()
B_SPLINE_CURVE(2,(#2031,#2032,#2033),.UNSPECIFIED.,.F.,.F.)
B_SPLINE_CURVE_WITH_KNOTS((3,3),(0.,0.26337146600004),.UNSPECIFIED.)
CURVE()
GEOMETRIC_REPRESENTATION_ITEM()
RATIONAL_B_SPLINE_CURVE((1.,0.790954667787227,1.))
REPRESENTATION_ITEM('')
);
#990=(
BOUNDED_CURVE()
B_SPLINE_CURVE(2,(#2034,#2035,#2036),.UNSPECIFIED.,.F.,.F.)
B_SPLINE_CURVE_WITH_KNOTS((3,3),(-0.26337146600004,0.),.UNSPECIFIED.)
CURVE()
GEOMETRIC_REPRESENTATION_ITEM()
RATIONAL_B_SPLINE_CURVE((1.,0.790954667787227,1.))
REPRESENTATION_ITEM('')
);
#991=(
BOUNDED_CURVE()
B_SPLINE_CURVE(2,(#2037,#2038,#2039),.UNSPECIFIED.,.F.,.F.)
B_SPLINE_CURVE_WITH_KNOTS((3,3),(-0.0507877993589581,0.),.UNSPECIFIED.)
CURVE()
GEOMETRIC_REPRESENTATION_ITEM()
RATIONAL_B_SPLINE_CURVE((1.,0.991950196371463,1.))
REPRESENTATION_ITEM('')
);
#992=(
BOUNDED_CURVE()
B_SPLINE_CURVE(2,(#2040,#2041,#2042),.UNSPECIFIED.,.F.,.F.)
B_SPLINE_CURVE_WITH_KNOTS((3,3),(0.,0.0507877993589581),.UNSPECIFIED.)
CURVE()
GEOMETRIC_REPRESENTATION_ITEM()
RATIONAL_B_SPLINE_CURVE((1.,0.991950196371464,1.))
REPRESENTATION_ITEM('')
);
#993=(
BOUNDED_CURVE()
B_SPLINE_CURVE(2,(#2043,#2044,#2045),.UNSPECIFIED.,.F.,.F.)
B_SPLINE_CURVE_WITH_KNOTS((3,3),(-0.0507877993589564,0.),.UNSPECIFIED.)
CURVE()
GEOMETRIC_REPRESENTATION_ITEM()
RATIONAL_B_SPLINE_CURVE((1.,0.991950196371459,1.))
REPRESENTATION_ITEM('')
);
#994=(
BOUNDED_CURVE()
B_SPLINE_CURVE(2,(#2046,#2047,#2048),.UNSPECIFIED.,.F.,.F.)
B_SPLINE_CURVE_WITH_KNOTS((3,3),(0.,0.0507877993589564),.UNSPECIFIED.)
CURVE()
GEOMETRIC_REPRESENTATION_ITEM()
RATIONAL_B_SPLINE_CURVE((1.,0.991950196371459,1.))
REPRESENTATION_ITEM('')
);
#995=(
BOUNDED_CURVE()
B_SPLINE_CURVE(2,(#2049,#2050,#2051),.UNSPECIFIED.,.F.,.F.)
B_SPLINE_CURVE_WITH_KNOTS((3,3),(0.,0.263371466000041),.UNSPECIFIED.)
CURVE()
GEOMETRIC_REPRESENTATION_ITEM()
RATIONAL_B_SPLINE_CURVE((1.,0.790954667787228,1.))
REPRESENTATION_ITEM('')
);
#996=(
BOUNDED_CURVE()
B_SPLINE_CURVE(2,(#2052,#2053,#2054),.UNSPECIFIED.,.F.,.F.)
B_SPLINE_CURVE_WITH_KNOTS((3,3),(-0.263371466000041,0.),.UNSPECIFIED.)
CURVE()
GEOMETRIC_REPRESENTATION_ITEM()
RATIONAL_B_SPLINE_CURVE((1.,0.790954667787228,1.))
REPRESENTATION_ITEM('')
);
#997=(
BOUNDED_CURVE()
B_SPLINE_CURVE(2,(#2055,#2056,#2057),.UNSPECIFIED.,.F.,.F.)
B_SPLINE_CURVE_WITH_KNOTS((3,3),(0.,0.263371466000041),.UNSPECIFIED.)
CURVE()
GEOMETRIC_REPRESENTATION_ITEM()
RATIONAL_B_SPLINE_CURVE((1.,0.790954667787228,1.))
REPRESENTATION_ITEM('')
);
#998=(
BOUNDED_CURVE()
B_SPLINE_CURVE(2,(#2058,#2059,#2060),.UNSPECIFIED.,.F.,.F.)
B_SPLINE_CURVE_WITH_KNOTS((3,3),(-0.263371466000041,0.),.UNSPECIFIED.)
CURVE()
GEOMETRIC_REPRESENTATION_ITEM()
RATIONAL_B_SPLINE_CURVE((1.,0.790954667787228,1.))
REPRESENTATION_ITEM('')
);
#999=(
BOUNDED_CURVE()
B_SPLINE_CURVE(2,(#2061,#2062,#2063),.UNSPECIFIED.,.F.,.F.)
B_SPLINE_CURVE_WITH_KNOTS((3,3),(0.,0.0507877993589599),.UNSPECIFIED.)
CURVE()
GEOMETRIC_REPRESENTATION_ITEM()
RATIONAL_B_SPLINE_CURVE((1.,0.991950196371467,1.))
REPRESENTATION_ITEM('')
);
#1000=(
BOUNDED_CURVE()
B_SPLINE_CURVE(2,(#2064,#2065,#2066),.UNSPECIFIED.,.F.,.F.)
B_SPLINE_CURVE_WITH_KNOTS((3,3),(-0.0507877993589599,0.),.UNSPECIFIED.)
CURVE()
GEOMETRIC_REPRESENTATION_ITEM()
RATIONAL_B_SPLINE_CURVE((1.,0.991950196371467,1.))
REPRESENTATION_ITEM('')
);
#1001=(
BOUNDED_CURVE()
B_SPLINE_CURVE(2,(#2067,#2068,#2069),.UNSPECIFIED.,.F.,.F.)
B_SPLINE_CURVE_WITH_KNOTS((3,3),(0.,0.0507877993589592),.UNSPECIFIED.)
CURVE()
GEOMETRIC_REPRESENTATION_ITEM()
RATIONAL_B_SPLINE_CURVE((1.,0.99195019637146,1.))
REPRESENTATION_ITEM('')
);
#1002=(
BOUNDED_CURVE()
B_SPLINE_CURVE(2,(#2070,#2071,#2072),.UNSPECIFIED.,.F.,.F.)
B_SPLINE_CURVE_WITH_KNOTS((3,3),(-0.0507877993589592,0.),.UNSPECIFIED.)
CURVE()
GEOMETRIC_REPRESENTATION_ITEM()
RATIONAL_B_SPLINE_CURVE((1.,0.991950196371461,1.))
REPRESENTATION_ITEM('')
);
#1003=(
BOUNDED_CURVE()
B_SPLINE_CURVE(2,(#2073,#2074,#2075),.UNSPECIFIED.,.F.,.F.)
B_SPLINE_CURVE_WITH_KNOTS((3,3),(-0.0507877993589599,0.),.UNSPECIFIED.)
CURVE()
GEOMETRIC_REPRESENTATION_ITEM()
RATIONAL_B_SPLINE_CURVE((1.,0.991950196371459,1.))
REPRESENTATION_ITEM('')
);
#1004=(
BOUNDED_CURVE()
B_SPLINE_CURVE(2,(#2076,#2077,#2078),.UNSPECIFIED.,.F.,.F.)
B_SPLINE_CURVE_WITH_KNOTS((3,3),(0.,0.0507877993589599),.UNSPECIFIED.)
CURVE()
GEOMETRIC_REPRESENTATION_ITEM()
RATIONAL_B_SPLINE_CURVE((1.,0.99195019637146,1.))
REPRESENTATION_ITEM('')
);
#1005=(
BOUNDED_CURVE()
B_SPLINE_CURVE(2,(#2079,#2080,#2081),.UNSPECIFIED.,.F.,.F.)
B_SPLINE_CURVE_WITH_KNOTS((3,3),(-0.0507877993589564,0.),.UNSPECIFIED.)
CURVE()
GEOMETRIC_REPRESENTATION_ITEM()
RATIONAL_B_SPLINE_CURVE((1.,0.991950196371466,1.))
REPRESENTATION_ITEM('')
);
#1006=(
BOUNDED_CURVE()
B_SPLINE_CURVE(2,(#2082,#2083,#2084),.UNSPECIFIED.,.F.,.F.)
B_SPLINE_CURVE_WITH_KNOTS((3,3),(0.,0.0507877993589564),.UNSPECIFIED.)
CURVE()
GEOMETRIC_REPRESENTATION_ITEM()
RATIONAL_B_SPLINE_CURVE((1.,0.991950196371466,1.))
REPRESENTATION_ITEM('')
);
#1007=(
BOUNDED_CURVE()
B_SPLINE_CURVE(2,(#2085,#2086,#2087),.UNSPECIFIED.,.F.,.F.)
B_SPLINE_CURVE_WITH_KNOTS((3,3),(-0.263371466000041,0.),.UNSPECIFIED.)
CURVE()
GEOMETRIC_REPRESENTATION_ITEM()
RATIONAL_B_SPLINE_CURVE((1.,0.790954667787228,1.))
REPRESENTATION_ITEM('')
);
#1008=(
BOUNDED_CURVE()
B_SPLINE_CURVE(2,(#2088,#2089,#2090),.UNSPECIFIED.,.F.,.F.)
B_SPLINE_CURVE_WITH_KNOTS((3,3),(0.,0.263371466000041),.UNSPECIFIED.)
CURVE()
GEOMETRIC_REPRESENTATION_ITEM()
RATIONAL_B_SPLINE_CURVE((1.,0.790954667787228,1.))
REPRESENTATION_ITEM('')
);
#1009=(
BOUNDED_CURVE()
B_SPLINE_CURVE(2,(#2091,#2092,#2093),.UNSPECIFIED.,.F.,.F.)
B_SPLINE_CURVE_WITH_KNOTS((3,3),(-0.26337146600004,0.),.UNSPECIFIED.)
CURVE()
GEOMETRIC_REPRESENTATION_ITEM()
RATIONAL_B_SPLINE_CURVE((1.,0.790954667787227,1.))
REPRESENTATION_ITEM('')
);
#1010=(
BOUNDED_CURVE()
B_SPLINE_CURVE(2,(#2094,#2095,#2096),.UNSPECIFIED.,.F.,.F.)
B_SPLINE_CURVE_WITH_KNOTS((3,3),(0.,0.26337146600004),.UNSPECIFIED.)
CURVE()
GEOMETRIC_REPRESENTATION_ITEM()
RATIONAL_B_SPLINE_CURVE((1.,0.790954667787227,1.))
REPRESENTATION_ITEM('')
);
#1011=(
BOUNDED_CURVE()
B_SPLINE_CURVE(1,(#2097,#2098),.UNSPECIFIED.,.F.,.F.)
B_SPLINE_CURVE_WITH_KNOTS((2,2),(7.55,8.45),.UNSPECIFIED.)
CURVE()
GEOMETRIC_REPRESENTATION_ITEM()
RATIONAL_B_SPLINE_CURVE((1.,1.))
REPRESENTATION_ITEM('')
);
#1012=(
BOUNDED_CURVE()
B_SPLINE_CURVE(2,(#2099,#2100,#2101,#2102,#2103),.UNSPECIFIED.,.F.,.F.)
B_SPLINE_CURVE_WITH_KNOTS((3,2,3),(-4.71238898038469,-2.35619449019234,
0.),.UNSPECIFIED.)
CURVE()
GEOMETRIC_REPRESENTATION_ITEM()
RATIONAL_B_SPLINE_CURVE((1.,0.707106781186548,1.,0.707106781186548,1.))
REPRESENTATION_ITEM('')
);
#1013=(
BOUNDED_CURVE()
B_SPLINE_CURVE(2,(#2104,#2105,#2106,#2107,#2108),.UNSPECIFIED.,.F.,.F.)
B_SPLINE_CURVE_WITH_KNOTS((3,2,3),(4.71238898038469,7.06858347057703,9.42477796076938),
 .UNSPECIFIED.)
CURVE()
GEOMETRIC_REPRESENTATION_ITEM()
RATIONAL_B_SPLINE_CURVE((1.,0.707106781186548,1.,0.707106781186548,1.))
REPRESENTATION_ITEM('')
);
#1014=VERTEX_POINT('',#1504);
#1015=VERTEX_POINT('',#1505);
#1016=VERTEX_POINT('',#1506);
#1017=VERTEX_POINT('',#1507);
#1018=VERTEX_POINT('',#1508);
#1019=VERTEX_POINT('',#1509);
#1020=VERTEX_POINT('',#1510);
#1021=VERTEX_POINT('',#1511);
#1022=VERTEX_POINT('',#1512);
#1023=VERTEX_POINT('',#1513);
#1024=VERTEX_POINT('',#1514);
#1025=VERTEX_POINT('',#1515);
#1026=VERTEX_POINT('',#1516);
#1027=VERTEX_POINT('',#1517);
#1028=VERTEX_POINT('',#1518);
#1029=VERTEX_POINT('',#1519);
#1030=VERTEX_POINT('',#1520);
#1031=VERTEX_POINT('',#1521);
#1032=VERTEX_POINT('',#1522);
#1033=VERTEX_POINT('',#1523);
#1034=VERTEX_POINT('',#1524);
#1035=VERTEX_POINT('',#1525);
#1036=VERTEX_POINT('',#1526);
#1037=VERTEX_POINT('',#1527);
#1038=VERTEX_POINT('',#1528);
#1039=VERTEX_POINT('',#1529);
#1040=VERTEX_POINT('',#1530);
#1041=VERTEX_POINT('',#1531);
#1042=VERTEX_POINT('',#1532);
#1043=VERTEX_POINT('',#1533);
#1044=VERTEX_POINT('',#1534);
#1045=VERTEX_POINT('',#1535);
#1046=VERTEX_POINT('',#1536);
#1047=VERTEX_POINT('',#1537);
#1048=VERTEX_POINT('',#1538);
#1049=VERTEX_POINT('',#1539);
#1050=VERTEX_POINT('',#1540);
#1051=VERTEX_POINT('',#1541);
#1052=VERTEX_POINT('',#1542);
#1053=VERTEX_POINT('',#1543);
#1054=VERTEX_POINT('',#1544);
#1055=VERTEX_POINT('',#1545);
#1056=VERTEX_POINT('',#1546);
#1057=VERTEX_POINT('',#1547);
#1058=VERTEX_POINT('',#1548);
#1059=VERTEX_POINT('',#1549);
#1060=VERTEX_POINT('',#1550);
#1061=VERTEX_POINT('',#1551);
#1062=VERTEX_POINT('',#1552);
#1063=VERTEX_POINT('',#1553);
#1064=VERTEX_POINT('',#1554);
#1065=VERTEX_POINT('',#1555);
#1066=VERTEX_POINT('',#1556);
#1067=VERTEX_POINT('',#1557);
#1068=VERTEX_POINT('',#1558);
#1069=VERTEX_POINT('',#1559);
#1070=VERTEX_POINT('',#1560);
#1071=VERTEX_POINT('',#1561);
#1072=VERTEX_POINT('',#1562);
#1073=VERTEX_POINT('',#1563);
#1074=VERTEX_POINT('',#1564);
#1075=VERTEX_POINT('',#1565);
#1076=VERTEX_POINT('',#1566);
#1077=VERTEX_POINT('',#1567);
#1078=VERTEX_POINT('',#1568);
#1079=VERTEX_POINT('',#1569);
#1080=VERTEX_POINT('',#1570);
#1081=VERTEX_POINT('',#1571);
#1082=VERTEX_POINT('',#1572);
#1083=VERTEX_POINT('',#1573);
#1084=VERTEX_POINT('',#1574);
#1085=VERTEX_POINT('',#1575);
#1086=VERTEX_POINT('',#1576);
#1087=VERTEX_POINT('',#1577);
#1088=VERTEX_POINT('',#1578);
#1089=VERTEX_POINT('',#1579);
#1090=VERTEX_POINT('',#1580);
#1091=VERTEX_POINT('',#1581);
#1092=VERTEX_POINT('',#1582);
#1093=VERTEX_POINT('',#1583);
#1094=VERTEX_POINT('',#1584);
#1095=VERTEX_POINT('',#1585);
#1096=VERTEX_POINT('',#1586);
#1097=VERTEX_POINT('',#1587);
#1098=VERTEX_POINT('',#1588);
#1099=VERTEX_POINT('',#1589);
#1100=VERTEX_POINT('',#1590);
#1101=VERTEX_POINT('',#1591);
#1102=VERTEX_POINT('',#1592);
#1103=VERTEX_POINT('',#1593);
#1104=VERTEX_POINT('',#1594);
#1105=VERTEX_POINT('',#1595);
#1106=VERTEX_POINT('',#1596);
#1107=VERTEX_POINT('',#1597);
#1108=VERTEX_POINT('',#1598);
#1109=VERTEX_POINT('',#1599);
#1110=VERTEX_POINT('',#1600);
#1111=VERTEX_POINT('',#1601);
#1112=VERTEX_POINT('',#1602);
#1113=VERTEX_POINT('',#1603);
#1114=VERTEX_POINT('',#1604);
#1115=VERTEX_POINT('',#1605);
#1116=VERTEX_POINT('',#1606);
#1117=VERTEX_POINT('',#1607);
#1118=VERTEX_POINT('',#1608);
#1119=VERTEX_POINT('',#1609);
#1120=VERTEX_POINT('',#1610);
#1121=VERTEX_POINT('',#1611);
#1122=VERTEX_POINT('',#1612);
#1123=VERTEX_POINT('',#1613);
#1124=VERTEX_POINT('',#1614);
#1125=VERTEX_POINT('',#1615);
#1126=VERTEX_POINT('',#1616);
#1127=VERTEX_POINT('',#1617);
#1128=VERTEX_POINT('',#1618);
#1129=VERTEX_POINT('',#1619);
#1130=VERTEX_POINT('',#1620);
#1131=VERTEX_POINT('',#1621);
#1132=VERTEX_POINT('',#1622);
#1133=VERTEX_POINT('',#1623);
#1134=VERTEX_POINT('',#1624);
#1135=VERTEX_POINT('',#1625);
#1136=VERTEX_POINT('',#1626);
#1137=VERTEX_POINT('',#1627);
#1138=VERTEX_POINT('',#1628);
#1139=VERTEX_POINT('',#1629);
#1140=VERTEX_POINT('',#1630);
#1141=VERTEX_POINT('',#1631);
#1142=VERTEX_POINT('',#1632);
#1143=VERTEX_POINT('',#1633);
#1144=VERTEX_POINT('',#1634);
#1145=VERTEX_POINT('',#1635);
#1146=CYLINDRICAL_SURFACE('',#1311,0.2);
#1147=CYLINDRICAL_SURFACE('',#1312,0.200000000000003);
#1148=CYLINDRICAL_SURFACE('',#1313,0.200000000000004);
#1149=CYLINDRICAL_SURFACE('',#1314,0.200000000000001);
#1150=CYLINDRICAL_SURFACE('',#1315,0.200000000000005);
#1151=CYLINDRICAL_SURFACE('',#1316,0.200000000000002);
#1152=CYLINDRICAL_SURFACE('',#1317,0.2);
#1153=CYLINDRICAL_SURFACE('',#1318,0.200000000000001);
#1154=CYLINDRICAL_SURFACE('',#1319,0.199999999999998);
#1155=CYLINDRICAL_SURFACE('',#1320,0.199999999999998);
#1156=CYLINDRICAL_SURFACE('',#1321,0.200000000000005);
#1157=CYLINDRICAL_SURFACE('',#1322,0.200000000000003);
#1158=CYLINDRICAL_SURFACE('',#1323,0.2);
#1159=CYLINDRICAL_SURFACE('',#1324,0.200000000000001);
#1160=CYLINDRICAL_SURFACE('',#1325,0.200000000000012);
#1161=CYLINDRICAL_SURFACE('',#1326,0.200000000000002);
#1162=CYLINDRICAL_SURFACE('',#1327,0.2);
#1163=CYLINDRICAL_SURFACE('',#1328,0.2);
#1164=CYLINDRICAL_SURFACE('',#1329,0.200000000000031);
#1165=CYLINDRICAL_SURFACE('',#1330,0.200000000000012);
#1166=CYLINDRICAL_SURFACE('',#1331,0.2);
#1167=CYLINDRICAL_SURFACE('',#1332,0.200000000000001);
#1168=CYLINDRICAL_SURFACE('',#1333,0.200000000000113);
#1169=CYLINDRICAL_SURFACE('',#1334,0.200000000000058);
#1170=CYLINDRICAL_SURFACE('',#1335,0.19999999999995);
#1171=CYLINDRICAL_SURFACE('',#1336,0.199999999999982);
#1172=CYLINDRICAL_SURFACE('',#1337,0.2);
#1173=CYLINDRICAL_SURFACE('',#1338,0.2);
#1174=CYLINDRICAL_SURFACE('',#1339,1.5);
#1175=CYLINDRICAL_SURFACE('',#1340,1.5);
#1176=CYLINDRICAL_SURFACE('',#1342,1.15);
#1177=CYLINDRICAL_SURFACE('',#1344,1.15000000000001);
#1178=CYLINDRICAL_SURFACE('',#1345,0.250000000000005);
#1179=CYLINDRICAL_SURFACE('',#1347,0.250000000000001);
#1180=PLANE('',#1300);
#1181=PLANE('',#1301);
#1182=PLANE('',#1302);
#1183=PLANE('',#1303);
#1184=PLANE('',#1304);
#1185=PLANE('',#1305);
#1186=PLANE('',#1306);
#1187=PLANE('',#1307);
#1188=PLANE('',#1308);
#1189=PLANE('',#1309);
#1190=PLANE('',#1310);
#1191=PLANE('',#1341);
#1192=PLANE('',#1343);
#1193=PLANE('',#1346);
#1194=PLANE('',#1348);
#1195=PLANE('',#1349);
#1196=PLANE('',#1350);
#1197=PLANE('',#1351);
#1198=PLANE('',#1352);
#1199=PLANE('',#1353);
#1200=PLANE('',#1354);
#1201=PLANE('',#1355);
#1202=PLANE('',#1356);
#1203=PLANE('',#1357);
#1204=PLANE('',#1358);
#1205=PLANE('',#1359);
#1206=PLANE('',#1360);
#1207=PLANE('',#1361);
#1208=PLANE('',#1362);
#1209=PLANE('',#1363);
#1210=PLANE('',#1364);
#1211=PLANE('',#1365);
#1212=SHAPE_DEFINITION_REPRESENTATION(#1213,#1298);
#1213=PRODUCT_DEFINITION_SHAPE('Document','',#1215);
#1214=PRODUCT_DEFINITION_CONTEXT('3D Mechanical Parts',#1287,'design');
#1215=PRODUCT_DEFINITION('A','First version',#1257,#1214);
#1216=DATE_TIME_ROLE('classification_date');
#1217=DATE_TIME_ROLE('creation_date');
#1218=APPLIED_DATE_AND_TIME_ASSIGNMENT(#1242,#1216,(#1221));
#1219=APPLIED_DATE_AND_TIME_ASSIGNMENT(#1244,#1217,(#1215));
#1220=SECURITY_CLASSIFICATION_LEVEL('unclassified');
#1221=SECURITY_CLASSIFICATION('A','Security for version',#1220);
#1222=APPLIED_SECURITY_CLASSIFICATION_ASSIGNMENT(#1221,(#1257));
#1223=APPROVAL_ROLE('Version approval');
#1224=APPROVAL_ROLE('Version Security approval');
#1225=APPROVAL_ROLE('Definition approval');
#1226=APPROVAL_PERSON_ORGANIZATION(#1275,#1251,#1223);
#1227=APPROVAL_PERSON_ORGANIZATION(#1276,#1252,#1224);
#1228=APPROVAL_PERSON_ORGANIZATION(#1279,#1253,#1225);
#1229=COORDINATED_UNIVERSAL_TIME_OFFSET(5,0,.BEHIND.);
#1230=LOCAL_TIME(0,0,0.,#1229);
#1231=LOCAL_TIME(0,0,0.,#1229);
#1232=LOCAL_TIME(0,0,0.,#1229);
#1233=LOCAL_TIME(0,0,0.,#1229);
#1234=LOCAL_TIME(0,0,0.,#1229);
#1235=CALENDAR_DATE(1999,1,1);
#1236=CALENDAR_DATE(1999,1,1);
#1237=CALENDAR_DATE(1999,1,1);
#1238=CALENDAR_DATE(1999,1,1);
#1239=CALENDAR_DATE(1999,1,1);
#1240=DATE_AND_TIME(#1235,#1230);
#1241=DATE_AND_TIME(#1236,#1231);
#1242=DATE_AND_TIME(#1237,#1232);
#1243=DATE_AND_TIME(#1238,#1233);
#1244=DATE_AND_TIME(#1239,#1234);
#1245=APPROVAL_DATE_TIME(#1240,#1251);
#1246=APPROVAL_DATE_TIME(#1241,#1252);
#1247=APPROVAL_DATE_TIME(#1243,#1253);
#1248=APPROVAL_STATUS('not_yet_approved');
#1249=APPROVAL_STATUS('not_yet_approved');
#1250=APPROVAL_STATUS('approved');
#1251=APPROVAL(#1248,'Version approval');
#1252=APPROVAL(#1249,'Version Security approval');
#1253=APPROVAL(#1250,'Definition approval');
#1254=APPLIED_APPROVAL_ASSIGNMENT(#1251,(#1257));
#1255=APPLIED_APPROVAL_ASSIGNMENT(#1252,(#1221));
#1256=APPLIED_APPROVAL_ASSIGNMENT(#1253,(#1215));
#1257=PRODUCT_DEFINITION_FORMATION_WITH_SPECIFIED_SOURCE('A',
'First version',#1289,.MADE.);
#1258=PERSON_AND_ORGANIZATION_ROLE('design_owner');
#1259=PERSON_AND_ORGANIZATION_ROLE('creator');
#1260=PERSON_AND_ORGANIZATION_ROLE('design_supplier');
#1261=PERSON_AND_ORGANIZATION_ROLE('classification_officer');
#1262=PERSON_AND_ORGANIZATION_ROLE('creator');
#1263=ORGANIZATION('STI','lab','lab');
#1264=ORGANIZATION('STI','unknown','unknown');
#1265=ORGANIZATION('STI','unknown','unknown');
#1266=ORGANIZATION('STI','unknown','unknown');
#1267=ORGANIZATION('STI','unknown','unknown');
#1268=ORGANIZATION('STI','unknown','unknown');
#1269=ORGANIZATION('STI','unknown','unknown');
#1270=PERSON('1','Box','vc60',$,$,$);
#1271=PERSON('2','last','first',$,$,$);
#1272=PERSON('3','President','Mr.',$,$,$);
#1273=PERSON_AND_ORGANIZATION(#1270,#1263);
#1274=PERSON_AND_ORGANIZATION(#1271,#1264);
#1275=PERSON_AND_ORGANIZATION(#1272,#1265);
#1276=PERSON_AND_ORGANIZATION(#1272,#1266);
#1277=PERSON_AND_ORGANIZATION(#1272,#1267);
#1278=PERSON_AND_ORGANIZATION(#1271,#1268);
#1279=PERSON_AND_ORGANIZATION(#1272,#1269);
#1280=APPLIED_PERSON_AND_ORGANIZATION_ASSIGNMENT(#1273,#1258,(#1289));
#1281=APPLIED_PERSON_AND_ORGANIZATION_ASSIGNMENT(#1274,#1259,(#1257));
#1282=APPLIED_PERSON_AND_ORGANIZATION_ASSIGNMENT(#1274,#1260,(#1257));
#1283=APPLIED_PERSON_AND_ORGANIZATION_ASSIGNMENT(#1277,#1261,(#1221));
#1284=APPLIED_PERSON_AND_ORGANIZATION_ASSIGNMENT(#1278,#1262,(#1215));
#1285=PRODUCT_RELATED_PRODUCT_CATEGORY('detail','detail',(#1289));
#1286=APPLICATION_PROTOCOL_DEFINITION('International Standard',
'config_control_design',1994,#1287);
#1287=APPLICATION_CONTEXT(
'configuration controlled 3d designs of mechanical parts and assemblie
s');
#1288=PRODUCT_CONTEXT('3D Mechanical Parts',#1287,'mechanical');
#1289=PRODUCT('Document','Document','',(#1288));
#1290=(
LENGTH_UNIT()
NAMED_UNIT(*)
SI_UNIT(.MILLI.,.METRE.)
);
#1291=(
NAMED_UNIT(*)
PLANE_ANGLE_UNIT()
SI_UNIT($,.RADIAN.)
);
#1292=DIMENSIONAL_EXPONENTS(0.,0.,0.,0.,0.,0.,0.);
#1293=PLANE_ANGLE_MEASURE_WITH_UNIT(PLANE_ANGLE_MEASURE(0.01745329252),
#1291);
#1294=(
CONVERSION_BASED_UNIT('DEGREES',#1293)
NAMED_UNIT(#1292)
PLANE_ANGLE_UNIT()
);
#1295=(
NAMED_UNIT(*)
SI_UNIT($,.STERADIAN.)
SOLID_ANGLE_UNIT()
);
#1296=UNCERTAINTY_MEASURE_WITH_UNIT(LENGTH_MEASURE(0.001),#1290,
'DISTANCE_ACCURACY_VALUE',
'Maximum model space distance between geometric entities at asserted c
onnectivities');
#1297=(
GEOMETRIC_REPRESENTATION_CONTEXT(3)
GLOBAL_UNCERTAINTY_ASSIGNED_CONTEXT((#1296))
GLOBAL_UNIT_ASSIGNED_CONTEXT((#1295,#1294,#1290))
REPRESENTATION_CONTEXT('ID1','3D')
);
#1298=SHAPE_REPRESENTATION('Document',(#1299,#1366),#1297);
#1299=AXIS2_PLACEMENT_3D('',#1437,#1367,#1368);
#1300=AXIS2_PLACEMENT_3D('',#1438,#1369,$);
#1301=AXIS2_PLACEMENT_3D('',#1439,#1370,$);
#1302=AXIS2_PLACEMENT_3D('',#1440,#1371,$);
#1303=AXIS2_PLACEMENT_3D('',#1441,#1372,$);
#1304=AXIS2_PLACEMENT_3D('',#1442,#1373,$);
#1305=AXIS2_PLACEMENT_3D('',#1443,#1374,$);
#1306=AXIS2_PLACEMENT_3D('',#1444,#1375,$);
#1307=AXIS2_PLACEMENT_3D('',#1445,#1376,$);
#1308=AXIS2_PLACEMENT_3D('',#1446,#1377,$);
#1309=AXIS2_PLACEMENT_3D('',#1447,#1378,$);
#1310=AXIS2_PLACEMENT_3D('',#1448,#1379,$);
#1311=AXIS2_PLACEMENT_3D('',#1449,#1380,$);
#1312=AXIS2_PLACEMENT_3D('',#1450,#1381,$);
#1313=AXIS2_PLACEMENT_3D('',#1451,#1382,$);
#1314=AXIS2_PLACEMENT_3D('',#1452,#1383,$);
#1315=AXIS2_PLACEMENT_3D('',#1453,#1384,$);
#1316=AXIS2_PLACEMENT_3D('',#1454,#1385,$);
#1317=AXIS2_PLACEMENT_3D('',#1455,#1386,$);
#1318=AXIS2_PLACEMENT_3D('',#1456,#1387,$);
#1319=AXIS2_PLACEMENT_3D('',#1457,#1388,$);
#1320=AXIS2_PLACEMENT_3D('',#1458,#1389,$);
#1321=AXIS2_PLACEMENT_3D('',#1459,#1390,$);
#1322=AXIS2_PLACEMENT_3D('',#1460,#1391,$);
#1323=AXIS2_PLACEMENT_3D('',#1461,#1392,$);
#1324=AXIS2_PLACEMENT_3D('',#1462,#1393,$);
#1325=AXIS2_PLACEMENT_3D('',#1463,#1394,$);
#1326=AXIS2_PLACEMENT_3D('',#1464,#1395,$);
#1327=AXIS2_PLACEMENT_3D('',#1465,#1396,$);
#1328=AXIS2_PLACEMENT_3D('',#1466,#1397,$);
#1329=AXIS2_PLACEMENT_3D('',#1467,#1398,$);
#1330=AXIS2_PLACEMENT_3D('',#1468,#1399,$);
#1331=AXIS2_PLACEMENT_3D('',#1469,#1400,$);
#1332=AXIS2_PLACEMENT_3D('',#1470,#1401,$);
#1333=AXIS2_PLACEMENT_3D('',#1471,#1402,$);
#1334=AXIS2_PLACEMENT_3D('',#1472,#1403,$);
#1335=AXIS2_PLACEMENT_3D('',#1473,#1404,$);
#1336=AXIS2_PLACEMENT_3D('',#1474,#1405,$);
#1337=AXIS2_PLACEMENT_3D('',#1475,#1406,$);
#1338=AXIS2_PLACEMENT_3D('',#1476,#1407,$);
#1339=AXIS2_PLACEMENT_3D('',#1477,#1408,$);
#1340=AXIS2_PLACEMENT_3D('',#1478,#1409,$);
#1341=AXIS2_PLACEMENT_3D('',#1479,#1410,$);
#1342=AXIS2_PLACEMENT_3D('',#1480,#1411,$);
#1343=AXIS2_PLACEMENT_3D('',#1481,#1412,$);
#1344=AXIS2_PLACEMENT_3D('',#1482,#1413,$);
#1345=AXIS2_PLACEMENT_3D('',#1483,#1414,$);
#1346=AXIS2_PLACEMENT_3D('',#1484,#1415,$);
#1347=AXIS2_PLACEMENT_3D('',#1485,#1416,$);
#1348=AXIS2_PLACEMENT_3D('',#1486,#1417,$);
#1349=AXIS2_PLACEMENT_3D('',#1487,#1418,$);
#1350=AXIS2_PLACEMENT_3D('',#1488,#1419,$);
#1351=AXIS2_PLACEMENT_3D('',#1489,#1420,$);
#1352=AXIS2_PLACEMENT_3D('',#1490,#1421,$);
#1353=AXIS2_PLACEMENT_3D('',#1491,#1422,$);
#1354=AXIS2_PLACEMENT_3D('',#1492,#1423,$);
#1355=AXIS2_PLACEMENT_3D('',#1493,#1424,$);
#1356=AXIS2_PLACEMENT_3D('',#1494,#1425,$);
#1357=AXIS2_PLACEMENT_3D('',#1495,#1426,$);
#1358=AXIS2_PLACEMENT_3D('',#1496,#1427,$);
#1359=AXIS2_PLACEMENT_3D('',#1497,#1428,$);
#1360=AXIS2_PLACEMENT_3D('',#1498,#1429,$);
#1361=AXIS2_PLACEMENT_3D('',#1499,#1430,$);
#1362=AXIS2_PLACEMENT_3D('',#1500,#1431,$);
#1363=AXIS2_PLACEMENT_3D('',#1501,#1432,$);
#1364=AXIS2_PLACEMENT_3D('',#1502,#1433,$);
#1365=AXIS2_PLACEMENT_3D('',#1503,#1434,$);
#1366=AXIS2_PLACEMENT_3D('',#2109,#1435,#1436);
#1367=DIRECTION('',(0.,0.,1.));
#1368=DIRECTION('',(1.,0.,0.));
#1369=DIRECTION('',(0.,-1.,0.));
#1370=DIRECTION('',(0.,0.,-1.));
#1371=DIRECTION('',(0.,0.,1.));
#1372=DIRECTION('',(0.,-1.,0.));
#1373=DIRECTION('',(0.,0.,-1.));
#1374=DIRECTION('',(0.,0.,1.));
#1375=DIRECTION('',(0.,-1.,0.));
#1376=DIRECTION('',(0.,-0.251218572988808,0.96793038416276));
#1377=DIRECTION('',(0.,-0.251218572988808,-0.96793038416276));
#1378=DIRECTION('',(0.,-0.251218572988808,-0.96793038416276));
#1379=DIRECTION('',(1.34327324841471E-17,-0.251218572988808,0.96793038416276));
#1380=DIRECTION('',(-1.,-1.57009245868377E-15,-3.79053850793407E-15));
#1381=DIRECTION('',(-1.,3.37338782583912E-14,3.59543243076413E-14));
#1382=DIRECTION('',(1.,-1.60818928998538E-14,1.60818928998536E-14));
#1383=DIRECTION('',(1.,6.93072342530162E-15,-9.15116947455181E-15));
#1384=DIRECTION('',(1.,5.73968481741134E-14,5.51764021248633E-14));
#1385=DIRECTION('',(1.,1.20154327314844E-13,1.15713435216344E-13));
#1386=DIRECTION('',(1.,1.2941707982486E-14,-8.50081588398546E-15));
#1387=DIRECTION('',(1.,-1.01851988365741E-13,1.0185198836574E-13));
#1388=DIRECTION('',(1.,-1.57009245868375E-15,-3.79053850793408E-15));
#1389=DIRECTION('',(1.,5.36063096661777E-14,5.36063096661778E-14));
#1390=DIRECTION('',(1.,2.36629699157221E-14,-1.92220778172213E-14));
#1391=DIRECTION('',(1.,-2.20928774570384E-14,1.54315393092872E-14));
#1392=DIRECTION('',(-1.,-3.05151014795447E-14,2.13121682297822E-14));
#1393=DIRECTION('',(-1.,8.70027848255971E-16,-7.55508759840506E-15));
#1394=DIRECTION('',(1.,8.20903339912402E-13,-6.56905460864375E-12));
#1395=DIRECTION('',(1.,2.09715476570786E-13,-1.91976752285521E-12));
#1396=DIRECTION('',(1.,2.96450736312888E-14,1.37570806313772E-14));
#1397=DIRECTION('',(1.,-1.23618955900248E-14,-1.87390976812371E-14));
#1398=DIRECTION('',(-1.,-8.03368235971973E-13,-6.29321607248725E-12));
#1399=DIRECTION('',(-1.,-6.1231709648826E-14,-6.87375894344132E-13));
#1400=DIRECTION('',(1.,-8.40139384426275E-15,-6.4992356625229E-15));
#1401=DIRECTION('',(1.,-1.98932615860317E-14,-1.76832457453551E-14));
#1402=DIRECTION('',(-1.,2.1820072025456E-13,1.50156882652148E-12));
#1403=DIRECTION('',(-1.,9.60478400721093E-13,7.38546798687153E-12));
#1404=DIRECTION('',(1.,-7.15975024555177E-13,5.47014135611129E-12));
#1405=DIRECTION('',(1.,2.53270928135652E-13,-2.0532458988351E-12));
#1406=DIRECTION('',(-1.,-3.09047389750619E-15,4.6847744203093E-15));
#1407=DIRECTION('',(-1.,9.2714216925186E-15,-1.40543232609278E-14));
#1408=DIRECTION('',(0.,1.,0.));
#1409=DIRECTION('',(0.,1.,0.));
#1410=DIRECTION('',(0.,0.,-1.));
#1411=DIRECTION('',(0.,0.,-1.));
#1412=DIRECTION('',(0.,1.,0.));
#1413=DIRECTION('',(0.,0.,-1.));
#1414=DIRECTION('',(0.,0.,1.));
#1415=DIRECTION('',(0.,-1.,0.));
#1416=DIRECTION('',(0.,0.,1.));
#1417=DIRECTION('',(0.,0.,1.));
#1418=DIRECTION('',(-1.,0.,0.));
#1419=DIRECTION('',(1.,0.,0.));
#1420=DIRECTION('',(-1.,0.,0.));
#1421=DIRECTION('',(1.,0.,0.));
#1422=DIRECTION('',(0.,-1.,0.));
#1423=DIRECTION('',(0.,-1.,0.));
#1424=DIRECTION('',(0.,-1.,0.));
#1425=DIRECTION('',(0.,-1.,0.));
#1426=DIRECTION('',(0.,-1.,0.));
#1427=DIRECTION('',(0.,-1.,0.));
#1428=DIRECTION('',(0.,0.,1.));
#1429=DIRECTION('',(0.,-1.,0.));
#1430=DIRECTION('',(0.,0.,1.));
#1431=DIRECTION('',(0.,-0.251218572988808,0.96793038416276));
#1432=DIRECTION('',(0.,0.,-1.));
#1433=DIRECTION('',(0.,0.,-1.));
#1434=DIRECTION('',(1.34327324841471E-17,-0.251218572988808,0.96793038416276));
#1435=DIRECTION('',(0.,0.,1.));
#1436=DIRECTION('',(1.,0.,0.));
#1437=CARTESIAN_POINT('',(0.,0.,0.));
#1438=CARTESIAN_POINT('',(-6.5,5.,-5.));
#1439=CARTESIAN_POINT('',(-6.5,5.,-3.));
#1440=CARTESIAN_POINT('',(-6.5,-1.,-2.));
#1441=CARTESIAN_POINT('',(-6.5,5.,-2.));
#1442=CARTESIAN_POINT('',(-6.5,5.,2.));
#1443=CARTESIAN_POINT('',(-6.5,-1.,3.));
#1444=CARTESIAN_POINT('',(-6.5,5.,3.));
#1445=CARTESIAN_POINT('',(-6.,-0.279005050743509,2.6760195024297));
#1446=CARTESIAN_POINT('',(-6.,-0.279005050743509,2.3239804975703));
#1447=CARTESIAN_POINT('',(-6.,-0.279005050743509,-2.6760195024297));
#1448=CARTESIAN_POINT('',(-6.,-0.279005050743509,-2.3239804975703));
#1449=CARTESIAN_POINT('',(-3.5,5.2,-3.8));
#1450=CARTESIAN_POINT('',(3.50000000000001,5.2,-3.8));
#1451=CARTESIAN_POINT('',(-3.5,5.2,3.8));
#1452=CARTESIAN_POINT('',(3.5,5.2,3.8));
#1453=CARTESIAN_POINT('',(3.5,4.8,-3.2));
#1454=CARTESIAN_POINT('',(-3.49999999999998,4.8,-3.2));
#1455=CARTESIAN_POINT('',(3.5,4.8,-1.8));
#1456=CARTESIAN_POINT('',(-3.50000000000002,4.8,-1.8));
#1457=CARTESIAN_POINT('',(3.49999999999999,4.8,1.8));
#1458=CARTESIAN_POINT('',(-3.49999999999999,4.8,1.8));
#1459=CARTESIAN_POINT('',(3.5,4.8,3.20000000000001));
#1460=CARTESIAN_POINT('',(-3.5,4.8,3.2));
#1461=CARTESIAN_POINT('',(-3.50000000000001,0.2,2.59371499375712));
#1462=CARTESIAN_POINT('',(3.5,0.200000000000001,2.59371499375712));
#1463=CARTESIAN_POINT('',(3.49999999999869,0.99480399464169,2.79999999999999));
#1464=CARTESIAN_POINT('',(-3.50000000000038,0.994803994641694,2.8));
#1465=CARTESIAN_POINT('',(-3.5,0.2,2.40628500624288));
#1466=CARTESIAN_POINT('',(3.5,0.2,2.40628500624288));
#1467=CARTESIAN_POINT('',(-3.50000000000126,0.994803994641699,2.20000000000003));
#1468=CARTESIAN_POINT('',(3.49999999999987,0.994803994641695,2.20000000000001));
#1469=CARTESIAN_POINT('',(-3.5,0.2,-2.59371499375712));
#1470=CARTESIAN_POINT('',(3.5,0.200000000000001,-2.59371499375712));
#1471=CARTESIAN_POINT('',(3.5000000000003,0.994803994641708,-2.79999999999989));
#1472=CARTESIAN_POINT('',(-3.49999999999852,0.994803994641701,-2.79999999999994));
#1473=CARTESIAN_POINT('',(-3.4999999999989,0.994803994641686,-2.19999999999995));
#1474=CARTESIAN_POINT('',(3.49999999999959,0.994803994641693,-2.19999999999998));
#1475=CARTESIAN_POINT('',(-3.5,0.2,-2.40628500624288));
#1476=CARTESIAN_POINT('',(3.5,0.2,-2.40628500624288));
#1477=CARTESIAN_POINT('',(0.,7.,0.));
#1478=CARTESIAN_POINT('',(0.,7.,0.));
#1479=CARTESIAN_POINT('',(-4.029,-0.0845000000000002,-4.));
#1480=CARTESIAN_POINT('',(2.8,7.3,0.));
#1481=CARTESIAN_POINT('',(-2.8,8.45,-4.));
#1482=CARTESIAN_POINT('',(-2.79999999999999,7.29999999999999,0.));
#1483=CARTESIAN_POINT('',(-2.79999999999999,7.29999999999999,0.));
#1484=CARTESIAN_POINT('',(2.8,7.55,-4.));
#1485=CARTESIAN_POINT('',(2.8,7.3,0.));
#1486=CARTESIAN_POINT('',(-4.029,-0.0845000000000002,4.));
#1487=CARTESIAN_POINT('',(-3.95,0.,-4.));
#1488=CARTESIAN_POINT('',(-3.05,7.3,-4.));
#1489=CARTESIAN_POINT('',(3.05,0.,-4.));
#1490=CARTESIAN_POINT('',(3.95,7.3,-4.));
#1491=CARTESIAN_POINT('',(-3.05,0.,-4.));
#1492=CARTESIAN_POINT('',(3.95,0.,-4.));
#1493=CARTESIAN_POINT('',(-3.05,0.,-4.));
#1494=CARTESIAN_POINT('',(3.95,0.,-4.));
#1495=CARTESIAN_POINT('',(-6.5,5.,3.));
#1496=CARTESIAN_POINT('',(-6.5,5.,-5.));
#1497=CARTESIAN_POINT('',(-6.5,-1.,-2.));
#1498=CARTESIAN_POINT('',(-6.5,5.,-2.));
#1499=CARTESIAN_POINT('',(-6.5,-1.,3.));
#1500=CARTESIAN_POINT('',(-6.,-0.279005050743509,2.6760195024297));
#1501=CARTESIAN_POINT('',(-6.5,5.,2.));
#1502=CARTESIAN_POINT('',(-6.5,5.,-3.));
#1503=CARTESIAN_POINT('',(-6.,-0.279005050743509,-2.3239804975703));
#1504=CARTESIAN_POINT('',(3.95,7.3,-4.));
#1505=CARTESIAN_POINT('',(2.79999999999999,8.45,-4.));
#1506=CARTESIAN_POINT('',(-2.8,8.45,-4.));
#1507=CARTESIAN_POINT('',(-3.95,7.3,-4.));
#1508=CARTESIAN_POINT('',(-3.05,7.3,-4.));
#1509=CARTESIAN_POINT('',(-2.8,7.55,-4.));
#1510=CARTESIAN_POINT('',(2.8,7.55,-4.));
#1511=CARTESIAN_POINT('',(3.05,7.3,-4.));
#1512=CARTESIAN_POINT('',(3.95,7.3,4.));
#1513=CARTESIAN_POINT('',(2.79999999999999,8.45,4.));
#1514=CARTESIAN_POINT('',(-2.8,8.45,4.));
#1515=CARTESIAN_POINT('',(-3.95,7.3,4.));
#1516=CARTESIAN_POINT('',(-3.05,7.3,4.));
#1517=CARTESIAN_POINT('',(-2.8,7.55,4.));
#1518=CARTESIAN_POINT('',(2.8,7.55,4.));
#1519=CARTESIAN_POINT('',(3.05,7.3,4.));
#1520=CARTESIAN_POINT('',(1.5,8.45,-1.83697019872103E-16));
#1521=CARTESIAN_POINT('',(1.5,7.55,-6.27786229722166E-16));
#1522=CARTESIAN_POINT('',(-3.95,5.2,-4.));
#1523=CARTESIAN_POINT('',(3.05,5.2,-4.));
#1524=CARTESIAN_POINT('',(-3.95,5.2,4.));
#1525=CARTESIAN_POINT('',(3.05,5.2,4.));
#1526=CARTESIAN_POINT('',(-3.95,5.,-3.8));
#1527=CARTESIAN_POINT('',(-3.95,5.,-3.2));
#1528=CARTESIAN_POINT('',(-3.95,0.994803994641694,-2.));
#1529=CARTESIAN_POINT('',(-3.95,4.8,-2.));
#1530=CARTESIAN_POINT('',(-3.95,5.,-1.8));
#1531=CARTESIAN_POINT('',(-3.95,5.,1.8));
#1532=CARTESIAN_POINT('',(-3.95,0.99480399464169,3.));
#1533=CARTESIAN_POINT('',(-3.95,4.8,3.));
#1534=CARTESIAN_POINT('',(-3.95,5.,3.2));
#1535=CARTESIAN_POINT('',(-3.95,5.,3.8));
#1536=CARTESIAN_POINT('',(-3.05,5.,-3.2));
#1537=CARTESIAN_POINT('',(-3.05,5.,-3.8));
#1538=CARTESIAN_POINT('',(-3.05,0.994803994641692,-3.));
#1539=CARTESIAN_POINT('',(-3.05,4.8,-3.));
#1540=CARTESIAN_POINT('',(-3.05,5.,1.8));
#1541=CARTESIAN_POINT('',(-3.05,5.,-1.8));
#1542=CARTESIAN_POINT('',(-3.05,0.99480399464169,2.));
#1543=CARTESIAN_POINT('',(-3.05,4.8,2.));
#1544=CARTESIAN_POINT('',(-3.05,5.,3.8));
#1545=CARTESIAN_POINT('',(-3.05,5.,3.2));
#1546=CARTESIAN_POINT('',(3.05,5.,-3.8));
#1547=CARTESIAN_POINT('',(3.05,5.,-3.2));
#1548=CARTESIAN_POINT('',(3.05,0.994803994641692,-2.));
#1549=CARTESIAN_POINT('',(3.05,4.8,-2.));
#1550=CARTESIAN_POINT('',(3.05,5.,-1.8));
#1551=CARTESIAN_POINT('',(3.05,5.,1.8));
#1552=CARTESIAN_POINT('',(3.05,0.994803994641692,3.));
#1553=CARTESIAN_POINT('',(3.05,4.8,3.));
#1554=CARTESIAN_POINT('',(3.05,5.,3.2));
#1555=CARTESIAN_POINT('',(3.05,5.,3.8));
#1556=CARTESIAN_POINT('',(3.95,5.,-3.2));
#1557=CARTESIAN_POINT('',(3.95,5.,-3.8));
#1558=CARTESIAN_POINT('',(3.95,0.99480399464169,-3.));
#1559=CARTESIAN_POINT('',(3.95,4.8,-3.));
#1560=CARTESIAN_POINT('',(3.94999999999999,5.,1.8));
#1561=CARTESIAN_POINT('',(3.95,5.,-1.8));
#1562=CARTESIAN_POINT('',(3.95,0.994803994641696,2.));
#1563=CARTESIAN_POINT('',(3.94999999999999,4.8,2.));
#1564=CARTESIAN_POINT('',(3.95,5.,3.8));
#1565=CARTESIAN_POINT('',(3.95,5.,3.2));
#1566=CARTESIAN_POINT('',(-3.05,5.2,-4.));
#1567=CARTESIAN_POINT('',(3.95,5.2,-4.));
#1568=CARTESIAN_POINT('',(-3.05,5.2,4.));
#1569=CARTESIAN_POINT('',(3.95,5.2,4.));
#1570=CARTESIAN_POINT('',(-3.95,0.149756285402238,2.78730107058967));
#1571=CARTESIAN_POINT('',(-3.95,0.94456028004393,2.99358607683255));
#1572=CARTESIAN_POINT('',(-3.05,0.94456028004393,2.99358607683255));
#1573=CARTESIAN_POINT('',(-3.05,0.149756285402239,2.78730107058967));
#1574=CARTESIAN_POINT('',(3.05,0.149756285402239,2.78730107058967));
#1575=CARTESIAN_POINT('',(3.05,0.944560280043929,2.99358607683255));
#1576=CARTESIAN_POINT('',(3.95,0.944560280043928,2.99358607683255));
#1577=CARTESIAN_POINT('',(3.95,0.149756285402238,2.78730107058967));
#1578=CARTESIAN_POINT('',(-3.05,4.8,3.));
#1579=CARTESIAN_POINT('',(-3.05,0.99480399464169,3.));
#1580=CARTESIAN_POINT('',(3.95,4.8,3.));
#1581=CARTESIAN_POINT('',(3.95,0.994803994641692,3.));
#1582=CARTESIAN_POINT('',(-3.95,1.17116902072248E-16,2.40628500624288));
#1583=CARTESIAN_POINT('',(-3.95,1.74417360618313E-16,2.59371499375712));
#1584=CARTESIAN_POINT('',(-3.05,1.06049064780766E-17,2.40628500624288));
#1585=CARTESIAN_POINT('',(-3.05,-4.90101424293045E-18,2.59371499375712));
#1586=CARTESIAN_POINT('',(3.05,-2.25720830275585E-17,2.40628500624288));
#1587=CARTESIAN_POINT('',(3.05,4.90909686172116E-17,2.59371499375712));
#1588=CARTESIAN_POINT('',(3.95,6.88713803977031E-17,2.40628500624288));
#1589=CARTESIAN_POINT('',(3.95,9.50027378535892E-17,2.59371499375712));
#1590=CARTESIAN_POINT('',(-3.95,0.149756285402238,2.21269892941033));
#1591=CARTESIAN_POINT('',(-3.95,0.944560280043933,2.00641392316745));
#1592=CARTESIAN_POINT('',(-3.05,0.944560280043932,2.00641392316745));
#1593=CARTESIAN_POINT('',(-3.05,0.149756285402239,2.21269892941033));
#1594=CARTESIAN_POINT('',(3.05,0.149756285402238,2.21269892941033));
#1595=CARTESIAN_POINT('',(3.05,0.944560280043933,2.00641392316745));
#1596=CARTESIAN_POINT('',(3.95,0.944560280043933,2.00641392316745));
#1597=CARTESIAN_POINT('',(3.95,0.149756285402239,2.21269892941033));
#1598=CARTESIAN_POINT('',(-3.95,4.8,2.));
#1599=CARTESIAN_POINT('',(-3.95,0.994803994641693,2.));
#1600=CARTESIAN_POINT('',(3.05,4.8,2.));
#1601=CARTESIAN_POINT('',(3.05,0.994803994641695,2.));
#1602=CARTESIAN_POINT('',(-3.95,0.149756285402239,-2.78730107058967));
#1603=CARTESIAN_POINT('',(-3.95,0.94456028004393,-2.99358607683255));
#1604=CARTESIAN_POINT('',(-3.05,0.94456028004393,-2.99358607683255));
#1605=CARTESIAN_POINT('',(-3.05,0.149756285402239,-2.78730107058967));
#1606=CARTESIAN_POINT('',(3.05,0.149756285402239,-2.78730107058967));
#1607=CARTESIAN_POINT('',(3.05,0.944560280043928,-2.99358607683255));
#1608=CARTESIAN_POINT('',(3.95,0.944560280043928,-2.99358607683255));
#1609=CARTESIAN_POINT('',(3.95,0.149756285402239,-2.78730107058967));
#1610=CARTESIAN_POINT('',(-3.95,4.8,-3.));
#1611=CARTESIAN_POINT('',(-3.95,0.99480399464169,-3.));
#1612=CARTESIAN_POINT('',(3.05,4.8,-3.));
#1613=CARTESIAN_POINT('',(3.05,0.994803994641689,-3.));
#1614=CARTESIAN_POINT('',(-3.95,0.149756285402239,-2.21269892941033));
#1615=CARTESIAN_POINT('',(-3.95,0.944560280043934,-2.00641392316745));
#1616=CARTESIAN_POINT('',(-3.05,0.944560280043934,-2.00641392316745));
#1617=CARTESIAN_POINT('',(-3.05,0.149756285402239,-2.21269892941033));
#1618=CARTESIAN_POINT('',(3.05,0.149756285402239,-2.21269892941033));
#1619=CARTESIAN_POINT('',(3.05,0.944560280043932,-2.00641392316745));
#1620=CARTESIAN_POINT('',(3.95,0.944560280043932,-2.00641392316745));
#1621=CARTESIAN_POINT('',(3.95,0.149756285402239,-2.21269892941033));
#1622=CARTESIAN_POINT('',(-3.05,4.8,-2.));
#1623=CARTESIAN_POINT('',(-3.05,0.994803994641694,-2.));
#1624=CARTESIAN_POINT('',(3.95,4.8,-2.));
#1625=CARTESIAN_POINT('',(3.95,0.994803994641692,-2.));
#1626=CARTESIAN_POINT('',(-3.95,-2.42149071599539E-17,-2.59371499375712));
#1627=CARTESIAN_POINT('',(-3.95,4.60850207969094E-17,-2.40628500624288));
#1628=CARTESIAN_POINT('',(-3.05,-3.44839076249312E-17,-2.59371499375712));
#1629=CARTESIAN_POINT('',(-3.05,-1.10326661336217E-16,-2.40628500624288));
#1630=CARTESIAN_POINT('',(3.05,-4.03285395197224E-17,-2.59371499375712));
#1631=CARTESIAN_POINT('',(3.05,3.18624002921364E-17,-2.40628500624288));
#1632=CARTESIAN_POINT('',(3.95,5.73420845375779E-17,-2.59371499375712));
#1633=CARTESIAN_POINT('',(3.95,-9.33729772857936E-18,-2.40628500624288));
#1634=CARTESIAN_POINT('',(-1.5,7.55,1.83697019872103E-16));
#1635=CARTESIAN_POINT('',(-1.5,8.45,1.83697019872103E-16));
#1636=CARTESIAN_POINT('',(3.95,7.3,-4.));
#1637=CARTESIAN_POINT('',(3.95,8.45000000000001,-4.));
#1638=CARTESIAN_POINT('',(2.79999999999999,8.45,-4.));
#1639=CARTESIAN_POINT('',(2.79999999999999,8.45,-4.));
#1640=CARTESIAN_POINT('',(-2.8,8.45,-4.));
#1641=CARTESIAN_POINT('',(-2.8,8.45,-4.));
#1642=CARTESIAN_POINT('',(-3.95,8.44999999999999,-4.));
#1643=CARTESIAN_POINT('',(-3.95,7.3,-4.));
#1644=CARTESIAN_POINT('',(-3.95,7.3,-4.));
#1645=CARTESIAN_POINT('',(-3.95,5.2,-4.));
#1646=CARTESIAN_POINT('',(-3.05,7.3,-4.));
#1647=CARTESIAN_POINT('',(-3.05,7.54999999999999,-4.));
#1648=CARTESIAN_POINT('',(-2.8,7.55,-4.));
#1649=CARTESIAN_POINT('',(-2.8,7.55,-4.));
#1650=CARTESIAN_POINT('',(2.8,7.55,-4.));
#1651=CARTESIAN_POINT('',(2.8,7.55,-4.));
#1652=CARTESIAN_POINT('',(3.05,7.55,-4.));
#1653=CARTESIAN_POINT('',(3.05,7.3,-4.));
#1654=CARTESIAN_POINT('',(3.05,7.3,-4.));
#1655=CARTESIAN_POINT('',(3.05,5.2,-4.));
#1656=CARTESIAN_POINT('',(3.95,7.3,-4.));
#1657=CARTESIAN_POINT('',(3.95,7.3,4.));
#1658=CARTESIAN_POINT('',(3.95,7.3,4.));
#1659=CARTESIAN_POINT('',(3.95,8.45000000000001,4.));
#1660=CARTESIAN_POINT('',(2.79999999999999,8.45,4.));
#1661=CARTESIAN_POINT('',(2.79999999999999,8.45,4.));
#1662=CARTESIAN_POINT('',(2.79999999999999,8.45,-4.));
#1663=CARTESIAN_POINT('',(2.79999999999999,8.45,4.));
#1664=CARTESIAN_POINT('',(-2.8,8.45,4.));
#1665=CARTESIAN_POINT('',(-2.8,8.45,4.));
#1666=CARTESIAN_POINT('',(-2.8,8.45,-4.));
#1667=CARTESIAN_POINT('',(-2.8,8.45,4.));
#1668=CARTESIAN_POINT('',(-3.95,8.44999999999999,4.));
#1669=CARTESIAN_POINT('',(-3.95,7.3,4.));
#1670=CARTESIAN_POINT('',(-3.95,7.3,4.));
#1671=CARTESIAN_POINT('',(-3.95,7.3,-4.));
#1672=CARTESIAN_POINT('',(-3.95,7.3,4.));
#1673=CARTESIAN_POINT('',(-3.95,5.2,4.));
#1674=CARTESIAN_POINT('',(-3.05,7.3,4.));
#1675=CARTESIAN_POINT('',(-3.05,7.3,-4.));
#1676=CARTESIAN_POINT('',(-3.05,7.3,4.));
#1677=CARTESIAN_POINT('',(-3.05,7.54999999999999,4.));
#1678=CARTESIAN_POINT('',(-2.8,7.55,4.));
#1679=CARTESIAN_POINT('',(-2.8,7.55,4.));
#1680=CARTESIAN_POINT('',(-2.8,7.55,-4.));
#1681=CARTESIAN_POINT('',(-2.8,7.55,4.));
#1682=CARTESIAN_POINT('',(2.8,7.55,4.));
#1683=CARTESIAN_POINT('',(2.8,7.55,4.));
#1684=CARTESIAN_POINT('',(2.8,7.55,-4.));
#1685=CARTESIAN_POINT('',(2.8,7.55,4.));
#1686=CARTESIAN_POINT('',(3.05,7.55,4.));
#1687=CARTESIAN_POINT('',(3.05,7.3,4.));
#1688=CARTESIAN_POINT('',(3.05,7.3,4.));
#1689=CARTESIAN_POINT('',(3.05,7.3,-4.));
#1690=CARTESIAN_POINT('',(3.05,7.3,4.));
#1691=CARTESIAN_POINT('',(3.05,5.2,4.));
#1692=CARTESIAN_POINT('',(1.5,8.45,-3.67394039744206E-16));
#1693=CARTESIAN_POINT('',(1.5,8.45,-1.5));
#1694=CARTESIAN_POINT('',(-2.22044604925031E-16,8.45,-1.5));
#1695=CARTESIAN_POINT('',(-1.5,8.45,-1.5));
#1696=CARTESIAN_POINT('',(-1.5,8.45,1.83697019872103E-16));
#1697=CARTESIAN_POINT('',(1.5,7.55,-3.67394039744206E-16));
#1698=CARTESIAN_POINT('',(1.5,7.55,1.5));
#1699=CARTESIAN_POINT('',(0.,7.55,1.5));
#1700=CARTESIAN_POINT('',(-1.5,7.55,1.5));
#1701=CARTESIAN_POINT('',(-1.5,7.55,1.83697019872103E-16));
#1702=CARTESIAN_POINT('',(1.5,7.55,-6.27786229722166E-16));
#1703=CARTESIAN_POINT('',(1.5,8.45,-1.83697019872103E-16));
#1704=CARTESIAN_POINT('',(-3.95,5.,-3.2));
#1705=CARTESIAN_POINT('',(-3.95,5.,-3.8));
#1706=CARTESIAN_POINT('',(-3.95,4.8,-2.));
#1707=CARTESIAN_POINT('',(-3.95,0.994803994641694,-2.));
#1708=CARTESIAN_POINT('',(-3.95,5.,1.8));
#1709=CARTESIAN_POINT('',(-3.95,5.,-1.8));
#1710=CARTESIAN_POINT('',(-3.95,4.8,3.));
#1711=CARTESIAN_POINT('',(-3.95,0.99480399464169,3.));
#1712=CARTESIAN_POINT('',(-3.95,5.,3.8));
#1713=CARTESIAN_POINT('',(-3.95,5.,3.2));
#1714=CARTESIAN_POINT('',(-3.05,5.,-3.8));
#1715=CARTESIAN_POINT('',(-3.05,5.,-3.2));
#1716=CARTESIAN_POINT('',(-3.05,4.8,-3.));
#1717=CARTESIAN_POINT('',(-3.05,0.994803994641692,-3.));
#1718=CARTESIAN_POINT('',(-3.05,5.,-1.8));
#1719=CARTESIAN_POINT('',(-3.05,5.,-2.22044604925031E-16));
#1720=CARTESIAN_POINT('',(-3.05,5.,1.8));
#1721=CARTESIAN_POINT('',(-3.05,4.8,2.));
#1722=CARTESIAN_POINT('',(-3.05,0.99480399464169,2.));
#1723=CARTESIAN_POINT('',(-3.05,5.,3.2));
#1724=CARTESIAN_POINT('',(-3.05,5.,3.8));
#1725=CARTESIAN_POINT('',(3.05,5.,-3.2));
#1726=CARTESIAN_POINT('',(3.05,5.,-3.8));
#1727=CARTESIAN_POINT('',(3.05,4.8,-2.));
#1728=CARTESIAN_POINT('',(3.05,0.994803994641692,-2.));
#1729=CARTESIAN_POINT('',(3.05,5.,1.8));
#1730=CARTESIAN_POINT('',(3.05,5.,-1.8));
#1731=CARTESIAN_POINT('',(3.05,4.8,3.));
#1732=CARTESIAN_POINT('',(3.05,0.994803994641692,3.));
#1733=CARTESIAN_POINT('',(3.05,5.,3.8));
#1734=CARTESIAN_POINT('',(3.05,5.,3.2));
#1735=CARTESIAN_POINT('',(3.95,5.,-3.8));
#1736=CARTESIAN_POINT('',(3.95,5.,-3.2));
#1737=CARTESIAN_POINT('',(3.95,4.8,-3.));
#1738=CARTESIAN_POINT('',(3.95,0.99480399464169,-3.));
#1739=CARTESIAN_POINT('',(3.95,5.,-1.8));
#1740=CARTESIAN_POINT('',(3.94999999999999,5.,1.8));
#1741=CARTESIAN_POINT('',(3.94999999999999,4.8,2.));
#1742=CARTESIAN_POINT('',(3.95,0.994803994641696,2.));
#1743=CARTESIAN_POINT('',(3.95,5.,3.2));
#1744=CARTESIAN_POINT('',(3.95,5.,3.8));
#1745=CARTESIAN_POINT('',(-3.05,5.2,-4.));
#1746=CARTESIAN_POINT('',(-3.05,7.3,-4.));
#1747=CARTESIAN_POINT('',(3.95,5.2,-4.));
#1748=CARTESIAN_POINT('',(3.95,7.3,-4.));
#1749=CARTESIAN_POINT('',(-3.05,5.2,4.));
#1750=CARTESIAN_POINT('',(-3.05,7.3,4.));
#1751=CARTESIAN_POINT('',(3.95,5.2,4.));
#1752=CARTESIAN_POINT('',(3.95,7.3,4.));
#1753=CARTESIAN_POINT('',(-3.95,0.94456028004393,2.99358607683255));
#1754=CARTESIAN_POINT('',(-3.95,0.149756285402238,2.78730107058967));
#1755=CARTESIAN_POINT('',(-3.05,0.149756285402239,2.78730107058967));
#1756=CARTESIAN_POINT('',(-3.05,0.94456028004393,2.99358607683255));
#1757=CARTESIAN_POINT('',(3.05,0.944560280043929,2.99358607683255));
#1758=CARTESIAN_POINT('',(3.05,0.149756285402239,2.78730107058967));
#1759=CARTESIAN_POINT('',(3.95,0.149756285402238,2.78730107058967));
#1760=CARTESIAN_POINT('',(3.95,0.944560280043928,2.99358607683255));
#1761=CARTESIAN_POINT('',(-3.05,0.99480399464169,3.));
#1762=CARTESIAN_POINT('',(-3.05,4.8,3.));
#1763=CARTESIAN_POINT('',(3.95,0.994803994641692,3.));
#1764=CARTESIAN_POINT('',(3.95,4.8,3.));
#1765=CARTESIAN_POINT('',(-3.95,1.74417360618313E-16,2.59371499375712));
#1766=CARTESIAN_POINT('',(-3.95,1.17116902072248E-16,2.40628500624288));
#1767=CARTESIAN_POINT('',(-3.05,-4.90101424293045E-18,2.59371499375712));
#1768=CARTESIAN_POINT('',(-3.05,1.06049064780766E-17,2.40628500624288));
#1769=CARTESIAN_POINT('',(3.05,4.90909686172116E-17,2.59371499375712));
#1770=CARTESIAN_POINT('',(3.05,-2.25720830275585E-17,2.40628500624288));
#1771=CARTESIAN_POINT('',(3.95,9.50027378535892E-17,2.59371499375712));
#1772=CARTESIAN_POINT('',(3.95,6.88713803977031E-17,2.40628500624288));
#1773=CARTESIAN_POINT('',(-3.95,0.944560280043933,2.00641392316745));
#1774=CARTESIAN_POINT('',(-3.95,0.149756285402238,2.21269892941033));
#1775=CARTESIAN_POINT('',(-3.05,0.149756285402239,2.21269892941033));
#1776=CARTESIAN_POINT('',(-3.05,0.944560280043932,2.00641392316745));
#1777=CARTESIAN_POINT('',(3.05,0.944560280043933,2.00641392316745));
#1778=CARTESIAN_POINT('',(3.05,0.149756285402238,2.21269892941033));
#1779=CARTESIAN_POINT('',(3.95,0.149756285402239,2.21269892941033));
#1780=CARTESIAN_POINT('',(3.95,0.944560280043933,2.00641392316745));
#1781=CARTESIAN_POINT('',(-3.95,0.994803994641693,2.));
#1782=CARTESIAN_POINT('',(-3.95,4.8,2.));
#1783=CARTESIAN_POINT('',(3.05,0.994803994641695,2.));
#1784=CARTESIAN_POINT('',(3.05,4.8,2.));
#1785=CARTESIAN_POINT('',(-3.95,0.94456028004393,-2.99358607683255));
#1786=CARTESIAN_POINT('',(-3.95,0.149756285402239,-2.78730107058967));
#1787=CARTESIAN_POINT('',(-3.05,0.149756285402239,-2.78730107058967));
#1788=CARTESIAN_POINT('',(-3.05,0.94456028004393,-2.99358607683255));
#1789=CARTESIAN_POINT('',(3.05,0.944560280043928,-2.99358607683255));
#1790=CARTESIAN_POINT('',(3.05,0.149756285402239,-2.78730107058967));
#1791=CARTESIAN_POINT('',(3.95,0.149756285402239,-2.78730107058967));
#1792=CARTESIAN_POINT('',(3.95,0.944560280043928,-2.99358607683255));
#1793=CARTESIAN_POINT('',(-3.95,0.99480399464169,-3.));
#1794=CARTESIAN_POINT('',(-3.95,4.8,-3.));
#1795=CARTESIAN_POINT('',(3.05,0.994803994641689,-3.));
#1796=CARTESIAN_POINT('',(3.05,4.8,-3.));
#1797=CARTESIAN_POINT('',(-3.95,0.944560280043934,-2.00641392316745));
#1798=CARTESIAN_POINT('',(-3.95,0.149756285402239,-2.21269892941033));
#1799=CARTESIAN_POINT('',(-3.05,0.149756285402239,-2.21269892941033));
#1800=CARTESIAN_POINT('',(-3.05,0.944560280043934,-2.00641392316745));
#1801=CARTESIAN_POINT('',(3.05,0.944560280043932,-2.00641392316745));
#1802=CARTESIAN_POINT('',(3.05,0.149756285402239,-2.21269892941033));
#1803=CARTESIAN_POINT('',(3.95,0.149756285402239,-2.21269892941033));
#1804=CARTESIAN_POINT('',(3.95,0.944560280043932,-2.00641392316745));
#1805=CARTESIAN_POINT('',(-3.05,0.994803994641694,-2.));
#1806=CARTESIAN_POINT('',(-3.05,4.8,-2.));
#1807=CARTESIAN_POINT('',(3.95,0.994803994641692,-2.));
#1808=CARTESIAN_POINT('',(3.95,4.8,-2.));
#1809=CARTESIAN_POINT('',(-3.95,4.60850207969094E-17,-2.40628500624288));
#1810=CARTESIAN_POINT('',(-3.95,-2.42149071599539E-17,-2.59371499375712));
#1811=CARTESIAN_POINT('',(-3.05,-1.10326661336217E-16,-2.40628500624288));
#1812=CARTESIAN_POINT('',(-3.05,-3.44839076249312E-17,-2.59371499375712));
#1813=CARTESIAN_POINT('',(3.05,3.18624002921364E-17,-2.40628500624288));
#1814=CARTESIAN_POINT('',(3.05,-4.03285395197224E-17,-2.59371499375712));
#1815=CARTESIAN_POINT('',(3.95,-9.33729772857936E-18,-2.40628500624288));
#1816=CARTESIAN_POINT('',(3.95,5.73420845375779E-17,-2.59371499375712));
#1817=CARTESIAN_POINT('',(-3.95,5.2,-4.));
#1818=CARTESIAN_POINT('',(-3.05,5.2,-4.));
#1819=CARTESIAN_POINT('',(3.05,5.2,-4.));
#1820=CARTESIAN_POINT('',(3.95,5.2,-4.));
#1821=CARTESIAN_POINT('',(-3.95,5.2,4.));
#1822=CARTESIAN_POINT('',(-3.05,5.2,4.));
#1823=CARTESIAN_POINT('',(3.05,5.2,4.));
#1824=CARTESIAN_POINT('',(3.95,5.2,4.));
#1825=CARTESIAN_POINT('',(-3.95,5.,-3.8));
#1826=CARTESIAN_POINT('',(-3.05,5.,-3.8));
#1827=CARTESIAN_POINT('',(-3.05,5.,-3.2));
#1828=CARTESIAN_POINT('',(-3.95,5.,-3.2));
#1829=CARTESIAN_POINT('',(3.95,5.,-3.2));
#1830=CARTESIAN_POINT('',(3.05,5.,-3.2));
#1831=CARTESIAN_POINT('',(3.05,5.,-3.8));
#1832=CARTESIAN_POINT('',(3.95,5.,-3.8));
#1833=CARTESIAN_POINT('',(-3.05,4.8,-2.));
#1834=CARTESIAN_POINT('',(-3.95,4.8,-2.));
#1835=CARTESIAN_POINT('',(-3.05,0.994803994641694,-2.));
#1836=CARTESIAN_POINT('',(-3.95,0.994803994641694,-2.));
#1837=CARTESIAN_POINT('',(3.95,0.994803994641692,-2.));
#1838=CARTESIAN_POINT('',(3.05,0.994803994641692,-2.));
#1839=CARTESIAN_POINT('',(3.95,4.8,-2.));
#1840=CARTESIAN_POINT('',(3.05,4.8,-2.));
#1841=CARTESIAN_POINT('',(3.95,5.,-1.8));
#1842=CARTESIAN_POINT('',(3.05,5.,-1.8));
#1843=CARTESIAN_POINT('',(3.94999999999999,5.,1.8));
#1844=CARTESIAN_POINT('',(3.05,5.,1.8));
#1845=CARTESIAN_POINT('',(-3.05,5.,1.8));
#1846=CARTESIAN_POINT('',(-3.95,5.,1.8));
#1847=CARTESIAN_POINT('',(-3.05,5.,-1.8));
#1848=CARTESIAN_POINT('',(-3.95,5.,-1.8));
#1849=CARTESIAN_POINT('',(3.95,0.994803994641692,3.));
#1850=CARTESIAN_POINT('',(3.05,0.994803994641692,3.));
#1851=CARTESIAN_POINT('',(3.95,4.8,3.));
#1852=CARTESIAN_POINT('',(3.05,4.8,3.));
#1853=CARTESIAN_POINT('',(-3.05,4.8,3.));
#1854=CARTESIAN_POINT('',(-3.95,4.8,3.));
#1855=CARTESIAN_POINT('',(-3.05,0.99480399464169,3.));
#1856=CARTESIAN_POINT('',(-3.95,0.99480399464169,3.));
#1857=CARTESIAN_POINT('',(3.95,5.,3.2));
#1858=CARTESIAN_POINT('',(3.05,5.,3.2));
#1859=CARTESIAN_POINT('',(3.05,5.,3.8));
#1860=CARTESIAN_POINT('',(3.95,5.,3.8));
#1861=CARTESIAN_POINT('',(-3.05,5.,3.2));
#1862=CARTESIAN_POINT('',(-3.95,5.,3.2));
#1863=CARTESIAN_POINT('',(-3.95,5.,3.8));
#1864=CARTESIAN_POINT('',(-3.05,5.,3.8));
#1865=CARTESIAN_POINT('',(3.95,0.944560280043928,2.99358607683255));
#1866=CARTESIAN_POINT('',(3.05,0.944560280043929,2.99358607683255));
#1867=CARTESIAN_POINT('',(3.05,0.149756285402239,2.78730107058967));
#1868=CARTESIAN_POINT('',(3.95,0.149756285402238,2.78730107058967));
#1869=CARTESIAN_POINT('',(-3.95,0.149756285402238,2.78730107058967));
#1870=CARTESIAN_POINT('',(-3.05,0.149756285402239,2.78730107058967));
#1871=CARTESIAN_POINT('',(-3.05,0.94456028004393,2.99358607683255));
#1872=CARTESIAN_POINT('',(-3.95,0.94456028004393,2.99358607683255));
#1873=CARTESIAN_POINT('',(-3.95,1.74417360618313E-16,2.59371499375712));
#1874=CARTESIAN_POINT('',(-3.05,-4.90101424293045E-18,2.59371499375712));
#1875=CARTESIAN_POINT('',(-3.95,1.17116902072248E-16,2.40628500624288));
#1876=CARTESIAN_POINT('',(-3.05,1.06049064780766E-17,2.40628500624288));
#1877=CARTESIAN_POINT('',(3.05,4.90909686172116E-17,2.59371499375712));
#1878=CARTESIAN_POINT('',(3.95,9.50027378535892E-17,2.59371499375712));
#1879=CARTESIAN_POINT('',(3.05,-2.25720830275585E-17,2.40628500624288));
#1880=CARTESIAN_POINT('',(3.95,6.88713803977031E-17,2.40628500624288));
#1881=CARTESIAN_POINT('',(-3.05,4.8,2.));
#1882=CARTESIAN_POINT('',(-3.95,4.8,2.));
#1883=CARTESIAN_POINT('',(-3.05,0.99480399464169,2.));
#1884=CARTESIAN_POINT('',(-3.95,0.994803994641693,2.));
#1885=CARTESIAN_POINT('',(3.95,0.994803994641696,2.));
#1886=CARTESIAN_POINT('',(3.05,0.994803994641695,2.));
#1887=CARTESIAN_POINT('',(3.94999999999999,4.8,2.));
#1888=CARTESIAN_POINT('',(3.05,4.8,2.));
#1889=CARTESIAN_POINT('',(3.95,0.944560280043933,2.00641392316745));
#1890=CARTESIAN_POINT('',(3.05,0.944560280043933,2.00641392316745));
#1891=CARTESIAN_POINT('',(3.05,0.149756285402238,2.21269892941033));
#1892=CARTESIAN_POINT('',(3.95,0.149756285402239,2.21269892941033));
#1893=CARTESIAN_POINT('',(-3.05,0.944560280043932,2.00641392316745));
#1894=CARTESIAN_POINT('',(-3.95,0.944560280043933,2.00641392316745));
#1895=CARTESIAN_POINT('',(-3.95,0.149756285402238,2.21269892941033));
#1896=CARTESIAN_POINT('',(-3.05,0.149756285402239,2.21269892941033));
#1897=CARTESIAN_POINT('',(-3.95,4.60850207969094E-17,-2.40628500624288));
#1898=CARTESIAN_POINT('',(-3.05,-1.10326661336217E-16,-2.40628500624288));
#1899=CARTESIAN_POINT('',(-3.95,-2.42149071599539E-17,-2.59371499375712));
#1900=CARTESIAN_POINT('',(-3.05,-3.44839076249312E-17,-2.59371499375712));
#1901=CARTESIAN_POINT('',(3.05,3.18624002921364E-17,-2.40628500624288));
#1902=CARTESIAN_POINT('',(3.95,-9.33729772857936E-18,-2.40628500624288));
#1903=CARTESIAN_POINT('',(3.05,-4.03285395197224E-17,-2.59371499375712));
#1904=CARTESIAN_POINT('',(3.95,5.73420845375779E-17,-2.59371499375712));
#1905=CARTESIAN_POINT('',(3.95,0.99480399464169,-3.));
#1906=CARTESIAN_POINT('',(3.05,0.994803994641689,-3.));
#1907=CARTESIAN_POINT('',(3.95,4.8,-3.));
#1908=CARTESIAN_POINT('',(3.05,4.8,-3.));
#1909=CARTESIAN_POINT('',(-3.05,4.8,-3.));
#1910=CARTESIAN_POINT('',(-3.95,4.8,-3.));
#1911=CARTESIAN_POINT('',(-3.05,0.994803994641692,-3.));
#1912=CARTESIAN_POINT('',(-3.95,0.99480399464169,-3.));
#1913=CARTESIAN_POINT('',(3.95,0.944560280043928,-2.99358607683255));
#1914=CARTESIAN_POINT('',(3.05,0.944560280043928,-2.99358607683255));
#1915=CARTESIAN_POINT('',(3.05,0.149756285402239,-2.78730107058967));
#1916=CARTESIAN_POINT('',(3.95,0.149756285402239,-2.78730107058967));
#1917=CARTESIAN_POINT('',(-3.05,0.94456028004393,-2.99358607683255));
#1918=CARTESIAN_POINT('',(-3.95,0.94456028004393,-2.99358607683255));
#1919=CARTESIAN_POINT('',(-3.95,0.149756285402239,-2.78730107058967));
#1920=CARTESIAN_POINT('',(-3.05,0.149756285402239,-2.78730107058967));
#1921=CARTESIAN_POINT('',(3.05,0.149756285402239,-2.21269892941033));
#1922=CARTESIAN_POINT('',(3.95,0.149756285402239,-2.21269892941033));
#1923=CARTESIAN_POINT('',(3.95,0.944560280043932,-2.00641392316745));
#1924=CARTESIAN_POINT('',(3.05,0.944560280043932,-2.00641392316745));
#1925=CARTESIAN_POINT('',(-3.95,0.149756285402239,-2.21269892941033));
#1926=CARTESIAN_POINT('',(-3.05,0.149756285402239,-2.21269892941033));
#1927=CARTESIAN_POINT('',(-3.05,0.944560280043934,-2.00641392316745));
#1928=CARTESIAN_POINT('',(-3.95,0.944560280043934,-2.00641392316745));
#1929=CARTESIAN_POINT('',(-3.95,5.,-3.8));
#1930=CARTESIAN_POINT('',(-3.95,5.,-4.));
#1931=CARTESIAN_POINT('',(-3.95,5.2,-4.));
#1932=CARTESIAN_POINT('',(-3.05,5.2,-4.));
#1933=CARTESIAN_POINT('',(-3.05,5.,-4.));
#1934=CARTESIAN_POINT('',(-3.05,5.,-3.8));
#1935=CARTESIAN_POINT('',(3.05,5.,-3.8));
#1936=CARTESIAN_POINT('',(3.04999999999999,5.,-4.));
#1937=CARTESIAN_POINT('',(3.05,5.2,-4.));
#1938=CARTESIAN_POINT('',(3.95,5.2,-4.));
#1939=CARTESIAN_POINT('',(3.95,5.,-4.));
#1940=CARTESIAN_POINT('',(3.95,5.,-3.8));
#1941=CARTESIAN_POINT('',(-3.95,5.2,4.));
#1942=CARTESIAN_POINT('',(-3.95,5.,4.));
#1943=CARTESIAN_POINT('',(-3.95,5.,3.8));
#1944=CARTESIAN_POINT('',(-3.05,5.,3.8));
#1945=CARTESIAN_POINT('',(-3.05,5.,4.));
#1946=CARTESIAN_POINT('',(-3.05,5.2,4.));
#1947=CARTESIAN_POINT('',(3.05,5.2,4.));
#1948=CARTESIAN_POINT('',(3.05,5.,4.));
#1949=CARTESIAN_POINT('',(3.05,5.,3.8));
#1950=CARTESIAN_POINT('',(3.95,5.,3.8));
#1951=CARTESIAN_POINT('',(3.95000000000001,5.,4.));
#1952=CARTESIAN_POINT('',(3.95,5.2,4.));
#1953=CARTESIAN_POINT('',(3.05,4.8,-3.));
#1954=CARTESIAN_POINT('',(3.04999999999999,5.,-3.));
#1955=CARTESIAN_POINT('',(3.05,5.,-3.2));
#1956=CARTESIAN_POINT('',(3.95,5.,-3.2));
#1957=CARTESIAN_POINT('',(3.94999999999999,5.,-3.));
#1958=CARTESIAN_POINT('',(3.95,4.8,-3.));
#1959=CARTESIAN_POINT('',(-3.95,4.8,-3.));
#1960=CARTESIAN_POINT('',(-3.95000000000003,5.,-3.));
#1961=CARTESIAN_POINT('',(-3.95,5.,-3.2));
#1962=CARTESIAN_POINT('',(-3.05,5.,-3.2));
#1963=CARTESIAN_POINT('',(-3.05000000000002,5.,-3.));
#1964=CARTESIAN_POINT('',(-3.05,4.8,-3.));
#1965=CARTESIAN_POINT('',(3.05,5.,-1.8));
#1966=CARTESIAN_POINT('',(3.04999999999999,5.,-2.));
#1967=CARTESIAN_POINT('',(3.05,4.8,-2.));
#1968=CARTESIAN_POINT('',(3.95,4.8,-2.));
#1969=CARTESIAN_POINT('',(3.94999999999999,5.,-2.));
#1970=CARTESIAN_POINT('',(3.95,5.,-1.8));
#1971=CARTESIAN_POINT('',(-3.95,5.,-1.8));
#1972=CARTESIAN_POINT('',(-3.94999999999998,5.,-2.));
#1973=CARTESIAN_POINT('',(-3.95,4.8,-2.));
#1974=CARTESIAN_POINT('',(-3.05,4.8,-2.));
#1975=CARTESIAN_POINT('',(-3.04999999999998,5.,-2.));
#1976=CARTESIAN_POINT('',(-3.05,5.,-1.8));
#1977=CARTESIAN_POINT('',(3.05,4.8,2.));
#1978=CARTESIAN_POINT('',(3.05,5.,2.));
#1979=CARTESIAN_POINT('',(3.05,5.,1.8));
#1980=CARTESIAN_POINT('',(3.94999999999999,5.,1.8));
#1981=CARTESIAN_POINT('',(3.94999999999999,5.,2.));
#1982=CARTESIAN_POINT('',(3.94999999999999,4.8,2.));
#1983=CARTESIAN_POINT('',(-3.95,4.8,2.));
#1984=CARTESIAN_POINT('',(-3.95000000000001,5.,2.));
#1985=CARTESIAN_POINT('',(-3.95,5.,1.8));
#1986=CARTESIAN_POINT('',(-3.05,5.,1.8));
#1987=CARTESIAN_POINT('',(-3.05000000000001,5.,2.));
#1988=CARTESIAN_POINT('',(-3.05,4.8,2.));
#1989=CARTESIAN_POINT('',(3.05,5.,3.2));
#1990=CARTESIAN_POINT('',(3.05,5.,3.));
#1991=CARTESIAN_POINT('',(3.05,4.8,3.));
#1992=CARTESIAN_POINT('',(3.95,4.8,3.));
#1993=CARTESIAN_POINT('',(3.95,5.,3.));
#1994=CARTESIAN_POINT('',(3.95,5.,3.2));
#1995=CARTESIAN_POINT('',(-3.95,5.,3.2));
#1996=CARTESIAN_POINT('',(-3.95,5.,3.));
#1997=CARTESIAN_POINT('',(-3.95,4.8,3.));
#1998=CARTESIAN_POINT('',(-3.05,4.8,3.));
#1999=CARTESIAN_POINT('',(-3.05,5.,3.));
#2000=CARTESIAN_POINT('',(-3.05,5.,3.2));
#2001=CARTESIAN_POINT('',(-3.95,0.149756285402238,2.78730107058967));
#2002=CARTESIAN_POINT('',(-3.95,-2.89462151930843E-16,2.74843302705016));
#2003=CARTESIAN_POINT('',(-3.95,1.74417360618313E-16,2.59371499375712));
#2004=CARTESIAN_POINT('',(-3.05,-4.90101424293045E-18,2.59371499375712));
#2005=CARTESIAN_POINT('',(-3.05,-1.36039722950075E-16,2.74843302705016));
#2006=CARTESIAN_POINT('',(-3.05,0.149756285402239,2.78730107058967));
#2007=CARTESIAN_POINT('',(3.05,0.149756285402239,2.78730107058967));
#2008=CARTESIAN_POINT('',(3.05,2.07122219852992E-16,2.74843302705016));
#2009=CARTESIAN_POINT('',(3.05,4.90909686172116E-17,2.59371499375712));
#2010=CARTESIAN_POINT('',(3.95,9.50027378535892E-17,2.59371499375712));
#2011=CARTESIAN_POINT('',(3.95,-1.25658937863432E-16,2.74843302705016));
#2012=CARTESIAN_POINT('',(3.95,0.149756285402238,2.78730107058967));
#2013=CARTESIAN_POINT('',(3.05,0.994803994641692,3.));
#2014=CARTESIAN_POINT('',(3.05000000000002,0.969272748718509,3.));
#2015=CARTESIAN_POINT('',(3.05,0.944560280043929,2.99358607683255));
#2016=CARTESIAN_POINT('',(3.95,0.944560280043928,2.99358607683255));
#2017=CARTESIAN_POINT('',(3.95000000000002,0.969272748718509,3.));
#2018=CARTESIAN_POINT('',(3.95,0.994803994641692,3.));
#2019=CARTESIAN_POINT('',(-3.95,0.99480399464169,3.));
#2020=CARTESIAN_POINT('',(-3.94999999999999,0.969272748718508,3.));
#2021=CARTESIAN_POINT('',(-3.95,0.94456028004393,2.99358607683255));
#2022=CARTESIAN_POINT('',(-3.05,0.94456028004393,2.99358607683255));
#2023=CARTESIAN_POINT('',(-3.05,0.969272748718509,3.));
#2024=CARTESIAN_POINT('',(-3.05,0.99480399464169,3.));
#2025=CARTESIAN_POINT('',(-3.95,1.17116902072248E-16,2.40628500624288));
#2026=CARTESIAN_POINT('',(-3.95,-1.38179106266199E-16,2.25156697294984));
#2027=CARTESIAN_POINT('',(-3.95,0.149756285402238,2.21269892941033));
#2028=CARTESIAN_POINT('',(-3.05,0.149756285402239,2.21269892941033));
#2029=CARTESIAN_POINT('',(-3.05,8.28885196528967E-17,2.25156697294984));
#2030=CARTESIAN_POINT('',(-3.05,1.06049064780766E-17,2.40628500624288));
#2031=CARTESIAN_POINT('',(3.05,-2.25720830275585E-17,2.40628500624288));
#2032=CARTESIAN_POINT('',(3.05,-3.4841056825825E-16,2.25156697294984));
#2033=CARTESIAN_POINT('',(3.05,0.149756285402238,2.21269892941033));
#2034=CARTESIAN_POINT('',(3.95,0.149756285402239,2.21269892941033));
#2035=CARTESIAN_POINT('',(3.95,-7.50594914680801E-17,2.25156697294984));
#2036=CARTESIAN_POINT('',(3.95,6.88713803977031E-17,2.40628500624288));
#2037=CARTESIAN_POINT('',(-3.95,0.944560280043933,2.00641392316745));
#2038=CARTESIAN_POINT('',(-3.94999999999998,0.969272748718512,2.));
#2039=CARTESIAN_POINT('',(-3.95,0.994803994641693,2.));
#2040=CARTESIAN_POINT('',(-3.05,0.99480399464169,2.));
#2041=CARTESIAN_POINT('',(-3.04999999999998,0.96927274871851,2.));
#2042=CARTESIAN_POINT('',(-3.05,0.944560280043932,2.00641392316745));
#2043=CARTESIAN_POINT('',(3.05,0.944560280043933,2.00641392316745));
#2044=CARTESIAN_POINT('',(3.05,0.969272748718513,2.));
#2045=CARTESIAN_POINT('',(3.05,0.994803994641695,2.));
#2046=CARTESIAN_POINT('',(3.95,0.994803994641696,2.));
#2047=CARTESIAN_POINT('',(3.95,0.969272748718513,2.));
#2048=CARTESIAN_POINT('',(3.95,0.944560280043933,2.00641392316745));
#2049=CARTESIAN_POINT('',(-3.95,-2.42149071599539E-17,-2.59371499375712));
#2050=CARTESIAN_POINT('',(-3.95,6.69414319964582E-17,-2.74843302705016));
#2051=CARTESIAN_POINT('',(-3.95,0.149756285402239,-2.78730107058967));
#2052=CARTESIAN_POINT('',(-3.05,0.149756285402239,-2.78730107058967));
#2053=CARTESIAN_POINT('',(-3.05,1.29421594908424E-16,-2.74843302705016));
#2054=CARTESIAN_POINT('',(-3.05,-3.44839076249312E-17,-2.59371499375712));
#2055=CARTESIAN_POINT('',(3.05,-4.03285395197224E-17,-2.59371499375712));
#2056=CARTESIAN_POINT('',(3.05,5.36632048654507E-17,-2.74843302705016));
#2057=CARTESIAN_POINT('',(3.05,0.149756285402239,-2.78730107058967));
#2058=CARTESIAN_POINT('',(3.95,0.149756285402239,-2.78730107058967));
#2059=CARTESIAN_POINT('',(3.95,1.03187783993036E-16,-2.74843302705016));
#2060=CARTESIAN_POINT('',(3.95,5.73420845375779E-17,-2.59371499375712));
#2061=CARTESIAN_POINT('',(3.95,0.99480399464169,-3.));
#2062=CARTESIAN_POINT('',(3.95,0.969272748718508,-3.));
#2063=CARTESIAN_POINT('',(3.95,0.944560280043928,-2.99358607683255));
#2064=CARTESIAN_POINT('',(3.05,0.944560280043928,-2.99358607683255));
#2065=CARTESIAN_POINT('',(3.05,0.969272748718508,-3.));
#2066=CARTESIAN_POINT('',(3.05,0.994803994641689,-3.));
#2067=CARTESIAN_POINT('',(-3.05,0.994803994641692,-3.));
#2068=CARTESIAN_POINT('',(-3.05000000000002,0.969272748718509,-3.));
#2069=CARTESIAN_POINT('',(-3.05,0.94456028004393,-2.99358607683255));
#2070=CARTESIAN_POINT('',(-3.95,0.94456028004393,-2.99358607683255));
#2071=CARTESIAN_POINT('',(-3.95000000000002,0.969272748718509,-3.));
#2072=CARTESIAN_POINT('',(-3.95,0.99480399464169,-3.));
#2073=CARTESIAN_POINT('',(-3.05,0.944560280043934,-2.00641392316745));
#2074=CARTESIAN_POINT('',(-3.05000000000002,0.969272748718513,-2.));
#2075=CARTESIAN_POINT('',(-3.05,0.994803994641694,-2.));
#2076=CARTESIAN_POINT('',(-3.95,0.994803994641694,-2.));
#2077=CARTESIAN_POINT('',(-3.95000000000002,0.969272748718512,-2.));
#2078=CARTESIAN_POINT('',(-3.95,0.944560280043934,-2.00641392316745));
#2079=CARTESIAN_POINT('',(3.95,0.944560280043932,-2.00641392316745));
#2080=CARTESIAN_POINT('',(3.95000000000001,0.969272748718511,-2.));
#2081=CARTESIAN_POINT('',(3.95,0.994803994641692,-2.));
#2082=CARTESIAN_POINT('',(3.05,0.994803994641692,-2.));
#2083=CARTESIAN_POINT('',(3.05000000000001,0.96927274871851,-2.));
#2084=CARTESIAN_POINT('',(3.05,0.944560280043932,-2.00641392316745));
#2085=CARTESIAN_POINT('',(-3.95,0.149756285402239,-2.21269892941033));
#2086=CARTESIAN_POINT('',(-3.95,5.6515197230074E-17,-2.25156697294984));
#2087=CARTESIAN_POINT('',(-3.95,4.60850207969094E-17,-2.40628500624288));
#2088=CARTESIAN_POINT('',(-3.05,-1.10326661336217E-16,-2.40628500624288));
#2089=CARTESIAN_POINT('',(-3.05,3.40351793721302E-18,-2.25156697294984));
#2090=CARTESIAN_POINT('',(-3.05,0.149756285402239,-2.21269892941033));
#2091=CARTESIAN_POINT('',(3.05,0.149756285402239,-2.21269892941033));
#2092=CARTESIAN_POINT('',(3.05,-2.91595054861444E-17,-2.25156697294984));
#2093=CARTESIAN_POINT('',(3.05,3.18624002921364E-17,-2.40628500624288));
#2094=CARTESIAN_POINT('',(3.95,-9.33729772857936E-18,-2.40628500624288));
#2095=CARTESIAN_POINT('',(3.95,-1.30079045332657E-16,-2.25156697294984));
#2096=CARTESIAN_POINT('',(3.95,0.149756285402239,-2.21269892941033));
#2097=CARTESIAN_POINT('',(-1.5,7.55,1.83697019872103E-16));
#2098=CARTESIAN_POINT('',(-1.5,8.45,1.83697019872103E-16));
#2099=CARTESIAN_POINT('',(-1.5,8.45,1.83697019872103E-16));
#2100=CARTESIAN_POINT('',(-1.5,8.45,1.5));
#2101=CARTESIAN_POINT('',(0.,8.45,1.5));
#2102=CARTESIAN_POINT('',(1.5,8.45,1.5));
#2103=CARTESIAN_POINT('',(1.5,8.45,-3.67394039744206E-16));
#2104=CARTESIAN_POINT('',(-1.5,7.55,1.83697019872103E-16));
#2105=CARTESIAN_POINT('',(-1.5,7.55,-1.5));
#2106=CARTESIAN_POINT('',(-2.22044604925031E-16,7.55,-1.5));
#2107=CARTESIAN_POINT('',(1.5,7.55,-1.5));
#2108=CARTESIAN_POINT('',(1.5,7.55,-3.67394039744206E-16));
#2109=CARTESIAN_POINT('',(0.,0.,0.));
ENDSEC;
END-ISO-10303-21;
